response,feature,importance,feature_base,block
cue_wmean,depth_group,7.96187919012958e-05,depth_group,experimental_structure
cue_wmean,npoc_mg_l_10cm_pwchemistry_mean180d,1.84482835770607e-05,npoc_mg_l_10cm_pwchemistry_mean180d,bgc_sparse
cue_wmean,no3_ugN_mL_lysimiter_surface_chemistry_mean180d,1.71512050180054e-05,no3_ugN_mL_lysimiter_surface_chemistry_mean180d,bgc_sparse
cue_wmean,nh4_ugN_mL_lysimiter_surface_chemistry_mean180d,1.48047357737564e-05,nh4_ugN_mL_lysimiter_surface_chemistry_mean180d,bgc_sparse
cue_wmean,date_num,1.36970952872852e-05,date_num,calendar_time
cue_wmean,year,1.27944151049659e-05,year,calendar_time
cue_wmean,npoc_mg_l_10cm_pwchemistry_last365d,1.0521352518017e-05,npoc_mg_l_10cm_pwchemistry_last365d,bgc_sparse
cue_wmean,tn_ug_mL_lysimiter_surface_chemistry_last365d,9.89259152715771e-06,tn_ug_mL_lysimiter_surface_chemistry_last365d,bgc_sparse
cue_wmean,rootstock_g_m2_10_20_minirhizotron_last365d,7.36712793859762e-06,rootstock_g_m2_10_20_minirhizotron_last365d,bgc_sparse
cue_wmean,vwc_40_50_mean7d,7.26201222744516e-06,vwc_40_50_mean7d,climate_flux
cue_wmean,litterfall_mean_g_m2_mean180d,6.45405177088265e-06,litterfall_mean_g_m2_mean180d,bgc_sparse
cue_wmean,flux_mean90d,6.31283659185966e-06,flux_mean90d,climate_flux
cue_wmean,temp_40_50_mean90d,6.14711139592816e-06,temp_40_50_mean90d,climate_flux
cue_wmean,temp_40_50_sd90d,6.10976094605009e-06,temp_40_50_sd90d,climate_flux
cue_wmean,vwc_20_30_mean7d,5.71693383398242e-06,vwc_20_30_mean7d,climate_flux
cue_wmean,treatment,5.28734527939001e-06,treatment,experimental_structure
cue_wmean,npoc_mg_l_30cm_pwchemistry_mean180d,5.27433561910806e-06,npoc_mg_l_30cm_pwchemistry_mean180d,bgc_sparse
cue_wmean,vwc_40_50_mean30d,5.19157126236225e-06,vwc_40_50_mean30d,climate_flux
cue_wmean,tdn_mg_l_10cm_pwchemistry_last365d,5.16461617126574e-06,tdn_mg_l_10cm_pwchemistry_last365d,bgc_sparse
cue_wmean,litterfall_mean_g_m2_last365d,5.02456691226327e-06,litterfall_mean_g_m2_last365d,bgc_sparse
cue_wmean,npoc_ug_mL_lysimiter_surface_chemistry_last365d,5.00200633233194e-06,npoc_ug_mL_lysimiter_surface_chemistry_last365d,bgc_sparse
cue_wmean,po4_ugP_mL_lysimiter_surface_chemistry_mean180d,4.85848740791184e-06,po4_ugP_mL_lysimiter_surface_chemistry_mean180d,bgc_sparse
cue_wmean,rootmortality_g_m2_day_20_30_minirhizotron_mean180d,4.83330318412234e-06,rootmortality_g_m2_day_20_30_minirhizotron_mean180d,bgc_sparse
cue_wmean,no3_ugN_mL_lysimiter_surface_chemistry_last365d,4.58644503940642e-06,no3_ugN_mL_lysimiter_surface_chemistry_last365d,bgc_sparse
cue_wmean,nh4_ugN_mL_lysimiter_surface_chemistry_last365d,4.21746767965381e-06,nh4_ugN_mL_lysimiter_surface_chemistry_last365d,bgc_sparse
cue_wmean,temp_20_30_mean90d,3.86605686056596e-06,temp_20_30_mean90d,climate_flux
cue_wmean,tn_ug_mL_lysimiter_surface_chemistry_mean180d,3.58880973381903e-06,tn_ug_mL_lysimiter_surface_chemistry_mean180d,bgc_sparse
cue_wmean,vwc_40_50_sd90d,3.50852658092582e-06,vwc_40_50_sd90d,climate_flux
cue_wmean,tdn_mg_l_30cm_pwchemistry_last365d,3.37297436779749e-06,tdn_mg_l_30cm_pwchemistry_last365d,bgc_sparse
cue_wmean,rootmortality_g_m2_day_0_10_minirhizotron_mean180d,3.29243238566823e-06,rootmortality_g_m2_day_0_10_minirhizotron_mean180d,bgc_sparse
cue_wmean,vwc_20_30_mean30d,3.28231547442059e-06,vwc_20_30_mean30d,climate_flux
cue_wmean,npoc_mg_l_10cm_pwchemistry_days_since365d,3.13634476933133e-06,npoc_mg_l_10cm_pwchemistry_days_since365d,bgc_sparse
cue_wmean,vwc_40_50_mean7d__missing,3.02816758923719e-06,vwc_40_50_mean7d,climate_flux
cue_wmean,temp_40_50_mean30d,2.93932018127618e-06,temp_40_50_mean30d,climate_flux
cue_wmean,flux_mean30d,2.73467298442553e-06,flux_mean30d,climate_flux
cue_wmean,no3_ugN_mL_lysimiter_surface_chemistry_days_since365d,2.69540388987788e-06,no3_ugN_mL_lysimiter_surface_chemistry_days_since365d,bgc_sparse
cue_wmean,rootstock_g_m2_20_30_minirhizotron_mean180d,2.67379105458354e-06,rootstock_g_m2_20_30_minirhizotron_mean180d,bgc_sparse
cue_wmean,flux_mean7d,2.66920163820306e-06,flux_mean7d,climate_flux
cue_wmean,temp_20_30_mean30d,2.49955139922475e-06,temp_20_30_mean30d,climate_flux
cue_wmean,vwc_mean30d,2.48973376883255e-06,vwc_mean30d,climate_flux
cue_wmean,temperature_sd30d__missing,2.43129111982876e-06,temperature_sd30d,climate_flux
cue_wmean,nh4_ugN_mL_lysimiter_surface_chemistry_mean180d__missing,2.39474259002881e-06,nh4_ugN_mL_lysimiter_surface_chemistry_mean180d,bgc_sparse
cue_wmean,temperature_sd7d,2.38976612041308e-06,temperature_sd7d,climate_flux
cue_wmean,flux_sd90d__missing,2.32688662309877e-06,flux_sd90d,climate_flux
cue_wmean,po4_ugP_mL_lysimiter_surface_chemistry_last365d,2.31292339454559e-06,po4_ugP_mL_lysimiter_surface_chemistry_last365d,bgc_sparse
cue_wmean,vwc_40_50_sd90d__missing,2.31196447997295e-06,vwc_40_50_sd90d,climate_flux
cue_wmean,vwc_20_30_mean90d,2.24344568190382e-06,vwc_20_30_mean90d,climate_flux
cue_wmean,vwc_sd30d,2.20297324771623e-06,vwc_sd30d,climate_flux
cue_wmean,rootgrowth_g_m2_day_0_10_minirhizotron_mean180d,2.18713982410335e-06,rootgrowth_g_m2_day_0_10_minirhizotron_mean180d,bgc_sparse
cue_wmean,vwc_40_50_mean90d,2.14513227105573e-06,vwc_40_50_mean90d,climate_flux
cue_wmean,tn_ug_mL_lysimiter_surface_chemistry_days_since365d,2.14361349371517e-06,tn_ug_mL_lysimiter_surface_chemistry_days_since365d,bgc_sparse
cue_wmean,tdn_mg_l_30cm_pwchemistry_days_since365d,2.13909669587209e-06,tdn_mg_l_30cm_pwchemistry_days_since365d,bgc_sparse
cue_wmean,temp_20_30_mean7d,2.11432099358011e-06,temp_20_30_mean7d,climate_flux
cue_wmean,rootstock_g_m2_0_10_minirhizotron_days_since365d,2.10026898094284e-06,rootstock_g_m2_0_10_minirhizotron_days_since365d,bgc_sparse
cue_wmean,po4_ugP_mL_lysimiter_surface_chemistry_mean180d__missing,1.97301113441495e-06,po4_ugP_mL_lysimiter_surface_chemistry_mean180d,bgc_sparse
cue_wmean,tdn_mg_l_10cm_pwchemistry_days_since365d,1.93556931488192e-06,tdn_mg_l_10cm_pwchemistry_days_since365d,bgc_sparse
cue_wmean,no3_ugN_mL_lysimiter_surface_chemistry_mean180d__missing,1.91822190606894e-06,no3_ugN_mL_lysimiter_surface_chemistry_mean180d,bgc_sparse
cue_wmean,vwc_20_30_sd90d,1.89878188599635e-06,vwc_20_30_sd90d,climate_flux
cue_wmean,vwc_40_50_sd30d__missing,1.84979216693026e-06,vwc_40_50_sd30d,climate_flux
cue_wmean,vwc_20_30_sd90d__missing,1.84366666821734e-06,vwc_20_30_sd90d,climate_flux
cue_wmean,vwc_sd30d__missing,1.81865094093503e-06,vwc_sd30d,climate_flux
cue_wmean,flux_sd30d__missing,1.52457656774296e-06,flux_sd30d,climate_flux
cue_wmean,temp_40_50_mean7d,1.49146351622065e-06,temp_40_50_mean7d,climate_flux
cue_wmean,tdn_mg_l_30cm_pwchemistry_mean180d,1.43640571673398e-06,tdn_mg_l_30cm_pwchemistry_mean180d,bgc_sparse
cue_wmean,vwc_20_30_mean30d__missing,1.42674751680794e-06,vwc_20_30_mean30d,climate_flux
cue_wmean,vwc_sd90d,1.37326511400904e-06,vwc_sd90d,climate_flux
cue_wmean,npoc_mg_l_30cm_pwchemistry_days_since365d,1.36595844406395e-06,npoc_mg_l_30cm_pwchemistry_days_since365d,bgc_sparse
cue_wmean,temp_40_50_sd7d__missing,1.31501673421464e-06,temp_40_50_sd7d,climate_flux
cue_wmean,nh4_ugN_mL_lysimiter_surface_chemistry_days_since365d,1.30067157232872e-06,nh4_ugN_mL_lysimiter_surface_chemistry_days_since365d,bgc_sparse
cue_wmean,vwc_mean90d,1.29078378240322e-06,vwc_mean90d,climate_flux
cue_wmean,rootmortality_g_m2_day_10_20_minirhizotron_mean180d,1.28120409660815e-06,rootmortality_g_m2_day_10_20_minirhizotron_mean180d,bgc_sparse
cue_wmean,rootstock_g_m2_20_30_minirhizotron_last365d,1.27209188290256e-06,rootstock_g_m2_20_30_minirhizotron_last365d,bgc_sparse
cue_wmean,rootmortality_g_m2_day_0_10_minirhizotron_last365d,1.24208780608992e-06,rootmortality_g_m2_day_0_10_minirhizotron_last365d,bgc_sparse
cue_wmean,rootstock_g_m2_0_10_minirhizotron_mean180d,1.20865282448257e-06,rootstock_g_m2_0_10_minirhizotron_mean180d,bgc_sparse
cue_wmean,flux_mean7d__missing,1.16942726925351e-06,flux_mean7d,climate_flux
cue_wmean,temperature_sd90d__missing,1.12670707379015e-06,temperature_sd90d,climate_flux
cue_wmean,flux_mean90d__missing,1.03514690811757e-06,flux_mean90d,climate_flux
cue_wmean,rootmortality_g_m2_day_10_20_minirhizotron_days_since365d,9.89773863467658e-07,rootmortality_g_m2_day_10_20_minirhizotron_days_since365d,bgc_sparse
cue_wmean,vwc_sd7d__missing,9.72569524315681e-07,vwc_sd7d,climate_flux
cue_wmean,temperature_mean7d,9.57255713926131e-07,temperature_mean7d,climate_flux
cue_wmean,doy_sin,9.53231427166967e-07,doy_sin,calendar_time
cue_wmean,rootmortality_g_m2_day_20_30_minirhizotron_days_since365d,9.44517400545797e-07,rootmortality_g_m2_day_20_30_minirhizotron_days_since365d,bgc_sparse
cue_wmean,vwc_40_50_sd30d,9.26719993302738e-07,vwc_40_50_sd30d,climate_flux
cue_wmean,vwc_40_50_sd7d,9.25612851825353e-07,vwc_40_50_sd7d,climate_flux
cue_wmean,vwc_20_30_sd30d,8.63761812201158e-07,vwc_20_30_sd30d,climate_flux
cue_wmean,rootgrowth_g_m2_day_0_10_minirhizotron_last365d__missing,8.45545311164209e-07,rootgrowth_g_m2_day_0_10_minirhizotron_last365d,bgc_sparse
cue_wmean,vwc_20_30_sd30d__missing,8.44847692349937e-07,vwc_20_30_sd30d,climate_flux
cue_wmean,rootmortality_g_m2_day_10_20_minirhizotron_last365d__missing,8.30464904527206e-07,rootmortality_g_m2_day_10_20_minirhizotron_last365d,bgc_sparse
cue_wmean,rootgrowth_g_m2_day_10_20_minirhizotron_days_since365d,7.48660134548995e-07,rootgrowth_g_m2_day_10_20_minirhizotron_days_since365d,bgc_sparse
cue_wmean,rootstock_g_m2_0_10_minirhizotron_last365d,7.35194263412842e-07,rootstock_g_m2_0_10_minirhizotron_last365d,bgc_sparse
cue_wmean,temp_20_30_mean90d__missing,7.18716627894356e-07,temp_20_30_mean90d,climate_flux
cue_wmean,rootstock_g_m2_20_30_minirhizotron_mean180d__missing,6.82431526873195e-07,rootstock_g_m2_20_30_minirhizotron_mean180d,bgc_sparse
cue_wmean,npoc_ug_mL_lysimiter_surface_chemistry_days_since365d,6.44512510837858e-07,npoc_ug_mL_lysimiter_surface_chemistry_days_since365d,bgc_sparse
cue_wmean,rootgrowth_g_m2_day_20_30_minirhizotron_last365d,6.3750880557234e-07,rootgrowth_g_m2_day_20_30_minirhizotron_last365d,bgc_sparse
cue_wmean,temp_20_30_sd90d,6.35029430085421e-07,temp_20_30_sd90d,climate_flux
cue_wmean,temperature_mean90d__missing,6.24595572909836e-07,temperature_mean90d,climate_flux
cue_wmean,rootgrowth_g_m2_day_0_10_minirhizotron_last365d,5.93895631094021e-07,rootgrowth_g_m2_day_0_10_minirhizotron_last365d,bgc_sparse
cue_wmean,rootstock_g_m2_0_10_minirhizotron_mean180d__missing,5.81425570542082e-07,rootstock_g_m2_0_10_minirhizotron_mean180d,bgc_sparse
cue_wmean,vwc_mean7d__missing,5.71772342458532e-07,vwc_mean7d,climate_flux
cue_wmean,po4_ugP_mL_lysimiter_surface_chemistry_days_since365d__missing,5.67551411903455e-07,po4_ugP_mL_lysimiter_surface_chemistry_days_since365d,bgc_sparse
cue_wmean,temp_40_50_mean7d__missing,5.57785211973583e-07,temp_40_50_mean7d,climate_flux
cue_wmean,vwc_40_50_mean90d__missing,5.53487763425009e-07,vwc_40_50_mean90d,climate_flux
cue_wmean,rootgrowth_g_m2_day_10_20_minirhizotron_mean180d,5.32315722219456e-07,rootgrowth_g_m2_day_10_20_minirhizotron_mean180d,bgc_sparse
cue_wmean,temp_20_30_mean7d__missing,5.21077414971094e-07,temp_20_30_mean7d,climate_flux
cue_wmean,temperature_sd7d__missing,5.03642323581577e-07,temperature_sd7d,climate_flux
cue_wmean,rootgrowth_g_m2_day_10_20_minirhizotron_days_since365d__missing,5.03456155440674e-07,rootgrowth_g_m2_day_10_20_minirhizotron_days_since365d,bgc_sparse
cue_wmean,vwc_20_30_mean7d__missing,4.99522731147506e-07,vwc_20_30_mean7d,climate_flux
cue_wmean,temp_20_30_mean30d__missing,4.94657045962965e-07,temp_20_30_mean30d,climate_flux
cue_wmean,flux_mean30d__missing,4.92830087311935e-07,flux_mean30d,climate_flux
cue_wmean,rootgrowth_g_m2_day_10_20_minirhizotron_mean180d__missing,4.92305479044664e-07,rootgrowth_g_m2_day_10_20_minirhizotron_mean180d,bgc_sparse
cue_wmean,npoc_mg_l_30cm_pwchemistry_last365d,4.83408626946291e-07,npoc_mg_l_30cm_pwchemistry_last365d,bgc_sparse
cue_wmean,rootgrowth_g_m2_day_20_30_minirhizotron_mean180d,4.75331951876434e-07,rootgrowth_g_m2_day_20_30_minirhizotron_mean180d,bgc_sparse
cue_wmean,rootmortality_g_m2_day_0_10_minirhizotron_days_since365d__missing,4.69408022818474e-07,rootmortality_g_m2_day_0_10_minirhizotron_days_since365d,bgc_sparse
cue_wmean,rootmortality_g_m2_day_20_30_minirhizotron_days_since365d__missing,4.47495659916752e-07,rootmortality_g_m2_day_20_30_minirhizotron_days_since365d,bgc_sparse
cue_wmean,rootstock_g_m2_20_30_minirhizotron_days_since365d__missing,4.40440722063729e-07,rootstock_g_m2_20_30_minirhizotron_days_since365d,bgc_sparse
cue_wmean,temp_20_30_sd30d__missing,4.31683137406047e-07,temp_20_30_sd30d,climate_flux
cue_wmean,temperature_mean7d__missing,4.28961967130492e-07,temperature_mean7d,climate_flux
cue_wmean,no3_ugN_mL_lysimiter_surface_chemistry_last365d__missing,4.11946034994726e-07,no3_ugN_mL_lysimiter_surface_chemistry_last365d,bgc_sparse
cue_wmean,rootstock_g_m2_10_20_minirhizotron_days_since365d__missing,3.62964455003612e-07,rootstock_g_m2_10_20_minirhizotron_days_since365d,bgc_sparse
cue_wmean,vwc_20_30_sd7d,3.61275202630518e-07,vwc_20_30_sd7d,climate_flux
cue_wmean,temp_40_50_sd7d,3.5938833895699e-07,temp_40_50_sd7d,climate_flux
cue_wmean,tfvol_ml_plotmean_throughfall_last365d__missing,3.51871760270184e-07,tfvol_ml_plotmean_throughfall_last365d,bgc_sparse
cue_wmean,temp_40_50_mean90d__missing,3.47007200214522e-07,temp_40_50_mean90d,climate_flux
cue_wmean,npoc_mgC_L_plotmean_throughfall_last365d__missing,3.35279384155562e-07,npoc_mgC_L_plotmean_throughfall_last365d,bgc_sparse
cue_wmean,temp_20_30_sd90d__missing,3.31225418263692e-07,temp_20_30_sd90d,climate_flux
cue_wmean,temperature_sd90d,3.28691667841108e-07,temperature_sd90d,climate_flux
cue_wmean,rootmortality_g_m2_day_0_10_minirhizotron_mean180d__missing,3.27361307103979e-07,rootmortality_g_m2_day_0_10_minirhizotron_mean180d,bgc_sparse
cue_wmean,rootstock_g_m2_0_10_minirhizotron_days_since365d__missing,3.16985313039364e-07,rootstock_g_m2_0_10_minirhizotron_days_since365d,bgc_sparse
cue_wmean,tn_ug_mL_lysimiter_surface_chemistry_mean180d__missing,3.12903933497699e-07,tn_ug_mL_lysimiter_surface_chemistry_mean180d,bgc_sparse
cue_wmean,tn_ug_mL_lysimiter_surface_chemistry_days_since365d__missing,2.9808809422005e-07,tn_ug_mL_lysimiter_surface_chemistry_days_since365d,bgc_sparse
cue_wmean,rootmortality_g_m2_day_0_10_minirhizotron_days_since365d,2.94494188493477e-07,rootmortality_g_m2_day_0_10_minirhizotron_days_since365d,bgc_sparse
cue_wmean,vwc_20_30_mean90d__missing,2.79355676124693e-07,vwc_20_30_mean90d,climate_flux
cue_wmean,npoc_mgC_L_plotmean_throughfall_last365d,2.67136654181099e-07,npoc_mgC_L_plotmean_throughfall_last365d,bgc_sparse
cue_wmean,vwc_mean7d,2.63744599218407e-07,vwc_mean7d,climate_flux
cue_wmean,vwc_20_30_sd7d__missing,2.63728186986389e-07,vwc_20_30_sd7d,climate_flux
cue_wmean,tdn_mgN_L_plotmean_throughfall_days_since365d,2.59139478605785e-07,tdn_mgN_L_plotmean_throughfall_days_since365d,bgc_sparse
cue_wmean,nh4_ugN_mL_lysimiter_surface_chemistry_days_since365d__missing,2.59062771865271e-07,nh4_ugN_mL_lysimiter_surface_chemistry_days_since365d,bgc_sparse
cue_wmean,vwc_40_50_sd7d__missing,2.55834240793229e-07,vwc_40_50_sd7d,climate_flux
cue_wmean,po4_ugP_mL_lysimiter_surface_chemistry_last365d__missing,2.4984429067243e-07,po4_ugP_mL_lysimiter_surface_chemistry_last365d,bgc_sparse
cue_wmean,flux_sd7d,2.15550232354422e-07,flux_sd7d,climate_flux
cue_wmean,rootmortality_g_m2_day_0_10_minirhizotron_last365d__missing,2.12915884236997e-07,rootmortality_g_m2_day_0_10_minirhizotron_last365d,bgc_sparse
cue_wmean,rootstock_g_m2_0_10_minirhizotron_last365d__missing,2.11285224505309e-07,rootstock_g_m2_0_10_minirhizotron_last365d,bgc_sparse
cue_wmean,temperature_mean90d,1.9468215423335e-07,temperature_mean90d,climate_flux
cue_wmean,tfvol_ml_plotmean_throughfall_mean180d__missing,1.85669799269483e-07,tfvol_ml_plotmean_throughfall_mean180d,bgc_sparse
cue_wmean,temp_20_30_sd7d__missing,1.83228635979082e-07,temp_20_30_sd7d,climate_flux
cue_wmean,rootgrowth_g_m2_day_0_10_minirhizotron_mean180d__missing,1.73753104377949e-07,rootgrowth_g_m2_day_0_10_minirhizotron_mean180d,bgc_sparse
cue_wmean,npoc_mgC_L_plotmean_throughfall_mean180d,1.62459162032613e-07,npoc_mgC_L_plotmean_throughfall_mean180d,bgc_sparse
cue_wmean,rootstock_g_m2_10_20_minirhizotron_mean180d__missing,1.47289873599021e-07,rootstock_g_m2_10_20_minirhizotron_mean180d,bgc_sparse
cue_wmean,rootgrowth_g_m2_day_0_10_minirhizotron_days_since365d__missing,1.29328334958378e-07,rootgrowth_g_m2_day_0_10_minirhizotron_days_since365d,bgc_sparse
cue_wmean,rootstock_g_m2_20_30_minirhizotron_last365d__missing,1.26409248117687e-07,rootstock_g_m2_20_30_minirhizotron_last365d,bgc_sparse
cue_wmean,tfvol_ml_plotmean_throughfall_days_since365d__missing,1.24728360424875e-07,tfvol_ml_plotmean_throughfall_days_since365d,bgc_sparse
cue_wmean,rootstock_g_m2_10_20_minirhizotron_last365d__missing,1.14802898428801e-07,rootstock_g_m2_10_20_minirhizotron_last365d,bgc_sparse
cue_wmean,temp_20_30_sd30d,1.11753784794777e-07,temp_20_30_sd30d,climate_flux
cue_wmean,rootstock_g_m2_20_30_minirhizotron_days_since365d,1.09923556920632e-07,rootstock_g_m2_20_30_minirhizotron_days_since365d,bgc_sparse
cue_wmean,no3_ugN_mL_lysimiter_surface_chemistry_days_since365d__missing,1.06321039474944e-07,no3_ugN_mL_lysimiter_surface_chemistry_days_since365d,bgc_sparse
cue_wmean,temp_40_50_mean30d__missing,8.78739110179438e-08,temp_40_50_mean30d,climate_flux
cue_wmean,rootstock_g_m2_10_20_minirhizotron_days_since365d,8.78689763372798e-08,rootstock_g_m2_10_20_minirhizotron_days_since365d,bgc_sparse
cue_wmean,tdn_mgN_L_plotmean_throughfall_days_since365d__missing,8.47392169305294e-08,tdn_mgN_L_plotmean_throughfall_days_since365d,bgc_sparse
cue_wmean,rootmortality_g_m2_day_10_20_minirhizotron_days_since365d__missing,6.9270125968135e-08,rootmortality_g_m2_day_10_20_minirhizotron_days_since365d,bgc_sparse
cue_wmean,po4_ugP_mL_lysimiter_surface_chemistry_days_since365d,6.59686761219636e-08,po4_ugP_mL_lysimiter_surface_chemistry_days_since365d,bgc_sparse
cue_wmean,nh4_ugN_mL_lysimiter_surface_chemistry_last365d__missing,6.5831583573317e-08,nh4_ugN_mL_lysimiter_surface_chemistry_last365d,bgc_sparse
cue_wmean,temp_40_50_sd90d__missing,5.89304629667886e-08,temp_40_50_sd90d,climate_flux
cue_wmean,rootgrowth_g_m2_day_10_20_minirhizotron_last365d__missing,5.23707514927807e-08,rootgrowth_g_m2_day_10_20_minirhizotron_last365d,bgc_sparse
cue_wmean,npoc_ug_mL_lysimiter_surface_chemistry_last365d__missing,5.0841022201098e-08,npoc_ug_mL_lysimiter_surface_chemistry_last365d,bgc_sparse
cue_wmean,tdn_mgN_L_plotmean_throughfall_mean180d__missing,4.93225644337958e-08,tdn_mgN_L_plotmean_throughfall_mean180d,bgc_sparse
cue_wmean,rootmortality_g_m2_day_10_20_minirhizotron_mean180d__missing,3.42804615045544e-08,rootmortality_g_m2_day_10_20_minirhizotron_mean180d,bgc_sparse
cue_wmean,rootmortality_g_m2_day_20_30_minirhizotron_last365d__missing,3.30542281610224e-08,rootmortality_g_m2_day_20_30_minirhizotron_last365d,bgc_sparse
cue_wmean,tdn_mgN_L_plotmean_throughfall_mean180d,3.04266332815661e-08,tdn_mgN_L_plotmean_throughfall_mean180d,bgc_sparse
cue_wmean,rootmortality_g_m2_day_20_30_minirhizotron_last365d,2.39209821111253e-08,rootmortality_g_m2_day_20_30_minirhizotron_last365d,bgc_sparse
cue_wmean,rootgrowth_g_m2_day_20_30_minirhizotron_last365d__missing,7.38607392669621e-09,rootgrowth_g_m2_day_20_30_minirhizotron_last365d,bgc_sparse
cue_wmean,tfvol_ml_plotmean_throughfall_last365d,6.36203199388952e-09,tfvol_ml_plotmean_throughfall_last365d,bgc_sparse
cue_wmean,npoc_mgC_L_plotmean_throughfall_days_since365d,5.77069395601981e-09,npoc_mgC_L_plotmean_throughfall_days_since365d,bgc_sparse
cue_wmean,npoc_mg_l_30cm_pwchemistry_mean180d__missing,0,npoc_mg_l_30cm_pwchemistry_mean180d,bgc_sparse
cue_wmean,tdn_mg_l_30cm_pwchemistry_mean180d__missing,0,tdn_mg_l_30cm_pwchemistry_mean180d,bgc_sparse
cue_wmean,temperature_sd30d,-1.09195714392829e-08,temperature_sd30d,climate_flux
cue_wmean,tdn_mgN_L_plotmean_throughfall_last365d,-1.26507066311454e-08,tdn_mgN_L_plotmean_throughfall_last365d,bgc_sparse
cue_wmean,npoc_mg_l_10cm_pwchemistry_mean180d__missing,-1.53804737281771e-08,npoc_mg_l_10cm_pwchemistry_mean180d,bgc_sparse
cue_wmean,tfvol_ml_plotmean_throughfall_mean180d,-2.11543337960141e-08,tfvol_ml_plotmean_throughfall_mean180d,bgc_sparse
cue_wmean,rootmortality_g_m2_day_20_30_minirhizotron_mean180d__missing,-2.32573611411713e-08,rootmortality_g_m2_day_20_30_minirhizotron_mean180d,bgc_sparse
cue_wmean,npoc_ug_mL_lysimiter_surface_chemistry_mean180d,-3.02503205953375e-08,npoc_ug_mL_lysimiter_surface_chemistry_mean180d,bgc_sparse
cue_wmean,tdn_mg_l_10cm_pwchemistry_mean180d__missing,-4.54907630174084e-08,tdn_mg_l_10cm_pwchemistry_mean180d,bgc_sparse
cue_wmean,npoc_mgC_L_plotmean_throughfall_days_since365d__missing,-5.0750871377625e-08,npoc_mgC_L_plotmean_throughfall_days_since365d,bgc_sparse
cue_wmean,rootgrowth_g_m2_day_20_30_minirhizotron_days_since365d__missing,-6.13213509850219e-08,rootgrowth_g_m2_day_20_30_minirhizotron_days_since365d,bgc_sparse
cue_wmean,rootgrowth_g_m2_day_0_10_minirhizotron_days_since365d,-6.6488187160596e-08,rootgrowth_g_m2_day_0_10_minirhizotron_days_since365d,bgc_sparse
cue_wmean,npoc_ug_mL_lysimiter_surface_chemistry_mean180d__missing,-7.50472897992349e-08,npoc_ug_mL_lysimiter_surface_chemistry_mean180d,bgc_sparse
cue_wmean,tdn_mgN_L_plotmean_throughfall_last365d__missing,-8.17127147922925e-08,tdn_mgN_L_plotmean_throughfall_last365d,bgc_sparse
cue_wmean,vwc_mean30d__missing,-8.90215130862071e-08,vwc_mean30d,climate_flux
cue_wmean,vwc_sd7d,-9.04844109577141e-08,vwc_sd7d,climate_flux
cue_wmean,temperature_mean30d,-9.06495765709003e-08,temperature_mean30d,climate_flux
cue_wmean,rootgrowth_g_m2_day_20_30_minirhizotron_mean180d__missing,-1.00216745203108e-07,rootgrowth_g_m2_day_20_30_minirhizotron_mean180d,bgc_sparse
cue_wmean,vwc_sd90d__missing,-1.07798098913925e-07,vwc_sd90d,climate_flux
cue_wmean,temperature_mean30d__missing,-1.08601667605734e-07,temperature_mean30d,climate_flux
cue_wmean,npoc_mgC_L_plotmean_throughfall_mean180d__missing,-1.15631105189085e-07,npoc_mgC_L_plotmean_throughfall_mean180d,bgc_sparse
cue_wmean,flux_sd7d__missing,-1.24870197319993e-07,flux_sd7d,climate_flux
cue_wmean,tn_ug_mL_lysimiter_surface_chemistry_last365d__missing,-1.31357799569187e-07,tn_ug_mL_lysimiter_surface_chemistry_last365d,bgc_sparse
cue_wmean,vwc_40_50_mean30d__missing,-1.38633499632057e-07,vwc_40_50_mean30d,climate_flux
cue_wmean,rootmortality_g_m2_day_10_20_minirhizotron_last365d,-2.45011357089098e-07,rootmortality_g_m2_day_10_20_minirhizotron_last365d,bgc_sparse
cue_wmean,flux_sd30d,-2.54909876176601e-07,flux_sd30d,climate_flux
cue_wmean,tfvol_ml_plotmean_throughfall_days_since365d,-2.95688010496731e-07,tfvol_ml_plotmean_throughfall_days_since365d,bgc_sparse
cue_wmean,vwc_mean90d__missing,-3.02679660011185e-07,vwc_mean90d,climate_flux
cue_wmean,temp_40_50_sd30d,-3.46572910016718e-07,temp_40_50_sd30d,climate_flux
cue_wmean,temp_40_50_sd30d__missing,-3.74174945859007e-07,temp_40_50_sd30d,climate_flux
cue_wmean,npoc_ug_mL_lysimiter_surface_chemistry_days_since365d__missing,-4.88725320936023e-07,npoc_ug_mL_lysimiter_surface_chemistry_days_since365d,bgc_sparse
cue_wmean,temp_20_30_sd7d,-7.07210031818839e-07,temp_20_30_sd7d,climate_flux
cue_wmean,tdn_mg_l_10cm_pwchemistry_mean180d,-7.93542381463119e-07,tdn_mg_l_10cm_pwchemistry_mean180d,bgc_sparse
cue_wmean,doy_cos,-8.15168350257967e-07,doy_cos,calendar_time
cue_wmean,flux_sd90d,-8.28429614019299e-07,flux_sd90d,climate_flux
cue_wmean,rootgrowth_g_m2_day_20_30_minirhizotron_days_since365d,-1.43591410527399e-06,rootgrowth_g_m2_day_20_30_minirhizotron_days_since365d,bgc_sparse
cue_wmean,litterfall_mean_g_m2_days_since365d,-1.51591667272211e-06,litterfall_mean_g_m2_days_since365d,bgc_sparse
cue_wmean,rootstock_g_m2_10_20_minirhizotron_mean180d,-1.88577283776681e-06,rootstock_g_m2_10_20_minirhizotron_mean180d,bgc_sparse
cue_wmean,rootgrowth_g_m2_day_10_20_minirhizotron_last365d,-2.11887973815328e-06,rootgrowth_g_m2_day_10_20_minirhizotron_last365d,bgc_sparse
nosc_wmean,depth_group,0.0077864972098387,depth_group,experimental_structure
nosc_wmean,npoc_mg_l_10cm_pwchemistry_mean180d,0.0020897076551079,npoc_mg_l_10cm_pwchemistry_mean180d,bgc_sparse
nosc_wmean,no3_ugN_mL_lysimiter_surface_chemistry_mean180d,0.00194278885424442,no3_ugN_mL_lysimiter_surface_chemistry_mean180d,bgc_sparse
nosc_wmean,nh4_ugN_mL_lysimiter_surface_chemistry_mean180d,0.00183867345666451,nh4_ugN_mL_lysimiter_surface_chemistry_mean180d,bgc_sparse
nosc_wmean,date_num,0.00153650053205042,date_num,calendar_time
nosc_wmean,tn_ug_mL_lysimiter_surface_chemistry_last365d,0.00118613317031439,tn_ug_mL_lysimiter_surface_chemistry_last365d,bgc_sparse
nosc_wmean,year,0.00116578459258829,year,calendar_time
nosc_wmean,npoc_mg_l_10cm_pwchemistry_last365d,0.00115222151761888,npoc_mg_l_10cm_pwchemistry_last365d,bgc_sparse
nosc_wmean,treatment,0.000961030047182277,treatment,experimental_structure
nosc_wmean,npoc_mg_l_30cm_pwchemistry_mean180d,0.000910537377589277,npoc_mg_l_30cm_pwchemistry_mean180d,bgc_sparse
nosc_wmean,vwc_40_50_mean7d,0.000675915770300188,vwc_40_50_mean7d,climate_flux
nosc_wmean,tdn_mg_l_10cm_pwchemistry_last365d,0.000566418727888037,tdn_mg_l_10cm_pwchemistry_last365d,bgc_sparse
nosc_wmean,litterfall_mean_g_m2_mean180d,0.000558402217962376,litterfall_mean_g_m2_mean180d,bgc_sparse
nosc_wmean,vwc_mean90d,0.000557441533085903,vwc_mean90d,climate_flux
nosc_wmean,npoc_ug_mL_lysimiter_surface_chemistry_last365d,0.000538652379904891,npoc_ug_mL_lysimiter_surface_chemistry_last365d,bgc_sparse
nosc_wmean,tn_ug_mL_lysimiter_surface_chemistry_mean180d,0.000535806319667885,tn_ug_mL_lysimiter_surface_chemistry_mean180d,bgc_sparse
nosc_wmean,tdn_mg_l_30cm_pwchemistry_last365d,0.000516272952205822,tdn_mg_l_30cm_pwchemistry_last365d,bgc_sparse
nosc_wmean,npoc_ug_mL_lysimiter_surface_chemistry_mean180d,0.000461815604917142,npoc_ug_mL_lysimiter_surface_chemistry_mean180d,bgc_sparse
nosc_wmean,npoc_ug_mL_lysimiter_surface_chemistry_days_since365d,0.000455018817392744,npoc_ug_mL_lysimiter_surface_chemistry_days_since365d,bgc_sparse
nosc_wmean,npoc_mg_l_30cm_pwchemistry_last365d,0.000450520075651914,npoc_mg_l_30cm_pwchemistry_last365d,bgc_sparse
nosc_wmean,vwc_mean7d,0.000443345186534667,vwc_mean7d,climate_flux
nosc_wmean,rootstock_g_m2_10_20_minirhizotron_last365d,0.000442299288547494,rootstock_g_m2_10_20_minirhizotron_last365d,bgc_sparse
nosc_wmean,vwc_mean30d,0.000426816313312786,vwc_mean30d,climate_flux
nosc_wmean,temp_40_50_mean90d,0.000420054139957185,temp_40_50_mean90d,climate_flux
nosc_wmean,vwc_20_30_mean90d,0.000367769090803715,vwc_20_30_mean90d,climate_flux
nosc_wmean,nh4_ugN_mL_lysimiter_surface_chemistry_last365d,0.000365909515350244,nh4_ugN_mL_lysimiter_surface_chemistry_last365d,bgc_sparse
nosc_wmean,tdn_mg_l_30cm_pwchemistry_days_since365d,0.000328322310748753,tdn_mg_l_30cm_pwchemistry_days_since365d,bgc_sparse
nosc_wmean,temp_20_30_mean90d,0.000319947812949377,temp_20_30_mean90d,climate_flux
nosc_wmean,temp_20_30_mean30d,0.000307760003040313,temp_20_30_mean30d,climate_flux
nosc_wmean,tdn_mg_l_30cm_pwchemistry_mean180d,0.000296467459486828,tdn_mg_l_30cm_pwchemistry_mean180d,bgc_sparse
nosc_wmean,vwc_20_30_sd90d,0.00029576674821433,vwc_20_30_sd90d,climate_flux
nosc_wmean,po4_ugP_mL_lysimiter_surface_chemistry_days_since365d,0.000288348999152834,po4_ugP_mL_lysimiter_surface_chemistry_days_since365d,bgc_sparse
nosc_wmean,no3_ugN_mL_lysimiter_surface_chemistry_last365d,0.000265889544128687,no3_ugN_mL_lysimiter_surface_chemistry_last365d,bgc_sparse
nosc_wmean,vwc_20_30_mean7d,0.000258346283386071,vwc_20_30_mean7d,climate_flux
nosc_wmean,vwc_20_30_mean30d,0.000256693468405514,vwc_20_30_mean30d,climate_flux
nosc_wmean,rootmortality_g_m2_day_0_10_minirhizotron_mean180d,0.000254278076636282,rootmortality_g_m2_day_0_10_minirhizotron_mean180d,bgc_sparse
nosc_wmean,tdn_mg_l_10cm_pwchemistry_days_since365d,0.000241839827300113,tdn_mg_l_10cm_pwchemistry_days_since365d,bgc_sparse
nosc_wmean,nh4_ugN_mL_lysimiter_surface_chemistry_days_since365d,0.000241611531995117,nh4_ugN_mL_lysimiter_surface_chemistry_days_since365d,bgc_sparse
nosc_wmean,tn_ug_mL_lysimiter_surface_chemistry_days_since365d,0.000237683763847636,tn_ug_mL_lysimiter_surface_chemistry_days_since365d,bgc_sparse
nosc_wmean,temperature_mean90d,0.000233431844250472,temperature_mean90d,climate_flux
nosc_wmean,tdn_mg_l_10cm_pwchemistry_mean180d,0.000230195345064951,tdn_mg_l_10cm_pwchemistry_mean180d,bgc_sparse
nosc_wmean,vwc_sd30d,0.000228831974587435,vwc_sd30d,climate_flux
nosc_wmean,temp_40_50_mean7d,0.000227610727071766,temp_40_50_mean7d,climate_flux
nosc_wmean,vwc_sd90d__missing,0.000214947936008245,vwc_sd90d,climate_flux
nosc_wmean,flux_sd90d,0.000209246310516966,flux_sd90d,climate_flux
nosc_wmean,rootmortality_g_m2_day_10_20_minirhizotron_mean180d,0.000207107160298645,rootmortality_g_m2_day_10_20_minirhizotron_mean180d,bgc_sparse
nosc_wmean,rootmortality_g_m2_day_20_30_minirhizotron_mean180d,0.00020459206333592,rootmortality_g_m2_day_20_30_minirhizotron_mean180d,bgc_sparse
nosc_wmean,vwc_40_50_mean90d,0.000202254215089703,vwc_40_50_mean90d,climate_flux
nosc_wmean,vwc_sd90d,0.000200125853972961,vwc_sd90d,climate_flux
nosc_wmean,npoc_mg_l_30cm_pwchemistry_days_since365d,0.000199303537068414,npoc_mg_l_30cm_pwchemistry_days_since365d,bgc_sparse
nosc_wmean,temp_20_30_mean90d__missing,0.000187691009234084,temp_20_30_mean90d,climate_flux
nosc_wmean,vwc_sd7d__missing,0.00018565826814873,vwc_sd7d,climate_flux
nosc_wmean,temperature_mean7d,0.000177223273101199,temperature_mean7d,climate_flux
nosc_wmean,vwc_40_50_mean30d,0.000176815779984831,vwc_40_50_mean30d,climate_flux
nosc_wmean,flux_sd30d__missing,0.000173644679251297,flux_sd30d,climate_flux
nosc_wmean,po4_ugP_mL_lysimiter_surface_chemistry_mean180d__missing,0.000162122115146031,po4_ugP_mL_lysimiter_surface_chemistry_mean180d,bgc_sparse
nosc_wmean,po4_ugP_mL_lysimiter_surface_chemistry_mean180d,0.000161161887400955,po4_ugP_mL_lysimiter_surface_chemistry_mean180d,bgc_sparse
nosc_wmean,flux_mean90d,0.000157922866017327,flux_mean90d,climate_flux
nosc_wmean,nh4_ugN_mL_lysimiter_surface_chemistry_mean180d__missing,0.000155560157216157,nh4_ugN_mL_lysimiter_surface_chemistry_mean180d,bgc_sparse
nosc_wmean,temp_40_50_mean90d__missing,0.000153812868696333,temp_40_50_mean90d,climate_flux
nosc_wmean,rootgrowth_g_m2_day_20_30_minirhizotron_mean180d,0.000146512836131836,rootgrowth_g_m2_day_20_30_minirhizotron_mean180d,bgc_sparse
nosc_wmean,temperature_sd7d,0.000140245281961792,temperature_sd7d,climate_flux
nosc_wmean,po4_ugP_mL_lysimiter_surface_chemistry_last365d,0.000138413742425366,po4_ugP_mL_lysimiter_surface_chemistry_last365d,bgc_sparse
nosc_wmean,temperature_sd30d__missing,0.000126710052455359,temperature_sd30d,climate_flux
nosc_wmean,temp_40_50_mean30d,0.000125306545816913,temp_40_50_mean30d,climate_flux
nosc_wmean,flux_sd90d__missing,0.000119981878673227,flux_sd90d,climate_flux
nosc_wmean,flux_mean7d,0.000110397767068211,flux_mean7d,climate_flux
nosc_wmean,vwc_40_50_sd30d,0.000106589438397186,vwc_40_50_sd30d,climate_flux
nosc_wmean,temp_40_50_sd90d__missing,0.000106101281160457,temp_40_50_sd90d,climate_flux
nosc_wmean,no3_ugN_mL_lysimiter_surface_chemistry_days_since365d,0.000104269323450147,no3_ugN_mL_lysimiter_surface_chemistry_days_since365d,bgc_sparse
nosc_wmean,vwc_20_30_sd7d,0.000102941102313308,vwc_20_30_sd7d,climate_flux
nosc_wmean,temp_20_30_mean7d,0.000100040522797349,temp_20_30_mean7d,climate_flux
nosc_wmean,vwc_20_30_mean30d__missing,9.4468562866532e-05,vwc_20_30_mean30d,climate_flux
nosc_wmean,temperature_sd90d__missing,9.40740732163918e-05,temperature_sd90d,climate_flux
nosc_wmean,no3_ugN_mL_lysimiter_surface_chemistry_mean180d__missing,8.42507113163791e-05,no3_ugN_mL_lysimiter_surface_chemistry_mean180d,bgc_sparse
nosc_wmean,temp_20_30_sd90d__missing,8.18866217783092e-05,temp_20_30_sd90d,climate_flux
nosc_wmean,vwc_20_30_mean90d__missing,8.12641805250665e-05,vwc_20_30_mean90d,climate_flux
nosc_wmean,vwc_20_30_sd30d__missing,8.12171144314615e-05,vwc_20_30_sd30d,climate_flux
nosc_wmean,rootmortality_g_m2_day_0_10_minirhizotron_last365d,8.04603104849735e-05,rootmortality_g_m2_day_0_10_minirhizotron_last365d,bgc_sparse
nosc_wmean,rootstock_g_m2_10_20_minirhizotron_days_since365d__missing,7.82533183473777e-05,rootstock_g_m2_10_20_minirhizotron_days_since365d,bgc_sparse
nosc_wmean,flux_mean30d,7.68099944811582e-05,flux_mean30d,climate_flux
nosc_wmean,npoc_mg_l_10cm_pwchemistry_days_since365d,7.67552278835613e-05,npoc_mg_l_10cm_pwchemistry_days_since365d,bgc_sparse
nosc_wmean,vwc_40_50_sd90d__missing,7.56361254731603e-05,vwc_40_50_sd90d,climate_flux
nosc_wmean,rootstock_g_m2_20_30_minirhizotron_days_since365d__missing,7.5574830981292e-05,rootstock_g_m2_20_30_minirhizotron_days_since365d,bgc_sparse
nosc_wmean,vwc_sd30d__missing,7.51758954078243e-05,vwc_sd30d,climate_flux
nosc_wmean,temperature_sd7d__missing,7.51202095519044e-05,temperature_sd7d,climate_flux
nosc_wmean,rootstock_g_m2_0_10_minirhizotron_mean180d,7.28409039814875e-05,rootstock_g_m2_0_10_minirhizotron_mean180d,bgc_sparse
nosc_wmean,vwc_mean30d__missing,7.19176618592372e-05,vwc_mean30d,climate_flux
nosc_wmean,rootmortality_g_m2_day_20_30_minirhizotron_days_since365d,7.16858810126537e-05,rootmortality_g_m2_day_20_30_minirhizotron_days_since365d,bgc_sparse
nosc_wmean,rootmortality_g_m2_day_10_20_minirhizotron_days_since365d__missing,7.09369518486194e-05,rootmortality_g_m2_day_10_20_minirhizotron_days_since365d,bgc_sparse
nosc_wmean,doy_cos,7.09288299998732e-05,doy_cos,calendar_time
nosc_wmean,rootmortality_g_m2_day_20_30_minirhizotron_mean180d__missing,7.02894845637028e-05,rootmortality_g_m2_day_20_30_minirhizotron_mean180d,bgc_sparse
nosc_wmean,temp_40_50_sd30d,6.7552320539161e-05,temp_40_50_sd30d,climate_flux
nosc_wmean,vwc_20_30_sd7d__missing,6.43518063914093e-05,vwc_20_30_sd7d,climate_flux
nosc_wmean,rootmortality_g_m2_day_20_30_minirhizotron_last365d,6.36517832581833e-05,rootmortality_g_m2_day_20_30_minirhizotron_last365d,bgc_sparse
nosc_wmean,litterfall_mean_g_m2_days_since365d,6.26929498475945e-05,litterfall_mean_g_m2_days_since365d,bgc_sparse
nosc_wmean,temp_40_50_mean30d__missing,6.09003311141252e-05,temp_40_50_mean30d,climate_flux
nosc_wmean,vwc_40_50_mean7d__missing,6.03938441537355e-05,vwc_40_50_mean7d,climate_flux
nosc_wmean,vwc_40_50_sd30d__missing,5.9497692140561e-05,vwc_40_50_sd30d,climate_flux
nosc_wmean,vwc_40_50_sd7d,5.33329273886618e-05,vwc_40_50_sd7d,climate_flux
nosc_wmean,temp_20_30_sd30d__missing,5.24463140440945e-05,temp_20_30_sd30d,climate_flux
nosc_wmean,rootgrowth_g_m2_day_0_10_minirhizotron_days_since365d,5.15690389190397e-05,rootgrowth_g_m2_day_0_10_minirhizotron_days_since365d,bgc_sparse
nosc_wmean,rootmortality_g_m2_day_0_10_minirhizotron_days_since365d,5.05876336269187e-05,rootmortality_g_m2_day_0_10_minirhizotron_days_since365d,bgc_sparse
nosc_wmean,nh4_ugN_mL_lysimiter_surface_chemistry_last365d__missing,4.51276217623824e-05,nh4_ugN_mL_lysimiter_surface_chemistry_last365d,bgc_sparse
nosc_wmean,npoc_mgC_L_plotmean_throughfall_last365d,4.35904550004269e-05,npoc_mgC_L_plotmean_throughfall_last365d,bgc_sparse
nosc_wmean,temp_20_30_sd30d,4.26233321973661e-05,temp_20_30_sd30d,climate_flux
nosc_wmean,rootgrowth_g_m2_day_10_20_minirhizotron_days_since365d__missing,3.89556637932551e-05,rootgrowth_g_m2_day_10_20_minirhizotron_days_since365d,bgc_sparse
nosc_wmean,temp_40_50_sd7d__missing,3.69311291327139e-05,temp_40_50_sd7d,climate_flux
nosc_wmean,vwc_20_30_sd90d__missing,3.68549056344511e-05,vwc_20_30_sd90d,climate_flux
nosc_wmean,rootgrowth_g_m2_day_20_30_minirhizotron_last365d__missing,3.63808710870353e-05,rootgrowth_g_m2_day_20_30_minirhizotron_last365d,bgc_sparse
nosc_wmean,vwc_20_30_sd30d,3.56121370454174e-05,vwc_20_30_sd30d,climate_flux
nosc_wmean,rootmortality_g_m2_day_0_10_minirhizotron_days_since365d__missing,3.49041319443399e-05,rootmortality_g_m2_day_0_10_minirhizotron_days_since365d,bgc_sparse
nosc_wmean,rootmortality_g_m2_day_10_20_minirhizotron_mean180d__missing,3.4580396843225e-05,rootmortality_g_m2_day_10_20_minirhizotron_mean180d,bgc_sparse
nosc_wmean,temp_40_50_sd30d__missing,3.37978549630762e-05,temp_40_50_sd30d,climate_flux
nosc_wmean,rootstock_g_m2_0_10_minirhizotron_days_since365d,3.37415400257137e-05,rootstock_g_m2_0_10_minirhizotron_days_since365d,bgc_sparse
nosc_wmean,rootgrowth_g_m2_day_20_30_minirhizotron_days_since365d__missing,3.36497232228161e-05,rootgrowth_g_m2_day_20_30_minirhizotron_days_since365d,bgc_sparse
nosc_wmean,vwc_40_50_sd7d__missing,3.34725701658494e-05,vwc_40_50_sd7d,climate_flux
nosc_wmean,po4_ugP_mL_lysimiter_surface_chemistry_last365d__missing,3.25751927448716e-05,po4_ugP_mL_lysimiter_surface_chemistry_last365d,bgc_sparse
nosc_wmean,tfvol_ml_plotmean_throughfall_last365d__missing,3.21435353813573e-05,tfvol_ml_plotmean_throughfall_last365d,bgc_sparse
nosc_wmean,flux_sd30d,3.123950939221e-05,flux_sd30d,climate_flux
nosc_wmean,tfvol_ml_plotmean_throughfall_days_since365d__missing,3.1153706271152e-05,tfvol_ml_plotmean_throughfall_days_since365d,bgc_sparse
nosc_wmean,rootmortality_g_m2_day_20_30_minirhizotron_days_since365d__missing,3.05954899646881e-05,rootmortality_g_m2_day_20_30_minirhizotron_days_since365d,bgc_sparse
nosc_wmean,temp_40_50_sd7d,3.04338707649603e-05,temp_40_50_sd7d,climate_flux
nosc_wmean,flux_mean30d__missing,2.8755544256355e-05,flux_mean30d,climate_flux
nosc_wmean,npoc_mgC_L_plotmean_throughfall_mean180d__missing,2.70156378022923e-05,npoc_mgC_L_plotmean_throughfall_mean180d,bgc_sparse
nosc_wmean,rootstock_g_m2_20_30_minirhizotron_days_since365d,2.68847542882607e-05,rootstock_g_m2_20_30_minirhizotron_days_since365d,bgc_sparse
nosc_wmean,litterfall_mean_g_m2_last365d,2.57257665382533e-05,litterfall_mean_g_m2_last365d,bgc_sparse
nosc_wmean,npoc_ug_mL_lysimiter_surface_chemistry_mean180d__missing,2.353996177673e-05,npoc_ug_mL_lysimiter_surface_chemistry_mean180d,bgc_sparse
nosc_wmean,rootstock_g_m2_0_10_minirhizotron_last365d,2.25379210942072e-05,rootstock_g_m2_0_10_minirhizotron_last365d,bgc_sparse
nosc_wmean,npoc_mgC_L_plotmean_throughfall_days_since365d__missing,2.24639821298676e-05,npoc_mgC_L_plotmean_throughfall_days_since365d,bgc_sparse
nosc_wmean,npoc_ug_mL_lysimiter_surface_chemistry_last365d__missing,2.04019710330896e-05,npoc_ug_mL_lysimiter_surface_chemistry_last365d,bgc_sparse
nosc_wmean,rootgrowth_g_m2_day_0_10_minirhizotron_mean180d__missing,2.03913673217231e-05,rootgrowth_g_m2_day_0_10_minirhizotron_mean180d,bgc_sparse
nosc_wmean,tfvol_ml_plotmean_throughfall_mean180d__missing,1.97848629460793e-05,tfvol_ml_plotmean_throughfall_mean180d,bgc_sparse
nosc_wmean,rootmortality_g_m2_day_20_30_minirhizotron_last365d__missing,1.94298711642134e-05,rootmortality_g_m2_day_20_30_minirhizotron_last365d,bgc_sparse
nosc_wmean,tdn_mg_l_10cm_pwchemistry_mean180d__missing,1.85651088586158e-05,tdn_mg_l_10cm_pwchemistry_mean180d,bgc_sparse
nosc_wmean,rootmortality_g_m2_day_0_10_minirhizotron_last365d__missing,1.80320074803979e-05,rootmortality_g_m2_day_0_10_minirhizotron_last365d,bgc_sparse
nosc_wmean,vwc_mean90d__missing,1.7053160351898e-05,vwc_mean90d,climate_flux
nosc_wmean,rootstock_g_m2_0_10_minirhizotron_days_since365d__missing,1.68843434257857e-05,rootstock_g_m2_0_10_minirhizotron_days_since365d,bgc_sparse
nosc_wmean,rootgrowth_g_m2_day_10_20_minirhizotron_days_since365d,1.67273469623406e-05,rootgrowth_g_m2_day_10_20_minirhizotron_days_since365d,bgc_sparse
nosc_wmean,rootgrowth_g_m2_day_10_20_minirhizotron_mean180d,1.30490014363671e-05,rootgrowth_g_m2_day_10_20_minirhizotron_mean180d,bgc_sparse
nosc_wmean,flux_mean7d__missing,1.26498145281007e-05,flux_mean7d,climate_flux
nosc_wmean,rootmortality_g_m2_day_10_20_minirhizotron_last365d__missing,1.07948569177323e-05,rootmortality_g_m2_day_10_20_minirhizotron_last365d,bgc_sparse
nosc_wmean,tdn_mgN_L_plotmean_throughfall_days_since365d__missing,1.04229196877204e-05,tdn_mgN_L_plotmean_throughfall_days_since365d,bgc_sparse
nosc_wmean,tfvol_ml_plotmean_throughfall_last365d,9.80093868950238e-06,tfvol_ml_plotmean_throughfall_last365d,bgc_sparse
nosc_wmean,rootmortality_g_m2_day_10_20_minirhizotron_days_since365d,9.72416595150771e-06,rootmortality_g_m2_day_10_20_minirhizotron_days_since365d,bgc_sparse
nosc_wmean,rootstock_g_m2_20_30_minirhizotron_mean180d__missing,9.43095540367822e-06,rootstock_g_m2_20_30_minirhizotron_mean180d,bgc_sparse
nosc_wmean,temp_20_30_mean30d__missing,9.39827316397923e-06,temp_20_30_mean30d,climate_flux
nosc_wmean,rootmortality_g_m2_day_10_20_minirhizotron_last365d,9.0229810282314e-06,rootmortality_g_m2_day_10_20_minirhizotron_last365d,bgc_sparse
nosc_wmean,tdn_mgN_L_plotmean_throughfall_last365d__missing,8.67069288324451e-06,tdn_mgN_L_plotmean_throughfall_last365d,bgc_sparse
nosc_wmean,rootgrowth_g_m2_day_10_20_minirhizotron_last365d__missing,8.47564764488062e-06,rootgrowth_g_m2_day_10_20_minirhizotron_last365d,bgc_sparse
nosc_wmean,temp_20_30_sd7d__missing,8.42054088563282e-06,temp_20_30_sd7d,climate_flux
nosc_wmean,flux_sd7d__missing,8.35244428218274e-06,flux_sd7d,climate_flux
nosc_wmean,po4_ugP_mL_lysimiter_surface_chemistry_days_since365d__missing,8.10668229391665e-06,po4_ugP_mL_lysimiter_surface_chemistry_days_since365d,bgc_sparse
nosc_wmean,temperature_mean30d__missing,8.03823171929863e-06,temperature_mean30d,climate_flux
nosc_wmean,vwc_40_50_mean30d__missing,7.57615411488732e-06,vwc_40_50_mean30d,climate_flux
nosc_wmean,tfvol_ml_plotmean_throughfall_mean180d,6.93512888145365e-06,tfvol_ml_plotmean_throughfall_mean180d,bgc_sparse
nosc_wmean,rootgrowth_g_m2_day_10_20_minirhizotron_mean180d__missing,6.4829189331439e-06,rootgrowth_g_m2_day_10_20_minirhizotron_mean180d,bgc_sparse
nosc_wmean,npoc_mgC_L_plotmean_throughfall_days_since365d,6.43502399514118e-06,npoc_mgC_L_plotmean_throughfall_days_since365d,bgc_sparse
nosc_wmean,temperature_mean7d__missing,6.37058450918571e-06,temperature_mean7d,climate_flux
nosc_wmean,temp_40_50_mean7d__missing,4.43844237232582e-06,temp_40_50_mean7d,climate_flux
nosc_wmean,vwc_40_50_sd90d,3.59782775328177e-06,vwc_40_50_sd90d,climate_flux
nosc_wmean,rootstock_g_m2_0_10_minirhizotron_last365d__missing,3.09838568982901e-06,rootstock_g_m2_0_10_minirhizotron_last365d,bgc_sparse
nosc_wmean,npoc_mgC_L_plotmean_throughfall_last365d__missing,3.09437573209359e-06,npoc_mgC_L_plotmean_throughfall_last365d,bgc_sparse
nosc_wmean,rootstock_g_m2_20_30_minirhizotron_last365d__missing,2.31509643867534e-06,rootstock_g_m2_20_30_minirhizotron_last365d,bgc_sparse
nosc_wmean,temp_40_50_sd90d,2.03979004436428e-06,temp_40_50_sd90d,climate_flux
nosc_wmean,vwc_mean7d__missing,1.01808537689507e-06,vwc_mean7d,climate_flux
nosc_wmean,rootgrowth_g_m2_day_20_30_minirhizotron_mean180d__missing,4.15939857443926e-07,rootgrowth_g_m2_day_20_30_minirhizotron_mean180d,bgc_sparse
nosc_wmean,npoc_mg_l_30cm_pwchemistry_mean180d__missing,0,npoc_mg_l_30cm_pwchemistry_mean180d,bgc_sparse
nosc_wmean,tdn_mg_l_30cm_pwchemistry_mean180d__missing,0,tdn_mg_l_30cm_pwchemistry_mean180d,bgc_sparse
nosc_wmean,tdn_mgN_L_plotmean_throughfall_days_since365d,-1.9947115642327e-07,tdn_mgN_L_plotmean_throughfall_days_since365d,bgc_sparse
nosc_wmean,rootgrowth_g_m2_day_20_30_minirhizotron_last365d,-4.30862232307705e-07,rootgrowth_g_m2_day_20_30_minirhizotron_last365d,bgc_sparse
nosc_wmean,npoc_mg_l_10cm_pwchemistry_mean180d__missing,-6.46963901160147e-07,npoc_mg_l_10cm_pwchemistry_mean180d,bgc_sparse
nosc_wmean,rootstock_g_m2_10_20_minirhizotron_mean180d__missing,-8.60219862826028e-07,rootstock_g_m2_10_20_minirhizotron_mean180d,bgc_sparse
nosc_wmean,vwc_sd7d,-2.07626280938644e-06,vwc_sd7d,climate_flux
nosc_wmean,rootstock_g_m2_10_20_minirhizotron_mean180d,-2.44321205679188e-06,rootstock_g_m2_10_20_minirhizotron_mean180d,bgc_sparse
nosc_wmean,tdn_mgN_L_plotmean_throughfall_mean180d,-3.9898385723991e-06,tdn_mgN_L_plotmean_throughfall_mean180d,bgc_sparse
nosc_wmean,temperature_mean90d__missing,-5.39395425076461e-06,temperature_mean90d,climate_flux
nosc_wmean,rootstock_g_m2_0_10_minirhizotron_mean180d__missing,-6.11816481506877e-06,rootstock_g_m2_0_10_minirhizotron_mean180d,bgc_sparse
nosc_wmean,rootmortality_g_m2_day_0_10_minirhizotron_mean180d__missing,-6.48104321480214e-06,rootmortality_g_m2_day_0_10_minirhizotron_mean180d,bgc_sparse
nosc_wmean,tdn_mgN_L_plotmean_throughfall_last365d,-6.5347724637026e-06,tdn_mgN_L_plotmean_throughfall_last365d,bgc_sparse
nosc_wmean,npoc_mgC_L_plotmean_throughfall_mean180d,-7.18746310556084e-06,npoc_mgC_L_plotmean_throughfall_mean180d,bgc_sparse
nosc_wmean,rootstock_g_m2_20_30_minirhizotron_mean180d,-7.70093646410763e-06,rootstock_g_m2_20_30_minirhizotron_mean180d,bgc_sparse
nosc_wmean,rootstock_g_m2_10_20_minirhizotron_last365d__missing,-8.80012959066123e-06,rootstock_g_m2_10_20_minirhizotron_last365d,bgc_sparse
nosc_wmean,rootgrowth_g_m2_day_0_10_minirhizotron_days_since365d__missing,-9.82828595325325e-06,rootgrowth_g_m2_day_0_10_minirhizotron_days_since365d,bgc_sparse
nosc_wmean,tdn_mgN_L_plotmean_throughfall_mean180d__missing,-1.00913979027104e-05,tdn_mgN_L_plotmean_throughfall_mean180d,bgc_sparse
nosc_wmean,rootgrowth_g_m2_day_0_10_minirhizotron_last365d__missing,-1.05796475201518e-05,rootgrowth_g_m2_day_0_10_minirhizotron_last365d,bgc_sparse
nosc_wmean,tfvol_ml_plotmean_throughfall_days_since365d,-1.55169621933653e-05,tfvol_ml_plotmean_throughfall_days_since365d,bgc_sparse
nosc_wmean,doy_sin,-1.74393119946585e-05,doy_sin,calendar_time
nosc_wmean,tn_ug_mL_lysimiter_surface_chemistry_mean180d__missing,-2.17013478575165e-05,tn_ug_mL_lysimiter_surface_chemistry_mean180d,bgc_sparse
nosc_wmean,npoc_ug_mL_lysimiter_surface_chemistry_days_since365d__missing,-2.17733723295339e-05,npoc_ug_mL_lysimiter_surface_chemistry_days_since365d,bgc_sparse
nosc_wmean,flux_mean90d__missing,-2.37508406800446e-05,flux_mean90d,climate_flux
nosc_wmean,rootgrowth_g_m2_day_20_30_minirhizotron_days_since365d,-2.5898515152605e-05,rootgrowth_g_m2_day_20_30_minirhizotron_days_since365d,bgc_sparse
nosc_wmean,rootstock_g_m2_10_20_minirhizotron_days_since365d,-2.68789534431093e-05,rootstock_g_m2_10_20_minirhizotron_days_since365d,bgc_sparse
nosc_wmean,vwc_40_50_mean90d__missing,-2.78256086286877e-05,vwc_40_50_mean90d,climate_flux
nosc_wmean,temp_20_30_sd90d,-2.86506988280191e-05,temp_20_30_sd90d,climate_flux
nosc_wmean,tn_ug_mL_lysimiter_surface_chemistry_days_since365d__missing,-2.8947468308717e-05,tn_ug_mL_lysimiter_surface_chemistry_days_since365d,bgc_sparse
nosc_wmean,no3_ugN_mL_lysimiter_surface_chemistry_last365d__missing,-3.07516190875072e-05,no3_ugN_mL_lysimiter_surface_chemistry_last365d,bgc_sparse
nosc_wmean,no3_ugN_mL_lysimiter_surface_chemistry_days_since365d__missing,-3.29322551035365e-05,no3_ugN_mL_lysimiter_surface_chemistry_days_since365d,bgc_sparse
nosc_wmean,vwc_20_30_mean7d__missing,-3.93942604628195e-05,vwc_20_30_mean7d,climate_flux
nosc_wmean,rootgrowth_g_m2_day_0_10_minirhizotron_mean180d,-4.37885885698157e-05,rootgrowth_g_m2_day_0_10_minirhizotron_mean180d,bgc_sparse
nosc_wmean,rootstock_g_m2_20_30_minirhizotron_last365d,-4.41718811715257e-05,rootstock_g_m2_20_30_minirhizotron_last365d,bgc_sparse
nosc_wmean,temp_20_30_mean7d__missing,-4.46142998167631e-05,temp_20_30_mean7d,climate_flux
nosc_wmean,nh4_ugN_mL_lysimiter_surface_chemistry_days_since365d__missing,-5.07889245235351e-05,nh4_ugN_mL_lysimiter_surface_chemistry_days_since365d,bgc_sparse
nosc_wmean,tn_ug_mL_lysimiter_surface_chemistry_last365d__missing,-5.47239931370465e-05,tn_ug_mL_lysimiter_surface_chemistry_last365d,bgc_sparse
nosc_wmean,temperature_sd90d,-6.08490596009128e-05,temperature_sd90d,climate_flux
nosc_wmean,rootgrowth_g_m2_day_0_10_minirhizotron_last365d,-6.2024269921148e-05,rootgrowth_g_m2_day_0_10_minirhizotron_last365d,bgc_sparse
nosc_wmean,temp_20_30_sd7d,-6.3104057028665e-05,temp_20_30_sd7d,climate_flux
nosc_wmean,flux_sd7d,-8.50114049040929e-05,flux_sd7d,climate_flux
nosc_wmean,temperature_sd30d,-8.8827404989267e-05,temperature_sd30d,climate_flux
nosc_wmean,temperature_mean30d,-9.75960590385225e-05,temperature_mean30d,climate_flux
nosc_wmean,rootgrowth_g_m2_day_10_20_minirhizotron_last365d,-0.000307404886750988,rootgrowth_g_m2_day_10_20_minirhizotron_last365d,bgc_sparse
lambda_wmean,date_num,9.31501742027274e-07,date_num,calendar_time
lambda_wmean,depth_group,7.80446384994971e-07,depth_group,experimental_structure
lambda_wmean,year,4.68802519285605e-07,year,calendar_time
lambda_wmean,rootgrowth_g_m2_day_0_10_minirhizotron_last365d__missing,2.64477993267009e-07,rootgrowth_g_m2_day_0_10_minirhizotron_last365d,bgc_sparse
lambda_wmean,litterfall_mean_g_m2_mean180d,2.45670775592677e-07,litterfall_mean_g_m2_mean180d,bgc_sparse
lambda_wmean,rootstock_g_m2_10_20_minirhizotron_mean180d__missing,2.26047056897771e-07,rootstock_g_m2_10_20_minirhizotron_mean180d,bgc_sparse
lambda_wmean,vwc_20_30_mean90d,2.11309921825276e-07,vwc_20_30_mean90d,climate_flux
lambda_wmean,rootmortality_g_m2_day_20_30_minirhizotron_last365d__missing,2.09886988320696e-07,rootmortality_g_m2_day_20_30_minirhizotron_last365d,bgc_sparse
lambda_wmean,rootmortality_g_m2_day_0_10_minirhizotron_last365d__missing,2.04696119616488e-07,rootmortality_g_m2_day_0_10_minirhizotron_last365d,bgc_sparse
lambda_wmean,rootmortality_g_m2_day_10_20_minirhizotron_last365d__missing,1.98497492580163e-07,rootmortality_g_m2_day_10_20_minirhizotron_last365d,bgc_sparse
lambda_wmean,rootgrowth_g_m2_day_20_30_minirhizotron_last365d__missing,1.88118458597453e-07,rootgrowth_g_m2_day_20_30_minirhizotron_last365d,bgc_sparse
lambda_wmean,rootgrowth_g_m2_day_20_30_minirhizotron_mean180d__missing,1.84587433751826e-07,rootgrowth_g_m2_day_20_30_minirhizotron_mean180d,bgc_sparse
lambda_wmean,rootgrowth_g_m2_day_0_10_minirhizotron_days_since365d__missing,1.77880777923578e-07,rootgrowth_g_m2_day_0_10_minirhizotron_days_since365d,bgc_sparse
lambda_wmean,rootstock_g_m2_10_20_minirhizotron_days_since365d__missing,1.74147701154759e-07,rootstock_g_m2_10_20_minirhizotron_days_since365d,bgc_sparse
lambda_wmean,rootgrowth_g_m2_day_20_30_minirhizotron_days_since365d__missing,1.70242966516465e-07,rootgrowth_g_m2_day_20_30_minirhizotron_days_since365d,bgc_sparse
lambda_wmean,rootstock_g_m2_10_20_minirhizotron_last365d,1.65454428143752e-07,rootstock_g_m2_10_20_minirhizotron_last365d,bgc_sparse
lambda_wmean,rootmortality_g_m2_day_0_10_minirhizotron_days_since365d__missing,1.47594270025087e-07,rootmortality_g_m2_day_0_10_minirhizotron_days_since365d,bgc_sparse
lambda_wmean,rootstock_g_m2_10_20_minirhizotron_last365d__missing,1.41776360228274e-07,rootstock_g_m2_10_20_minirhizotron_last365d,bgc_sparse
lambda_wmean,rootgrowth_g_m2_day_10_20_minirhizotron_last365d__missing,1.38203297008088e-07,rootgrowth_g_m2_day_10_20_minirhizotron_last365d,bgc_sparse
lambda_wmean,rootmortality_g_m2_day_20_30_minirhizotron_mean180d__missing,1.36395464836792e-07,rootmortality_g_m2_day_20_30_minirhizotron_mean180d,bgc_sparse
lambda_wmean,flux_mean90d,1.36243466600572e-07,flux_mean90d,climate_flux
lambda_wmean,rootstock_g_m2_0_10_minirhizotron_days_since365d__missing,1.34347176142358e-07,rootstock_g_m2_0_10_minirhizotron_days_since365d,bgc_sparse
lambda_wmean,rootgrowth_g_m2_day_10_20_minirhizotron_mean180d__missing,1.33963578743845e-07,rootgrowth_g_m2_day_10_20_minirhizotron_mean180d,bgc_sparse
lambda_wmean,rootmortality_g_m2_day_10_20_minirhizotron_mean180d__missing,1.30541634036918e-07,rootmortality_g_m2_day_10_20_minirhizotron_mean180d,bgc_sparse
lambda_wmean,rootstock_g_m2_0_10_minirhizotron_last365d__missing,1.25850365849223e-07,rootstock_g_m2_0_10_minirhizotron_last365d,bgc_sparse
lambda_wmean,rootstock_g_m2_20_30_minirhizotron_last365d__missing,1.21442938883165e-07,rootstock_g_m2_20_30_minirhizotron_last365d,bgc_sparse
lambda_wmean,vwc_40_50_mean7d,1.1598678811775e-07,vwc_40_50_mean7d,climate_flux
lambda_wmean,rootstock_g_m2_0_10_minirhizotron_mean180d__missing,1.12607604689563e-07,rootstock_g_m2_0_10_minirhizotron_mean180d,bgc_sparse
lambda_wmean,vwc_40_50_sd90d,1.12354834438611e-07,vwc_40_50_sd90d,climate_flux
lambda_wmean,tdn_mg_l_30cm_pwchemistry_last365d,1.12109956089457e-07,tdn_mg_l_30cm_pwchemistry_last365d,bgc_sparse
lambda_wmean,vwc_20_30_mean30d,1.12006169226353e-07,vwc_20_30_mean30d,climate_flux
lambda_wmean,rootmortality_g_m2_day_0_10_minirhizotron_mean180d__missing,1.10656332559467e-07,rootmortality_g_m2_day_0_10_minirhizotron_mean180d,bgc_sparse
lambda_wmean,rootstock_g_m2_20_30_minirhizotron_days_since365d__missing,1.06321649479435e-07,rootstock_g_m2_20_30_minirhizotron_days_since365d,bgc_sparse
lambda_wmean,vwc_40_50_mean30d,1.04399198380012e-07,vwc_40_50_mean30d,climate_flux
lambda_wmean,rootgrowth_g_m2_day_10_20_minirhizotron_days_since365d__missing,9.92575869409595e-08,rootgrowth_g_m2_day_10_20_minirhizotron_days_since365d,bgc_sparse
lambda_wmean,rootstock_g_m2_20_30_minirhizotron_mean180d__missing,9.46121647049658e-08,rootstock_g_m2_20_30_minirhizotron_mean180d,bgc_sparse
lambda_wmean,rootmortality_g_m2_day_20_30_minirhizotron_days_since365d__missing,9.33084394543204e-08,rootmortality_g_m2_day_20_30_minirhizotron_days_since365d,bgc_sparse
lambda_wmean,rootstock_g_m2_20_30_minirhizotron_last365d,9.25817598931289e-08,rootstock_g_m2_20_30_minirhizotron_last365d,bgc_sparse
lambda_wmean,npoc_mg_l_10cm_pwchemistry_last365d,9.19486635215794e-08,npoc_mg_l_10cm_pwchemistry_last365d,bgc_sparse
lambda_wmean,npoc_mg_l_10cm_pwchemistry_mean180d,8.59239900494746e-08,npoc_mg_l_10cm_pwchemistry_mean180d,bgc_sparse
lambda_wmean,po4_ugP_mL_lysimiter_surface_chemistry_mean180d,7.57882342559135e-08,po4_ugP_mL_lysimiter_surface_chemistry_mean180d,bgc_sparse
lambda_wmean,tn_ug_mL_lysimiter_surface_chemistry_last365d,7.16768818529445e-08,tn_ug_mL_lysimiter_surface_chemistry_last365d,bgc_sparse
lambda_wmean,treatment,7.16429794336282e-08,treatment,experimental_structure
lambda_wmean,npoc_ug_mL_lysimiter_surface_chemistry_last365d,6.513184696888e-08,npoc_ug_mL_lysimiter_surface_chemistry_last365d,bgc_sparse
lambda_wmean,rootgrowth_g_m2_day_0_10_minirhizotron_mean180d__missing,6.39601345733265e-08,rootgrowth_g_m2_day_0_10_minirhizotron_mean180d,bgc_sparse
lambda_wmean,temp_40_50_mean30d,6.26912257237766e-08,temp_40_50_mean30d,climate_flux
lambda_wmean,rootmortality_g_m2_day_10_20_minirhizotron_days_since365d__missing,6.21933907281047e-08,rootmortality_g_m2_day_10_20_minirhizotron_days_since365d,bgc_sparse
lambda_wmean,vwc_40_50_mean90d,5.93546961860092e-08,vwc_40_50_mean90d,climate_flux
lambda_wmean,vwc_20_30_mean7d,5.72780212710899e-08,vwc_20_30_mean7d,climate_flux
lambda_wmean,no3_ugN_mL_lysimiter_surface_chemistry_last365d,5.51135603086284e-08,no3_ugN_mL_lysimiter_surface_chemistry_last365d,bgc_sparse
lambda_wmean,rootstock_g_m2_0_10_minirhizotron_mean180d,5.25567750357947e-08,rootstock_g_m2_0_10_minirhizotron_mean180d,bgc_sparse
lambda_wmean,temp_40_50_mean90d,5.20954197562595e-08,temp_40_50_mean90d,climate_flux
lambda_wmean,temp_20_30_mean30d,5.20246436432892e-08,temp_20_30_mean30d,climate_flux
lambda_wmean,temp_40_50_sd30d,5.16768230902631e-08,temp_40_50_sd30d,climate_flux
lambda_wmean,tdn_mg_l_10cm_pwchemistry_last365d,4.72128743620459e-08,tdn_mg_l_10cm_pwchemistry_last365d,bgc_sparse
lambda_wmean,vwc_sd30d,4.21370401575416e-08,vwc_sd30d,climate_flux
lambda_wmean,flux_mean7d,4.16653450532323e-08,flux_mean7d,climate_flux
lambda_wmean,vwc_mean30d,4.11374374760243e-08,vwc_mean30d,climate_flux
lambda_wmean,temp_20_30_mean7d,4.11108540805394e-08,temp_20_30_mean7d,climate_flux
lambda_wmean,tdn_mg_l_30cm_pwchemistry_mean180d,3.95250921849666e-08,tdn_mg_l_30cm_pwchemistry_mean180d,bgc_sparse
lambda_wmean,temperature_sd90d__missing,3.42116843377038e-08,temperature_sd90d,climate_flux
lambda_wmean,vwc_20_30_sd90d,3.41523164502089e-08,vwc_20_30_sd90d,climate_flux
lambda_wmean,rootstock_g_m2_10_20_minirhizotron_mean180d,3.34003572941555e-08,rootstock_g_m2_10_20_minirhizotron_mean180d,bgc_sparse
lambda_wmean,vwc_40_50_sd90d__missing,3.1261079025402e-08,vwc_40_50_sd90d,climate_flux
lambda_wmean,flux_mean30d,3.0540895207265e-08,flux_mean30d,climate_flux
lambda_wmean,temp_40_50_mean90d__missing,2.92756372270997e-08,temp_40_50_mean90d,climate_flux
lambda_wmean,vwc_sd90d,2.92717341165982e-08,vwc_sd90d,climate_flux
lambda_wmean,rootstock_g_m2_20_30_minirhizotron_mean180d,2.84095104439164e-08,rootstock_g_m2_20_30_minirhizotron_mean180d,bgc_sparse
lambda_wmean,temp_20_30_mean90d,2.68345857021846e-08,temp_20_30_mean90d,climate_flux
lambda_wmean,rootgrowth_g_m2_day_20_30_minirhizotron_mean180d,2.56527767739101e-08,rootgrowth_g_m2_day_20_30_minirhizotron_mean180d,bgc_sparse
lambda_wmean,temp_20_30_sd90d,2.52053964582277e-08,temp_20_30_sd90d,climate_flux
lambda_wmean,temp_40_50_sd7d,2.48940599494318e-08,temp_40_50_sd7d,climate_flux
lambda_wmean,temperature_sd90d,2.48521933652324e-08,temperature_sd90d,climate_flux
lambda_wmean,temp_40_50_sd90d__missing,2.48215445364242e-08,temp_40_50_sd90d,climate_flux
lambda_wmean,vwc_40_50_sd7d__missing,2.45814164623326e-08,vwc_40_50_sd7d,climate_flux
lambda_wmean,temperature_mean90d,2.31021648229302e-08,temperature_mean90d,climate_flux
lambda_wmean,vwc_20_30_sd90d__missing,2.27649136625985e-08,vwc_20_30_sd90d,climate_flux
lambda_wmean,temp_40_50_mean7d,2.27073713880976e-08,temp_40_50_mean7d,climate_flux
lambda_wmean,litterfall_mean_g_m2_last365d,2.21043552743883e-08,litterfall_mean_g_m2_last365d,bgc_sparse
lambda_wmean,vwc_20_30_mean90d__missing,2.12567712771783e-08,vwc_20_30_mean90d,climate_flux
lambda_wmean,rootmortality_g_m2_day_0_10_minirhizotron_mean180d,2.07022042362226e-08,rootmortality_g_m2_day_0_10_minirhizotron_mean180d,bgc_sparse
lambda_wmean,temp_40_50_sd90d,2.05295458737265e-08,temp_40_50_sd90d,climate_flux
lambda_wmean,npoc_ug_mL_lysimiter_surface_chemistry_mean180d,2.0466436795985e-08,npoc_ug_mL_lysimiter_surface_chemistry_mean180d,bgc_sparse
lambda_wmean,rootgrowth_g_m2_day_0_10_minirhizotron_last365d,2.02641008253401e-08,rootgrowth_g_m2_day_0_10_minirhizotron_last365d,bgc_sparse
lambda_wmean,vwc_20_30_sd30d,1.97443223510785e-08,vwc_20_30_sd30d,climate_flux
lambda_wmean,temperature_sd30d__missing,1.92710458821743e-08,temperature_sd30d,climate_flux
lambda_wmean,temperature_sd7d__missing,1.91991528650792e-08,temperature_sd7d,climate_flux
lambda_wmean,flux_sd90d__missing,1.72481402316294e-08,flux_sd90d,climate_flux
lambda_wmean,npoc_mg_l_30cm_pwchemistry_days_since365d,1.71040891792096e-08,npoc_mg_l_30cm_pwchemistry_days_since365d,bgc_sparse
lambda_wmean,vwc_mean90d,1.60897104661828e-08,vwc_mean90d,climate_flux
lambda_wmean,vwc_mean7d,1.57801350857412e-08,vwc_mean7d,climate_flux
lambda_wmean,vwc_20_30_mean7d__missing,1.48637998758083e-08,vwc_20_30_mean7d,climate_flux
lambda_wmean,temp_20_30_sd90d__missing,1.42034249410727e-08,temp_20_30_sd90d,climate_flux
lambda_wmean,vwc_mean90d__missing,1.4181361586818e-08,vwc_mean90d,climate_flux
lambda_wmean,vwc_sd90d__missing,1.41727140721137e-08,vwc_sd90d,climate_flux
lambda_wmean,flux_sd30d__missing,1.41487988734035e-08,flux_sd30d,climate_flux
lambda_wmean,vwc_sd30d__missing,1.11795599653242e-08,vwc_sd30d,climate_flux
lambda_wmean,temp_20_30_sd30d__missing,1.11791991586063e-08,temp_20_30_sd30d,climate_flux
lambda_wmean,nh4_ugN_mL_lysimiter_surface_chemistry_mean180d__missing,1.0787213577057e-08,nh4_ugN_mL_lysimiter_surface_chemistry_mean180d,bgc_sparse
lambda_wmean,no3_ugN_mL_lysimiter_surface_chemistry_days_since365d__missing,1.06298867783572e-08,no3_ugN_mL_lysimiter_surface_chemistry_days_since365d,bgc_sparse
lambda_wmean,temp_20_30_mean90d__missing,1.00764094039807e-08,temp_20_30_mean90d,climate_flux
lambda_wmean,nh4_ugN_mL_lysimiter_surface_chemistry_last365d__missing,9.98539749175187e-09,nh4_ugN_mL_lysimiter_surface_chemistry_last365d,bgc_sparse
lambda_wmean,rootstock_g_m2_20_30_minirhizotron_days_since365d,9.87073124969484e-09,rootstock_g_m2_20_30_minirhizotron_days_since365d,bgc_sparse
lambda_wmean,po4_ugP_mL_lysimiter_surface_chemistry_last365d__missing,9.71565216678627e-09,po4_ugP_mL_lysimiter_surface_chemistry_last365d,bgc_sparse
lambda_wmean,po4_ugP_mL_lysimiter_surface_chemistry_days_since365d__missing,8.86704664337934e-09,po4_ugP_mL_lysimiter_surface_chemistry_days_since365d,bgc_sparse
lambda_wmean,rootgrowth_g_m2_day_0_10_minirhizotron_mean180d,8.62544652679986e-09,rootgrowth_g_m2_day_0_10_minirhizotron_mean180d,bgc_sparse
lambda_wmean,nh4_ugN_mL_lysimiter_surface_chemistry_last365d,8.2657811040221e-09,nh4_ugN_mL_lysimiter_surface_chemistry_last365d,bgc_sparse
lambda_wmean,tn_ug_mL_lysimiter_surface_chemistry_mean180d__missing,8.11709110704051e-09,tn_ug_mL_lysimiter_surface_chemistry_mean180d,bgc_sparse
lambda_wmean,temperature_mean90d__missing,7.98939251511754e-09,temperature_mean90d,climate_flux
lambda_wmean,temperature_mean7d__missing,7.9375547883398e-09,temperature_mean7d,climate_flux
lambda_wmean,vwc_40_50_mean90d__missing,7.51899807038825e-09,vwc_40_50_mean90d,climate_flux
lambda_wmean,vwc_20_30_mean30d__missing,6.50225218601364e-09,vwc_20_30_mean30d,climate_flux
lambda_wmean,rootgrowth_g_m2_day_10_20_minirhizotron_mean180d,6.03563992607192e-09,rootgrowth_g_m2_day_10_20_minirhizotron_mean180d,bgc_sparse
lambda_wmean,nh4_ugN_mL_lysimiter_surface_chemistry_days_since365d__missing,5.87040555544149e-09,nh4_ugN_mL_lysimiter_surface_chemistry_days_since365d,bgc_sparse
lambda_wmean,flux_sd90d,5.45791288963926e-09,flux_sd90d,climate_flux
lambda_wmean,vwc_40_50_mean7d__missing,4.79354587712422e-09,vwc_40_50_mean7d,climate_flux
lambda_wmean,vwc_mean30d__missing,4.67963510142333e-09,vwc_mean30d,climate_flux
lambda_wmean,flux_mean90d__missing,4.65443454933379e-09,flux_mean90d,climate_flux
lambda_wmean,npoc_mg_l_30cm_pwchemistry_last365d,4.43382119019731e-09,npoc_mg_l_30cm_pwchemistry_last365d,bgc_sparse
lambda_wmean,flux_mean30d__missing,3.67236556453321e-09,flux_mean30d,climate_flux
lambda_wmean,npoc_ug_mL_lysimiter_surface_chemistry_mean180d__missing,3.65873640184589e-09,npoc_ug_mL_lysimiter_surface_chemistry_mean180d,bgc_sparse
lambda_wmean,temp_20_30_mean7d__missing,3.21494417665491e-09,temp_20_30_mean7d,climate_flux
lambda_wmean,temp_40_50_mean7d__missing,3.13675614216358e-09,temp_40_50_mean7d,climate_flux
lambda_wmean,temp_20_30_mean30d__missing,3.11605284597505e-09,temp_20_30_mean30d,climate_flux
lambda_wmean,tfvol_ml_plotmean_throughfall_mean180d__missing,3.06261558180587e-09,tfvol_ml_plotmean_throughfall_mean180d,bgc_sparse
lambda_wmean,rootmortality_g_m2_day_10_20_minirhizotron_last365d,3.00291886445869e-09,rootmortality_g_m2_day_10_20_minirhizotron_last365d,bgc_sparse
lambda_wmean,tdn_mgN_L_plotmean_throughfall_days_since365d__missing,2.83026814029697e-09,tdn_mgN_L_plotmean_throughfall_days_since365d,bgc_sparse
lambda_wmean,tfvol_ml_plotmean_throughfall_last365d__missing,2.64311862019362e-09,tfvol_ml_plotmean_throughfall_last365d,bgc_sparse
lambda_wmean,npoc_mgC_L_plotmean_throughfall_days_since365d__missing,2.51563747122319e-09,npoc_mgC_L_plotmean_throughfall_days_since365d,bgc_sparse
lambda_wmean,flux_sd7d__missing,2.21479896622689e-09,flux_sd7d,climate_flux
lambda_wmean,npoc_mgC_L_plotmean_throughfall_mean180d__missing,2.15177956275348e-09,npoc_mgC_L_plotmean_throughfall_mean180d,bgc_sparse
lambda_wmean,npoc_mgC_L_plotmean_throughfall_last365d,1.14284122920694e-09,npoc_mgC_L_plotmean_throughfall_last365d,bgc_sparse
lambda_wmean,temp_40_50_sd7d__missing,2.99243025914109e-10,temp_40_50_sd7d,climate_flux
lambda_wmean,tdn_mg_l_10cm_pwchemistry_mean180d__missing,2.98886447147595e-10,tdn_mg_l_10cm_pwchemistry_mean180d,bgc_sparse
lambda_wmean,rootmortality_g_m2_day_20_30_minirhizotron_last365d,2.6240031325564e-10,rootmortality_g_m2_day_20_30_minirhizotron_last365d,bgc_sparse
lambda_wmean,npoc_mg_l_30cm_pwchemistry_mean180d__missing,0,npoc_mg_l_30cm_pwchemistry_mean180d,bgc_sparse
lambda_wmean,tdn_mg_l_30cm_pwchemistry_mean180d__missing,0,tdn_mg_l_30cm_pwchemistry_mean180d,bgc_sparse
lambda_wmean,npoc_mg_l_10cm_pwchemistry_mean180d__missing,-1.16226146706921e-10,npoc_mg_l_10cm_pwchemistry_mean180d,bgc_sparse
lambda_wmean,tfvol_ml_plotmean_throughfall_days_since365d__missing,-6.88283204208773e-10,tfvol_ml_plotmean_throughfall_days_since365d,bgc_sparse
lambda_wmean,tn_ug_mL_lysimiter_surface_chemistry_days_since365d__missing,-8.15873860249283e-10,tn_ug_mL_lysimiter_surface_chemistry_days_since365d,bgc_sparse
lambda_wmean,tfvol_ml_plotmean_throughfall_mean180d,-8.83864694545267e-10,tfvol_ml_plotmean_throughfall_mean180d,bgc_sparse
lambda_wmean,npoc_ug_mL_lysimiter_surface_chemistry_days_since365d,-8.88703555634862e-10,npoc_ug_mL_lysimiter_surface_chemistry_days_since365d,bgc_sparse
lambda_wmean,npoc_ug_mL_lysimiter_surface_chemistry_last365d__missing,-9.41459070924466e-10,npoc_ug_mL_lysimiter_surface_chemistry_last365d,bgc_sparse
lambda_wmean,tdn_mgN_L_plotmean_throughfall_mean180d,-1.35776786591713e-09,tdn_mgN_L_plotmean_throughfall_mean180d,bgc_sparse
lambda_wmean,vwc_sd7d__missing,-1.40419178507045e-09,vwc_sd7d,climate_flux
lambda_wmean,tdn_mgN_L_plotmean_throughfall_mean180d__missing,-1.45966930742425e-09,tdn_mgN_L_plotmean_throughfall_mean180d,bgc_sparse
lambda_wmean,npoc_mgC_L_plotmean_throughfall_last365d__missing,-1.86467749019315e-09,npoc_mgC_L_plotmean_throughfall_last365d,bgc_sparse
lambda_wmean,vwc_20_30_sd7d,-2.72514112875655e-09,vwc_20_30_sd7d,climate_flux
lambda_wmean,rootgrowth_g_m2_day_20_30_minirhizotron_last365d,-2.89354659166463e-09,rootgrowth_g_m2_day_20_30_minirhizotron_last365d,bgc_sparse
lambda_wmean,tdn_mgN_L_plotmean_throughfall_last365d,-3.05976459458179e-09,tdn_mgN_L_plotmean_throughfall_last365d,bgc_sparse
lambda_wmean,temp_40_50_sd30d__missing,-3.11820734721913e-09,temp_40_50_sd30d,climate_flux
lambda_wmean,no3_ugN_mL_lysimiter_surface_chemistry_mean180d__missing,-3.28602957133661e-09,no3_ugN_mL_lysimiter_surface_chemistry_mean180d,bgc_sparse
lambda_wmean,rootgrowth_g_m2_day_10_20_minirhizotron_days_since365d,-3.47978043180319e-09,rootgrowth_g_m2_day_10_20_minirhizotron_days_since365d,bgc_sparse
lambda_wmean,tfvol_ml_plotmean_throughfall_last365d,-3.96558594184526e-09,tfvol_ml_plotmean_throughfall_last365d,bgc_sparse
lambda_wmean,npoc_mgC_L_plotmean_throughfall_days_since365d,-4.04772388828967e-09,npoc_mgC_L_plotmean_throughfall_days_since365d,bgc_sparse
lambda_wmean,tfvol_ml_plotmean_throughfall_days_since365d,-4.1245956303726e-09,tfvol_ml_plotmean_throughfall_days_since365d,bgc_sparse
lambda_wmean,tdn_mgN_L_plotmean_throughfall_last365d__missing,-4.19060872092203e-09,tdn_mgN_L_plotmean_throughfall_last365d,bgc_sparse
lambda_wmean,npoc_mgC_L_plotmean_throughfall_mean180d,-4.38096516552911e-09,npoc_mgC_L_plotmean_throughfall_mean180d,bgc_sparse
lambda_wmean,npoc_ug_mL_lysimiter_surface_chemistry_days_since365d__missing,-4.40626566322599e-09,npoc_ug_mL_lysimiter_surface_chemistry_days_since365d,bgc_sparse
lambda_wmean,tdn_mgN_L_plotmean_throughfall_days_since365d,-4.71039778471294e-09,tdn_mgN_L_plotmean_throughfall_days_since365d,bgc_sparse
lambda_wmean,vwc_40_50_sd30d__missing,-5.08896852902119e-09,vwc_40_50_sd30d,climate_flux
lambda_wmean,temp_40_50_mean30d__missing,-5.85389210838727e-09,temp_40_50_mean30d,climate_flux
lambda_wmean,no3_ugN_mL_lysimiter_surface_chemistry_last365d__missing,-5.87389460093846e-09,no3_ugN_mL_lysimiter_surface_chemistry_last365d,bgc_sparse
lambda_wmean,vwc_20_30_sd30d__missing,-5.9395904208337e-09,vwc_20_30_sd30d,climate_flux
lambda_wmean,vwc_mean7d__missing,-6.1325929816558e-09,vwc_mean7d,climate_flux
lambda_wmean,vwc_40_50_sd30d,-6.36055376923572e-09,vwc_40_50_sd30d,climate_flux
lambda_wmean,temperature_mean30d__missing,-6.83237354470734e-09,temperature_mean30d,climate_flux
lambda_wmean,tn_ug_mL_lysimiter_surface_chemistry_last365d__missing,-6.94280213919818e-09,tn_ug_mL_lysimiter_surface_chemistry_last365d,bgc_sparse
lambda_wmean,rootstock_g_m2_0_10_minirhizotron_last365d,-6.98467004411896e-09,rootstock_g_m2_0_10_minirhizotron_last365d,bgc_sparse
lambda_wmean,rootstock_g_m2_10_20_minirhizotron_days_since365d,-7.00211437076881e-09,rootstock_g_m2_10_20_minirhizotron_days_since365d,bgc_sparse
lambda_wmean,tdn_mg_l_30cm_pwchemistry_days_since365d,-7.35384945604878e-09,tdn_mg_l_30cm_pwchemistry_days_since365d,bgc_sparse
lambda_wmean,temperature_sd30d,-7.52173094609176e-09,temperature_sd30d,climate_flux
lambda_wmean,flux_mean7d__missing,-7.746889254312e-09,flux_mean7d,climate_flux
lambda_wmean,vwc_40_50_mean30d__missing,-8.74624946867186e-09,vwc_40_50_mean30d,climate_flux
lambda_wmean,flux_sd7d,-9.18316916087569e-09,flux_sd7d,climate_flux
lambda_wmean,temp_20_30_sd7d__missing,-1.02434167497112e-08,temp_20_30_sd7d,climate_flux
lambda_wmean,temp_20_30_sd7d,-1.25753543074314e-08,temp_20_30_sd7d,climate_flux
lambda_wmean,rootgrowth_g_m2_day_20_30_minirhizotron_days_since365d,-1.37019923072135e-08,rootgrowth_g_m2_day_20_30_minirhizotron_days_since365d,bgc_sparse
lambda_wmean,vwc_40_50_sd7d,-1.54686067876941e-08,vwc_40_50_sd7d,climate_flux
lambda_wmean,vwc_20_30_sd7d__missing,-1.57037937336124e-08,vwc_20_30_sd7d,climate_flux
lambda_wmean,tn_ug_mL_lysimiter_surface_chemistry_mean180d,-1.57457960427987e-08,tn_ug_mL_lysimiter_surface_chemistry_mean180d,bgc_sparse
lambda_wmean,temperature_mean30d,-1.61195816805737e-08,temperature_mean30d,climate_flux
lambda_wmean,po4_ugP_mL_lysimiter_surface_chemistry_mean180d__missing,-1.9346726739089e-08,po4_ugP_mL_lysimiter_surface_chemistry_mean180d,bgc_sparse
lambda_wmean,rootmortality_g_m2_day_20_30_minirhizotron_days_since365d,-1.98610816042333e-08,rootmortality_g_m2_day_20_30_minirhizotron_days_since365d,bgc_sparse
lambda_wmean,temp_20_30_sd30d,-2.03444757220783e-08,temp_20_30_sd30d,climate_flux
lambda_wmean,rootmortality_g_m2_day_20_30_minirhizotron_mean180d,-2.07803221328184e-08,rootmortality_g_m2_day_20_30_minirhizotron_mean180d,bgc_sparse
lambda_wmean,temperature_mean7d,-2.11810101768961e-08,temperature_mean7d,climate_flux
lambda_wmean,tn_ug_mL_lysimiter_surface_chemistry_days_since365d,-2.19211604470804e-08,tn_ug_mL_lysimiter_surface_chemistry_days_since365d,bgc_sparse
lambda_wmean,rootstock_g_m2_0_10_minirhizotron_days_since365d,-2.30042555631194e-08,rootstock_g_m2_0_10_minirhizotron_days_since365d,bgc_sparse
lambda_wmean,npoc_mg_l_10cm_pwchemistry_days_since365d,-2.32217837952131e-08,npoc_mg_l_10cm_pwchemistry_days_since365d,bgc_sparse
lambda_wmean,no3_ugN_mL_lysimiter_surface_chemistry_mean180d,-2.5320403034268e-08,no3_ugN_mL_lysimiter_surface_chemistry_mean180d,bgc_sparse
lambda_wmean,rootmortality_g_m2_day_10_20_minirhizotron_mean180d,-2.62910234034575e-08,rootmortality_g_m2_day_10_20_minirhizotron_mean180d,bgc_sparse
lambda_wmean,no3_ugN_mL_lysimiter_surface_chemistry_days_since365d,-2.84079153582972e-08,no3_ugN_mL_lysimiter_surface_chemistry_days_since365d,bgc_sparse
lambda_wmean,vwc_sd7d,-2.96293379342671e-08,vwc_sd7d,climate_flux
lambda_wmean,nh4_ugN_mL_lysimiter_surface_chemistry_mean180d,-2.9859015389988e-08,nh4_ugN_mL_lysimiter_surface_chemistry_mean180d,bgc_sparse
lambda_wmean,tdn_mg_l_10cm_pwchemistry_days_since365d,-3.03769508329665e-08,tdn_mg_l_10cm_pwchemistry_days_since365d,bgc_sparse
lambda_wmean,rootmortality_g_m2_day_10_20_minirhizotron_days_since365d,-3.16420787540572e-08,rootmortality_g_m2_day_10_20_minirhizotron_days_since365d,bgc_sparse
lambda_wmean,rootgrowth_g_m2_day_10_20_minirhizotron_last365d,-3.32424323465919e-08,rootgrowth_g_m2_day_10_20_minirhizotron_last365d,bgc_sparse
lambda_wmean,rootgrowth_g_m2_day_0_10_minirhizotron_days_since365d,-3.33486865902177e-08,rootgrowth_g_m2_day_0_10_minirhizotron_days_since365d,bgc_sparse
lambda_wmean,nh4_ugN_mL_lysimiter_surface_chemistry_days_since365d,-3.65297443964963e-08,nh4_ugN_mL_lysimiter_surface_chemistry_days_since365d,bgc_sparse
lambda_wmean,rootmortality_g_m2_day_0_10_minirhizotron_days_since365d,-4.01246384480469e-08,rootmortality_g_m2_day_0_10_minirhizotron_days_since365d,bgc_sparse
lambda_wmean,doy_sin,-4.157994947529e-08,doy_sin,calendar_time
lambda_wmean,flux_sd30d,-4.87981145544936e-08,flux_sd30d,climate_flux
lambda_wmean,litterfall_mean_g_m2_days_since365d,-5.17102582369144e-08,litterfall_mean_g_m2_days_since365d,bgc_sparse
lambda_wmean,rootmortality_g_m2_day_0_10_minirhizotron_last365d,-5.32915516200383e-08,rootmortality_g_m2_day_0_10_minirhizotron_last365d,bgc_sparse
lambda_wmean,npoc_mg_l_30cm_pwchemistry_mean180d,-6.70471306687403e-08,npoc_mg_l_30cm_pwchemistry_mean180d,bgc_sparse
lambda_wmean,doy_cos,-7.04231419259571e-08,doy_cos,calendar_time
lambda_wmean,po4_ugP_mL_lysimiter_surface_chemistry_days_since365d,-7.04665676247718e-08,po4_ugP_mL_lysimiter_surface_chemistry_days_since365d,bgc_sparse
lambda_wmean,tdn_mg_l_10cm_pwchemistry_mean180d,-7.07334967993134e-08,tdn_mg_l_10cm_pwchemistry_mean180d,bgc_sparse
lambda_wmean,po4_ugP_mL_lysimiter_surface_chemistry_last365d,-7.3006021957811e-08,po4_ugP_mL_lysimiter_surface_chemistry_last365d,bgc_sparse
lambda_wmean,temperature_sd7d,-1.16785977523959e-07,temperature_sd7d,climate_flux
richness,depth_group,35509.879331894,depth_group,experimental_structure
richness,temp_40_50_mean30d,12741.7174535475,temp_40_50_mean30d,climate_flux
richness,temp_40_50_mean90d,11628.5846597484,temp_40_50_mean90d,climate_flux
richness,npoc_mg_l_10cm_pwchemistry_mean180d,9562.17613848914,npoc_mg_l_10cm_pwchemistry_mean180d,bgc_sparse
richness,temperature_mean30d,8153.25391938636,temperature_mean30d,climate_flux
richness,nh4_ugN_mL_lysimiter_surface_chemistry_last365d,7998.23117482959,nh4_ugN_mL_lysimiter_surface_chemistry_last365d,bgc_sparse
richness,temp_20_30_mean90d,7779.70574495685,temp_20_30_mean90d,climate_flux
richness,temp_20_30_mean7d,7387.07840307762,temp_20_30_mean7d,climate_flux
richness,temp_20_30_mean30d,6084.0042831455,temp_20_30_mean30d,climate_flux
richness,litterfall_mean_g_m2_mean180d,5760.57174786742,litterfall_mean_g_m2_mean180d,bgc_sparse
richness,no3_ugN_mL_lysimiter_surface_chemistry_last365d,5644.95735630779,no3_ugN_mL_lysimiter_surface_chemistry_last365d,bgc_sparse
richness,vwc_40_50_mean90d,5394.1021161212,vwc_40_50_mean90d,climate_flux
richness,treatment,5360.13696055937,treatment,experimental_structure
richness,tn_ug_mL_lysimiter_surface_chemistry_last365d,5039.46910530807,tn_ug_mL_lysimiter_surface_chemistry_last365d,bgc_sparse
richness,nh4_ugN_mL_lysimiter_surface_chemistry_mean180d,4741.45148044352,nh4_ugN_mL_lysimiter_surface_chemistry_mean180d,bgc_sparse
richness,temperature_mean90d,4113.734961742,temperature_mean90d,climate_flux
richness,date_num,3996.64196025163,date_num,calendar_time
richness,vwc_40_50_sd90d,3228.93420607492,vwc_40_50_sd90d,climate_flux
richness,vwc_20_30_mean7d,3210.71900369602,vwc_20_30_mean7d,climate_flux
richness,year,3155.55026691895,year,calendar_time
richness,temp_20_30_sd30d,3012.90732343709,temp_20_30_sd30d,climate_flux
richness,flux_sd90d,3005.29340152738,flux_sd90d,climate_flux
richness,npoc_ug_mL_lysimiter_surface_chemistry_last365d,3003.84634992138,npoc_ug_mL_lysimiter_surface_chemistry_last365d,bgc_sparse
richness,vwc_40_50_mean7d,2793.12024085374,vwc_40_50_mean7d,climate_flux
richness,tdn_mg_l_30cm_pwchemistry_last365d,2639.87433674547,tdn_mg_l_30cm_pwchemistry_last365d,bgc_sparse
richness,litterfall_mean_g_m2_days_since365d,2628.6279925138,litterfall_mean_g_m2_days_since365d,bgc_sparse
richness,npoc_mg_l_10cm_pwchemistry_days_since365d,2267.38389566395,npoc_mg_l_10cm_pwchemistry_days_since365d,bgc_sparse
richness,vwc_mean7d,2048.37281604061,vwc_mean7d,climate_flux
richness,vwc_40_50_mean30d,2008.60316049057,vwc_40_50_mean30d,climate_flux
richness,tdn_mg_l_10cm_pwchemistry_last365d,1916.84700494601,tdn_mg_l_10cm_pwchemistry_last365d,bgc_sparse
richness,rootstock_g_m2_20_30_minirhizotron_last365d,1774.21695063161,rootstock_g_m2_20_30_minirhizotron_last365d,bgc_sparse
richness,no3_ugN_mL_lysimiter_surface_chemistry_mean180d,1756.71225046505,no3_ugN_mL_lysimiter_surface_chemistry_mean180d,bgc_sparse
richness,flux_mean7d,1579.44412278018,flux_mean7d,climate_flux
richness,tn_ug_mL_lysimiter_surface_chemistry_mean180d,1503.94617237165,tn_ug_mL_lysimiter_surface_chemistry_mean180d,bgc_sparse
richness,no3_ugN_mL_lysimiter_surface_chemistry_mean180d__missing,1440.35063291261,no3_ugN_mL_lysimiter_surface_chemistry_mean180d,bgc_sparse
richness,npoc_ug_mL_lysimiter_surface_chemistry_mean180d,1232.93226187799,npoc_ug_mL_lysimiter_surface_chemistry_mean180d,bgc_sparse
richness,tn_ug_mL_lysimiter_surface_chemistry_days_since365d,1225.70073682301,tn_ug_mL_lysimiter_surface_chemistry_days_since365d,bgc_sparse
richness,vwc_mean90d,1225.26786264258,vwc_mean90d,climate_flux
richness,npoc_ug_mL_lysimiter_surface_chemistry_days_since365d,1197.38568837231,npoc_ug_mL_lysimiter_surface_chemistry_days_since365d,bgc_sparse
richness,vwc_20_30_sd90d,1142.98732526619,vwc_20_30_sd90d,climate_flux
richness,vwc_40_50_sd30d,1138.00631826075,vwc_40_50_sd30d,climate_flux
richness,rootstock_g_m2_10_20_minirhizotron_last365d,1083.41790261647,rootstock_g_m2_10_20_minirhizotron_last365d,bgc_sparse
richness,temperature_sd90d,1066.590344752,temperature_sd90d,climate_flux
richness,flux_mean90d,1034.74429658785,flux_mean90d,climate_flux
richness,rootstock_g_m2_20_30_minirhizotron_mean180d,998.983377377354,rootstock_g_m2_20_30_minirhizotron_mean180d,bgc_sparse
richness,npoc_mg_l_10cm_pwchemistry_last365d,940.026213058024,npoc_mg_l_10cm_pwchemistry_last365d,bgc_sparse
richness,npoc_mg_l_30cm_pwchemistry_days_since365d,935.643665972644,npoc_mg_l_30cm_pwchemistry_days_since365d,bgc_sparse
richness,tdn_mg_l_30cm_pwchemistry_days_since365d,835.954947909821,tdn_mg_l_30cm_pwchemistry_days_since365d,bgc_sparse
richness,rootgrowth_g_m2_day_20_30_minirhizotron_mean180d,828.78096948826,rootgrowth_g_m2_day_20_30_minirhizotron_mean180d,bgc_sparse
richness,flux_mean30d,824.593778766244,flux_mean30d,climate_flux
richness,vwc_mean30d,811.483409374582,vwc_mean30d,climate_flux
richness,no3_ugN_mL_lysimiter_surface_chemistry_days_since365d,742.679129528995,no3_ugN_mL_lysimiter_surface_chemistry_days_since365d,bgc_sparse
richness,rootgrowth_g_m2_day_10_20_minirhizotron_mean180d,741.568815989119,rootgrowth_g_m2_day_10_20_minirhizotron_mean180d,bgc_sparse
richness,vwc_20_30_mean7d__missing,725.658623623725,vwc_20_30_mean7d,climate_flux
richness,po4_ugP_mL_lysimiter_surface_chemistry_last365d,709.583376882987,po4_ugP_mL_lysimiter_surface_chemistry_last365d,bgc_sparse
richness,temp_20_30_sd7d,705.467105093302,temp_20_30_sd7d,climate_flux
richness,vwc_sd90d,703.550589287861,vwc_sd90d,climate_flux
richness,npoc_mg_l_30cm_pwchemistry_last365d,662.614163292481,npoc_mg_l_30cm_pwchemistry_last365d,bgc_sparse
richness,rootmortality_g_m2_day_0_10_minirhizotron_mean180d,643.081819100694,rootmortality_g_m2_day_0_10_minirhizotron_mean180d,bgc_sparse
richness,flux_sd30d,626.249226417301,flux_sd30d,climate_flux
richness,vwc_20_30_mean90d,556.285496702561,vwc_20_30_mean90d,climate_flux
richness,nh4_ugN_mL_lysimiter_surface_chemistry_mean180d__missing,540.890519164088,nh4_ugN_mL_lysimiter_surface_chemistry_mean180d,bgc_sparse
richness,rootgrowth_g_m2_day_10_20_minirhizotron_days_since365d,505.261940029814,rootgrowth_g_m2_day_10_20_minirhizotron_days_since365d,bgc_sparse
richness,vwc_20_30_sd7d__missing,426.486687378592,vwc_20_30_sd7d,climate_flux
richness,rootgrowth_g_m2_day_0_10_minirhizotron_mean180d__missing,398.752776761237,rootgrowth_g_m2_day_0_10_minirhizotron_mean180d,bgc_sparse
richness,rootmortality_g_m2_day_10_20_minirhizotron_days_since365d,395.284652791668,rootmortality_g_m2_day_10_20_minirhizotron_days_since365d,bgc_sparse
richness,vwc_40_50_sd7d__missing,388.58995371567,vwc_40_50_sd7d,climate_flux
richness,rootgrowth_g_m2_day_0_10_minirhizotron_last365d__missing,374.648507914773,rootgrowth_g_m2_day_0_10_minirhizotron_last365d,bgc_sparse
richness,vwc_40_50_mean90d__missing,361.295805787843,vwc_40_50_mean90d,climate_flux
richness,temperature_sd30d__missing,353.237301469222,temperature_sd30d,climate_flux
richness,temp_20_30_mean7d__missing,331.197925729349,temp_20_30_mean7d,climate_flux
richness,temp_20_30_sd90d,326.309345362372,temp_20_30_sd90d,climate_flux
richness,flux_mean30d__missing,320.594935203402,flux_mean30d,climate_flux
richness,vwc_40_50_sd90d__missing,308.831097971767,vwc_40_50_sd90d,climate_flux
richness,rootmortality_g_m2_day_20_30_minirhizotron_days_since365d,297.693588710276,rootmortality_g_m2_day_20_30_minirhizotron_days_since365d,bgc_sparse
richness,po4_ugP_mL_lysimiter_surface_chemistry_mean180d__missing,293.140940151304,po4_ugP_mL_lysimiter_surface_chemistry_mean180d,bgc_sparse
richness,tdn_mg_l_10cm_pwchemistry_mean180d,291.725133408785,tdn_mg_l_10cm_pwchemistry_mean180d,bgc_sparse
richness,rootmortality_g_m2_day_0_10_minirhizotron_days_since365d,290.495114663402,rootmortality_g_m2_day_0_10_minirhizotron_days_since365d,bgc_sparse
richness,rootgrowth_g_m2_day_20_30_minirhizotron_mean180d__missing,247.9387721619,rootgrowth_g_m2_day_20_30_minirhizotron_mean180d,bgc_sparse
richness,vwc_20_30_sd90d__missing,233.697824988264,vwc_20_30_sd90d,climate_flux
richness,rootstock_g_m2_0_10_minirhizotron_last365d__missing,224.505195323277,rootstock_g_m2_0_10_minirhizotron_last365d,bgc_sparse
richness,vwc_20_30_mean90d__missing,218.694108498749,vwc_20_30_mean90d,climate_flux
richness,rootmortality_g_m2_day_20_30_minirhizotron_mean180d,217.731880701244,rootmortality_g_m2_day_20_30_minirhizotron_mean180d,bgc_sparse
richness,temperature_sd30d,211.52869940841,temperature_sd30d,climate_flux
richness,flux_mean7d__missing,201.565581953474,flux_mean7d,climate_flux
richness,flux_sd30d__missing,196.50942713573,flux_sd30d,climate_flux
richness,rootgrowth_g_m2_day_10_20_minirhizotron_days_since365d__missing,182.542424203774,rootgrowth_g_m2_day_10_20_minirhizotron_days_since365d,bgc_sparse
richness,temp_40_50_mean7d__missing,178.326414809782,temp_40_50_mean7d,climate_flux
richness,rootmortality_g_m2_day_10_20_minirhizotron_mean180d__missing,175.30806426483,rootmortality_g_m2_day_10_20_minirhizotron_mean180d,bgc_sparse
richness,tdn_mg_l_30cm_pwchemistry_mean180d,170.706126122079,tdn_mg_l_30cm_pwchemistry_mean180d,bgc_sparse
richness,vwc_mean7d__missing,166.969741054471,vwc_mean7d,climate_flux
richness,rootmortality_g_m2_day_10_20_minirhizotron_last365d,164.121818354801,rootmortality_g_m2_day_10_20_minirhizotron_last365d,bgc_sparse
richness,vwc_40_50_mean7d__missing,150.87953393726,vwc_40_50_mean7d,climate_flux
richness,nh4_ugN_mL_lysimiter_surface_chemistry_last365d__missing,146.839540885497,nh4_ugN_mL_lysimiter_surface_chemistry_last365d,bgc_sparse
richness,rootstock_g_m2_20_30_minirhizotron_mean180d__missing,131.724719679922,rootstock_g_m2_20_30_minirhizotron_mean180d,bgc_sparse
richness,rootstock_g_m2_0_10_minirhizotron_last365d,113.109110093576,rootstock_g_m2_0_10_minirhizotron_last365d,bgc_sparse
richness,vwc_mean90d__missing,103.329375606331,vwc_mean90d,climate_flux
richness,npoc_mgC_L_plotmean_throughfall_days_since365d__missing,102.811599725864,npoc_mgC_L_plotmean_throughfall_days_since365d,bgc_sparse
richness,temperature_sd90d__missing,99.3778070629276,temperature_sd90d,climate_flux
richness,rootstock_g_m2_0_10_minirhizotron_mean180d,95.6762930514845,rootstock_g_m2_0_10_minirhizotron_mean180d,bgc_sparse
richness,rootmortality_g_m2_day_10_20_minirhizotron_days_since365d__missing,91.0530627142774,rootmortality_g_m2_day_10_20_minirhizotron_days_since365d,bgc_sparse
richness,rootmortality_g_m2_day_0_10_minirhizotron_days_since365d__missing,84.695570209646,rootmortality_g_m2_day_0_10_minirhizotron_days_since365d,bgc_sparse
richness,temp_20_30_mean30d__missing,75.5921010425596,temp_20_30_mean30d,climate_flux
richness,flux_sd7d,70.3917421012632,flux_sd7d,climate_flux
richness,rootmortality_g_m2_day_0_10_minirhizotron_last365d,69.8731218923918,rootmortality_g_m2_day_0_10_minirhizotron_last365d,bgc_sparse
richness,rootgrowth_g_m2_day_10_20_minirhizotron_mean180d__missing,69.6722807107817,rootgrowth_g_m2_day_10_20_minirhizotron_mean180d,bgc_sparse
richness,rootgrowth_g_m2_day_0_10_minirhizotron_last365d,64.1733062848318,rootgrowth_g_m2_day_0_10_minirhizotron_last365d,bgc_sparse
richness,rootgrowth_g_m2_day_20_30_minirhizotron_last365d,64.0289706988998,rootgrowth_g_m2_day_20_30_minirhizotron_last365d,bgc_sparse
richness,rootstock_g_m2_20_30_minirhizotron_days_since365d__missing,60.0523799865786,rootstock_g_m2_20_30_minirhizotron_days_since365d,bgc_sparse
richness,tfvol_ml_plotmean_throughfall_last365d__missing,59.1442153654543,tfvol_ml_plotmean_throughfall_last365d,bgc_sparse
richness,vwc_20_30_mean30d__missing,58.5099438244782,vwc_20_30_mean30d,climate_flux
richness,rootgrowth_g_m2_day_10_20_minirhizotron_last365d__missing,55.5195902753583,rootgrowth_g_m2_day_10_20_minirhizotron_last365d,bgc_sparse
richness,temp_40_50_sd30d__missing,53.8650747232973,temp_40_50_sd30d,climate_flux
richness,temp_20_30_sd30d__missing,50.2642172831564,temp_20_30_sd30d,climate_flux
richness,tfvol_ml_plotmean_throughfall_mean180d,47.9275029613234,tfvol_ml_plotmean_throughfall_mean180d,bgc_sparse
richness,rootmortality_g_m2_day_20_30_minirhizotron_mean180d__missing,39.3592499858669,rootmortality_g_m2_day_20_30_minirhizotron_mean180d,bgc_sparse
richness,vwc_sd30d__missing,36.8778186819323,vwc_sd30d,climate_flux
richness,npoc_mgC_L_plotmean_throughfall_mean180d__missing,30.9350687322704,npoc_mgC_L_plotmean_throughfall_mean180d,bgc_sparse
richness,rootmortality_g_m2_day_20_30_minirhizotron_days_since365d__missing,30.9345378589033,rootmortality_g_m2_day_20_30_minirhizotron_days_since365d,bgc_sparse
richness,tdn_mgN_L_plotmean_throughfall_mean180d__missing,30.5397190265387,tdn_mgN_L_plotmean_throughfall_mean180d,bgc_sparse
richness,tfvol_ml_plotmean_throughfall_mean180d__missing,29.1726464743789,tfvol_ml_plotmean_throughfall_mean180d,bgc_sparse
richness,temperature_mean30d__missing,28.9347165873615,temperature_mean30d,climate_flux
richness,tdn_mgN_L_plotmean_throughfall_last365d__missing,27.9616060452646,tdn_mgN_L_plotmean_throughfall_last365d,bgc_sparse
richness,vwc_mean30d__missing,27.5592230015266,vwc_mean30d,climate_flux
richness,npoc_ug_mL_lysimiter_surface_chemistry_last365d__missing,24.5398914539167,npoc_ug_mL_lysimiter_surface_chemistry_last365d,bgc_sparse
richness,tdn_mgN_L_plotmean_throughfall_days_since365d__missing,23.5666850118791,tdn_mgN_L_plotmean_throughfall_days_since365d,bgc_sparse
richness,rootstock_g_m2_0_10_minirhizotron_days_since365d__missing,20.1832114720215,rootstock_g_m2_0_10_minirhizotron_days_since365d,bgc_sparse
richness,rootmortality_g_m2_day_0_10_minirhizotron_mean180d__missing,19.3095820012668,rootmortality_g_m2_day_0_10_minirhizotron_mean180d,bgc_sparse
richness,rootgrowth_g_m2_day_20_30_minirhizotron_days_since365d__missing,15.8969016686887,rootgrowth_g_m2_day_20_30_minirhizotron_days_since365d,bgc_sparse
richness,rootstock_g_m2_20_30_minirhizotron_last365d__missing,15.2701366941653,rootstock_g_m2_20_30_minirhizotron_last365d,bgc_sparse
richness,npoc_mgC_L_plotmean_throughfall_days_since365d,13.9407577915107,npoc_mgC_L_plotmean_throughfall_days_since365d,bgc_sparse
richness,rootstock_g_m2_10_20_minirhizotron_last365d__missing,11.4511853536249,rootstock_g_m2_10_20_minirhizotron_last365d,bgc_sparse
richness,npoc_mgC_L_plotmean_throughfall_last365d__missing,10.7952594316322,npoc_mgC_L_plotmean_throughfall_last365d,bgc_sparse
richness,temp_40_50_sd90d__missing,10.0108939172903,temp_40_50_sd90d,climate_flux
richness,tdn_mgN_L_plotmean_throughfall_last365d,9.80845872412622,tdn_mgN_L_plotmean_throughfall_last365d,bgc_sparse
richness,rootmortality_g_m2_day_0_10_minirhizotron_last365d__missing,9.69461347188021,rootmortality_g_m2_day_0_10_minirhizotron_last365d,bgc_sparse
richness,rootstock_g_m2_10_20_minirhizotron_days_since365d,9.56669127689852,rootstock_g_m2_10_20_minirhizotron_days_since365d,bgc_sparse
richness,nh4_ugN_mL_lysimiter_surface_chemistry_days_since365d__missing,7.85625494950696,nh4_ugN_mL_lysimiter_surface_chemistry_days_since365d,bgc_sparse
richness,no3_ugN_mL_lysimiter_surface_chemistry_days_since365d__missing,6.50566944189859,no3_ugN_mL_lysimiter_surface_chemistry_days_since365d,bgc_sparse
richness,rootmortality_g_m2_day_20_30_minirhizotron_last365d,5.11956998427282,rootmortality_g_m2_day_20_30_minirhizotron_last365d,bgc_sparse
richness,tfvol_ml_plotmean_throughfall_days_since365d__missing,4.85117606669397,tfvol_ml_plotmean_throughfall_days_since365d,bgc_sparse
richness,rootmortality_g_m2_day_20_30_minirhizotron_last365d__missing,3.0929141375823,rootmortality_g_m2_day_20_30_minirhizotron_last365d,bgc_sparse
richness,npoc_mg_l_10cm_pwchemistry_mean180d__missing,2.86315968216187,npoc_mg_l_10cm_pwchemistry_mean180d,bgc_sparse
richness,no3_ugN_mL_lysimiter_surface_chemistry_last365d__missing,1.86494180398935,no3_ugN_mL_lysimiter_surface_chemistry_last365d,bgc_sparse
richness,tfvol_ml_plotmean_throughfall_days_since365d,1.86386573465844,tfvol_ml_plotmean_throughfall_days_since365d,bgc_sparse
richness,npoc_mgC_L_plotmean_throughfall_last365d,1.23922299867158,npoc_mgC_L_plotmean_throughfall_last365d,bgc_sparse
richness,npoc_mg_l_30cm_pwchemistry_mean180d__missing,0,npoc_mg_l_30cm_pwchemistry_mean180d,bgc_sparse
richness,tdn_mg_l_30cm_pwchemistry_mean180d__missing,0,tdn_mg_l_30cm_pwchemistry_mean180d,bgc_sparse
richness,tdn_mgN_L_plotmean_throughfall_mean180d,-0.300601895083557,tdn_mgN_L_plotmean_throughfall_mean180d,bgc_sparse
richness,tfvol_ml_plotmean_throughfall_last365d,-0.911907649915607,tfvol_ml_plotmean_throughfall_last365d,bgc_sparse
richness,rootmortality_g_m2_day_10_20_minirhizotron_last365d__missing,-3.87852111956361,rootmortality_g_m2_day_10_20_minirhizotron_last365d,bgc_sparse
richness,rootgrowth_g_m2_day_0_10_minirhizotron_days_since365d__missing,-4.1207411080671,rootgrowth_g_m2_day_0_10_minirhizotron_days_since365d,bgc_sparse
richness,npoc_mgC_L_plotmean_throughfall_mean180d,-5.74847684431262,npoc_mgC_L_plotmean_throughfall_mean180d,bgc_sparse
richness,rootstock_g_m2_0_10_minirhizotron_mean180d__missing,-5.97822529629566,rootstock_g_m2_0_10_minirhizotron_mean180d,bgc_sparse
richness,temp_20_30_mean90d__missing,-7.90502445719624,temp_20_30_mean90d,climate_flux
richness,tdn_mgN_L_plotmean_throughfall_days_since365d,-11.139735161164,tdn_mgN_L_plotmean_throughfall_days_since365d,bgc_sparse
richness,tdn_mg_l_10cm_pwchemistry_mean180d__missing,-14.2299626102295,tdn_mg_l_10cm_pwchemistry_mean180d,bgc_sparse
richness,nh4_ugN_mL_lysimiter_surface_chemistry_days_since365d,-19.5115799860133,nh4_ugN_mL_lysimiter_surface_chemistry_days_since365d,bgc_sparse
richness,po4_ugP_mL_lysimiter_surface_chemistry_days_since365d__missing,-25.6529662232371,po4_ugP_mL_lysimiter_surface_chemistry_days_since365d,bgc_sparse
richness,rootstock_g_m2_10_20_minirhizotron_mean180d__missing,-26.8805188473713,rootstock_g_m2_10_20_minirhizotron_mean180d,bgc_sparse
richness,tn_ug_mL_lysimiter_surface_chemistry_mean180d__missing,-29.2643704777408,tn_ug_mL_lysimiter_surface_chemistry_mean180d,bgc_sparse
richness,vwc_40_50_sd30d__missing,-29.7049875697574,vwc_40_50_sd30d,climate_flux
richness,po4_ugP_mL_lysimiter_surface_chemistry_days_since365d,-31.708954854574,po4_ugP_mL_lysimiter_surface_chemistry_days_since365d,bgc_sparse
richness,flux_sd90d__missing,-52.4390093952456,flux_sd90d,climate_flux
richness,vwc_sd7d__missing,-52.6028457941959,vwc_sd7d,climate_flux
richness,temp_40_50_mean90d__missing,-53.6681755020166,temp_40_50_mean90d,climate_flux
richness,flux_sd7d__missing,-54.4110641576394,flux_sd7d,climate_flux
richness,temperature_sd7d__missing,-58.1991709269811,temperature_sd7d,climate_flux
richness,rootstock_g_m2_20_30_minirhizotron_days_since365d,-67.2417667394905,rootstock_g_m2_20_30_minirhizotron_days_since365d,bgc_sparse
richness,temp_40_50_mean30d__missing,-67.9106926787715,temp_40_50_mean30d,climate_flux
richness,rootgrowth_g_m2_day_0_10_minirhizotron_days_since365d,-72.5947906774885,rootgrowth_g_m2_day_0_10_minirhizotron_days_since365d,bgc_sparse
richness,temperature_mean90d__missing,-85.1689848179334,temperature_mean90d,climate_flux
richness,rootstock_g_m2_0_10_minirhizotron_days_since365d,-85.5223733300302,rootstock_g_m2_0_10_minirhizotron_days_since365d,bgc_sparse
richness,npoc_ug_mL_lysimiter_surface_chemistry_days_since365d__missing,-92.6147467343806,npoc_ug_mL_lysimiter_surface_chemistry_days_since365d,bgc_sparse
richness,vwc_sd30d,-96.3386487985818,vwc_sd30d,climate_flux
richness,temperature_mean7d__missing,-98.1553062487131,temperature_mean7d,climate_flux
richness,npoc_ug_mL_lysimiter_surface_chemistry_mean180d__missing,-98.3804353925276,npoc_ug_mL_lysimiter_surface_chemistry_mean180d,bgc_sparse
richness,rootgrowth_g_m2_day_20_30_minirhizotron_days_since365d,-106.643367452256,rootgrowth_g_m2_day_20_30_minirhizotron_days_since365d,bgc_sparse
richness,po4_ugP_mL_lysimiter_surface_chemistry_last365d__missing,-127.030524823008,po4_ugP_mL_lysimiter_surface_chemistry_last365d,bgc_sparse
richness,tn_ug_mL_lysimiter_surface_chemistry_days_since365d__missing,-131.159417685491,tn_ug_mL_lysimiter_surface_chemistry_days_since365d,bgc_sparse
richness,temp_20_30_sd7d__missing,-144.38245692385,temp_20_30_sd7d,climate_flux
richness,vwc_sd90d__missing,-150.377387291543,vwc_sd90d,climate_flux
richness,flux_mean90d__missing,-155.175085419558,flux_mean90d,climate_flux
richness,temp_20_30_sd90d__missing,-160.68228560423,temp_20_30_sd90d,climate_flux
richness,doy_cos,-178.177705593326,doy_cos,calendar_time
richness,rootstock_g_m2_10_20_minirhizotron_days_since365d__missing,-187.127464654063,rootstock_g_m2_10_20_minirhizotron_days_since365d,bgc_sparse
richness,rootgrowth_g_m2_day_20_30_minirhizotron_last365d__missing,-226.653108680604,rootgrowth_g_m2_day_20_30_minirhizotron_last365d,bgc_sparse
richness,rootstock_g_m2_10_20_minirhizotron_mean180d,-245.682695728096,rootstock_g_m2_10_20_minirhizotron_mean180d,bgc_sparse
richness,tn_ug_mL_lysimiter_surface_chemistry_last365d__missing,-249.946353212446,tn_ug_mL_lysimiter_surface_chemistry_last365d,bgc_sparse
richness,rootgrowth_g_m2_day_0_10_minirhizotron_mean180d,-377.644131422167,rootgrowth_g_m2_day_0_10_minirhizotron_mean180d,bgc_sparse
richness,temp_40_50_sd30d,-408.425159864347,temp_40_50_sd30d,climate_flux
richness,vwc_40_50_mean30d__missing,-412.698737722327,vwc_40_50_mean30d,climate_flux
richness,doy_sin,-464.56425984906,doy_sin,calendar_time
richness,tdn_mg_l_10cm_pwchemistry_days_since365d,-472.526718886024,tdn_mg_l_10cm_pwchemistry_days_since365d,bgc_sparse
richness,rootmortality_g_m2_day_10_20_minirhizotron_mean180d,-485.245825958308,rootmortality_g_m2_day_10_20_minirhizotron_mean180d,bgc_sparse
richness,temp_40_50_sd7d__missing,-529.799041081118,temp_40_50_sd7d,climate_flux
richness,temp_40_50_mean7d,-572.131299710711,temp_40_50_mean7d,climate_flux
richness,litterfall_mean_g_m2_last365d,-624.022766369673,litterfall_mean_g_m2_last365d,bgc_sparse
richness,vwc_40_50_sd7d,-637.942685673198,vwc_40_50_sd7d,climate_flux
richness,vwc_20_30_sd30d__missing,-888.967276769986,vwc_20_30_sd30d,climate_flux
richness,temp_40_50_sd90d,-903.636870019518,temp_40_50_sd90d,climate_flux
richness,vwc_20_30_mean30d,-988.767623306829,vwc_20_30_mean30d,climate_flux
richness,rootgrowth_g_m2_day_10_20_minirhizotron_last365d,-1091.50849563507,rootgrowth_g_m2_day_10_20_minirhizotron_last365d,bgc_sparse
richness,vwc_sd7d,-1126.76528758038,vwc_sd7d,climate_flux
richness,temperature_mean7d,-1295.04433711217,temperature_mean7d,climate_flux
richness,temperature_sd7d,-1378.55582211219,temperature_sd7d,climate_flux
richness,npoc_mg_l_30cm_pwchemistry_mean180d,-1704.17854995411,npoc_mg_l_30cm_pwchemistry_mean180d,bgc_sparse
richness,vwc_20_30_sd7d,-2542.97135613791,vwc_20_30_sd7d,climate_flux
richness,vwc_20_30_sd30d,-3057.40594289646,vwc_20_30_sd30d,climate_flux
richness,po4_ugP_mL_lysimiter_surface_chemistry_mean180d,-3837.06473018187,po4_ugP_mL_lysimiter_surface_chemistry_mean180d,bgc_sparse
richness,temp_40_50_sd7d,-5808.32318563342,temp_40_50_sd7d,climate_flux
shannon_classes,depth_group,0.000922769682336185,depth_group,experimental_structure
shannon_classes,vwc_mean90d,0.000822027059558777,vwc_mean90d,climate_flux
shannon_classes,no3_ugN_mL_lysimiter_surface_chemistry_mean180d,0.000785346455684298,no3_ugN_mL_lysimiter_surface_chemistry_mean180d,bgc_sparse
shannon_classes,npoc_mg_l_10cm_pwchemistry_last365d,0.000739439085724815,npoc_mg_l_10cm_pwchemistry_last365d,bgc_sparse
shannon_classes,npoc_mg_l_10cm_pwchemistry_mean180d,0.000593713640037137,npoc_mg_l_10cm_pwchemistry_mean180d,bgc_sparse
shannon_classes,vwc_20_30_mean90d,0.000552890480745072,vwc_20_30_mean90d,climate_flux
shannon_classes,vwc_40_50_mean90d,0.000404538931356704,vwc_40_50_mean90d,climate_flux
shannon_classes,tn_ug_mL_lysimiter_surface_chemistry_mean180d,0.000378225611915636,tn_ug_mL_lysimiter_surface_chemistry_mean180d,bgc_sparse
shannon_classes,vwc_mean30d,0.000330618227677032,vwc_mean30d,climate_flux
shannon_classes,nh4_ugN_mL_lysimiter_surface_chemistry_mean180d,0.000328887279633319,nh4_ugN_mL_lysimiter_surface_chemistry_mean180d,bgc_sparse
shannon_classes,treatment,0.000328326311838483,treatment,experimental_structure
shannon_classes,vwc_mean7d,0.000315127124238087,vwc_mean7d,climate_flux
shannon_classes,date_num,0.000268242601120524,date_num,calendar_time
shannon_classes,npoc_mg_l_30cm_pwchemistry_last365d,0.000257594757170873,npoc_mg_l_30cm_pwchemistry_last365d,bgc_sparse
shannon_classes,tdn_mg_l_30cm_pwchemistry_mean180d,0.000243339077186948,tdn_mg_l_30cm_pwchemistry_mean180d,bgc_sparse
shannon_classes,tdn_mg_l_10cm_pwchemistry_mean180d,0.000230525095861197,tdn_mg_l_10cm_pwchemistry_mean180d,bgc_sparse
shannon_classes,rootmortality_g_m2_day_0_10_minirhizotron_mean180d,0.000218735669632657,rootmortality_g_m2_day_0_10_minirhizotron_mean180d,bgc_sparse
shannon_classes,tn_ug_mL_lysimiter_surface_chemistry_last365d,0.000210979008587012,tn_ug_mL_lysimiter_surface_chemistry_last365d,bgc_sparse
shannon_classes,temp_20_30_mean7d,0.00020155461108741,temp_20_30_mean7d,climate_flux
shannon_classes,rootstock_g_m2_10_20_minirhizotron_last365d,0.000199843106513072,rootstock_g_m2_10_20_minirhizotron_last365d,bgc_sparse
shannon_classes,temp_40_50_mean30d,0.000177047639890762,temp_40_50_mean30d,climate_flux
shannon_classes,flux_mean90d,0.000169749867740187,flux_mean90d,climate_flux
shannon_classes,flux_mean30d,0.00016832588594476,flux_mean30d,climate_flux
shannon_classes,temperature_mean90d,0.000167418097269565,temperature_mean90d,climate_flux
shannon_classes,npoc_mg_l_30cm_pwchemistry_mean180d,0.000167178721962602,npoc_mg_l_30cm_pwchemistry_mean180d,bgc_sparse
shannon_classes,nh4_ugN_mL_lysimiter_surface_chemistry_last365d,0.000153837549258805,nh4_ugN_mL_lysimiter_surface_chemistry_last365d,bgc_sparse
shannon_classes,vwc_40_50_sd90d,0.000148292290859462,vwc_40_50_sd90d,climate_flux
shannon_classes,temp_20_30_mean90d,0.000147342010510496,temp_20_30_mean90d,climate_flux
shannon_classes,rootmortality_g_m2_day_20_30_minirhizotron_mean180d,0.000140316080975443,rootmortality_g_m2_day_20_30_minirhizotron_mean180d,bgc_sparse
shannon_classes,temp_20_30_sd30d,0.000129054043905225,temp_20_30_sd30d,climate_flux
shannon_classes,vwc_sd90d,0.000127680295411858,vwc_sd90d,climate_flux
shannon_classes,vwc_40_50_mean30d,0.00012502708582708,vwc_40_50_mean30d,climate_flux
shannon_classes,tdn_mg_l_30cm_pwchemistry_last365d,0.000118059341252189,tdn_mg_l_30cm_pwchemistry_last365d,bgc_sparse
shannon_classes,vwc_40_50_mean7d,0.000114245249168939,vwc_40_50_mean7d,climate_flux
shannon_classes,npoc_ug_mL_lysimiter_surface_chemistry_last365d,0.000103872994338194,npoc_ug_mL_lysimiter_surface_chemistry_last365d,bgc_sparse
shannon_classes,doy_cos,9.60316717654819e-05,doy_cos,calendar_time
shannon_classes,vwc_20_30_mean7d,9.13760439997204e-05,vwc_20_30_mean7d,climate_flux
shannon_classes,vwc_20_30_sd30d,8.88799596567898e-05,vwc_20_30_sd30d,climate_flux
shannon_classes,temperature_sd90d,8.68860504383673e-05,temperature_sd90d,climate_flux
shannon_classes,temperature_mean7d,8.68772129925248e-05,temperature_mean7d,climate_flux
shannon_classes,rootgrowth_g_m2_day_10_20_minirhizotron_last365d,8.55218405765879e-05,rootgrowth_g_m2_day_10_20_minirhizotron_last365d,bgc_sparse
shannon_classes,rootstock_g_m2_0_10_minirhizotron_mean180d,8.37806046251506e-05,rootstock_g_m2_0_10_minirhizotron_mean180d,bgc_sparse
shannon_classes,po4_ugP_mL_lysimiter_surface_chemistry_mean180d,8.37338750907022e-05,po4_ugP_mL_lysimiter_surface_chemistry_mean180d,bgc_sparse
shannon_classes,year,8.17863071944611e-05,year,calendar_time
shannon_classes,no3_ugN_mL_lysimiter_surface_chemistry_last365d,7.57166774920692e-05,no3_ugN_mL_lysimiter_surface_chemistry_last365d,bgc_sparse
shannon_classes,rootstock_g_m2_20_30_minirhizotron_mean180d,7.55088888343549e-05,rootstock_g_m2_20_30_minirhizotron_mean180d,bgc_sparse
shannon_classes,tdn_mg_l_10cm_pwchemistry_days_since365d,7.42279634059517e-05,tdn_mg_l_10cm_pwchemistry_days_since365d,bgc_sparse
shannon_classes,rootmortality_g_m2_day_10_20_minirhizotron_mean180d,7.32783221381434e-05,rootmortality_g_m2_day_10_20_minirhizotron_mean180d,bgc_sparse
shannon_classes,temperature_mean30d,7.31423869664159e-05,temperature_mean30d,climate_flux
shannon_classes,rootstock_g_m2_10_20_minirhizotron_mean180d,7.1233891371193e-05,rootstock_g_m2_10_20_minirhizotron_mean180d,bgc_sparse
shannon_classes,vwc_20_30_sd90d,6.89819799530875e-05,vwc_20_30_sd90d,climate_flux
shannon_classes,rootmortality_g_m2_day_10_20_minirhizotron_days_since365d,6.85847784457247e-05,rootmortality_g_m2_day_10_20_minirhizotron_days_since365d,bgc_sparse
shannon_classes,tdn_mg_l_30cm_pwchemistry_days_since365d,6.64991546539424e-05,tdn_mg_l_30cm_pwchemistry_days_since365d,bgc_sparse
shannon_classes,temp_40_50_mean7d,6.60309228512097e-05,temp_40_50_mean7d,climate_flux
shannon_classes,rootstock_g_m2_20_30_minirhizotron_last365d,6.50880819283351e-05,rootstock_g_m2_20_30_minirhizotron_last365d,bgc_sparse
shannon_classes,flux_mean7d,6.08902323107696e-05,flux_mean7d,climate_flux
shannon_classes,temp_20_30_mean30d,6.03045324618792e-05,temp_20_30_mean30d,climate_flux
shannon_classes,rootgrowth_g_m2_day_0_10_minirhizotron_mean180d,5.99980942011471e-05,rootgrowth_g_m2_day_0_10_minirhizotron_mean180d,bgc_sparse
shannon_classes,npoc_mg_l_30cm_pwchemistry_days_since365d,5.96290272310001e-05,npoc_mg_l_30cm_pwchemistry_days_since365d,bgc_sparse
shannon_classes,litterfall_mean_g_m2_last365d,5.90584877583578e-05,litterfall_mean_g_m2_last365d,bgc_sparse
shannon_classes,tn_ug_mL_lysimiter_surface_chemistry_days_since365d,5.54255348899864e-05,tn_ug_mL_lysimiter_surface_chemistry_days_since365d,bgc_sparse
shannon_classes,flux_sd7d,5.5033543494903e-05,flux_sd7d,climate_flux
shannon_classes,rootmortality_g_m2_day_20_30_minirhizotron_days_since365d,4.78643574662341e-05,rootmortality_g_m2_day_20_30_minirhizotron_days_since365d,bgc_sparse
shannon_classes,npoc_ug_mL_lysimiter_surface_chemistry_days_since365d,4.75722584542377e-05,npoc_ug_mL_lysimiter_surface_chemistry_days_since365d,bgc_sparse
shannon_classes,nh4_ugN_mL_lysimiter_surface_chemistry_mean180d__missing,4.52691947194108e-05,nh4_ugN_mL_lysimiter_surface_chemistry_mean180d,bgc_sparse
shannon_classes,temp_40_50_mean7d__missing,4.12454662600039e-05,temp_40_50_mean7d,climate_flux
shannon_classes,temperature_mean90d__missing,3.91919521338993e-05,temperature_mean90d,climate_flux
shannon_classes,tdn_mgN_L_plotmean_throughfall_last365d__missing,3.86967686066846e-05,tdn_mgN_L_plotmean_throughfall_last365d,bgc_sparse
shannon_classes,tfvol_ml_plotmean_throughfall_days_since365d__missing,3.82877113330891e-05,tfvol_ml_plotmean_throughfall_days_since365d,bgc_sparse
shannon_classes,flux_sd30d,3.67734010508147e-05,flux_sd30d,climate_flux
shannon_classes,flux_sd90d,3.38825947379746e-05,flux_sd90d,climate_flux
shannon_classes,rootgrowth_g_m2_day_20_30_minirhizotron_mean180d__missing,3.30415195367308e-05,rootgrowth_g_m2_day_20_30_minirhizotron_mean180d,bgc_sparse
shannon_classes,temp_20_30_sd30d__missing,3.24896321932586e-05,temp_20_30_sd30d,climate_flux
shannon_classes,vwc_20_30_sd90d__missing,3.2471260865296e-05,vwc_20_30_sd90d,climate_flux
shannon_classes,vwc_sd30d,3.1799988507935e-05,vwc_sd30d,climate_flux
shannon_classes,temp_40_50_sd90d__missing,3.1383799539719e-05,temp_40_50_sd90d,climate_flux
shannon_classes,po4_ugP_mL_lysimiter_surface_chemistry_last365d__missing,3.11787473984464e-05,po4_ugP_mL_lysimiter_surface_chemistry_last365d,bgc_sparse
shannon_classes,rootgrowth_g_m2_day_0_10_minirhizotron_last365d,2.91117201773798e-05,rootgrowth_g_m2_day_0_10_minirhizotron_last365d,bgc_sparse
shannon_classes,litterfall_mean_g_m2_days_since365d,2.89958843891398e-05,litterfall_mean_g_m2_days_since365d,bgc_sparse
shannon_classes,vwc_20_30_mean30d,2.85587237487963e-05,vwc_20_30_mean30d,climate_flux
shannon_classes,temp_20_30_sd7d,2.84447848606859e-05,temp_20_30_sd7d,climate_flux
shannon_classes,vwc_mean30d__missing,2.81080050492504e-05,vwc_mean30d,climate_flux
shannon_classes,vwc_40_50_sd90d__missing,2.77114597714618e-05,vwc_40_50_sd90d,climate_flux
shannon_classes,temperature_sd30d,2.44202491194114e-05,temperature_sd30d,climate_flux
shannon_classes,vwc_40_50_sd7d,2.38227039896806e-05,vwc_40_50_sd7d,climate_flux
shannon_classes,temperature_sd7d,2.35576523999741e-05,temperature_sd7d,climate_flux
shannon_classes,vwc_20_30_sd7d__missing,2.24885483208745e-05,vwc_20_30_sd7d,climate_flux
shannon_classes,rootgrowth_g_m2_day_0_10_minirhizotron_days_since365d,2.24604997373465e-05,rootgrowth_g_m2_day_0_10_minirhizotron_days_since365d,bgc_sparse
shannon_classes,temperature_sd90d__missing,2.19155017123049e-05,temperature_sd90d,climate_flux
shannon_classes,npoc_ug_mL_lysimiter_surface_chemistry_mean180d,2.1888454167226e-05,npoc_ug_mL_lysimiter_surface_chemistry_mean180d,bgc_sparse
shannon_classes,doy_sin,2.06264401066774e-05,doy_sin,calendar_time
shannon_classes,vwc_40_50_mean30d__missing,2.03174685970264e-05,vwc_40_50_mean30d,climate_flux
shannon_classes,no3_ugN_mL_lysimiter_surface_chemistry_days_since365d__missing,2.01203820606495e-05,no3_ugN_mL_lysimiter_surface_chemistry_days_since365d,bgc_sparse
shannon_classes,vwc_40_50_mean90d__missing,1.86709685744098e-05,vwc_40_50_mean90d,climate_flux
shannon_classes,rootmortality_g_m2_day_0_10_minirhizotron_mean180d__missing,1.81214669484346e-05,rootmortality_g_m2_day_0_10_minirhizotron_mean180d,bgc_sparse
shannon_classes,rootstock_g_m2_0_10_minirhizotron_last365d__missing,1.76168317778527e-05,rootstock_g_m2_0_10_minirhizotron_last365d,bgc_sparse
shannon_classes,rootmortality_g_m2_day_10_20_minirhizotron_last365d,1.67028449394127e-05,rootmortality_g_m2_day_10_20_minirhizotron_last365d,bgc_sparse
shannon_classes,temp_40_50_sd7d__missing,1.61682233089182e-05,temp_40_50_sd7d,climate_flux
shannon_classes,nh4_ugN_mL_lysimiter_surface_chemistry_last365d__missing,1.57036285572139e-05,nh4_ugN_mL_lysimiter_surface_chemistry_last365d,bgc_sparse
shannon_classes,vwc_20_30_mean7d__missing,1.53430413722915e-05,vwc_20_30_mean7d,climate_flux
shannon_classes,temp_20_30_mean7d__missing,1.4876345407584e-05,temp_20_30_mean7d,climate_flux
shannon_classes,vwc_sd90d__missing,1.46974880546846e-05,vwc_sd90d,climate_flux
shannon_classes,flux_mean30d__missing,1.4640499856819e-05,flux_mean30d,climate_flux
shannon_classes,rootmortality_g_m2_day_0_10_minirhizotron_days_since365d__missing,1.34414873488948e-05,rootmortality_g_m2_day_0_10_minirhizotron_days_since365d,bgc_sparse
shannon_classes,flux_mean90d__missing,1.34320296377606e-05,flux_mean90d,climate_flux
shannon_classes,npoc_mgC_L_plotmean_throughfall_mean180d,1.29511400187456e-05,npoc_mgC_L_plotmean_throughfall_mean180d,bgc_sparse
shannon_classes,rootstock_g_m2_10_20_minirhizotron_days_since365d,1.29394357280881e-05,rootstock_g_m2_10_20_minirhizotron_days_since365d,bgc_sparse
shannon_classes,rootstock_g_m2_0_10_minirhizotron_days_since365d,1.28071310133364e-05,rootstock_g_m2_0_10_minirhizotron_days_since365d,bgc_sparse
shannon_classes,rootmortality_g_m2_day_20_30_minirhizotron_last365d,1.25952930605502e-05,rootmortality_g_m2_day_20_30_minirhizotron_last365d,bgc_sparse
shannon_classes,flux_sd7d__missing,1.24288872322949e-05,flux_sd7d,climate_flux
shannon_classes,rootstock_g_m2_0_10_minirhizotron_mean180d__missing,1.23935243191773e-05,rootstock_g_m2_0_10_minirhizotron_mean180d,bgc_sparse
shannon_classes,vwc_40_50_mean7d__missing,1.20465443850524e-05,vwc_40_50_mean7d,climate_flux
shannon_classes,vwc_40_50_sd7d__missing,1.15449111449681e-05,vwc_40_50_sd7d,climate_flux
shannon_classes,po4_ugP_mL_lysimiter_surface_chemistry_mean180d__missing,1.15023171164628e-05,po4_ugP_mL_lysimiter_surface_chemistry_mean180d,bgc_sparse
shannon_classes,rootmortality_g_m2_day_20_30_minirhizotron_mean180d__missing,1.11610023869311e-05,rootmortality_g_m2_day_20_30_minirhizotron_mean180d,bgc_sparse
shannon_classes,rootmortality_g_m2_day_10_20_minirhizotron_mean180d__missing,1.08014862713666e-05,rootmortality_g_m2_day_10_20_minirhizotron_mean180d,bgc_sparse
shannon_classes,flux_mean7d__missing,1.0449565203527e-05,flux_mean7d,climate_flux
shannon_classes,tfvol_ml_plotmean_throughfall_mean180d,1.04087373369741e-05,tfvol_ml_plotmean_throughfall_mean180d,bgc_sparse
shannon_classes,temperature_mean30d__missing,1.02939877218271e-05,temperature_mean30d,climate_flux
shannon_classes,po4_ugP_mL_lysimiter_surface_chemistry_last365d,1.01324448631828e-05,po4_ugP_mL_lysimiter_surface_chemistry_last365d,bgc_sparse
shannon_classes,tdn_mgN_L_plotmean_throughfall_days_since365d,9.96556141736304e-06,tdn_mgN_L_plotmean_throughfall_days_since365d,bgc_sparse
shannon_classes,tdn_mgN_L_plotmean_throughfall_mean180d,9.20038568344483e-06,tdn_mgN_L_plotmean_throughfall_mean180d,bgc_sparse
shannon_classes,rootstock_g_m2_10_20_minirhizotron_days_since365d__missing,8.9624274678235e-06,rootstock_g_m2_10_20_minirhizotron_days_since365d,bgc_sparse
shannon_classes,rootgrowth_g_m2_day_20_30_minirhizotron_mean180d,8.89497126164884e-06,rootgrowth_g_m2_day_20_30_minirhizotron_mean180d,bgc_sparse
shannon_classes,npoc_mgC_L_plotmean_throughfall_days_since365d__missing,8.30666885911002e-06,npoc_mgC_L_plotmean_throughfall_days_since365d,bgc_sparse
shannon_classes,npoc_mgC_L_plotmean_throughfall_days_since365d,7.46420848784801e-06,npoc_mgC_L_plotmean_throughfall_days_since365d,bgc_sparse
shannon_classes,rootstock_g_m2_20_30_minirhizotron_days_since365d__missing,7.17876899715941e-06,rootstock_g_m2_20_30_minirhizotron_days_since365d,bgc_sparse
shannon_classes,rootgrowth_g_m2_day_0_10_minirhizotron_days_since365d__missing,6.47699450001493e-06,rootgrowth_g_m2_day_0_10_minirhizotron_days_since365d,bgc_sparse
shannon_classes,temp_40_50_mean30d__missing,6.42140471143926e-06,temp_40_50_mean30d,climate_flux
shannon_classes,rootmortality_g_m2_day_0_10_minirhizotron_last365d__missing,6.23583096508606e-06,rootmortality_g_m2_day_0_10_minirhizotron_last365d,bgc_sparse
shannon_classes,vwc_20_30_mean30d__missing,5.70216124503808e-06,vwc_20_30_mean30d,climate_flux
shannon_classes,tdn_mgN_L_plotmean_throughfall_mean180d__missing,5.52538119046009e-06,tdn_mgN_L_plotmean_throughfall_mean180d,bgc_sparse
shannon_classes,rootgrowth_g_m2_day_20_30_minirhizotron_days_since365d__missing,5.39859664966325e-06,rootgrowth_g_m2_day_20_30_minirhizotron_days_since365d,bgc_sparse
shannon_classes,temperature_mean7d__missing,5.24944522052717e-06,temperature_mean7d,climate_flux
shannon_classes,npoc_mgC_L_plotmean_throughfall_last365d,5.24580402256936e-06,npoc_mgC_L_plotmean_throughfall_last365d,bgc_sparse
shannon_classes,tdn_mgN_L_plotmean_throughfall_last365d,4.95633749085034e-06,tdn_mgN_L_plotmean_throughfall_last365d,bgc_sparse
shannon_classes,temp_40_50_sd7d,4.90419274246823e-06,temp_40_50_sd7d,climate_flux
shannon_classes,vwc_sd30d__missing,4.88005828566429e-06,vwc_sd30d,climate_flux
shannon_classes,rootgrowth_g_m2_day_10_20_minirhizotron_days_since365d__missing,4.78541328049276e-06,rootgrowth_g_m2_day_10_20_minirhizotron_days_since365d,bgc_sparse
shannon_classes,rootstock_g_m2_10_20_minirhizotron_last365d__missing,4.61294780476229e-06,rootstock_g_m2_10_20_minirhizotron_last365d,bgc_sparse
shannon_classes,temp_40_50_mean90d__missing,4.31500021504538e-06,temp_40_50_mean90d,climate_flux
shannon_classes,temperature_sd30d__missing,3.46900064995714e-06,temperature_sd30d,climate_flux
shannon_classes,tfvol_ml_plotmean_throughfall_last365d__missing,3.08625085689274e-06,tfvol_ml_plotmean_throughfall_last365d,bgc_sparse
shannon_classes,npoc_ug_mL_lysimiter_surface_chemistry_mean180d__missing,2.70631601959992e-06,npoc_ug_mL_lysimiter_surface_chemistry_mean180d,bgc_sparse
shannon_classes,rootstock_g_m2_20_30_minirhizotron_last365d__missing,2.61745461028395e-06,rootstock_g_m2_20_30_minirhizotron_last365d,bgc_sparse
shannon_classes,vwc_sd7d__missing,2.21527398935661e-06,vwc_sd7d,climate_flux
shannon_classes,temp_20_30_mean90d__missing,1.9899707804143e-06,temp_20_30_mean90d,climate_flux
shannon_classes,rootgrowth_g_m2_day_0_10_minirhizotron_mean180d__missing,1.87007883266976e-06,rootgrowth_g_m2_day_0_10_minirhizotron_mean180d,bgc_sparse
shannon_classes,rootstock_g_m2_20_30_minirhizotron_mean180d__missing,1.33809090905235e-06,rootstock_g_m2_20_30_minirhizotron_mean180d,bgc_sparse
shannon_classes,rootgrowth_g_m2_day_20_30_minirhizotron_last365d,1.30784558286434e-06,rootgrowth_g_m2_day_20_30_minirhizotron_last365d,bgc_sparse
shannon_classes,rootmortality_g_m2_day_20_30_minirhizotron_days_since365d__missing,1.15880765308463e-06,rootmortality_g_m2_day_20_30_minirhizotron_days_since365d,bgc_sparse
shannon_classes,tn_ug_mL_lysimiter_surface_chemistry_last365d__missing,1.08089072374828e-06,tn_ug_mL_lysimiter_surface_chemistry_last365d,bgc_sparse
shannon_classes,rootstock_g_m2_0_10_minirhizotron_days_since365d__missing,1.07072948543707e-06,rootstock_g_m2_0_10_minirhizotron_days_since365d,bgc_sparse
shannon_classes,rootmortality_g_m2_day_10_20_minirhizotron_days_since365d__missing,1.00736747404739e-06,rootmortality_g_m2_day_10_20_minirhizotron_days_since365d,bgc_sparse
shannon_classes,rootstock_g_m2_20_30_minirhizotron_days_since365d,8.35920196855744e-07,rootstock_g_m2_20_30_minirhizotron_days_since365d,bgc_sparse
shannon_classes,temp_40_50_sd30d__missing,7.88896847989884e-07,temp_40_50_sd30d,climate_flux
shannon_classes,vwc_20_30_sd30d__missing,6.49231851383325e-07,vwc_20_30_sd30d,climate_flux
shannon_classes,npoc_mg_l_10cm_pwchemistry_mean180d__missing,4.49070095730253e-07,npoc_mg_l_10cm_pwchemistry_mean180d,bgc_sparse
shannon_classes,rootgrowth_g_m2_day_10_20_minirhizotron_mean180d,4.46519406902768e-07,rootgrowth_g_m2_day_10_20_minirhizotron_mean180d,bgc_sparse
shannon_classes,npoc_mgC_L_plotmean_throughfall_last365d__missing,2.86216326098154e-07,npoc_mgC_L_plotmean_throughfall_last365d,bgc_sparse
shannon_classes,vwc_mean90d__missing,1.88527642113412e-07,vwc_mean90d,climate_flux
shannon_classes,npoc_mg_l_30cm_pwchemistry_mean180d__missing,0,npoc_mg_l_30cm_pwchemistry_mean180d,bgc_sparse
shannon_classes,tdn_mg_l_30cm_pwchemistry_mean180d__missing,0,tdn_mg_l_30cm_pwchemistry_mean180d,bgc_sparse
shannon_classes,flux_sd30d__missing,-1.26297318561397e-07,flux_sd30d,climate_flux
shannon_classes,npoc_ug_mL_lysimiter_surface_chemistry_days_since365d__missing,-5.0215826489608e-07,npoc_ug_mL_lysimiter_surface_chemistry_days_since365d,bgc_sparse
shannon_classes,tfvol_ml_plotmean_throughfall_mean180d__missing,-5.04699917234674e-07,tfvol_ml_plotmean_throughfall_mean180d,bgc_sparse
shannon_classes,rootgrowth_g_m2_day_10_20_minirhizotron_mean180d__missing,-7.36912845554771e-07,rootgrowth_g_m2_day_10_20_minirhizotron_mean180d,bgc_sparse
shannon_classes,tn_ug_mL_lysimiter_surface_chemistry_mean180d__missing,-8.65243568747065e-07,tn_ug_mL_lysimiter_surface_chemistry_mean180d,bgc_sparse
shannon_classes,vwc_40_50_sd30d__missing,-1.03476485519027e-06,vwc_40_50_sd30d,climate_flux
shannon_classes,temp_20_30_mean30d__missing,-1.23444073048495e-06,temp_20_30_mean30d,climate_flux
shannon_classes,po4_ugP_mL_lysimiter_surface_chemistry_days_since365d__missing,-1.92698331828667e-06,po4_ugP_mL_lysimiter_surface_chemistry_days_since365d,bgc_sparse
shannon_classes,vwc_40_50_sd30d,-1.96435773558168e-06,vwc_40_50_sd30d,climate_flux
shannon_classes,tfvol_ml_plotmean_throughfall_days_since365d,-2.12239071655573e-06,tfvol_ml_plotmean_throughfall_days_since365d,bgc_sparse
shannon_classes,flux_sd90d__missing,-2.23986436699097e-06,flux_sd90d,climate_flux
shannon_classes,npoc_mgC_L_plotmean_throughfall_mean180d__missing,-3.51421762475845e-06,npoc_mgC_L_plotmean_throughfall_mean180d,bgc_sparse
shannon_classes,rootstock_g_m2_10_20_minirhizotron_mean180d__missing,-3.55300425943872e-06,rootstock_g_m2_10_20_minirhizotron_mean180d,bgc_sparse
shannon_classes,tn_ug_mL_lysimiter_surface_chemistry_days_since365d__missing,-3.7020708545854e-06,tn_ug_mL_lysimiter_surface_chemistry_days_since365d,bgc_sparse
shannon_classes,tdn_mg_l_10cm_pwchemistry_last365d,-4.20741735993513e-06,tdn_mg_l_10cm_pwchemistry_last365d,bgc_sparse
shannon_classes,nh4_ugN_mL_lysimiter_surface_chemistry_days_since365d__missing,-4.7322325710577e-06,nh4_ugN_mL_lysimiter_surface_chemistry_days_since365d,bgc_sparse
shannon_classes,rootstock_g_m2_0_10_minirhizotron_last365d,-4.83635789829529e-06,rootstock_g_m2_0_10_minirhizotron_last365d,bgc_sparse
shannon_classes,tfvol_ml_plotmean_throughfall_last365d,-4.84536292272031e-06,tfvol_ml_plotmean_throughfall_last365d,bgc_sparse
shannon_classes,temp_20_30_sd7d__missing,-5.03227819091445e-06,temp_20_30_sd7d,climate_flux
shannon_classes,rootmortality_g_m2_day_10_20_minirhizotron_last365d__missing,-5.58341728015654e-06,rootmortality_g_m2_day_10_20_minirhizotron_last365d,bgc_sparse
shannon_classes,rootgrowth_g_m2_day_10_20_minirhizotron_last365d__missing,-5.89323483497739e-06,rootgrowth_g_m2_day_10_20_minirhizotron_last365d,bgc_sparse
shannon_classes,tdn_mgN_L_plotmean_throughfall_days_since365d__missing,-6.22373335735649e-06,tdn_mgN_L_plotmean_throughfall_days_since365d,bgc_sparse
shannon_classes,no3_ugN_mL_lysimiter_surface_chemistry_mean180d__missing,-6.45916085609044e-06,no3_ugN_mL_lysimiter_surface_chemistry_mean180d,bgc_sparse
shannon_classes,no3_ugN_mL_lysimiter_surface_chemistry_last365d__missing,-6.76415695699206e-06,no3_ugN_mL_lysimiter_surface_chemistry_last365d,bgc_sparse
shannon_classes,rootmortality_g_m2_day_20_30_minirhizotron_last365d__missing,-7.46195282179318e-06,rootmortality_g_m2_day_20_30_minirhizotron_last365d,bgc_sparse
shannon_classes,rootgrowth_g_m2_day_0_10_minirhizotron_last365d__missing,-8.50312016932953e-06,rootgrowth_g_m2_day_0_10_minirhizotron_last365d,bgc_sparse
shannon_classes,temp_40_50_sd30d,-8.98759912959624e-06,temp_40_50_sd30d,climate_flux
shannon_classes,rootgrowth_g_m2_day_20_30_minirhizotron_days_since365d,-9.43330679012155e-06,rootgrowth_g_m2_day_20_30_minirhizotron_days_since365d,bgc_sparse
shannon_classes,temp_20_30_sd90d__missing,-9.99458756625593e-06,temp_20_30_sd90d,climate_flux
shannon_classes,temperature_sd7d__missing,-1.00206753922851e-05,temperature_sd7d,climate_flux
shannon_classes,npoc_ug_mL_lysimiter_surface_chemistry_last365d__missing,-1.03354797790967e-05,npoc_ug_mL_lysimiter_surface_chemistry_last365d,bgc_sparse
shannon_classes,litterfall_mean_g_m2_mean180d,-1.05389630645238e-05,litterfall_mean_g_m2_mean180d,bgc_sparse
shannon_classes,rootgrowth_g_m2_day_20_30_minirhizotron_last365d__missing,-1.06228674458397e-05,rootgrowth_g_m2_day_20_30_minirhizotron_last365d,bgc_sparse
shannon_classes,vwc_mean7d__missing,-1.40319338012069e-05,vwc_mean7d,climate_flux
shannon_classes,rootgrowth_g_m2_day_10_20_minirhizotron_days_since365d,-1.4897477196403e-05,rootgrowth_g_m2_day_10_20_minirhizotron_days_since365d,bgc_sparse
shannon_classes,tdn_mg_l_10cm_pwchemistry_mean180d__missing,-1.55054519248654e-05,tdn_mg_l_10cm_pwchemistry_mean180d,bgc_sparse
shannon_classes,npoc_mg_l_10cm_pwchemistry_days_since365d,-1.57507000326638e-05,npoc_mg_l_10cm_pwchemistry_days_since365d,bgc_sparse
shannon_classes,vwc_sd7d,-1.75263520210227e-05,vwc_sd7d,climate_flux
shannon_classes,rootmortality_g_m2_day_0_10_minirhizotron_days_since365d,-1.79277645286628e-05,rootmortality_g_m2_day_0_10_minirhizotron_days_since365d,bgc_sparse
shannon_classes,rootmortality_g_m2_day_0_10_minirhizotron_last365d,-2.03108389338913e-05,rootmortality_g_m2_day_0_10_minirhizotron_last365d,bgc_sparse
shannon_classes,po4_ugP_mL_lysimiter_surface_chemistry_days_since365d,-2.64954491333174e-05,po4_ugP_mL_lysimiter_surface_chemistry_days_since365d,bgc_sparse
shannon_classes,vwc_20_30_mean90d__missing,-3.32906067635717e-05,vwc_20_30_mean90d,climate_flux
shannon_classes,vwc_20_30_sd7d,-3.72102578914588e-05,vwc_20_30_sd7d,climate_flux
shannon_classes,no3_ugN_mL_lysimiter_surface_chemistry_days_since365d,-5.12049486625961e-05,no3_ugN_mL_lysimiter_surface_chemistry_days_since365d,bgc_sparse
shannon_classes,temp_40_50_mean90d,-6.55111294734663e-05,temp_40_50_mean90d,climate_flux
shannon_classes,nh4_ugN_mL_lysimiter_surface_chemistry_days_since365d,-8.27189085754578e-05,nh4_ugN_mL_lysimiter_surface_chemistry_days_since365d,bgc_sparse
shannon_classes,temp_40_50_sd90d,-9.66068063817431e-05,temp_40_50_sd90d,climate_flux
shannon_classes,temp_20_30_sd90d,-9.6714983021857e-05,temp_20_30_sd90d,climate_flux
evenness,depth_group,0.00136704268449668,depth_group,experimental_structure
evenness,no3_ugN_mL_lysimiter_surface_chemistry_mean180d,0.000467522170628671,no3_ugN_mL_lysimiter_surface_chemistry_mean180d,bgc_sparse
evenness,npoc_mg_l_10cm_pwchemistry_last365d,0.000263825966294898,npoc_mg_l_10cm_pwchemistry_last365d,bgc_sparse
evenness,npoc_mg_l_10cm_pwchemistry_mean180d,0.000245021347030498,npoc_mg_l_10cm_pwchemistry_mean180d,bgc_sparse
evenness,date_num,0.000242805179983073,date_num,calendar_time
evenness,vwc_mean90d,0.000227957143375381,vwc_mean90d,climate_flux
evenness,treatment,0.000224979536450548,treatment,experimental_structure
evenness,nh4_ugN_mL_lysimiter_surface_chemistry_mean180d,0.00022481319349245,nh4_ugN_mL_lysimiter_surface_chemistry_mean180d,bgc_sparse
evenness,tn_ug_mL_lysimiter_surface_chemistry_last365d,0.000223712830758769,tn_ug_mL_lysimiter_surface_chemistry_last365d,bgc_sparse
evenness,tdn_mg_l_10cm_pwchemistry_last365d,0.000223638434228491,tdn_mg_l_10cm_pwchemistry_last365d,bgc_sparse
evenness,npoc_mg_l_30cm_pwchemistry_mean180d,0.000196176235476632,npoc_mg_l_30cm_pwchemistry_mean180d,bgc_sparse
evenness,tn_ug_mL_lysimiter_surface_chemistry_mean180d,0.000182249727050979,tn_ug_mL_lysimiter_surface_chemistry_mean180d,bgc_sparse
evenness,vwc_mean7d,0.000175491215962339,vwc_mean7d,climate_flux
evenness,vwc_mean30d,0.000168508780560121,vwc_mean30d,climate_flux
evenness,rootmortality_g_m2_day_0_10_minirhizotron_mean180d,0.000161114261706402,rootmortality_g_m2_day_0_10_minirhizotron_mean180d,bgc_sparse
evenness,no3_ugN_mL_lysimiter_surface_chemistry_last365d,0.000151297905159439,no3_ugN_mL_lysimiter_surface_chemistry_last365d,bgc_sparse
evenness,npoc_mg_l_30cm_pwchemistry_last365d,0.000126313525292503,npoc_mg_l_30cm_pwchemistry_last365d,bgc_sparse
evenness,tdn_mg_l_30cm_pwchemistry_mean180d,0.000125582368019428,tdn_mg_l_30cm_pwchemistry_mean180d,bgc_sparse
evenness,tdn_mg_l_30cm_pwchemistry_last365d,0.000120890424667208,tdn_mg_l_30cm_pwchemistry_last365d,bgc_sparse
evenness,npoc_ug_mL_lysimiter_surface_chemistry_last365d,0.000102971034335365,npoc_ug_mL_lysimiter_surface_chemistry_last365d,bgc_sparse
evenness,po4_ugP_mL_lysimiter_surface_chemistry_mean180d,0.000100266597528755,po4_ugP_mL_lysimiter_surface_chemistry_mean180d,bgc_sparse
evenness,flux_mean90d,9.06268518328188e-05,flux_mean90d,climate_flux
evenness,vwc_sd90d,8.83070318608099e-05,vwc_sd90d,climate_flux
evenness,temp_20_30_sd90d,8.76527834275252e-05,temp_20_30_sd90d,climate_flux
evenness,vwc_40_50_mean90d,8.15555658755402e-05,vwc_40_50_mean90d,climate_flux
evenness,rootstock_g_m2_20_30_minirhizotron_mean180d,7.41256335866734e-05,rootstock_g_m2_20_30_minirhizotron_mean180d,bgc_sparse
evenness,temp_20_30_mean30d,7.30721751921368e-05,temp_20_30_mean30d,climate_flux
evenness,vwc_40_50_mean7d,7.29131213418619e-05,vwc_40_50_mean7d,climate_flux
evenness,rootgrowth_g_m2_day_20_30_minirhizotron_mean180d,7.23941555845746e-05,rootgrowth_g_m2_day_20_30_minirhizotron_mean180d,bgc_sparse
evenness,vwc_40_50_mean30d,7.00930046830222e-05,vwc_40_50_mean30d,climate_flux
evenness,temp_40_50_mean30d,6.97775501643294e-05,temp_40_50_mean30d,climate_flux
evenness,vwc_20_30_mean30d,6.94204724629162e-05,vwc_20_30_mean30d,climate_flux
evenness,flux_mean7d,6.86922061275832e-05,flux_mean7d,climate_flux
evenness,temperature_sd90d,6.52641804995189e-05,temperature_sd90d,climate_flux
evenness,vwc_20_30_sd90d,6.40347638416976e-05,vwc_20_30_sd90d,climate_flux
evenness,vwc_20_30_mean7d,6.31064819842557e-05,vwc_20_30_mean7d,climate_flux
evenness,nh4_ugN_mL_lysimiter_surface_chemistry_last365d,6.11624371153312e-05,nh4_ugN_mL_lysimiter_surface_chemistry_last365d,bgc_sparse
evenness,vwc_40_50_sd30d,6.09275252801731e-05,vwc_40_50_sd30d,climate_flux
evenness,rootstock_g_m2_10_20_minirhizotron_last365d,5.61124908160537e-05,rootstock_g_m2_10_20_minirhizotron_last365d,bgc_sparse
evenness,year,5.57466899772376e-05,year,calendar_time
evenness,temp_20_30_mean7d,5.54243412072188e-05,temp_20_30_mean7d,climate_flux
evenness,temp_40_50_mean7d,5.27156510699631e-05,temp_40_50_mean7d,climate_flux
evenness,vwc_40_50_sd90d,5.17972311539368e-05,vwc_40_50_sd90d,climate_flux
evenness,tn_ug_mL_lysimiter_surface_chemistry_days_since365d,5.03951835832319e-05,tn_ug_mL_lysimiter_surface_chemistry_days_since365d,bgc_sparse
evenness,po4_ugP_mL_lysimiter_surface_chemistry_mean180d__missing,4.78867956954217e-05,po4_ugP_mL_lysimiter_surface_chemistry_mean180d,bgc_sparse
evenness,temp_20_30_mean90d,4.38191353350352e-05,temp_20_30_mean90d,climate_flux
evenness,tdn_mg_l_10cm_pwchemistry_mean180d,3.96981428985659e-05,tdn_mg_l_10cm_pwchemistry_mean180d,bgc_sparse
evenness,vwc_sd30d,3.83043923811366e-05,vwc_sd30d,climate_flux
evenness,rootmortality_g_m2_day_20_30_minirhizotron_mean180d,3.82708323188063e-05,rootmortality_g_m2_day_20_30_minirhizotron_mean180d,bgc_sparse
evenness,flux_mean30d,3.60366841088928e-05,flux_mean30d,climate_flux
evenness,rootgrowth_g_m2_day_20_30_minirhizotron_last365d,3.59154712384531e-05,rootgrowth_g_m2_day_20_30_minirhizotron_last365d,bgc_sparse
evenness,temperature_sd30d,3.30389461790463e-05,temperature_sd30d,climate_flux
evenness,temperature_mean30d,3.28524158483001e-05,temperature_mean30d,climate_flux
evenness,vwc_20_30_sd7d,3.11905769625271e-05,vwc_20_30_sd7d,climate_flux
evenness,temp_40_50_sd30d,3.09292980469418e-05,temp_40_50_sd30d,climate_flux
evenness,litterfall_mean_g_m2_days_since365d,2.68604977446882e-05,litterfall_mean_g_m2_days_since365d,bgc_sparse
evenness,rootstock_g_m2_20_30_minirhizotron_days_since365d,2.61810718128397e-05,rootstock_g_m2_20_30_minirhizotron_days_since365d,bgc_sparse
evenness,rootmortality_g_m2_day_10_20_minirhizotron_mean180d,2.53860884727493e-05,rootmortality_g_m2_day_10_20_minirhizotron_mean180d,bgc_sparse
evenness,vwc_20_30_mean90d,2.50799876515702e-05,vwc_20_30_mean90d,climate_flux
evenness,nh4_ugN_mL_lysimiter_surface_chemistry_mean180d__missing,2.46998815128725e-05,nh4_ugN_mL_lysimiter_surface_chemistry_mean180d,bgc_sparse
evenness,rootstock_g_m2_0_10_minirhizotron_mean180d,2.45233247016679e-05,rootstock_g_m2_0_10_minirhizotron_mean180d,bgc_sparse
evenness,flux_sd90d,2.36431759097138e-05,flux_sd90d,climate_flux
evenness,vwc_sd7d,2.30897655287157e-05,vwc_sd7d,climate_flux
evenness,rootmortality_g_m2_day_10_20_minirhizotron_days_since365d,2.27548573444139e-05,rootmortality_g_m2_day_10_20_minirhizotron_days_since365d,bgc_sparse
evenness,npoc_ug_mL_lysimiter_surface_chemistry_days_since365d,2.27160332083958e-05,npoc_ug_mL_lysimiter_surface_chemistry_days_since365d,bgc_sparse
evenness,litterfall_mean_g_m2_last365d,2.25900513247079e-05,litterfall_mean_g_m2_last365d,bgc_sparse
evenness,rootstock_g_m2_0_10_minirhizotron_last365d,2.19725400084276e-05,rootstock_g_m2_0_10_minirhizotron_last365d,bgc_sparse
evenness,npoc_mg_l_10cm_pwchemistry_days_since365d,2.16492326567852e-05,npoc_mg_l_10cm_pwchemistry_days_since365d,bgc_sparse
evenness,rootgrowth_g_m2_day_0_10_minirhizotron_mean180d,2.06740163408994e-05,rootgrowth_g_m2_day_0_10_minirhizotron_mean180d,bgc_sparse
evenness,temp_20_30_mean7d__missing,1.99975980811615e-05,temp_20_30_mean7d,climate_flux
evenness,rootgrowth_g_m2_day_0_10_minirhizotron_last365d,1.91934034790238e-05,rootgrowth_g_m2_day_0_10_minirhizotron_last365d,bgc_sparse
evenness,rootstock_g_m2_0_10_minirhizotron_days_since365d,1.85915609435787e-05,rootstock_g_m2_0_10_minirhizotron_days_since365d,bgc_sparse
evenness,tfvol_ml_plotmean_throughfall_mean180d,1.81316109201968e-05,tfvol_ml_plotmean_throughfall_mean180d,bgc_sparse
evenness,vwc_20_30_sd30d,1.79529690027773e-05,vwc_20_30_sd30d,climate_flux
evenness,temp_40_50_mean7d__missing,1.68576920366323e-05,temp_40_50_mean7d,climate_flux
evenness,rootstock_g_m2_10_20_minirhizotron_mean180d__missing,1.66386283489905e-05,rootstock_g_m2_10_20_minirhizotron_mean180d,bgc_sparse
evenness,temperature_mean90d__missing,1.64339418554065e-05,temperature_mean90d,climate_flux
evenness,npoc_mgC_L_plotmean_throughfall_days_since365d__missing,1.58272421285983e-05,npoc_mgC_L_plotmean_throughfall_days_since365d,bgc_sparse
evenness,rootgrowth_g_m2_day_10_20_minirhizotron_mean180d,1.50356522891157e-05,rootgrowth_g_m2_day_10_20_minirhizotron_mean180d,bgc_sparse
evenness,temperature_sd7d__missing,1.48481332972228e-05,temperature_sd7d,climate_flux
evenness,vwc_40_50_sd7d,1.48324455812834e-05,vwc_40_50_sd7d,climate_flux
evenness,no3_ugN_mL_lysimiter_surface_chemistry_mean180d__missing,1.47909838881359e-05,no3_ugN_mL_lysimiter_surface_chemistry_mean180d,bgc_sparse
evenness,po4_ugP_mL_lysimiter_surface_chemistry_last365d__missing,1.47792143487837e-05,po4_ugP_mL_lysimiter_surface_chemistry_last365d,bgc_sparse
evenness,rootgrowth_g_m2_day_10_20_minirhizotron_last365d,1.45296092242146e-05,rootgrowth_g_m2_day_10_20_minirhizotron_last365d,bgc_sparse
evenness,npoc_mgC_L_plotmean_throughfall_last365d__missing,1.38625351806194e-05,npoc_mgC_L_plotmean_throughfall_last365d,bgc_sparse
evenness,tdn_mg_l_30cm_pwchemistry_days_since365d,1.33663320113351e-05,tdn_mg_l_30cm_pwchemistry_days_since365d,bgc_sparse
evenness,rootmortality_g_m2_day_20_30_minirhizotron_days_since365d,1.31750610303554e-05,rootmortality_g_m2_day_20_30_minirhizotron_days_since365d,bgc_sparse
evenness,nh4_ugN_mL_lysimiter_surface_chemistry_last365d__missing,1.30193717694997e-05,nh4_ugN_mL_lysimiter_surface_chemistry_last365d,bgc_sparse
evenness,temp_20_30_mean90d__missing,1.28942915519179e-05,temp_20_30_mean90d,climate_flux
evenness,rootgrowth_g_m2_day_10_20_minirhizotron_days_since365d,1.21648965229524e-05,rootgrowth_g_m2_day_10_20_minirhizotron_days_since365d,bgc_sparse
evenness,tdn_mgN_L_plotmean_throughfall_mean180d,1.19247341856588e-05,tdn_mgN_L_plotmean_throughfall_mean180d,bgc_sparse
evenness,npoc_mgC_L_plotmean_throughfall_mean180d,1.17186250640655e-05,npoc_mgC_L_plotmean_throughfall_mean180d,bgc_sparse
evenness,rootmortality_g_m2_day_20_30_minirhizotron_last365d,1.15311755309682e-05,rootmortality_g_m2_day_20_30_minirhizotron_last365d,bgc_sparse
evenness,rootstock_g_m2_10_20_minirhizotron_mean180d,1.14518237802177e-05,rootstock_g_m2_10_20_minirhizotron_mean180d,bgc_sparse
evenness,tdn_mgN_L_plotmean_throughfall_days_since365d__missing,1.12553092323309e-05,tdn_mgN_L_plotmean_throughfall_days_since365d,bgc_sparse
evenness,temp_40_50_mean90d__missing,1.09923037777215e-05,temp_40_50_mean90d,climate_flux
evenness,rootmortality_g_m2_day_0_10_minirhizotron_days_since365d__missing,1.09536171610098e-05,rootmortality_g_m2_day_0_10_minirhizotron_days_since365d,bgc_sparse
evenness,temperature_mean7d,1.09403652602924e-05,temperature_mean7d,climate_flux
evenness,nh4_ugN_mL_lysimiter_surface_chemistry_days_since365d__missing,1.00839398627208e-05,nh4_ugN_mL_lysimiter_surface_chemistry_days_since365d,bgc_sparse
evenness,rootmortality_g_m2_day_0_10_minirhizotron_last365d,1.00163195032035e-05,rootmortality_g_m2_day_0_10_minirhizotron_last365d,bgc_sparse
evenness,npoc_ug_mL_lysimiter_surface_chemistry_days_since365d__missing,9.99625658744763e-06,npoc_ug_mL_lysimiter_surface_chemistry_days_since365d,bgc_sparse
evenness,temp_20_30_sd90d__missing,9.97093895350876e-06,temp_20_30_sd90d,climate_flux
evenness,vwc_sd7d__missing,9.70748793760401e-06,vwc_sd7d,climate_flux
evenness,vwc_mean7d__missing,9.61592641771625e-06,vwc_mean7d,climate_flux
evenness,vwc_40_50_sd90d__missing,9.48827731183299e-06,vwc_40_50_sd90d,climate_flux
evenness,tdn_mgN_L_plotmean_throughfall_last365d__missing,9.38246955617061e-06,tdn_mgN_L_plotmean_throughfall_last365d,bgc_sparse
evenness,tfvol_ml_plotmean_throughfall_last365d__missing,9.27538058764377e-06,tfvol_ml_plotmean_throughfall_last365d,bgc_sparse
evenness,rootmortality_g_m2_day_10_20_minirhizotron_days_since365d__missing,9.0576823930375e-06,rootmortality_g_m2_day_10_20_minirhizotron_days_since365d,bgc_sparse
evenness,tdn_mg_l_10cm_pwchemistry_days_since365d,9.02314398249526e-06,tdn_mg_l_10cm_pwchemistry_days_since365d,bgc_sparse
evenness,temp_20_30_sd7d,9.00665912252507e-06,temp_20_30_sd7d,climate_flux
evenness,npoc_mgC_L_plotmean_throughfall_mean180d__missing,8.67089924745734e-06,npoc_mgC_L_plotmean_throughfall_mean180d,bgc_sparse
evenness,temp_40_50_sd30d__missing,8.60977943961094e-06,temp_40_50_sd30d,climate_flux
evenness,flux_sd7d__missing,8.20947820349427e-06,flux_sd7d,climate_flux
evenness,tfvol_ml_plotmean_throughfall_days_since365d__missing,7.31020973735364e-06,tfvol_ml_plotmean_throughfall_days_since365d,bgc_sparse
evenness,temp_40_50_mean30d__missing,7.09695937757227e-06,temp_40_50_mean30d,climate_flux
evenness,vwc_20_30_sd30d__missing,6.91094347518351e-06,vwc_20_30_sd30d,climate_flux
evenness,flux_sd30d__missing,6.85389650022672e-06,flux_sd30d,climate_flux
evenness,temperature_sd7d,6.6622317981806e-06,temperature_sd7d,climate_flux
evenness,vwc_mean30d__missing,6.35890831861374e-06,vwc_mean30d,climate_flux
evenness,rootgrowth_g_m2_day_0_10_minirhizotron_mean180d__missing,5.97151708515242e-06,rootgrowth_g_m2_day_0_10_minirhizotron_mean180d,bgc_sparse
evenness,rootgrowth_g_m2_day_20_30_minirhizotron_days_since365d,5.82791441133113e-06,rootgrowth_g_m2_day_20_30_minirhizotron_days_since365d,bgc_sparse
evenness,flux_sd90d__missing,5.82242665298072e-06,flux_sd90d,climate_flux
evenness,rootmortality_g_m2_day_0_10_minirhizotron_days_since365d,5.71611900622449e-06,rootmortality_g_m2_day_0_10_minirhizotron_days_since365d,bgc_sparse
evenness,tfvol_ml_plotmean_throughfall_days_since365d,5.6727239837242e-06,tfvol_ml_plotmean_throughfall_days_since365d,bgc_sparse
evenness,tfvol_ml_plotmean_throughfall_mean180d__missing,5.59233701758544e-06,tfvol_ml_plotmean_throughfall_mean180d,bgc_sparse
evenness,no3_ugN_mL_lysimiter_surface_chemistry_days_since365d,5.47745515620468e-06,no3_ugN_mL_lysimiter_surface_chemistry_days_since365d,bgc_sparse
evenness,vwc_20_30_sd90d__missing,5.40020322491985e-06,vwc_20_30_sd90d,climate_flux
evenness,rootgrowth_g_m2_day_20_30_minirhizotron_mean180d__missing,5.12619205791021e-06,rootgrowth_g_m2_day_20_30_minirhizotron_mean180d,bgc_sparse
evenness,doy_cos,5.04814960870936e-06,doy_cos,calendar_time
evenness,flux_mean7d__missing,4.92533765828629e-06,flux_mean7d,climate_flux
evenness,rootstock_g_m2_0_10_minirhizotron_mean180d__missing,4.86939029785649e-06,rootstock_g_m2_0_10_minirhizotron_mean180d,bgc_sparse
evenness,vwc_20_30_mean7d__missing,4.62911928997523e-06,vwc_20_30_mean7d,climate_flux
evenness,tdn_mgN_L_plotmean_throughfall_mean180d__missing,4.61789945755808e-06,tdn_mgN_L_plotmean_throughfall_mean180d,bgc_sparse
evenness,rootgrowth_g_m2_day_0_10_minirhizotron_days_since365d,4.42678001062768e-06,rootgrowth_g_m2_day_0_10_minirhizotron_days_since365d,bgc_sparse
evenness,npoc_mgC_L_plotmean_throughfall_days_since365d,4.33212846896214e-06,npoc_mgC_L_plotmean_throughfall_days_since365d,bgc_sparse
evenness,no3_ugN_mL_lysimiter_surface_chemistry_last365d__missing,4.32634379821772e-06,no3_ugN_mL_lysimiter_surface_chemistry_last365d,bgc_sparse
evenness,rootgrowth_g_m2_day_0_10_minirhizotron_last365d__missing,4.00933815623894e-06,rootgrowth_g_m2_day_0_10_minirhizotron_last365d,bgc_sparse
evenness,rootgrowth_g_m2_day_20_30_minirhizotron_days_since365d__missing,3.98164332094764e-06,rootgrowth_g_m2_day_20_30_minirhizotron_days_since365d,bgc_sparse
evenness,po4_ugP_mL_lysimiter_surface_chemistry_last365d,3.6445089842414e-06,po4_ugP_mL_lysimiter_surface_chemistry_last365d,bgc_sparse
evenness,temp_20_30_sd30d__missing,3.51667963433355e-06,temp_20_30_sd30d,climate_flux
evenness,temp_40_50_sd90d__missing,3.34854027329112e-06,temp_40_50_sd90d,climate_flux
evenness,temperature_sd90d__missing,3.15230898677199e-06,temperature_sd90d,climate_flux
evenness,rootstock_g_m2_10_20_minirhizotron_days_since365d__missing,2.81748491572342e-06,rootstock_g_m2_10_20_minirhizotron_days_since365d,bgc_sparse
evenness,rootgrowth_g_m2_day_0_10_minirhizotron_days_since365d__missing,2.74506898217708e-06,rootgrowth_g_m2_day_0_10_minirhizotron_days_since365d,bgc_sparse
evenness,temperature_mean30d__missing,2.72760724165799e-06,temperature_mean30d,climate_flux
evenness,po4_ugP_mL_lysimiter_surface_chemistry_days_since365d__missing,2.72284191862515e-06,po4_ugP_mL_lysimiter_surface_chemistry_days_since365d,bgc_sparse
evenness,litterfall_mean_g_m2_mean180d,2.34889757909573e-06,litterfall_mean_g_m2_mean180d,bgc_sparse
evenness,rootmortality_g_m2_day_20_30_minirhizotron_days_since365d__missing,2.29480310658814e-06,rootmortality_g_m2_day_20_30_minirhizotron_days_since365d,bgc_sparse
evenness,vwc_20_30_mean90d__missing,2.27879812774057e-06,vwc_20_30_mean90d,climate_flux
evenness,vwc_40_50_mean90d__missing,2.26742574001082e-06,vwc_40_50_mean90d,climate_flux
evenness,temp_40_50_sd7d__missing,1.73254525625222e-06,temp_40_50_sd7d,climate_flux
evenness,rootgrowth_g_m2_day_10_20_minirhizotron_days_since365d__missing,1.65098259634466e-06,rootgrowth_g_m2_day_10_20_minirhizotron_days_since365d,bgc_sparse
evenness,vwc_20_30_mean30d__missing,1.61297881730182e-06,vwc_20_30_mean30d,climate_flux
evenness,tn_ug_mL_lysimiter_surface_chemistry_last365d__missing,1.59193906537647e-06,tn_ug_mL_lysimiter_surface_chemistry_last365d,bgc_sparse
evenness,no3_ugN_mL_lysimiter_surface_chemistry_days_since365d__missing,1.51317486226721e-06,no3_ugN_mL_lysimiter_surface_chemistry_days_since365d,bgc_sparse
evenness,rootmortality_g_m2_day_0_10_minirhizotron_mean180d__missing,1.31034049438039e-06,rootmortality_g_m2_day_0_10_minirhizotron_mean180d,bgc_sparse
evenness,rootmortality_g_m2_day_10_20_minirhizotron_mean180d__missing,1.00569801719019e-06,rootmortality_g_m2_day_10_20_minirhizotron_mean180d,bgc_sparse
evenness,temp_20_30_sd7d__missing,9.25416165831638e-07,temp_20_30_sd7d,climate_flux
evenness,tdn_mgN_L_plotmean_throughfall_days_since365d,8.31714307867326e-07,tdn_mgN_L_plotmean_throughfall_days_since365d,bgc_sparse
evenness,npoc_mgC_L_plotmean_throughfall_last365d,4.20219784687204e-07,npoc_mgC_L_plotmean_throughfall_last365d,bgc_sparse
evenness,flux_mean90d__missing,3.75884159816486e-07,flux_mean90d,climate_flux
evenness,rootstock_g_m2_10_20_minirhizotron_days_since365d,1.85155170816076e-07,rootstock_g_m2_10_20_minirhizotron_days_since365d,bgc_sparse
evenness,vwc_40_50_mean7d__missing,1.81681215647878e-07,vwc_40_50_mean7d,climate_flux
evenness,rootstock_g_m2_20_30_minirhizotron_days_since365d__missing,6.76760241284935e-08,rootstock_g_m2_20_30_minirhizotron_days_since365d,bgc_sparse
evenness,rootstock_g_m2_10_20_minirhizotron_last365d__missing,5.82693728339301e-08,rootstock_g_m2_10_20_minirhizotron_last365d,bgc_sparse
evenness,tfvol_ml_plotmean_throughfall_last365d,2.27260269076712e-08,tfvol_ml_plotmean_throughfall_last365d,bgc_sparse
evenness,npoc_mg_l_30cm_pwchemistry_mean180d__missing,0,npoc_mg_l_30cm_pwchemistry_mean180d,bgc_sparse
evenness,tdn_mg_l_30cm_pwchemistry_mean180d__missing,0,tdn_mg_l_30cm_pwchemistry_mean180d,bgc_sparse
evenness,flux_mean30d__missing,-4.22217517235257e-08,flux_mean30d,climate_flux
evenness,rootstock_g_m2_0_10_minirhizotron_days_since365d__missing,-4.24090530449339e-07,rootstock_g_m2_0_10_minirhizotron_days_since365d,bgc_sparse
evenness,rootgrowth_g_m2_day_10_20_minirhizotron_last365d__missing,-5.19527646692719e-07,rootgrowth_g_m2_day_10_20_minirhizotron_last365d,bgc_sparse
evenness,rootstock_g_m2_20_30_minirhizotron_last365d__missing,-5.22721349920818e-07,rootstock_g_m2_20_30_minirhizotron_last365d,bgc_sparse
evenness,npoc_mg_l_10cm_pwchemistry_mean180d__missing,-5.7075707205545e-07,npoc_mg_l_10cm_pwchemistry_mean180d,bgc_sparse
evenness,tdn_mgN_L_plotmean_throughfall_last365d,-6.8114836297295e-07,tdn_mgN_L_plotmean_throughfall_last365d,bgc_sparse
evenness,rootstock_g_m2_20_30_minirhizotron_last365d,-8.05119454094116e-07,rootstock_g_m2_20_30_minirhizotron_last365d,bgc_sparse
evenness,rootstock_g_m2_0_10_minirhizotron_last365d__missing,-8.15562753840871e-07,rootstock_g_m2_0_10_minirhizotron_last365d,bgc_sparse
evenness,rootgrowth_g_m2_day_10_20_minirhizotron_mean180d__missing,-8.26238926777467e-07,rootgrowth_g_m2_day_10_20_minirhizotron_mean180d,bgc_sparse
evenness,npoc_ug_mL_lysimiter_surface_chemistry_last365d__missing,-1.22556813341457e-06,npoc_ug_mL_lysimiter_surface_chemistry_last365d,bgc_sparse
evenness,temperature_sd30d__missing,-1.23255925995491e-06,temperature_sd30d,climate_flux
evenness,rootmortality_g_m2_day_10_20_minirhizotron_last365d__missing,-1.26693502143982e-06,rootmortality_g_m2_day_10_20_minirhizotron_last365d,bgc_sparse
evenness,rootmortality_g_m2_day_20_30_minirhizotron_last365d__missing,-1.41241354477883e-06,rootmortality_g_m2_day_20_30_minirhizotron_last365d,bgc_sparse
evenness,tdn_mg_l_10cm_pwchemistry_mean180d__missing,-1.47086613809022e-06,tdn_mg_l_10cm_pwchemistry_mean180d,bgc_sparse
evenness,vwc_20_30_sd7d__missing,-1.53610029823148e-06,vwc_20_30_sd7d,climate_flux
evenness,vwc_40_50_mean30d__missing,-1.55770844419223e-06,vwc_40_50_mean30d,climate_flux
evenness,temperature_mean7d__missing,-2.23579092220083e-06,temperature_mean7d,climate_flux
evenness,vwc_40_50_sd7d__missing,-2.25461749797673e-06,vwc_40_50_sd7d,climate_flux
evenness,rootmortality_g_m2_day_0_10_minirhizotron_last365d__missing,-2.57421696948423e-06,rootmortality_g_m2_day_0_10_minirhizotron_last365d,bgc_sparse
evenness,rootmortality_g_m2_day_10_20_minirhizotron_last365d,-2.71736245531073e-06,rootmortality_g_m2_day_10_20_minirhizotron_last365d,bgc_sparse
evenness,tn_ug_mL_lysimiter_surface_chemistry_mean180d__missing,-3.35027387115283e-06,tn_ug_mL_lysimiter_surface_chemistry_mean180d,bgc_sparse
evenness,tn_ug_mL_lysimiter_surface_chemistry_days_since365d__missing,-3.43029429688646e-06,tn_ug_mL_lysimiter_surface_chemistry_days_since365d,bgc_sparse
evenness,npoc_ug_mL_lysimiter_surface_chemistry_mean180d__missing,-4.38258182924289e-06,npoc_ug_mL_lysimiter_surface_chemistry_mean180d,bgc_sparse
evenness,vwc_sd90d__missing,-4.40557979455325e-06,vwc_sd90d,climate_flux
evenness,rootmortality_g_m2_day_20_30_minirhizotron_mean180d__missing,-5.02852165500034e-06,rootmortality_g_m2_day_20_30_minirhizotron_mean180d,bgc_sparse
evenness,temperature_mean90d,-5.15136584610132e-06,temperature_mean90d,climate_flux
evenness,temp_20_30_mean30d__missing,-5.99428450583983e-06,temp_20_30_mean30d,climate_flux
evenness,npoc_ug_mL_lysimiter_surface_chemistry_mean180d,-6.20436954250048e-06,npoc_ug_mL_lysimiter_surface_chemistry_mean180d,bgc_sparse
evenness,vwc_sd30d__missing,-6.22196539290454e-06,vwc_sd30d,climate_flux
evenness,vwc_40_50_sd30d__missing,-7.12346488818239e-06,vwc_40_50_sd30d,climate_flux
evenness,vwc_mean90d__missing,-7.36554293809877e-06,vwc_mean90d,climate_flux
evenness,rootstock_g_m2_20_30_minirhizotron_mean180d__missing,-7.95604257500759e-06,rootstock_g_m2_20_30_minirhizotron_mean180d,bgc_sparse
evenness,flux_sd30d,-8.96925938309345e-06,flux_sd30d,climate_flux
evenness,rootgrowth_g_m2_day_20_30_minirhizotron_last365d__missing,-1.02266911993834e-05,rootgrowth_g_m2_day_20_30_minirhizotron_last365d,bgc_sparse
evenness,npoc_mg_l_30cm_pwchemistry_days_since365d,-1.04199245883785e-05,npoc_mg_l_30cm_pwchemistry_days_since365d,bgc_sparse
evenness,doy_sin,-1.51849227117822e-05,doy_sin,calendar_time
evenness,nh4_ugN_mL_lysimiter_surface_chemistry_days_since365d,-1.52910265894006e-05,nh4_ugN_mL_lysimiter_surface_chemistry_days_since365d,bgc_sparse
evenness,flux_sd7d,-1.61312947783125e-05,flux_sd7d,climate_flux
evenness,temp_20_30_sd30d,-2.02558008407459e-05,temp_20_30_sd30d,climate_flux
evenness,temp_40_50_sd7d,-2.8059459989539e-05,temp_40_50_sd7d,climate_flux
evenness,po4_ugP_mL_lysimiter_surface_chemistry_days_since365d,-3.69979938751361e-05,po4_ugP_mL_lysimiter_surface_chemistry_days_since365d,bgc_sparse
evenness,temp_40_50_sd90d,-4.77163120148396e-05,temp_40_50_sd90d,climate_flux
evenness,temp_40_50_mean90d,-5.64821873136991e-05,temp_40_50_mean90d,climate_flux
frac_labile,depth_group,0.000588784617979222,depth_group,experimental_structure
frac_labile,treatment,0.00034737065718494,treatment,experimental_structure
frac_labile,npoc_mg_l_10cm_pwchemistry_mean180d,0.00031131477049069,npoc_mg_l_10cm_pwchemistry_mean180d,bgc_sparse
frac_labile,tn_ug_mL_lysimiter_surface_chemistry_mean180d,0.000196905248350086,tn_ug_mL_lysimiter_surface_chemistry_mean180d,bgc_sparse
frac_labile,no3_ugN_mL_lysimiter_surface_chemistry_mean180d,0.000187656442851483,no3_ugN_mL_lysimiter_surface_chemistry_mean180d,bgc_sparse
frac_labile,npoc_mg_l_10cm_pwchemistry_last365d,0.000182418914966154,npoc_mg_l_10cm_pwchemistry_last365d,bgc_sparse
frac_labile,vwc_mean90d,0.000114399331257702,vwc_mean90d,climate_flux
frac_labile,rootmortality_g_m2_day_0_10_minirhizotron_mean180d,0.000111382537711572,rootmortality_g_m2_day_0_10_minirhizotron_mean180d,bgc_sparse
frac_labile,npoc_mg_l_30cm_pwchemistry_mean180d,0.000106209087938583,npoc_mg_l_30cm_pwchemistry_mean180d,bgc_sparse
frac_labile,tn_ug_mL_lysimiter_surface_chemistry_last365d,0.000102940552519688,tn_ug_mL_lysimiter_surface_chemistry_last365d,bgc_sparse
frac_labile,date_num,0.000101313672648181,date_num,calendar_time
frac_labile,vwc_mean30d,8.81639014810598e-05,vwc_mean30d,climate_flux
frac_labile,npoc_ug_mL_lysimiter_surface_chemistry_last365d,7.85912075467996e-05,npoc_ug_mL_lysimiter_surface_chemistry_last365d,bgc_sparse
frac_labile,tdn_mg_l_10cm_pwchemistry_last365d,7.56411510675594e-05,tdn_mg_l_10cm_pwchemistry_last365d,bgc_sparse
frac_labile,temp_20_30_mean90d,6.02643598745123e-05,temp_20_30_mean90d,climate_flux
frac_labile,temperature_sd30d,5.90081237465721e-05,temperature_sd30d,climate_flux
frac_labile,tdn_mg_l_30cm_pwchemistry_mean180d,5.78953600072873e-05,tdn_mg_l_30cm_pwchemistry_mean180d,bgc_sparse
frac_labile,npoc_ug_mL_lysimiter_surface_chemistry_mean180d,5.77543108900473e-05,npoc_ug_mL_lysimiter_surface_chemistry_mean180d,bgc_sparse
frac_labile,po4_ugP_mL_lysimiter_surface_chemistry_mean180d,5.70315645495612e-05,po4_ugP_mL_lysimiter_surface_chemistry_mean180d,bgc_sparse
frac_labile,temp_20_30_mean7d,5.63889692283279e-05,temp_20_30_mean7d,climate_flux
frac_labile,tdn_mg_l_30cm_pwchemistry_last365d,5.21328504339802e-05,tdn_mg_l_30cm_pwchemistry_last365d,bgc_sparse
frac_labile,nh4_ugN_mL_lysimiter_surface_chemistry_days_since365d,5.05523557170831e-05,nh4_ugN_mL_lysimiter_surface_chemistry_days_since365d,bgc_sparse
frac_labile,npoc_mg_l_30cm_pwchemistry_last365d,4.80405126744528e-05,npoc_mg_l_30cm_pwchemistry_last365d,bgc_sparse
frac_labile,temp_20_30_sd30d,4.67390320066843e-05,temp_20_30_sd30d,climate_flux
frac_labile,vwc_20_30_sd90d,4.64081866854049e-05,vwc_20_30_sd90d,climate_flux
frac_labile,temp_40_50_mean7d,4.51117665096803e-05,temp_40_50_mean7d,climate_flux
frac_labile,po4_ugP_mL_lysimiter_surface_chemistry_days_since365d,4.45824592351356e-05,po4_ugP_mL_lysimiter_surface_chemistry_days_since365d,bgc_sparse
frac_labile,year,4.29681570382472e-05,year,calendar_time
frac_labile,doy_sin,4.20265734047429e-05,doy_sin,calendar_time
frac_labile,flux_mean30d__missing,4.14941473702279e-05,flux_mean30d,climate_flux
frac_labile,vwc_20_30_mean90d,3.83926257409515e-05,vwc_20_30_mean90d,climate_flux
frac_labile,npoc_ug_mL_lysimiter_surface_chemistry_days_since365d,3.79140353841889e-05,npoc_ug_mL_lysimiter_surface_chemistry_days_since365d,bgc_sparse
frac_labile,temp_20_30_mean30d,3.78187022274181e-05,temp_20_30_mean30d,climate_flux
frac_labile,litterfall_mean_g_m2_last365d,3.66265389325449e-05,litterfall_mean_g_m2_last365d,bgc_sparse
frac_labile,flux_mean90d,3.59273501568531e-05,flux_mean90d,climate_flux
frac_labile,no3_ugN_mL_lysimiter_surface_chemistry_days_since365d,3.51391461418293e-05,no3_ugN_mL_lysimiter_surface_chemistry_days_since365d,bgc_sparse
frac_labile,tn_ug_mL_lysimiter_surface_chemistry_days_since365d,3.36297638784395e-05,tn_ug_mL_lysimiter_surface_chemistry_days_since365d,bgc_sparse
frac_labile,temp_40_50_mean30d,3.06986989847569e-05,temp_40_50_mean30d,climate_flux
frac_labile,flux_mean30d,3.05628238448803e-05,flux_mean30d,climate_flux
frac_labile,vwc_40_50_sd90d,2.94147833802443e-05,vwc_40_50_sd90d,climate_flux
frac_labile,vwc_40_50_mean7d,2.88948128102782e-05,vwc_40_50_mean7d,climate_flux
frac_labile,rootgrowth_g_m2_day_10_20_minirhizotron_mean180d,2.78336399269292e-05,rootgrowth_g_m2_day_10_20_minirhizotron_mean180d,bgc_sparse
frac_labile,rootstock_g_m2_10_20_minirhizotron_last365d,2.76666112715935e-05,rootstock_g_m2_10_20_minirhizotron_last365d,bgc_sparse
frac_labile,flux_mean7d,2.5244409369944e-05,flux_mean7d,climate_flux
frac_labile,temperature_mean90d,2.50622867933112e-05,temperature_mean90d,climate_flux
frac_labile,vwc_sd90d__missing,2.48483578622516e-05,vwc_sd90d,climate_flux
frac_labile,flux_mean7d__missing,2.4764568927568e-05,flux_mean7d,climate_flux
frac_labile,rootmortality_g_m2_day_10_20_minirhizotron_last365d,2.46240221410528e-05,rootmortality_g_m2_day_10_20_minirhizotron_last365d,bgc_sparse
frac_labile,rootstock_g_m2_0_10_minirhizotron_days_since365d,2.43285384235323e-05,rootstock_g_m2_0_10_minirhizotron_days_since365d,bgc_sparse
frac_labile,vwc_20_30_mean30d,2.37652585703874e-05,vwc_20_30_mean30d,climate_flux
frac_labile,tdn_mg_l_30cm_pwchemistry_days_since365d,2.37534585720349e-05,tdn_mg_l_30cm_pwchemistry_days_since365d,bgc_sparse
frac_labile,vwc_40_50_mean90d,2.28892325836814e-05,vwc_40_50_mean90d,climate_flux
frac_labile,rootmortality_g_m2_day_20_30_minirhizotron_days_since365d__missing,2.2332920065155e-05,rootmortality_g_m2_day_20_30_minirhizotron_days_since365d,bgc_sparse
frac_labile,temperature_mean30d,2.21778425578367e-05,temperature_mean30d,climate_flux
frac_labile,temperature_sd90d,2.20486945853755e-05,temperature_sd90d,climate_flux
frac_labile,rootgrowth_g_m2_day_0_10_minirhizotron_mean180d,2.1237131818046e-05,rootgrowth_g_m2_day_0_10_minirhizotron_mean180d,bgc_sparse
frac_labile,vwc_40_50_mean30d__missing,2.09492399665467e-05,vwc_40_50_mean30d,climate_flux
frac_labile,vwc_40_50_sd90d__missing,2.00549792868161e-05,vwc_40_50_sd90d,climate_flux
frac_labile,temp_40_50_sd30d,1.96368759204484e-05,temp_40_50_sd30d,climate_flux
frac_labile,rootgrowth_g_m2_day_20_30_minirhizotron_mean180d,1.91535494627388e-05,rootgrowth_g_m2_day_20_30_minirhizotron_mean180d,bgc_sparse
frac_labile,temp_20_30_mean30d__missing,1.86452346384838e-05,temp_20_30_mean30d,climate_flux
frac_labile,npoc_mg_l_30cm_pwchemistry_days_since365d,1.83861335500461e-05,npoc_mg_l_30cm_pwchemistry_days_since365d,bgc_sparse
frac_labile,vwc_40_50_mean7d__missing,1.71424213771845e-05,vwc_40_50_mean7d,climate_flux
frac_labile,vwc_40_50_mean30d,1.66644415642252e-05,vwc_40_50_mean30d,climate_flux
frac_labile,rootmortality_g_m2_day_0_10_minirhizotron_last365d__missing,1.4684428617127e-05,rootmortality_g_m2_day_0_10_minirhizotron_last365d,bgc_sparse
frac_labile,rootstock_g_m2_20_30_minirhizotron_mean180d,1.46430704385907e-05,rootstock_g_m2_20_30_minirhizotron_mean180d,bgc_sparse
frac_labile,vwc_20_30_mean7d,1.45429388498988e-05,vwc_20_30_mean7d,climate_flux
frac_labile,rootstock_g_m2_10_20_minirhizotron_mean180d,1.42291127782503e-05,rootstock_g_m2_10_20_minirhizotron_mean180d,bgc_sparse
frac_labile,nh4_ugN_mL_lysimiter_surface_chemistry_mean180d,1.40631473023731e-05,nh4_ugN_mL_lysimiter_surface_chemistry_mean180d,bgc_sparse
frac_labile,rootstock_g_m2_20_30_minirhizotron_last365d,1.39392934248421e-05,rootstock_g_m2_20_30_minirhizotron_last365d,bgc_sparse
frac_labile,vwc_40_50_mean90d__missing,1.35889854449702e-05,vwc_40_50_mean90d,climate_flux
frac_labile,po4_ugP_mL_lysimiter_surface_chemistry_days_since365d__missing,1.24848331678902e-05,po4_ugP_mL_lysimiter_surface_chemistry_days_since365d,bgc_sparse
frac_labile,vwc_20_30_mean30d__missing,1.20888851293102e-05,vwc_20_30_mean30d,climate_flux
frac_labile,flux_sd7d,1.12940339674705e-05,flux_sd7d,climate_flux
frac_labile,temperature_mean90d__missing,1.11996286169644e-05,temperature_mean90d,climate_flux
frac_labile,vwc_mean7d,1.10985172627891e-05,vwc_mean7d,climate_flux
frac_labile,no3_ugN_mL_lysimiter_surface_chemistry_days_since365d__missing,1.08995525016133e-05,no3_ugN_mL_lysimiter_surface_chemistry_days_since365d,bgc_sparse
frac_labile,temp_20_30_sd90d__missing,9.97667567037075e-06,temp_20_30_sd90d,climate_flux
frac_labile,rootstock_g_m2_0_10_minirhizotron_mean180d,9.79860501338403e-06,rootstock_g_m2_0_10_minirhizotron_mean180d,bgc_sparse
frac_labile,temp_40_50_mean90d,9.66670809325132e-06,temp_40_50_mean90d,climate_flux
frac_labile,temperature_mean7d__missing,9.5245825463115e-06,temperature_mean7d,climate_flux
frac_labile,rootgrowth_g_m2_day_0_10_minirhizotron_mean180d__missing,8.35016454952564e-06,rootgrowth_g_m2_day_0_10_minirhizotron_mean180d,bgc_sparse
frac_labile,rootstock_g_m2_20_30_minirhizotron_last365d__missing,8.2202722324205e-06,rootstock_g_m2_20_30_minirhizotron_last365d,bgc_sparse
frac_labile,tdn_mg_l_10cm_pwchemistry_mean180d,7.92631472612926e-06,tdn_mg_l_10cm_pwchemistry_mean180d,bgc_sparse
frac_labile,temp_20_30_sd7d__missing,7.68096075095537e-06,temp_20_30_sd7d,climate_flux
frac_labile,temperature_mean7d,7.62070772373402e-06,temperature_mean7d,climate_flux
frac_labile,vwc_sd7d,7.60682501604104e-06,vwc_sd7d,climate_flux
frac_labile,flux_sd90d,7.53508354105015e-06,flux_sd90d,climate_flux
frac_labile,temp_20_30_mean90d__missing,7.3617454430166e-06,temp_20_30_mean90d,climate_flux
frac_labile,temp_40_50_sd30d__missing,6.85351497940157e-06,temp_40_50_sd30d,climate_flux
frac_labile,temperature_sd30d__missing,6.82771611245969e-06,temperature_sd30d,climate_flux
frac_labile,vwc_sd30d,6.81610079056871e-06,vwc_sd30d,climate_flux
frac_labile,vwc_20_30_mean7d__missing,6.74779191750763e-06,vwc_20_30_mean7d,climate_flux
frac_labile,vwc_20_30_sd7d,6.15027614152486e-06,vwc_20_30_sd7d,climate_flux
frac_labile,doy_cos,6.09549705217494e-06,doy_cos,calendar_time
frac_labile,temp_40_50_mean30d__missing,5.91922029839909e-06,temp_40_50_mean30d,climate_flux
frac_labile,tfvol_ml_plotmean_throughfall_days_since365d__missing,5.8548269553842e-06,tfvol_ml_plotmean_throughfall_days_since365d,bgc_sparse
frac_labile,tfvol_ml_plotmean_throughfall_last365d__missing,5.68759245047468e-06,tfvol_ml_plotmean_throughfall_last365d,bgc_sparse
frac_labile,temp_20_30_sd30d__missing,5.58170856884033e-06,temp_20_30_sd30d,climate_flux
frac_labile,no3_ugN_mL_lysimiter_surface_chemistry_last365d,5.5180982528642e-06,no3_ugN_mL_lysimiter_surface_chemistry_last365d,bgc_sparse
frac_labile,tdn_mgN_L_plotmean_throughfall_days_since365d,5.46360496729692e-06,tdn_mgN_L_plotmean_throughfall_days_since365d,bgc_sparse
frac_labile,vwc_40_50_sd7d,5.17823599755274e-06,vwc_40_50_sd7d,climate_flux
frac_labile,rootmortality_g_m2_day_0_10_minirhizotron_mean180d__missing,4.88755287352061e-06,rootmortality_g_m2_day_0_10_minirhizotron_mean180d,bgc_sparse
frac_labile,vwc_sd7d__missing,4.85084796378787e-06,vwc_sd7d,climate_flux
frac_labile,rootstock_g_m2_20_30_minirhizotron_mean180d__missing,4.56149492588454e-06,rootstock_g_m2_20_30_minirhizotron_mean180d,bgc_sparse
frac_labile,rootmortality_g_m2_day_20_30_minirhizotron_mean180d__missing,4.31642348059214e-06,rootmortality_g_m2_day_20_30_minirhizotron_mean180d,bgc_sparse
frac_labile,rootmortality_g_m2_day_10_20_minirhizotron_mean180d,4.30241130825082e-06,rootmortality_g_m2_day_10_20_minirhizotron_mean180d,bgc_sparse
frac_labile,po4_ugP_mL_lysimiter_surface_chemistry_last365d__missing,4.28450206478459e-06,po4_ugP_mL_lysimiter_surface_chemistry_last365d,bgc_sparse
frac_labile,rootgrowth_g_m2_day_10_20_minirhizotron_last365d__missing,4.25868230141213e-06,rootgrowth_g_m2_day_10_20_minirhizotron_last365d,bgc_sparse
frac_labile,vwc_20_30_mean90d__missing,4.25540663904411e-06,vwc_20_30_mean90d,climate_flux
frac_labile,npoc_ug_mL_lysimiter_surface_chemistry_last365d__missing,4.21118316739944e-06,npoc_ug_mL_lysimiter_surface_chemistry_last365d,bgc_sparse
frac_labile,flux_sd90d__missing,4.21046154056848e-06,flux_sd90d,climate_flux
frac_labile,vwc_40_50_sd7d__missing,4.17714801814251e-06,vwc_40_50_sd7d,climate_flux
frac_labile,temperature_sd7d__missing,4.00096496946789e-06,temperature_sd7d,climate_flux
frac_labile,rootmortality_g_m2_day_10_20_minirhizotron_days_since365d__missing,3.82912693053106e-06,rootmortality_g_m2_day_10_20_minirhizotron_days_since365d,bgc_sparse
frac_labile,vwc_mean30d__missing,3.52702684754891e-06,vwc_mean30d,climate_flux
frac_labile,rootstock_g_m2_0_10_minirhizotron_days_since365d__missing,2.73244272254902e-06,rootstock_g_m2_0_10_minirhizotron_days_since365d,bgc_sparse
frac_labile,npoc_mg_l_10cm_pwchemistry_days_since365d,2.58985823956737e-06,npoc_mg_l_10cm_pwchemistry_days_since365d,bgc_sparse
frac_labile,npoc_ug_mL_lysimiter_surface_chemistry_days_since365d__missing,2.57795034557518e-06,npoc_ug_mL_lysimiter_surface_chemistry_days_since365d,bgc_sparse
frac_labile,vwc_mean7d__missing,2.47738953987664e-06,vwc_mean7d,climate_flux
frac_labile,vwc_40_50_sd30d__missing,2.46511141533978e-06,vwc_40_50_sd30d,climate_flux
frac_labile,npoc_mgC_L_plotmean_throughfall_days_since365d__missing,2.37209251791604e-06,npoc_mgC_L_plotmean_throughfall_days_since365d,bgc_sparse
frac_labile,npoc_mgC_L_plotmean_throughfall_mean180d__missing,2.33496698118008e-06,npoc_mgC_L_plotmean_throughfall_mean180d,bgc_sparse
frac_labile,tdn_mgN_L_plotmean_throughfall_days_since365d__missing,2.29097110023124e-06,tdn_mgN_L_plotmean_throughfall_days_since365d,bgc_sparse
frac_labile,rootmortality_g_m2_day_0_10_minirhizotron_last365d,2.21116012083922e-06,rootmortality_g_m2_day_0_10_minirhizotron_last365d,bgc_sparse
frac_labile,no3_ugN_mL_lysimiter_surface_chemistry_last365d__missing,2.18052248981571e-06,no3_ugN_mL_lysimiter_surface_chemistry_last365d,bgc_sparse
frac_labile,npoc_mgC_L_plotmean_throughfall_last365d__missing,2.08721950008162e-06,npoc_mgC_L_plotmean_throughfall_last365d,bgc_sparse
frac_labile,rootmortality_g_m2_day_10_20_minirhizotron_mean180d__missing,1.79693646117629e-06,rootmortality_g_m2_day_10_20_minirhizotron_mean180d,bgc_sparse
frac_labile,no3_ugN_mL_lysimiter_surface_chemistry_mean180d__missing,1.67696186069977e-06,no3_ugN_mL_lysimiter_surface_chemistry_mean180d,bgc_sparse
frac_labile,vwc_sd30d__missing,1.65727959419115e-06,vwc_sd30d,climate_flux
frac_labile,rootgrowth_g_m2_day_20_30_minirhizotron_last365d__missing,1.63646468290346e-06,rootgrowth_g_m2_day_20_30_minirhizotron_last365d,bgc_sparse
frac_labile,rootstock_g_m2_0_10_minirhizotron_last365d,1.57353247281278e-06,rootstock_g_m2_0_10_minirhizotron_last365d,bgc_sparse
frac_labile,rootgrowth_g_m2_day_0_10_minirhizotron_days_since365d__missing,1.54182573381512e-06,rootgrowth_g_m2_day_0_10_minirhizotron_days_since365d,bgc_sparse
frac_labile,rootstock_g_m2_20_30_minirhizotron_days_since365d__missing,1.25833168273215e-06,rootstock_g_m2_20_30_minirhizotron_days_since365d,bgc_sparse
frac_labile,nh4_ugN_mL_lysimiter_surface_chemistry_last365d__missing,1.25521925286742e-06,nh4_ugN_mL_lysimiter_surface_chemistry_last365d,bgc_sparse
frac_labile,npoc_mgC_L_plotmean_throughfall_last365d,1.22970795040112e-06,npoc_mgC_L_plotmean_throughfall_last365d,bgc_sparse
frac_labile,rootgrowth_g_m2_day_0_10_minirhizotron_last365d__missing,1.20055705491451e-06,rootgrowth_g_m2_day_0_10_minirhizotron_last365d,bgc_sparse
frac_labile,tfvol_ml_plotmean_throughfall_mean180d,1.14100251449734e-06,tfvol_ml_plotmean_throughfall_mean180d,bgc_sparse
frac_labile,tdn_mgN_L_plotmean_throughfall_mean180d__missing,1.11611488541508e-06,tdn_mgN_L_plotmean_throughfall_mean180d,bgc_sparse
frac_labile,tfvol_ml_plotmean_throughfall_mean180d__missing,1.0841811874005e-06,tfvol_ml_plotmean_throughfall_mean180d,bgc_sparse
frac_labile,rootstock_g_m2_0_10_minirhizotron_last365d__missing,1.07389062068153e-06,rootstock_g_m2_0_10_minirhizotron_last365d,bgc_sparse
frac_labile,rootgrowth_g_m2_day_20_30_minirhizotron_days_since365d__missing,8.8048895035131e-07,rootgrowth_g_m2_day_20_30_minirhizotron_days_since365d,bgc_sparse
frac_labile,tdn_mgN_L_plotmean_throughfall_mean180d,8.64495578065672e-07,tdn_mgN_L_plotmean_throughfall_mean180d,bgc_sparse
frac_labile,rootstock_g_m2_10_20_minirhizotron_mean180d__missing,8.64316105489094e-07,rootstock_g_m2_10_20_minirhizotron_mean180d,bgc_sparse
frac_labile,vwc_20_30_sd30d,6.76180158416084e-07,vwc_20_30_sd30d,climate_flux
frac_labile,tfvol_ml_plotmean_throughfall_days_since365d,4.42161538996677e-07,tfvol_ml_plotmean_throughfall_days_since365d,bgc_sparse
frac_labile,temperature_sd90d__missing,2.57013153538432e-07,temperature_sd90d,climate_flux
frac_labile,rootgrowth_g_m2_day_20_30_minirhizotron_mean180d__missing,2.31054693311084e-07,rootgrowth_g_m2_day_20_30_minirhizotron_mean180d,bgc_sparse
frac_labile,rootmortality_g_m2_day_20_30_minirhizotron_last365d,1.97638613490536e-07,rootmortality_g_m2_day_20_30_minirhizotron_last365d,bgc_sparse
frac_labile,rootstock_g_m2_10_20_minirhizotron_last365d__missing,1.77591837353885e-07,rootstock_g_m2_10_20_minirhizotron_last365d,bgc_sparse
frac_labile,tfvol_ml_plotmean_throughfall_last365d,8.72570395022976e-08,tfvol_ml_plotmean_throughfall_last365d,bgc_sparse
frac_labile,npoc_mg_l_30cm_pwchemistry_mean180d__missing,0,npoc_mg_l_30cm_pwchemistry_mean180d,bgc_sparse
frac_labile,tdn_mg_l_30cm_pwchemistry_mean180d__missing,0,tdn_mg_l_30cm_pwchemistry_mean180d,bgc_sparse
frac_labile,npoc_mg_l_10cm_pwchemistry_mean180d__missing,-3.89460149716747e-08,npoc_mg_l_10cm_pwchemistry_mean180d,bgc_sparse
frac_labile,temp_20_30_mean7d__missing,-1.55023853215308e-07,temp_20_30_mean7d,climate_flux
frac_labile,rootmortality_g_m2_day_20_30_minirhizotron_days_since365d,-1.73657531546523e-07,rootmortality_g_m2_day_20_30_minirhizotron_days_since365d,bgc_sparse
frac_labile,npoc_mgC_L_plotmean_throughfall_mean180d,-2.82778380391591e-07,npoc_mgC_L_plotmean_throughfall_mean180d,bgc_sparse
frac_labile,temperature_mean30d__missing,-3.10208678165669e-07,temperature_mean30d,climate_flux
frac_labile,rootgrowth_g_m2_day_10_20_minirhizotron_days_since365d__missing,-4.49172737944092e-07,rootgrowth_g_m2_day_10_20_minirhizotron_days_since365d,bgc_sparse
frac_labile,rootgrowth_g_m2_day_10_20_minirhizotron_mean180d__missing,-6.65008960447411e-07,rootgrowth_g_m2_day_10_20_minirhizotron_mean180d,bgc_sparse
frac_labile,tdn_mgN_L_plotmean_throughfall_last365d__missing,-7.55441313803784e-07,tdn_mgN_L_plotmean_throughfall_last365d,bgc_sparse
frac_labile,vwc_20_30_sd7d__missing,-7.72466710846631e-07,vwc_20_30_sd7d,climate_flux
frac_labile,temperature_sd7d,-8.40299072224049e-07,temperature_sd7d,climate_flux
frac_labile,tn_ug_mL_lysimiter_surface_chemistry_mean180d__missing,-8.47877260435004e-07,tn_ug_mL_lysimiter_surface_chemistry_mean180d,bgc_sparse
frac_labile,flux_mean90d__missing,-9.37599179988258e-07,flux_mean90d,climate_flux
frac_labile,flux_sd7d__missing,-9.84963230510338e-07,flux_sd7d,climate_flux
frac_labile,flux_sd30d__missing,-1.04053121344516e-06,flux_sd30d,climate_flux
frac_labile,rootstock_g_m2_0_10_minirhizotron_mean180d__missing,-1.05763433757478e-06,rootstock_g_m2_0_10_minirhizotron_mean180d,bgc_sparse
frac_labile,po4_ugP_mL_lysimiter_surface_chemistry_mean180d__missing,-1.11117375340997e-06,po4_ugP_mL_lysimiter_surface_chemistry_mean180d,bgc_sparse
frac_labile,tdn_mg_l_10cm_pwchemistry_mean180d__missing,-1.15589969902574e-06,tdn_mg_l_10cm_pwchemistry_mean180d,bgc_sparse
frac_labile,tdn_mg_l_10cm_pwchemistry_days_since365d,-1.39626152565353e-06,tdn_mg_l_10cm_pwchemistry_days_since365d,bgc_sparse
frac_labile,npoc_mgC_L_plotmean_throughfall_days_since365d,-1.4232448505791e-06,npoc_mgC_L_plotmean_throughfall_days_since365d,bgc_sparse
frac_labile,rootmortality_g_m2_day_20_30_minirhizotron_last365d__missing,-1.59303115011045e-06,rootmortality_g_m2_day_20_30_minirhizotron_last365d,bgc_sparse
frac_labile,rootgrowth_g_m2_day_20_30_minirhizotron_days_since365d,-2.1037937222621e-06,rootgrowth_g_m2_day_20_30_minirhizotron_days_since365d,bgc_sparse
frac_labile,vwc_mean90d__missing,-2.22798330745477e-06,vwc_mean90d,climate_flux
frac_labile,vwc_40_50_sd30d,-2.27361961848316e-06,vwc_40_50_sd30d,climate_flux
frac_labile,tn_ug_mL_lysimiter_surface_chemistry_last365d__missing,-2.2945183030294e-06,tn_ug_mL_lysimiter_surface_chemistry_last365d,bgc_sparse
frac_labile,rootmortality_g_m2_day_10_20_minirhizotron_last365d__missing,-2.51800829888005e-06,rootmortality_g_m2_day_10_20_minirhizotron_last365d,bgc_sparse
frac_labile,vwc_20_30_sd90d__missing,-2.65509309276113e-06,vwc_20_30_sd90d,climate_flux
frac_labile,rootstock_g_m2_10_20_minirhizotron_days_since365d__missing,-2.66006683359787e-06,rootstock_g_m2_10_20_minirhizotron_days_since365d,bgc_sparse
frac_labile,rootmortality_g_m2_day_0_10_minirhizotron_days_since365d__missing,-3.03602593609464e-06,rootmortality_g_m2_day_0_10_minirhizotron_days_since365d,bgc_sparse
frac_labile,nh4_ugN_mL_lysimiter_surface_chemistry_last365d,-3.15416007486968e-06,nh4_ugN_mL_lysimiter_surface_chemistry_last365d,bgc_sparse
frac_labile,litterfall_mean_g_m2_mean180d,-3.40037443449881e-06,litterfall_mean_g_m2_mean180d,bgc_sparse
frac_labile,tdn_mgN_L_plotmean_throughfall_last365d,-3.43824959176842e-06,tdn_mgN_L_plotmean_throughfall_last365d,bgc_sparse
frac_labile,temp_40_50_sd90d__missing,-3.47076064509544e-06,temp_40_50_sd90d,climate_flux
frac_labile,temp_40_50_mean7d__missing,-3.65822278762695e-06,temp_40_50_mean7d,climate_flux
frac_labile,vwc_sd90d,-4.29408606224557e-06,vwc_sd90d,climate_flux
frac_labile,rootmortality_g_m2_day_0_10_minirhizotron_days_since365d,-4.81114226570134e-06,rootmortality_g_m2_day_0_10_minirhizotron_days_since365d,bgc_sparse
frac_labile,rootgrowth_g_m2_day_0_10_minirhizotron_days_since365d,-5.14310104553895e-06,rootgrowth_g_m2_day_0_10_minirhizotron_days_since365d,bgc_sparse
frac_labile,nh4_ugN_mL_lysimiter_surface_chemistry_days_since365d__missing,-5.41457802251655e-06,nh4_ugN_mL_lysimiter_surface_chemistry_days_since365d,bgc_sparse
frac_labile,temp_40_50_mean90d__missing,-5.51044838162262e-06,temp_40_50_mean90d,climate_flux
frac_labile,flux_sd30d,-5.93218675332019e-06,flux_sd30d,climate_flux
frac_labile,npoc_ug_mL_lysimiter_surface_chemistry_mean180d__missing,-6.08453046418989e-06,npoc_ug_mL_lysimiter_surface_chemistry_mean180d,bgc_sparse
frac_labile,rootgrowth_g_m2_day_10_20_minirhizotron_days_since365d,-6.53935033325981e-06,rootgrowth_g_m2_day_10_20_minirhizotron_days_since365d,bgc_sparse
frac_labile,vwc_20_30_sd30d__missing,-7.36029232613733e-06,vwc_20_30_sd30d,climate_flux
frac_labile,po4_ugP_mL_lysimiter_surface_chemistry_last365d,-7.84254036978438e-06,po4_ugP_mL_lysimiter_surface_chemistry_last365d,bgc_sparse
frac_labile,temp_40_50_sd7d__missing,-8.94822297702391e-06,temp_40_50_sd7d,climate_flux
frac_labile,rootstock_g_m2_10_20_minirhizotron_days_since365d,-1.09089395393409e-05,rootstock_g_m2_10_20_minirhizotron_days_since365d,bgc_sparse
frac_labile,rootgrowth_g_m2_day_0_10_minirhizotron_last365d,-1.13268393303447e-05,rootgrowth_g_m2_day_0_10_minirhizotron_last365d,bgc_sparse
frac_labile,rootmortality_g_m2_day_10_20_minirhizotron_days_since365d,-1.18920839266006e-05,rootmortality_g_m2_day_10_20_minirhizotron_days_since365d,bgc_sparse
frac_labile,rootgrowth_g_m2_day_20_30_minirhizotron_last365d,-1.24140086020588e-05,rootgrowth_g_m2_day_20_30_minirhizotron_last365d,bgc_sparse
frac_labile,rootmortality_g_m2_day_20_30_minirhizotron_mean180d,-1.3853613269869e-05,rootmortality_g_m2_day_20_30_minirhizotron_mean180d,bgc_sparse
frac_labile,nh4_ugN_mL_lysimiter_surface_chemistry_mean180d__missing,-1.51843497723099e-05,nh4_ugN_mL_lysimiter_surface_chemistry_mean180d,bgc_sparse
frac_labile,temp_40_50_sd7d,-1.52601104716155e-05,temp_40_50_sd7d,climate_flux
frac_labile,litterfall_mean_g_m2_days_since365d,-1.86663902950139e-05,litterfall_mean_g_m2_days_since365d,bgc_sparse
frac_labile,tn_ug_mL_lysimiter_surface_chemistry_days_since365d__missing,-1.87098136824329e-05,tn_ug_mL_lysimiter_surface_chemistry_days_since365d,bgc_sparse
frac_labile,rootstock_g_m2_20_30_minirhizotron_days_since365d,-2.09302073802957e-05,rootstock_g_m2_20_30_minirhizotron_days_since365d,bgc_sparse
frac_labile,temp_40_50_sd90d,-2.09687992835759e-05,temp_40_50_sd90d,climate_flux
frac_labile,temp_20_30_sd90d,-2.22326064778335e-05,temp_20_30_sd90d,climate_flux
frac_labile,temp_20_30_sd7d,-2.29600262829368e-05,temp_20_30_sd7d,climate_flux
frac_labile,rootgrowth_g_m2_day_10_20_minirhizotron_last365d,-6.11463700005552e-05,rootgrowth_g_m2_day_10_20_minirhizotron_last365d,bgc_sparse
frac_aromatic,depth_group,0.00294100175572986,depth_group,experimental_structure
frac_aromatic,date_num,0.000773222783038317,date_num,calendar_time
frac_aromatic,npoc_mg_l_10cm_pwchemistry_mean180d,0.000643552828164873,npoc_mg_l_10cm_pwchemistry_mean180d,bgc_sparse
frac_aromatic,no3_ugN_mL_lysimiter_surface_chemistry_mean180d,0.000394441080803766,no3_ugN_mL_lysimiter_surface_chemistry_mean180d,bgc_sparse
frac_aromatic,year,0.000383115368716019,year,calendar_time
frac_aromatic,tn_ug_mL_lysimiter_surface_chemistry_mean180d,0.000312557368345692,tn_ug_mL_lysimiter_surface_chemistry_mean180d,bgc_sparse
frac_aromatic,npoc_mg_l_10cm_pwchemistry_last365d,0.000279971311785678,npoc_mg_l_10cm_pwchemistry_last365d,bgc_sparse
frac_aromatic,tn_ug_mL_lysimiter_surface_chemistry_last365d,0.000226565059744554,tn_ug_mL_lysimiter_surface_chemistry_last365d,bgc_sparse
frac_aromatic,temperature_sd90d,0.000208334523244955,temperature_sd90d,climate_flux
frac_aromatic,vwc_20_30_sd90d,0.000191566875349413,vwc_20_30_sd90d,climate_flux
frac_aromatic,vwc_40_50_sd90d,0.000172071751715402,vwc_40_50_sd90d,climate_flux
frac_aromatic,tdn_mg_l_10cm_pwchemistry_last365d,0.000147556354360611,tdn_mg_l_10cm_pwchemistry_last365d,bgc_sparse
frac_aromatic,flux_mean90d,0.000141880228765995,flux_mean90d,climate_flux
frac_aromatic,litterfall_mean_g_m2_last365d,0.000136042445423546,litterfall_mean_g_m2_last365d,bgc_sparse
frac_aromatic,tdn_mg_l_30cm_pwchemistry_mean180d,0.000129364799173904,tdn_mg_l_30cm_pwchemistry_mean180d,bgc_sparse
frac_aromatic,nh4_ugN_mL_lysimiter_surface_chemistry_mean180d,0.000127654234062893,nh4_ugN_mL_lysimiter_surface_chemistry_mean180d,bgc_sparse
frac_aromatic,npoc_ug_mL_lysimiter_surface_chemistry_days_since365d,0.000111047442280805,npoc_ug_mL_lysimiter_surface_chemistry_days_since365d,bgc_sparse
frac_aromatic,vwc_mean30d,0.000103548547538106,vwc_mean30d,climate_flux
frac_aromatic,vwc_20_30_mean7d,9.32536692443331e-05,vwc_20_30_mean7d,climate_flux
frac_aromatic,rootmortality_g_m2_day_20_30_minirhizotron_mean180d,8.94657441112448e-05,rootmortality_g_m2_day_20_30_minirhizotron_mean180d,bgc_sparse
frac_aromatic,vwc_40_50_mean90d,8.33163352910034e-05,vwc_40_50_mean90d,climate_flux
frac_aromatic,no3_ugN_mL_lysimiter_surface_chemistry_last365d,8.18629796056736e-05,no3_ugN_mL_lysimiter_surface_chemistry_last365d,bgc_sparse
frac_aromatic,litterfall_mean_g_m2_mean180d,7.94514356840335e-05,litterfall_mean_g_m2_mean180d,bgc_sparse
frac_aromatic,rootstock_g_m2_10_20_minirhizotron_mean180d,7.91807973475984e-05,rootstock_g_m2_10_20_minirhizotron_mean180d,bgc_sparse
frac_aromatic,rootgrowth_g_m2_day_0_10_minirhizotron_last365d__missing,7.85045777571722e-05,rootgrowth_g_m2_day_0_10_minirhizotron_last365d,bgc_sparse
frac_aromatic,rootstock_g_m2_10_20_minirhizotron_days_since365d__missing,7.74596418865674e-05,rootstock_g_m2_10_20_minirhizotron_days_since365d,bgc_sparse
frac_aromatic,tdn_mg_l_30cm_pwchemistry_last365d,7.6862195902172e-05,tdn_mg_l_30cm_pwchemistry_last365d,bgc_sparse
frac_aromatic,rootgrowth_g_m2_day_10_20_minirhizotron_days_since365d,7.67882058637692e-05,rootgrowth_g_m2_day_10_20_minirhizotron_days_since365d,bgc_sparse
frac_aromatic,rootgrowth_g_m2_day_0_10_minirhizotron_days_since365d,7.44803383870194e-05,rootgrowth_g_m2_day_0_10_minirhizotron_days_since365d,bgc_sparse
frac_aromatic,vwc_20_30_mean30d,7.07866076290746e-05,vwc_20_30_mean30d,climate_flux
frac_aromatic,vwc_40_50_mean7d,6.74838816929966e-05,vwc_40_50_mean7d,climate_flux
frac_aromatic,rootgrowth_g_m2_day_20_30_minirhizotron_mean180d,6.59562464264907e-05,rootgrowth_g_m2_day_20_30_minirhizotron_mean180d,bgc_sparse
frac_aromatic,npoc_ug_mL_lysimiter_surface_chemistry_last365d,6.32568897274159e-05,npoc_ug_mL_lysimiter_surface_chemistry_last365d,bgc_sparse
frac_aromatic,vwc_mean90d,6.28798248461173e-05,vwc_mean90d,climate_flux
frac_aromatic,vwc_sd90d,6.21529843844471e-05,vwc_sd90d,climate_flux
frac_aromatic,vwc_40_50_mean30d,6.19095092600164e-05,vwc_40_50_mean30d,climate_flux
frac_aromatic,flux_sd90d,6.12381438229726e-05,flux_sd90d,climate_flux
frac_aromatic,vwc_mean7d,6.06772467063292e-05,vwc_mean7d,climate_flux
frac_aromatic,npoc_ug_mL_lysimiter_surface_chemistry_mean180d,5.84163769298216e-05,npoc_ug_mL_lysimiter_surface_chemistry_mean180d,bgc_sparse
frac_aromatic,npoc_mg_l_30cm_pwchemistry_last365d,5.82045427408136e-05,npoc_mg_l_30cm_pwchemistry_last365d,bgc_sparse
frac_aromatic,rootstock_g_m2_10_20_minirhizotron_days_since365d,5.81059269193702e-05,rootstock_g_m2_10_20_minirhizotron_days_since365d,bgc_sparse
frac_aromatic,rootgrowth_g_m2_day_10_20_minirhizotron_last365d__missing,5.72720723905289e-05,rootgrowth_g_m2_day_10_20_minirhizotron_last365d,bgc_sparse
frac_aromatic,litterfall_mean_g_m2_days_since365d,5.62483984776732e-05,litterfall_mean_g_m2_days_since365d,bgc_sparse
frac_aromatic,po4_ugP_mL_lysimiter_surface_chemistry_days_since365d,5.14404226562595e-05,po4_ugP_mL_lysimiter_surface_chemistry_days_since365d,bgc_sparse
frac_aromatic,rootmortality_g_m2_day_10_20_minirhizotron_mean180d,5.12053224124913e-05,rootmortality_g_m2_day_10_20_minirhizotron_mean180d,bgc_sparse
frac_aromatic,rootmortality_g_m2_day_10_20_minirhizotron_days_since365d__missing,5.11098304257152e-05,rootmortality_g_m2_day_10_20_minirhizotron_days_since365d,bgc_sparse
frac_aromatic,temp_20_30_sd90d__missing,5.07136238778265e-05,temp_20_30_sd90d,climate_flux
frac_aromatic,tn_ug_mL_lysimiter_surface_chemistry_days_since365d,5.04578623699994e-05,tn_ug_mL_lysimiter_surface_chemistry_days_since365d,bgc_sparse
frac_aromatic,rootgrowth_g_m2_day_0_10_minirhizotron_days_since365d__missing,4.70220808210717e-05,rootgrowth_g_m2_day_0_10_minirhizotron_days_since365d,bgc_sparse
frac_aromatic,rootstock_g_m2_20_30_minirhizotron_days_since365d__missing,4.60912236305453e-05,rootstock_g_m2_20_30_minirhizotron_days_since365d,bgc_sparse
frac_aromatic,rootstock_g_m2_20_30_minirhizotron_mean180d,4.4389905726284e-05,rootstock_g_m2_20_30_minirhizotron_mean180d,bgc_sparse
frac_aromatic,rootstock_g_m2_0_10_minirhizotron_mean180d__missing,4.10126184260444e-05,rootstock_g_m2_0_10_minirhizotron_mean180d,bgc_sparse
frac_aromatic,temp_40_50_mean90d__missing,3.99107248736537e-05,temp_40_50_mean90d,climate_flux
frac_aromatic,temp_40_50_mean30d,3.94096211734742e-05,temp_40_50_mean30d,climate_flux
frac_aromatic,rootstock_g_m2_10_20_minirhizotron_last365d,3.93076564185835e-05,rootstock_g_m2_10_20_minirhizotron_last365d,bgc_sparse
frac_aromatic,temp_20_30_mean90d,3.80473131540973e-05,temp_20_30_mean90d,climate_flux
frac_aromatic,po4_ugP_mL_lysimiter_surface_chemistry_last365d,3.72186889284865e-05,po4_ugP_mL_lysimiter_surface_chemistry_last365d,bgc_sparse
frac_aromatic,rootgrowth_g_m2_day_0_10_minirhizotron_mean180d__missing,3.70520812236876e-05,rootgrowth_g_m2_day_0_10_minirhizotron_mean180d,bgc_sparse
frac_aromatic,rootstock_g_m2_0_10_minirhizotron_last365d,3.61623838819647e-05,rootstock_g_m2_0_10_minirhizotron_last365d,bgc_sparse
frac_aromatic,rootstock_g_m2_0_10_minirhizotron_mean180d,3.59420268801391e-05,rootstock_g_m2_0_10_minirhizotron_mean180d,bgc_sparse
frac_aromatic,po4_ugP_mL_lysimiter_surface_chemistry_mean180d,3.45795449366206e-05,po4_ugP_mL_lysimiter_surface_chemistry_mean180d,bgc_sparse
frac_aromatic,npoc_ug_mL_lysimiter_surface_chemistry_mean180d__missing,3.39567610440592e-05,npoc_ug_mL_lysimiter_surface_chemistry_mean180d,bgc_sparse
frac_aromatic,vwc_sd90d__missing,3.216696565374e-05,vwc_sd90d,climate_flux
frac_aromatic,vwc_40_50_sd30d,2.97000119735253e-05,vwc_40_50_sd30d,climate_flux
frac_aromatic,no3_ugN_mL_lysimiter_surface_chemistry_mean180d__missing,2.95694753157865e-05,no3_ugN_mL_lysimiter_surface_chemistry_mean180d,bgc_sparse
frac_aromatic,rootmortality_g_m2_day_10_20_minirhizotron_days_since365d,2.80174489866176e-05,rootmortality_g_m2_day_10_20_minirhizotron_days_since365d,bgc_sparse
frac_aromatic,flux_mean7d,2.75470531843558e-05,flux_mean7d,climate_flux
frac_aromatic,temp_40_50_mean7d,2.58336234012968e-05,temp_40_50_mean7d,climate_flux
frac_aromatic,rootgrowth_g_m2_day_20_30_minirhizotron_mean180d__missing,2.54221209750058e-05,rootgrowth_g_m2_day_20_30_minirhizotron_mean180d,bgc_sparse
frac_aromatic,rootmortality_g_m2_day_0_10_minirhizotron_last365d__missing,2.4678726053222e-05,rootmortality_g_m2_day_0_10_minirhizotron_last365d,bgc_sparse
frac_aromatic,npoc_mg_l_30cm_pwchemistry_mean180d,2.42239245216087e-05,npoc_mg_l_30cm_pwchemistry_mean180d,bgc_sparse
frac_aromatic,flux_mean30d,2.37654104920297e-05,flux_mean30d,climate_flux
frac_aromatic,flux_mean90d__missing,2.25694132683447e-05,flux_mean90d,climate_flux
frac_aromatic,rootgrowth_g_m2_day_0_10_minirhizotron_mean180d,2.18594228278528e-05,rootgrowth_g_m2_day_0_10_minirhizotron_mean180d,bgc_sparse
frac_aromatic,vwc_mean90d__missing,2.17415489816835e-05,vwc_mean90d,climate_flux
frac_aromatic,rootgrowth_g_m2_day_10_20_minirhizotron_mean180d__missing,2.15284415147361e-05,rootgrowth_g_m2_day_10_20_minirhizotron_mean180d,bgc_sparse
frac_aromatic,temp_20_30_mean30d,2.14147260750779e-05,temp_20_30_mean30d,climate_flux
frac_aromatic,no3_ugN_mL_lysimiter_surface_chemistry_days_since365d__missing,1.95867205267224e-05,no3_ugN_mL_lysimiter_surface_chemistry_days_since365d,bgc_sparse
frac_aromatic,rootgrowth_g_m2_day_10_20_minirhizotron_days_since365d__missing,1.94265882295495e-05,rootgrowth_g_m2_day_10_20_minirhizotron_days_since365d,bgc_sparse
frac_aromatic,temp_40_50_mean7d__missing,1.90078682779866e-05,temp_40_50_mean7d,climate_flux
frac_aromatic,po4_ugP_mL_lysimiter_surface_chemistry_days_since365d__missing,1.69124271974823e-05,po4_ugP_mL_lysimiter_surface_chemistry_days_since365d,bgc_sparse
frac_aromatic,rootmortality_g_m2_day_10_20_minirhizotron_last365d,1.65655602126433e-05,rootmortality_g_m2_day_10_20_minirhizotron_last365d,bgc_sparse
frac_aromatic,vwc_20_30_mean90d__missing,1.56572858264958e-05,vwc_20_30_mean90d,climate_flux
frac_aromatic,temperature_sd7d__missing,1.55220738497581e-05,temperature_sd7d,climate_flux
frac_aromatic,rootmortality_g_m2_day_0_10_minirhizotron_days_since365d__missing,1.54922432803783e-05,rootmortality_g_m2_day_0_10_minirhizotron_days_since365d,bgc_sparse
frac_aromatic,vwc_40_50_sd30d__missing,1.49786225199677e-05,vwc_40_50_sd30d,climate_flux
frac_aromatic,po4_ugP_mL_lysimiter_surface_chemistry_mean180d__missing,1.4635810896501e-05,po4_ugP_mL_lysimiter_surface_chemistry_mean180d,bgc_sparse
frac_aromatic,rootmortality_g_m2_day_0_10_minirhizotron_mean180d__missing,1.413892003466e-05,rootmortality_g_m2_day_0_10_minirhizotron_mean180d,bgc_sparse
frac_aromatic,npoc_ug_mL_lysimiter_surface_chemistry_last365d__missing,1.38486385051129e-05,npoc_ug_mL_lysimiter_surface_chemistry_last365d,bgc_sparse
frac_aromatic,temp_40_50_sd7d,1.33099624621069e-05,temp_40_50_sd7d,climate_flux
frac_aromatic,vwc_20_30_sd90d__missing,1.31976977488215e-05,vwc_20_30_sd90d,climate_flux
frac_aromatic,vwc_40_50_sd7d__missing,1.27190584396342e-05,vwc_40_50_sd7d,climate_flux
frac_aromatic,no3_ugN_mL_lysimiter_surface_chemistry_days_since365d,1.26726785358169e-05,no3_ugN_mL_lysimiter_surface_chemistry_days_since365d,bgc_sparse
frac_aromatic,rootmortality_g_m2_day_20_30_minirhizotron_last365d__missing,1.21701021826395e-05,rootmortality_g_m2_day_20_30_minirhizotron_last365d,bgc_sparse
frac_aromatic,vwc_20_30_sd7d__missing,1.16569714615147e-05,vwc_20_30_sd7d,climate_flux
frac_aromatic,rootmortality_g_m2_day_20_30_minirhizotron_last365d,1.1603622298697e-05,rootmortality_g_m2_day_20_30_minirhizotron_last365d,bgc_sparse
frac_aromatic,tfvol_ml_plotmean_throughfall_days_since365d__missing,1.09158950081412e-05,tfvol_ml_plotmean_throughfall_days_since365d,bgc_sparse
frac_aromatic,rootmortality_g_m2_day_0_10_minirhizotron_mean180d,1.05470996546186e-05,rootmortality_g_m2_day_0_10_minirhizotron_mean180d,bgc_sparse
frac_aromatic,tn_ug_mL_lysimiter_surface_chemistry_last365d__missing,1.04808476608265e-05,tn_ug_mL_lysimiter_surface_chemistry_last365d,bgc_sparse
frac_aromatic,vwc_20_30_sd30d__missing,1.03193123169174e-05,vwc_20_30_sd30d,climate_flux
frac_aromatic,rootgrowth_g_m2_day_20_30_minirhizotron_days_since365d__missing,1.02526029238221e-05,rootgrowth_g_m2_day_20_30_minirhizotron_days_since365d,bgc_sparse
frac_aromatic,vwc_40_50_mean7d__missing,9.97062014683792e-06,vwc_40_50_mean7d,climate_flux
frac_aromatic,rootmortality_g_m2_day_10_20_minirhizotron_last365d__missing,9.91654970605049e-06,rootmortality_g_m2_day_10_20_minirhizotron_last365d,bgc_sparse
frac_aromatic,temp_20_30_mean30d__missing,9.33807865106706e-06,temp_20_30_mean30d,climate_flux
frac_aromatic,vwc_40_50_mean90d__missing,8.7795996569684e-06,vwc_40_50_mean90d,climate_flux
frac_aromatic,flux_sd90d__missing,8.46421973944977e-06,flux_sd90d,climate_flux
frac_aromatic,rootstock_g_m2_0_10_minirhizotron_days_since365d,8.18851488919137e-06,rootstock_g_m2_0_10_minirhizotron_days_since365d,bgc_sparse
frac_aromatic,vwc_20_30_sd30d,8.09834442617108e-06,vwc_20_30_sd30d,climate_flux
frac_aromatic,vwc_40_50_sd90d__missing,7.36754422364316e-06,vwc_40_50_sd90d,climate_flux
frac_aromatic,rootgrowth_g_m2_day_20_30_minirhizotron_last365d,7.01028878283494e-06,rootgrowth_g_m2_day_20_30_minirhizotron_last365d,bgc_sparse
frac_aromatic,rootgrowth_g_m2_day_20_30_minirhizotron_last365d__missing,6.99277136238186e-06,rootgrowth_g_m2_day_20_30_minirhizotron_last365d,bgc_sparse
frac_aromatic,tdn_mg_l_10cm_pwchemistry_days_since365d,6.86926570919266e-06,tdn_mg_l_10cm_pwchemistry_days_since365d,bgc_sparse
frac_aromatic,rootmortality_g_m2_day_10_20_minirhizotron_mean180d__missing,6.69681679290179e-06,rootmortality_g_m2_day_10_20_minirhizotron_mean180d,bgc_sparse
frac_aromatic,temp_40_50_mean30d__missing,6.53705182193787e-06,temp_40_50_mean30d,climate_flux
frac_aromatic,nh4_ugN_mL_lysimiter_surface_chemistry_last365d,6.48125263488963e-06,nh4_ugN_mL_lysimiter_surface_chemistry_last365d,bgc_sparse
frac_aromatic,tn_ug_mL_lysimiter_surface_chemistry_mean180d__missing,6.13562248972044e-06,tn_ug_mL_lysimiter_surface_chemistry_mean180d,bgc_sparse
frac_aromatic,rootstock_g_m2_10_20_minirhizotron_last365d__missing,6.03321216327579e-06,rootstock_g_m2_10_20_minirhizotron_last365d,bgc_sparse
frac_aromatic,flux_mean7d__missing,5.94706374879639e-06,flux_mean7d,climate_flux
frac_aromatic,npoc_ug_mL_lysimiter_surface_chemistry_days_since365d__missing,5.61898737568622e-06,npoc_ug_mL_lysimiter_surface_chemistry_days_since365d,bgc_sparse
frac_aromatic,vwc_mean30d__missing,4.84713961076699e-06,vwc_mean30d,climate_flux
frac_aromatic,treatment,4.83743283645799e-06,treatment,experimental_structure
frac_aromatic,vwc_mean7d__missing,4.59559822220368e-06,vwc_mean7d,climate_flux
frac_aromatic,temperature_sd30d__missing,4.4007582712664e-06,temperature_sd30d,climate_flux
frac_aromatic,vwc_20_30_mean7d__missing,4.20597679610224e-06,vwc_20_30_mean7d,climate_flux
frac_aromatic,nh4_ugN_mL_lysimiter_surface_chemistry_mean180d__missing,3.9080053339402e-06,nh4_ugN_mL_lysimiter_surface_chemistry_mean180d,bgc_sparse
frac_aromatic,nh4_ugN_mL_lysimiter_surface_chemistry_days_since365d__missing,3.58253009085474e-06,nh4_ugN_mL_lysimiter_surface_chemistry_days_since365d,bgc_sparse
frac_aromatic,tdn_mgN_L_plotmean_throughfall_days_since365d,3.40493765604921e-06,tdn_mgN_L_plotmean_throughfall_days_since365d,bgc_sparse
frac_aromatic,flux_sd30d__missing,3.14679867808421e-06,flux_sd30d,climate_flux
frac_aromatic,temp_20_30_sd30d__missing,2.83171796789894e-06,temp_20_30_sd30d,climate_flux
frac_aromatic,temp_20_30_sd7d__missing,2.80133115904202e-06,temp_20_30_sd7d,climate_flux
frac_aromatic,tfvol_ml_plotmean_throughfall_mean180d__missing,2.26124373866821e-06,tfvol_ml_plotmean_throughfall_mean180d,bgc_sparse
frac_aromatic,temp_40_50_sd7d__missing,1.87451237772573e-06,temp_40_50_sd7d,climate_flux
frac_aromatic,tdn_mgN_L_plotmean_throughfall_last365d__missing,1.72595331977043e-06,tdn_mgN_L_plotmean_throughfall_last365d,bgc_sparse
frac_aromatic,temperature_mean30d__missing,1.65982210045912e-06,temperature_mean30d,climate_flux
frac_aromatic,tdn_mgN_L_plotmean_throughfall_days_since365d__missing,1.55685674500128e-06,tdn_mgN_L_plotmean_throughfall_days_since365d,bgc_sparse
frac_aromatic,vwc_40_50_sd7d,1.54161698780575e-06,vwc_40_50_sd7d,climate_flux
frac_aromatic,nh4_ugN_mL_lysimiter_surface_chemistry_last365d__missing,1.02150380902222e-06,nh4_ugN_mL_lysimiter_surface_chemistry_last365d,bgc_sparse
frac_aromatic,tfvol_ml_plotmean_throughfall_days_since365d,9.03140699582528e-07,tfvol_ml_plotmean_throughfall_days_since365d,bgc_sparse
frac_aromatic,npoc_mgC_L_plotmean_throughfall_days_since365d__missing,7.45092343665377e-07,npoc_mgC_L_plotmean_throughfall_days_since365d,bgc_sparse
frac_aromatic,rootmortality_g_m2_day_0_10_minirhizotron_days_since365d,5.90711733759131e-07,rootmortality_g_m2_day_0_10_minirhizotron_days_since365d,bgc_sparse
frac_aromatic,npoc_mgC_L_plotmean_throughfall_last365d,5.66623159080848e-07,npoc_mgC_L_plotmean_throughfall_last365d,bgc_sparse
frac_aromatic,rootstock_g_m2_0_10_minirhizotron_last365d__missing,5.25581106097128e-07,rootstock_g_m2_0_10_minirhizotron_last365d,bgc_sparse
frac_aromatic,tdn_mgN_L_plotmean_throughfall_mean180d__missing,2.54508742384418e-07,tdn_mgN_L_plotmean_throughfall_mean180d,bgc_sparse
frac_aromatic,npoc_mg_l_10cm_pwchemistry_mean180d__missing,2.12881778455687e-07,npoc_mg_l_10cm_pwchemistry_mean180d,bgc_sparse
frac_aromatic,tfvol_ml_plotmean_throughfall_last365d__missing,1.95000721671557e-07,tfvol_ml_plotmean_throughfall_last365d,bgc_sparse
frac_aromatic,tdn_mg_l_10cm_pwchemistry_mean180d__missing,5.91493504493723e-08,tdn_mg_l_10cm_pwchemistry_mean180d,bgc_sparse
frac_aromatic,tfvol_ml_plotmean_throughfall_last365d,5.74269820234896e-08,tfvol_ml_plotmean_throughfall_last365d,bgc_sparse
frac_aromatic,temp_40_50_sd30d__missing,2.72553741931247e-08,temp_40_50_sd30d,climate_flux
frac_aromatic,npoc_mg_l_30cm_pwchemistry_mean180d__missing,0,npoc_mg_l_30cm_pwchemistry_mean180d,bgc_sparse
frac_aromatic,tdn_mg_l_30cm_pwchemistry_mean180d__missing,0,tdn_mg_l_30cm_pwchemistry_mean180d,bgc_sparse
frac_aromatic,temperature_mean7d__missing,-2.69679718817084e-07,temperature_mean7d,climate_flux
frac_aromatic,rootstock_g_m2_20_30_minirhizotron_last365d,-4.29113348527466e-07,rootstock_g_m2_20_30_minirhizotron_last365d,bgc_sparse
frac_aromatic,npoc_mgC_L_plotmean_throughfall_last365d__missing,-5.58088615865593e-07,npoc_mgC_L_plotmean_throughfall_last365d,bgc_sparse
frac_aromatic,vwc_sd30d__missing,-5.71226810449854e-07,vwc_sd30d,climate_flux
frac_aromatic,npoc_mgC_L_plotmean_throughfall_days_since365d,-9.2189255382813e-07,npoc_mgC_L_plotmean_throughfall_days_since365d,bgc_sparse
frac_aromatic,tdn_mgN_L_plotmean_throughfall_last365d,-9.22150554695911e-07,tdn_mgN_L_plotmean_throughfall_last365d,bgc_sparse
frac_aromatic,tn_ug_mL_lysimiter_surface_chemistry_days_since365d__missing,-1.10431597819405e-06,tn_ug_mL_lysimiter_surface_chemistry_days_since365d,bgc_sparse
frac_aromatic,npoc_mgC_L_plotmean_throughfall_mean180d,-1.21625251805946e-06,npoc_mgC_L_plotmean_throughfall_mean180d,bgc_sparse
frac_aromatic,tdn_mgN_L_plotmean_throughfall_mean180d,-2.16073692035645e-06,tdn_mgN_L_plotmean_throughfall_mean180d,bgc_sparse
frac_aromatic,tfvol_ml_plotmean_throughfall_mean180d,-2.55351992428077e-06,tfvol_ml_plotmean_throughfall_mean180d,bgc_sparse
frac_aromatic,temperature_sd90d__missing,-2.72037737487207e-06,temperature_sd90d,climate_flux
frac_aromatic,npoc_mgC_L_plotmean_throughfall_mean180d__missing,-3.39895313165228e-06,npoc_mgC_L_plotmean_throughfall_mean180d,bgc_sparse
frac_aromatic,vwc_20_30_mean90d,-5.06083143494229e-06,vwc_20_30_mean90d,climate_flux
frac_aromatic,no3_ugN_mL_lysimiter_surface_chemistry_last365d__missing,-5.09681613925261e-06,no3_ugN_mL_lysimiter_surface_chemistry_last365d,bgc_sparse
frac_aromatic,flux_mean30d__missing,-5.28326826437287e-06,flux_mean30d,climate_flux
frac_aromatic,temp_20_30_mean90d__missing,-5.63185087501061e-06,temp_20_30_mean90d,climate_flux
frac_aromatic,rootstock_g_m2_20_30_minirhizotron_mean180d__missing,-5.98807158592529e-06,rootstock_g_m2_20_30_minirhizotron_mean180d,bgc_sparse
frac_aromatic,rootstock_g_m2_10_20_minirhizotron_mean180d__missing,-6.51320506690012e-06,rootstock_g_m2_10_20_minirhizotron_mean180d,bgc_sparse
frac_aromatic,temperature_mean7d,-6.68512324147219e-06,temperature_mean7d,climate_flux
frac_aromatic,nh4_ugN_mL_lysimiter_surface_chemistry_days_since365d,-6.84863324240581e-06,nh4_ugN_mL_lysimiter_surface_chemistry_days_since365d,bgc_sparse
frac_aromatic,vwc_40_50_mean30d__missing,-6.88728352344969e-06,vwc_40_50_mean30d,climate_flux
frac_aromatic,vwc_20_30_sd7d,-7.35068848987419e-06,vwc_20_30_sd7d,climate_flux
frac_aromatic,flux_sd7d__missing,-7.88422713992998e-06,flux_sd7d,climate_flux
frac_aromatic,rootstock_g_m2_20_30_minirhizotron_last365d__missing,-9.36179630577261e-06,rootstock_g_m2_20_30_minirhizotron_last365d,bgc_sparse
frac_aromatic,vwc_sd7d__missing,-1.16293944622519e-05,vwc_sd7d,climate_flux
frac_aromatic,po4_ugP_mL_lysimiter_surface_chemistry_last365d__missing,-1.29326733271236e-05,po4_ugP_mL_lysimiter_surface_chemistry_last365d,bgc_sparse
frac_aromatic,rootstock_g_m2_20_30_minirhizotron_days_since365d,-1.30292758014225e-05,rootstock_g_m2_20_30_minirhizotron_days_since365d,bgc_sparse
frac_aromatic,rootgrowth_g_m2_day_10_20_minirhizotron_mean180d,-1.31830513707689e-05,rootgrowth_g_m2_day_10_20_minirhizotron_mean180d,bgc_sparse
frac_aromatic,rootgrowth_g_m2_day_20_30_minirhizotron_days_since365d,-1.41578592949578e-05,rootgrowth_g_m2_day_20_30_minirhizotron_days_since365d,bgc_sparse
frac_aromatic,rootmortality_g_m2_day_20_30_minirhizotron_mean180d__missing,-1.64264543899622e-05,rootmortality_g_m2_day_20_30_minirhizotron_mean180d,bgc_sparse
frac_aromatic,vwc_sd7d,-1.66748681809368e-05,vwc_sd7d,climate_flux
frac_aromatic,doy_sin,-1.6698659995261e-05,doy_sin,calendar_time
frac_aromatic,rootstock_g_m2_0_10_minirhizotron_days_since365d__missing,-1.75265834310203e-05,rootstock_g_m2_0_10_minirhizotron_days_since365d,bgc_sparse
frac_aromatic,temp_40_50_sd30d,-1.75890190314469e-05,temp_40_50_sd30d,climate_flux
frac_aromatic,temp_40_50_sd90d__missing,-1.78494397451128e-05,temp_40_50_sd90d,climate_flux
frac_aromatic,vwc_20_30_mean30d__missing,-1.86403670090003e-05,vwc_20_30_mean30d,climate_flux
frac_aromatic,temp_20_30_sd90d,-1.90537703516909e-05,temp_20_30_sd90d,climate_flux
frac_aromatic,temperature_mean30d,-2.07529794060104e-05,temperature_mean30d,climate_flux
frac_aromatic,rootmortality_g_m2_day_20_30_minirhizotron_days_since365d__missing,-2.19984484977522e-05,rootmortality_g_m2_day_20_30_minirhizotron_days_since365d,bgc_sparse
frac_aromatic,temp_40_50_mean90d,-2.23353841805134e-05,temp_40_50_mean90d,climate_flux
frac_aromatic,temperature_mean90d__missing,-2.33163517042103e-05,temperature_mean90d,climate_flux
frac_aromatic,temp_20_30_mean7d,-2.45851251596836e-05,temp_20_30_mean7d,climate_flux
frac_aromatic,npoc_mg_l_10cm_pwchemistry_days_since365d,-2.60313656581943e-05,npoc_mg_l_10cm_pwchemistry_days_since365d,bgc_sparse
frac_aromatic,rootgrowth_g_m2_day_10_20_minirhizotron_last365d,-2.61166777182631e-05,rootgrowth_g_m2_day_10_20_minirhizotron_last365d,bgc_sparse
frac_aromatic,temp_20_30_mean7d__missing,-2.67702845691551e-05,temp_20_30_mean7d,climate_flux
frac_aromatic,flux_sd7d,-3.29690516498971e-05,flux_sd7d,climate_flux
frac_aromatic,temp_40_50_sd90d,-3.41910175847098e-05,temp_40_50_sd90d,climate_flux
frac_aromatic,rootmortality_g_m2_day_0_10_minirhizotron_last365d,-3.54821813246042e-05,rootmortality_g_m2_day_0_10_minirhizotron_last365d,bgc_sparse
frac_aromatic,temp_20_30_sd30d,-3.65194691059807e-05,temp_20_30_sd30d,climate_flux
frac_aromatic,temp_20_30_sd7d,-3.80018364012265e-05,temp_20_30_sd7d,climate_flux
frac_aromatic,npoc_mg_l_30cm_pwchemistry_days_since365d,-4.04563399333266e-05,npoc_mg_l_30cm_pwchemistry_days_since365d,bgc_sparse
frac_aromatic,rootmortality_g_m2_day_20_30_minirhizotron_days_since365d,-4.1062864453711e-05,rootmortality_g_m2_day_20_30_minirhizotron_days_since365d,bgc_sparse
frac_aromatic,temperature_sd30d,-4.24309532668112e-05,temperature_sd30d,climate_flux
frac_aromatic,temperature_sd7d,-4.48271746902162e-05,temperature_sd7d,climate_flux
frac_aromatic,tdn_mg_l_30cm_pwchemistry_days_since365d,-5.16045551747568e-05,tdn_mg_l_30cm_pwchemistry_days_since365d,bgc_sparse
frac_aromatic,vwc_sd30d,-5.67704927450619e-05,vwc_sd30d,climate_flux
frac_aromatic,rootgrowth_g_m2_day_0_10_minirhizotron_last365d,-5.85353974502259e-05,rootgrowth_g_m2_day_0_10_minirhizotron_last365d,bgc_sparse
frac_aromatic,flux_sd30d,-6.34850151735684e-05,flux_sd30d,climate_flux
frac_aromatic,doy_cos,-6.94158422473215e-05,doy_cos,calendar_time
frac_aromatic,tdn_mg_l_10cm_pwchemistry_mean180d,-8.25851027618758e-05,tdn_mg_l_10cm_pwchemistry_mean180d,bgc_sparse
frac_aromatic,temperature_mean90d,-9.68202269542735e-05,temperature_mean90d,climate_flux
frac_lignin,depth_group,0.00479997581801272,depth_group,experimental_structure
frac_lignin,no3_ugN_mL_lysimiter_surface_chemistry_mean180d,0.00123851791097486,no3_ugN_mL_lysimiter_surface_chemistry_mean180d,bgc_sparse
frac_lignin,nh4_ugN_mL_lysimiter_surface_chemistry_mean180d,0.000794310242378744,nh4_ugN_mL_lysimiter_surface_chemistry_mean180d,bgc_sparse
frac_lignin,npoc_mg_l_10cm_pwchemistry_mean180d,0.000700874648036813,npoc_mg_l_10cm_pwchemistry_mean180d,bgc_sparse
frac_lignin,date_num,0.000653475828892495,date_num,calendar_time
frac_lignin,tn_ug_mL_lysimiter_surface_chemistry_mean180d,0.000515325668503612,tn_ug_mL_lysimiter_surface_chemistry_mean180d,bgc_sparse
frac_lignin,year,0.000502243725920209,year,calendar_time
frac_lignin,npoc_mg_l_10cm_pwchemistry_last365d,0.000474718501222703,npoc_mg_l_10cm_pwchemistry_last365d,bgc_sparse
frac_lignin,no3_ugN_mL_lysimiter_surface_chemistry_last365d,0.000291254330127134,no3_ugN_mL_lysimiter_surface_chemistry_last365d,bgc_sparse
frac_lignin,rootstock_g_m2_20_30_minirhizotron_mean180d,0.000259378042477714,rootstock_g_m2_20_30_minirhizotron_mean180d,bgc_sparse
frac_lignin,tn_ug_mL_lysimiter_surface_chemistry_last365d,0.000246743001020318,tn_ug_mL_lysimiter_surface_chemistry_last365d,bgc_sparse
frac_lignin,vwc_20_30_mean30d,0.000242591440225563,vwc_20_30_mean30d,climate_flux
frac_lignin,rootmortality_g_m2_day_0_10_minirhizotron_mean180d,0.000232130179061373,rootmortality_g_m2_day_0_10_minirhizotron_mean180d,bgc_sparse
frac_lignin,rootmortality_g_m2_day_20_30_minirhizotron_mean180d,0.000226416261841019,rootmortality_g_m2_day_20_30_minirhizotron_mean180d,bgc_sparse
frac_lignin,litterfall_mean_g_m2_mean180d,0.000226138400254472,litterfall_mean_g_m2_mean180d,bgc_sparse
frac_lignin,flux_mean90d,0.000213519881126591,flux_mean90d,climate_flux
frac_lignin,treatment,0.000208881594255991,treatment,experimental_structure
frac_lignin,vwc_mean30d,0.000208509699591202,vwc_mean30d,climate_flux
frac_lignin,vwc_mean7d,0.000198545717680964,vwc_mean7d,climate_flux
frac_lignin,rootstock_g_m2_10_20_minirhizotron_last365d,0.000185128899503761,rootstock_g_m2_10_20_minirhizotron_last365d,bgc_sparse
frac_lignin,tdn_mg_l_10cm_pwchemistry_last365d,0.000182791612356654,tdn_mg_l_10cm_pwchemistry_last365d,bgc_sparse
frac_lignin,litterfall_mean_g_m2_last365d,0.000178584017557921,litterfall_mean_g_m2_last365d,bgc_sparse
frac_lignin,vwc_40_50_mean30d,0.000167852202838632,vwc_40_50_mean30d,climate_flux
frac_lignin,flux_mean30d,0.000160423196550201,flux_mean30d,climate_flux
frac_lignin,temp_20_30_mean7d,0.00015847392746204,temp_20_30_mean7d,climate_flux
frac_lignin,npoc_ug_mL_lysimiter_surface_chemistry_last365d,0.000158452687702728,npoc_ug_mL_lysimiter_surface_chemistry_last365d,bgc_sparse
frac_lignin,vwc_40_50_mean7d,0.000158316150169398,vwc_40_50_mean7d,climate_flux
frac_lignin,npoc_ug_mL_lysimiter_surface_chemistry_mean180d,0.000154070142360276,npoc_ug_mL_lysimiter_surface_chemistry_mean180d,bgc_sparse
frac_lignin,temp_20_30_mean90d,0.00014424738687801,temp_20_30_mean90d,climate_flux
frac_lignin,rootstock_g_m2_0_10_minirhizotron_mean180d,0.000125492041051406,rootstock_g_m2_0_10_minirhizotron_mean180d,bgc_sparse
frac_lignin,temp_20_30_mean30d,0.000123168103596969,temp_20_30_mean30d,climate_flux
frac_lignin,po4_ugP_mL_lysimiter_surface_chemistry_mean180d,0.000123037318383644,po4_ugP_mL_lysimiter_surface_chemistry_mean180d,bgc_sparse
frac_lignin,po4_ugP_mL_lysimiter_surface_chemistry_last365d,0.000117381719329944,po4_ugP_mL_lysimiter_surface_chemistry_last365d,bgc_sparse
frac_lignin,flux_mean7d,0.000114319910473518,flux_mean7d,climate_flux
frac_lignin,npoc_mg_l_30cm_pwchemistry_last365d,0.000111971258675485,npoc_mg_l_30cm_pwchemistry_last365d,bgc_sparse
frac_lignin,vwc_mean90d,0.000110802456305763,vwc_mean90d,climate_flux
frac_lignin,vwc_40_50_mean90d,0.000110327763424556,vwc_40_50_mean90d,climate_flux
frac_lignin,vwc_20_30_mean90d,0.000107591686279173,vwc_20_30_mean90d,climate_flux
frac_lignin,vwc_sd90d,0.000106468455042042,vwc_sd90d,climate_flux
frac_lignin,tdn_mg_l_30cm_pwchemistry_mean180d,0.000106320925798597,tdn_mg_l_30cm_pwchemistry_mean180d,bgc_sparse
frac_lignin,npoc_mg_l_30cm_pwchemistry_mean180d,9.51650108753783e-05,npoc_mg_l_30cm_pwchemistry_mean180d,bgc_sparse
frac_lignin,temp_40_50_mean30d,8.31735182983393e-05,temp_40_50_mean30d,climate_flux
frac_lignin,rootstock_g_m2_0_10_minirhizotron_last365d,8.28854378469424e-05,rootstock_g_m2_0_10_minirhizotron_last365d,bgc_sparse
frac_lignin,vwc_20_30_mean7d,8.18799163343718e-05,vwc_20_30_mean7d,climate_flux
frac_lignin,rootmortality_g_m2_day_20_30_minirhizotron_last365d,7.88050954708255e-05,rootmortality_g_m2_day_20_30_minirhizotron_last365d,bgc_sparse
frac_lignin,rootstock_g_m2_20_30_minirhizotron_last365d,7.7854473440595e-05,rootstock_g_m2_20_30_minirhizotron_last365d,bgc_sparse
frac_lignin,rootgrowth_g_m2_day_0_10_minirhizotron_mean180d,6.79017731547731e-05,rootgrowth_g_m2_day_0_10_minirhizotron_mean180d,bgc_sparse
frac_lignin,rootgrowth_g_m2_day_20_30_minirhizotron_mean180d,6.71119755364167e-05,rootgrowth_g_m2_day_20_30_minirhizotron_mean180d,bgc_sparse
frac_lignin,nh4_ugN_mL_lysimiter_surface_chemistry_last365d,6.54322307086559e-05,nh4_ugN_mL_lysimiter_surface_chemistry_last365d,bgc_sparse
frac_lignin,temp_40_50_mean7d,6.47383239886159e-05,temp_40_50_mean7d,climate_flux
frac_lignin,rootstock_g_m2_10_20_minirhizotron_mean180d,6.41795643495036e-05,rootstock_g_m2_10_20_minirhizotron_mean180d,bgc_sparse
frac_lignin,temp_20_30_sd30d,5.33855535318168e-05,temp_20_30_sd30d,climate_flux
frac_lignin,tn_ug_mL_lysimiter_surface_chemistry_days_since365d,5.27014296883774e-05,tn_ug_mL_lysimiter_surface_chemistry_days_since365d,bgc_sparse
frac_lignin,temp_40_50_mean90d__missing,5.13630648307588e-05,temp_40_50_mean90d,climate_flux
frac_lignin,rootgrowth_g_m2_day_10_20_minirhizotron_days_since365d__missing,4.94385039297789e-05,rootgrowth_g_m2_day_10_20_minirhizotron_days_since365d,bgc_sparse
frac_lignin,flux_sd90d,4.91972402731424e-05,flux_sd90d,climate_flux
frac_lignin,temperature_mean90d__missing,4.90150399935738e-05,temperature_mean90d,climate_flux
frac_lignin,temperature_mean30d,4.74041149814661e-05,temperature_mean30d,climate_flux
frac_lignin,vwc_20_30_sd30d,4.66201431749007e-05,vwc_20_30_sd30d,climate_flux
frac_lignin,rootstock_g_m2_20_30_minirhizotron_days_since365d,4.4464802011581e-05,rootstock_g_m2_20_30_minirhizotron_days_since365d,bgc_sparse
frac_lignin,no3_ugN_mL_lysimiter_surface_chemistry_mean180d__missing,4.22319908464466e-05,no3_ugN_mL_lysimiter_surface_chemistry_mean180d,bgc_sparse
frac_lignin,rootstock_g_m2_0_10_minirhizotron_days_since365d__missing,4.111780626719e-05,rootstock_g_m2_0_10_minirhizotron_days_since365d,bgc_sparse
frac_lignin,rootmortality_g_m2_day_20_30_minirhizotron_last365d__missing,3.88159230346166e-05,rootmortality_g_m2_day_20_30_minirhizotron_last365d,bgc_sparse
frac_lignin,flux_sd7d,3.81839845338929e-05,flux_sd7d,climate_flux
frac_lignin,rootgrowth_g_m2_day_10_20_minirhizotron_days_since365d,3.79412171255773e-05,rootgrowth_g_m2_day_10_20_minirhizotron_days_since365d,bgc_sparse
frac_lignin,vwc_sd7d,3.6311378560713e-05,vwc_sd7d,climate_flux
frac_lignin,no3_ugN_mL_lysimiter_surface_chemistry_last365d__missing,3.62268625775437e-05,no3_ugN_mL_lysimiter_surface_chemistry_last365d,bgc_sparse
frac_lignin,vwc_20_30_sd7d__missing,3.60064463197274e-05,vwc_20_30_sd7d,climate_flux
frac_lignin,vwc_40_50_sd30d,3.47271107351257e-05,vwc_40_50_sd30d,climate_flux
frac_lignin,tdn_mg_l_10cm_pwchemistry_days_since365d,3.14889442066146e-05,tdn_mg_l_10cm_pwchemistry_days_since365d,bgc_sparse
frac_lignin,rootmortality_g_m2_day_10_20_minirhizotron_last365d,3.12116297013265e-05,rootmortality_g_m2_day_10_20_minirhizotron_last365d,bgc_sparse
frac_lignin,rootmortality_g_m2_day_10_20_minirhizotron_mean180d__missing,2.87348075678882e-05,rootmortality_g_m2_day_10_20_minirhizotron_mean180d,bgc_sparse
frac_lignin,vwc_40_50_sd90d__missing,2.8547229848473e-05,vwc_40_50_sd90d,climate_flux
frac_lignin,litterfall_mean_g_m2_days_since365d,2.79462296397739e-05,litterfall_mean_g_m2_days_since365d,bgc_sparse
frac_lignin,vwc_20_30_sd90d,2.78518730405688e-05,vwc_20_30_sd90d,climate_flux
frac_lignin,temperature_mean90d,2.75898486887562e-05,temperature_mean90d,climate_flux
frac_lignin,vwc_20_30_sd90d__missing,2.74355025991404e-05,vwc_20_30_sd90d,climate_flux
frac_lignin,rootgrowth_g_m2_day_20_30_minirhizotron_days_since365d,2.68273280546887e-05,rootgrowth_g_m2_day_20_30_minirhizotron_days_since365d,bgc_sparse
frac_lignin,temp_40_50_sd7d,2.58585965380553e-05,temp_40_50_sd7d,climate_flux
frac_lignin,flux_mean30d__missing,2.42970597445258e-05,flux_mean30d,climate_flux
frac_lignin,nh4_ugN_mL_lysimiter_surface_chemistry_mean180d__missing,2.34292537355834e-05,nh4_ugN_mL_lysimiter_surface_chemistry_mean180d,bgc_sparse
frac_lignin,rootgrowth_g_m2_day_0_10_minirhizotron_last365d,2.30903374842848e-05,rootgrowth_g_m2_day_0_10_minirhizotron_last365d,bgc_sparse
frac_lignin,rootmortality_g_m2_day_0_10_minirhizotron_days_since365d__missing,2.2927380436107e-05,rootmortality_g_m2_day_0_10_minirhizotron_days_since365d,bgc_sparse
frac_lignin,no3_ugN_mL_lysimiter_surface_chemistry_days_since365d__missing,2.27752284184735e-05,no3_ugN_mL_lysimiter_surface_chemistry_days_since365d,bgc_sparse
frac_lignin,temperature_sd7d__missing,2.25172743032165e-05,temperature_sd7d,climate_flux
frac_lignin,vwc_40_50_sd7d,2.25157884627862e-05,vwc_40_50_sd7d,climate_flux
frac_lignin,temp_40_50_sd7d__missing,2.23422913875209e-05,temp_40_50_sd7d,climate_flux
frac_lignin,npoc_mg_l_30cm_pwchemistry_days_since365d,2.16626481568285e-05,npoc_mg_l_30cm_pwchemistry_days_since365d,bgc_sparse
frac_lignin,rootstock_g_m2_0_10_minirhizotron_last365d__missing,2.06954031646138e-05,rootstock_g_m2_0_10_minirhizotron_last365d,bgc_sparse
frac_lignin,temp_20_30_sd30d__missing,2.01844034350633e-05,temp_20_30_sd30d,climate_flux
frac_lignin,rootstock_g_m2_0_10_minirhizotron_days_since365d,1.99879155136156e-05,rootstock_g_m2_0_10_minirhizotron_days_since365d,bgc_sparse
frac_lignin,rootstock_g_m2_20_30_minirhizotron_last365d__missing,1.94969527415842e-05,rootstock_g_m2_20_30_minirhizotron_last365d,bgc_sparse
frac_lignin,temp_20_30_sd7d,1.89150664345745e-05,temp_20_30_sd7d,climate_flux
frac_lignin,rootmortality_g_m2_day_10_20_minirhizotron_days_since365d__missing,1.87210611433581e-05,rootmortality_g_m2_day_10_20_minirhizotron_days_since365d,bgc_sparse
frac_lignin,vwc_40_50_sd7d__missing,1.73881165312713e-05,vwc_40_50_sd7d,climate_flux
frac_lignin,rootgrowth_g_m2_day_0_10_minirhizotron_days_since365d,1.71314326490437e-05,rootgrowth_g_m2_day_0_10_minirhizotron_days_since365d,bgc_sparse
frac_lignin,temp_40_50_mean30d__missing,1.61692365276438e-05,temp_40_50_mean30d,climate_flux
frac_lignin,temp_20_30_mean90d__missing,1.49049844784783e-05,temp_20_30_mean90d,climate_flux
frac_lignin,flux_sd30d,1.35865926362304e-05,flux_sd30d,climate_flux
frac_lignin,temp_40_50_sd90d__missing,1.29563049846591e-05,temp_40_50_sd90d,climate_flux
frac_lignin,vwc_sd30d__missing,1.28116242201617e-05,vwc_sd30d,climate_flux
frac_lignin,rootmortality_g_m2_day_0_10_minirhizotron_last365d__missing,1.28031235973531e-05,rootmortality_g_m2_day_0_10_minirhizotron_last365d,bgc_sparse
frac_lignin,npoc_mgC_L_plotmean_throughfall_mean180d,1.28006704673602e-05,npoc_mgC_L_plotmean_throughfall_mean180d,bgc_sparse
frac_lignin,po4_ugP_mL_lysimiter_surface_chemistry_last365d__missing,1.17141835469703e-05,po4_ugP_mL_lysimiter_surface_chemistry_last365d,bgc_sparse
frac_lignin,rootstock_g_m2_10_20_minirhizotron_days_since365d__missing,1.16643742997653e-05,rootstock_g_m2_10_20_minirhizotron_days_since365d,bgc_sparse
frac_lignin,po4_ugP_mL_lysimiter_surface_chemistry_days_since365d,1.12968496914272e-05,po4_ugP_mL_lysimiter_surface_chemistry_days_since365d,bgc_sparse
frac_lignin,tn_ug_mL_lysimiter_surface_chemistry_mean180d__missing,1.11187486768036e-05,tn_ug_mL_lysimiter_surface_chemistry_mean180d,bgc_sparse
frac_lignin,rootgrowth_g_m2_day_10_20_minirhizotron_mean180d__missing,1.08220749999646e-05,rootgrowth_g_m2_day_10_20_minirhizotron_mean180d,bgc_sparse
frac_lignin,temperature_sd30d__missing,1.07759358676944e-05,temperature_sd30d,climate_flux
frac_lignin,flux_mean90d__missing,1.05945343297493e-05,flux_mean90d,climate_flux
frac_lignin,tfvol_ml_plotmean_throughfall_last365d__missing,1.05047737037953e-05,tfvol_ml_plotmean_throughfall_last365d,bgc_sparse
frac_lignin,flux_sd90d__missing,1.03844535962552e-05,flux_sd90d,climate_flux
frac_lignin,temperature_sd90d__missing,1.02912657783922e-05,temperature_sd90d,climate_flux
frac_lignin,rootgrowth_g_m2_day_0_10_minirhizotron_last365d__missing,9.95458530008775e-06,rootgrowth_g_m2_day_0_10_minirhizotron_last365d,bgc_sparse
frac_lignin,rootgrowth_g_m2_day_20_30_minirhizotron_last365d,9.78268249013481e-06,rootgrowth_g_m2_day_20_30_minirhizotron_last365d,bgc_sparse
frac_lignin,tfvol_ml_plotmean_throughfall_days_since365d__missing,9.5665393301223e-06,tfvol_ml_plotmean_throughfall_days_since365d,bgc_sparse
frac_lignin,rootstock_g_m2_0_10_minirhizotron_mean180d__missing,8.17201135537449e-06,rootstock_g_m2_0_10_minirhizotron_mean180d,bgc_sparse
frac_lignin,temp_20_30_sd7d__missing,8.15780059835802e-06,temp_20_30_sd7d,climate_flux
frac_lignin,po4_ugP_mL_lysimiter_surface_chemistry_mean180d__missing,7.72834047753745e-06,po4_ugP_mL_lysimiter_surface_chemistry_mean180d,bgc_sparse
frac_lignin,temp_20_30_mean7d__missing,6.98928036569901e-06,temp_20_30_mean7d,climate_flux
frac_lignin,npoc_mgC_L_plotmean_throughfall_days_since365d__missing,6.71524734595375e-06,npoc_mgC_L_plotmean_throughfall_days_since365d,bgc_sparse
frac_lignin,po4_ugP_mL_lysimiter_surface_chemistry_days_since365d__missing,6.70389286805895e-06,po4_ugP_mL_lysimiter_surface_chemistry_days_since365d,bgc_sparse
frac_lignin,vwc_20_30_mean30d__missing,6.6723603239518e-06,vwc_20_30_mean30d,climate_flux
frac_lignin,rootmortality_g_m2_day_0_10_minirhizotron_mean180d__missing,6.38741624544115e-06,rootmortality_g_m2_day_0_10_minirhizotron_mean180d,bgc_sparse
frac_lignin,temp_40_50_mean7d__missing,5.9673353513503e-06,temp_40_50_mean7d,climate_flux
frac_lignin,tdn_mgN_L_plotmean_throughfall_days_since365d__missing,5.83358297784797e-06,tdn_mgN_L_plotmean_throughfall_days_since365d,bgc_sparse
frac_lignin,npoc_mgC_L_plotmean_throughfall_last365d__missing,5.51948788200574e-06,npoc_mgC_L_plotmean_throughfall_last365d,bgc_sparse
frac_lignin,vwc_mean7d__missing,5.19130222118136e-06,vwc_mean7d,climate_flux
frac_lignin,tdn_mgN_L_plotmean_throughfall_mean180d__missing,5.02936849846369e-06,tdn_mgN_L_plotmean_throughfall_mean180d,bgc_sparse
frac_lignin,temp_20_30_mean30d__missing,4.9156533218897e-06,temp_20_30_mean30d,climate_flux
frac_lignin,rootstock_g_m2_10_20_minirhizotron_last365d__missing,4.85628558882323e-06,rootstock_g_m2_10_20_minirhizotron_last365d,bgc_sparse
frac_lignin,tfvol_ml_plotmean_throughfall_days_since365d,4.81924996578043e-06,tfvol_ml_plotmean_throughfall_days_since365d,bgc_sparse
frac_lignin,flux_mean7d__missing,4.7106609965466e-06,flux_mean7d,climate_flux
frac_lignin,temp_20_30_sd90d,4.09340036757322e-06,temp_20_30_sd90d,climate_flux
frac_lignin,tdn_mg_l_30cm_pwchemistry_days_since365d,3.99460875400326e-06,tdn_mg_l_30cm_pwchemistry_days_since365d,bgc_sparse
frac_lignin,vwc_40_50_sd30d__missing,3.63806755640073e-06,vwc_40_50_sd30d,climate_flux
frac_lignin,tdn_mgN_L_plotmean_throughfall_days_since365d,3.37079306747246e-06,tdn_mgN_L_plotmean_throughfall_days_since365d,bgc_sparse
frac_lignin,flux_sd30d__missing,3.31026916175148e-06,flux_sd30d,climate_flux
frac_lignin,npoc_mgC_L_plotmean_throughfall_mean180d__missing,3.28800277096719e-06,npoc_mgC_L_plotmean_throughfall_mean180d,bgc_sparse
frac_lignin,tfvol_ml_plotmean_throughfall_mean180d,3.15409617894002e-06,tfvol_ml_plotmean_throughfall_mean180d,bgc_sparse
frac_lignin,vwc_sd7d__missing,3.11101156793536e-06,vwc_sd7d,climate_flux
frac_lignin,temp_20_30_sd90d__missing,2.88995852706409e-06,temp_20_30_sd90d,climate_flux
frac_lignin,tfvol_ml_plotmean_throughfall_last365d,2.74219376967855e-06,tfvol_ml_plotmean_throughfall_last365d,bgc_sparse
frac_lignin,rootgrowth_g_m2_day_20_30_minirhizotron_mean180d__missing,2.53019409512989e-06,rootgrowth_g_m2_day_20_30_minirhizotron_mean180d,bgc_sparse
frac_lignin,tfvol_ml_plotmean_throughfall_mean180d__missing,2.18197580554169e-06,tfvol_ml_plotmean_throughfall_mean180d,bgc_sparse
frac_lignin,tdn_mgN_L_plotmean_throughfall_mean180d,2.11338398387229e-06,tdn_mgN_L_plotmean_throughfall_mean180d,bgc_sparse
frac_lignin,temp_40_50_sd30d,1.88626015578675e-06,temp_40_50_sd30d,climate_flux
frac_lignin,rootstock_g_m2_10_20_minirhizotron_mean180d__missing,1.84555248343332e-06,rootstock_g_m2_10_20_minirhizotron_mean180d,bgc_sparse
frac_lignin,temp_40_50_sd30d__missing,1.41177383219371e-06,temp_40_50_sd30d,climate_flux
frac_lignin,flux_sd7d__missing,1.18641621116655e-06,flux_sd7d,climate_flux
frac_lignin,vwc_mean30d__missing,8.12278656967092e-07,vwc_mean30d,climate_flux
frac_lignin,vwc_mean90d__missing,7.76042521624554e-07,vwc_mean90d,climate_flux
frac_lignin,tdn_mgN_L_plotmean_throughfall_last365d__missing,6.83145293259191e-07,tdn_mgN_L_plotmean_throughfall_last365d,bgc_sparse
frac_lignin,rootmortality_g_m2_day_20_30_minirhizotron_days_since365d,5.75039654226783e-07,rootmortality_g_m2_day_20_30_minirhizotron_days_since365d,bgc_sparse
frac_lignin,rootstock_g_m2_20_30_minirhizotron_days_since365d__missing,5.23393786334925e-07,rootstock_g_m2_20_30_minirhizotron_days_since365d,bgc_sparse
frac_lignin,rootgrowth_g_m2_day_20_30_minirhizotron_last365d__missing,4.95359284332197e-07,rootgrowth_g_m2_day_20_30_minirhizotron_last365d,bgc_sparse
frac_lignin,npoc_mg_l_10cm_pwchemistry_mean180d__missing,4.81014472438757e-07,npoc_mg_l_10cm_pwchemistry_mean180d,bgc_sparse
frac_lignin,rootgrowth_g_m2_day_10_20_minirhizotron_last365d__missing,2.64974440506771e-07,rootgrowth_g_m2_day_10_20_minirhizotron_last365d,bgc_sparse
frac_lignin,npoc_mg_l_30cm_pwchemistry_mean180d__missing,0,npoc_mg_l_30cm_pwchemistry_mean180d,bgc_sparse
frac_lignin,tdn_mg_l_30cm_pwchemistry_mean180d__missing,0,tdn_mg_l_30cm_pwchemistry_mean180d,bgc_sparse
frac_lignin,vwc_40_50_mean90d__missing,-2.11371823998219e-07,vwc_40_50_mean90d,climate_flux
frac_lignin,rootmortality_g_m2_day_0_10_minirhizotron_days_since365d,-2.25171284033321e-07,rootmortality_g_m2_day_0_10_minirhizotron_days_since365d,bgc_sparse
frac_lignin,tdn_mgN_L_plotmean_throughfall_last365d,-2.41146675288073e-07,tdn_mgN_L_plotmean_throughfall_last365d,bgc_sparse
frac_lignin,tn_ug_mL_lysimiter_surface_chemistry_last365d__missing,-3.43910818272786e-07,tn_ug_mL_lysimiter_surface_chemistry_last365d,bgc_sparse
frac_lignin,vwc_20_30_mean7d__missing,-4.27709753107353e-07,vwc_20_30_mean7d,climate_flux
frac_lignin,npoc_mgC_L_plotmean_throughfall_last365d,-6.67435134269478e-07,npoc_mgC_L_plotmean_throughfall_last365d,bgc_sparse
frac_lignin,npoc_ug_mL_lysimiter_surface_chemistry_last365d__missing,-9.24063517486973e-07,npoc_ug_mL_lysimiter_surface_chemistry_last365d,bgc_sparse
frac_lignin,npoc_mgC_L_plotmean_throughfall_days_since365d,-1.36507728343349e-06,npoc_mgC_L_plotmean_throughfall_days_since365d,bgc_sparse
frac_lignin,rootmortality_g_m2_day_10_20_minirhizotron_last365d__missing,-1.42156286663275e-06,rootmortality_g_m2_day_10_20_minirhizotron_last365d,bgc_sparse
frac_lignin,rootmortality_g_m2_day_20_30_minirhizotron_days_since365d__missing,-1.51008656784035e-06,rootmortality_g_m2_day_20_30_minirhizotron_days_since365d,bgc_sparse
frac_lignin,tdn_mg_l_10cm_pwchemistry_mean180d__missing,-1.60925986931715e-06,tdn_mg_l_10cm_pwchemistry_mean180d,bgc_sparse
frac_lignin,rootstock_g_m2_20_30_minirhizotron_mean180d__missing,-2.50669975446693e-06,rootstock_g_m2_20_30_minirhizotron_mean180d,bgc_sparse
frac_lignin,no3_ugN_mL_lysimiter_surface_chemistry_days_since365d,-3.05615050688113e-06,no3_ugN_mL_lysimiter_surface_chemistry_days_since365d,bgc_sparse
frac_lignin,nh4_ugN_mL_lysimiter_surface_chemistry_last365d__missing,-3.15534186720323e-06,nh4_ugN_mL_lysimiter_surface_chemistry_last365d,bgc_sparse
frac_lignin,vwc_sd90d__missing,-4.06630004143027e-06,vwc_sd90d,climate_flux
frac_lignin,vwc_20_30_mean90d__missing,-4.55538197487471e-06,vwc_20_30_mean90d,climate_flux
frac_lignin,doy_cos,-4.9700407874973e-06,doy_cos,calendar_time
frac_lignin,vwc_20_30_sd30d__missing,-5.41324093122175e-06,vwc_20_30_sd30d,climate_flux
frac_lignin,rootmortality_g_m2_day_10_20_minirhizotron_mean180d,-5.75904592187748e-06,rootmortality_g_m2_day_10_20_minirhizotron_mean180d,bgc_sparse
frac_lignin,npoc_ug_mL_lysimiter_surface_chemistry_days_since365d__missing,-6.13282842098428e-06,npoc_ug_mL_lysimiter_surface_chemistry_days_since365d,bgc_sparse
frac_lignin,rootgrowth_g_m2_day_10_20_minirhizotron_last365d,-6.55034732377713e-06,rootgrowth_g_m2_day_10_20_minirhizotron_last365d,bgc_sparse
frac_lignin,temperature_mean30d__missing,-7.14633313773905e-06,temperature_mean30d,climate_flux
frac_lignin,temperature_mean7d,-7.18291126693815e-06,temperature_mean7d,climate_flux
frac_lignin,rootgrowth_g_m2_day_0_10_minirhizotron_days_since365d__missing,-8.30953054408523e-06,rootgrowth_g_m2_day_0_10_minirhizotron_days_since365d,bgc_sparse
frac_lignin,vwc_40_50_mean7d__missing,-8.43479110179835e-06,vwc_40_50_mean7d,climate_flux
frac_lignin,nh4_ugN_mL_lysimiter_surface_chemistry_days_since365d__missing,-8.65284349533546e-06,nh4_ugN_mL_lysimiter_surface_chemistry_days_since365d,bgc_sparse
frac_lignin,temperature_sd7d,-9.14607427380143e-06,temperature_sd7d,climate_flux
frac_lignin,rootgrowth_g_m2_day_20_30_minirhizotron_days_since365d__missing,-9.48395921313372e-06,rootgrowth_g_m2_day_20_30_minirhizotron_days_since365d,bgc_sparse
frac_lignin,temperature_mean7d__missing,-1.01588326431035e-05,temperature_mean7d,climate_flux
frac_lignin,temp_40_50_mean90d,-1.09389830272131e-05,temp_40_50_mean90d,climate_flux
frac_lignin,vwc_40_50_sd90d,-1.17260483567336e-05,vwc_40_50_sd90d,climate_flux
frac_lignin,npoc_ug_mL_lysimiter_surface_chemistry_days_since365d,-1.24472672378388e-05,npoc_ug_mL_lysimiter_surface_chemistry_days_since365d,bgc_sparse
frac_lignin,rootgrowth_g_m2_day_0_10_minirhizotron_mean180d__missing,-1.273138227684e-05,rootgrowth_g_m2_day_0_10_minirhizotron_mean180d,bgc_sparse
frac_lignin,temp_40_50_sd90d,-1.42215816803775e-05,temp_40_50_sd90d,climate_flux
frac_lignin,rootgrowth_g_m2_day_10_20_minirhizotron_mean180d,-1.46830816770502e-05,rootgrowth_g_m2_day_10_20_minirhizotron_mean180d,bgc_sparse
frac_lignin,tn_ug_mL_lysimiter_surface_chemistry_days_since365d__missing,-1.59104057017898e-05,tn_ug_mL_lysimiter_surface_chemistry_days_since365d,bgc_sparse
frac_lignin,npoc_ug_mL_lysimiter_surface_chemistry_mean180d__missing,-1.92471312151417e-05,npoc_ug_mL_lysimiter_surface_chemistry_mean180d,bgc_sparse
frac_lignin,rootmortality_g_m2_day_10_20_minirhizotron_days_since365d,-2.21448745696542e-05,rootmortality_g_m2_day_10_20_minirhizotron_days_since365d,bgc_sparse
frac_lignin,vwc_20_30_sd7d,-2.22583176634354e-05,vwc_20_30_sd7d,climate_flux
frac_lignin,tdn_mg_l_30cm_pwchemistry_last365d,-2.29920636010041e-05,tdn_mg_l_30cm_pwchemistry_last365d,bgc_sparse
frac_lignin,rootmortality_g_m2_day_20_30_minirhizotron_mean180d__missing,-2.39328047506033e-05,rootmortality_g_m2_day_20_30_minirhizotron_mean180d,bgc_sparse
frac_lignin,vwc_sd30d,-2.47504437013981e-05,vwc_sd30d,climate_flux
frac_lignin,vwc_40_50_mean30d__missing,-2.56720044029963e-05,vwc_40_50_mean30d,climate_flux
frac_lignin,temperature_sd30d,-2.61953021095347e-05,temperature_sd30d,climate_flux
frac_lignin,rootstock_g_m2_10_20_minirhizotron_days_since365d,-3.26673409545055e-05,rootstock_g_m2_10_20_minirhizotron_days_since365d,bgc_sparse
frac_lignin,tdn_mg_l_10cm_pwchemistry_mean180d,-3.63726097641741e-05,tdn_mg_l_10cm_pwchemistry_mean180d,bgc_sparse
frac_lignin,nh4_ugN_mL_lysimiter_surface_chemistry_days_since365d,-4.24697115145694e-05,nh4_ugN_mL_lysimiter_surface_chemistry_days_since365d,bgc_sparse
frac_lignin,npoc_mg_l_10cm_pwchemistry_days_since365d,-4.77015623272104e-05,npoc_mg_l_10cm_pwchemistry_days_since365d,bgc_sparse
frac_lignin,temperature_sd90d,-6.06219666348595e-05,temperature_sd90d,climate_flux
frac_lignin,rootmortality_g_m2_day_0_10_minirhizotron_last365d,-6.53686770392008e-05,rootmortality_g_m2_day_0_10_minirhizotron_last365d,bgc_sparse
frac_lignin,doy_sin,-0.000126969197796807,doy_sin,calendar_time
