sample_num,sample_col,total_peak_area,formula_detected_n,delGcat_wmean,lambda_wmean,cue_wmean,nosc_wmean,ne_wmean,h_to_c_wmean,o_to_c_wmean,frac_CHO,frac_CHON,frac_CHOS,frac_CHOP,frac_N_containing,frac_P_containing,frac_S_containing,technical_rep,run_date_chr,run_date,tray_position,sample_name_raw,sample_is_extra,sample_date,depth,treatment_raw,plot,treatment
1,Sihi_60398_001_r1_Fir_09Oct24_300SA_p06_1_1_6065,10434419156.1267,238,-11640.4766543398,0.0422258971045435,0.546975710952149,-0.542913232307438,100.922824408286,1.23723480831474,0.328479526064911,0.6241173607906,0.037476777561892,0.28265396634107,0,0.0884338796555864,0.0429113002890026,0.30028935457125,1,09Oct24,2024-10-09,1,1,FALSE,2017-05-31,0-10 cm,Control treatment,1,control
1,Sihi_60398_001_r2_Fir_14Oct24_300SA_p06_1_1_6264,9370913533.3426,315,-12091.2072083964,0.0427343378354095,0.547440645393261,-0.548292027448434,105.010330829772,1.25085585629093,0.33245593300834,0.631387994380916,0.0535621723315045,0.247881487566527,0,0.111068946199921,0.0454917921538185,0.279219612986397,2,14Oct24,2024-10-14,1,1,FALSE,2017-05-31,0-10 cm,Control treatment,1,control
2,Sihi_60398_002_r1_Fir_09Oct24_300SA_p06_2_1_6172,21934293761.5074,713,-12778.093103934,0.0383127122130774,0.538077807716369,-0.453975711421574,110.59552659339,1.18013534596046,0.348923008246184,0.705686019316543,0.0615074731247914,0.215225736929721,0,0.0720182541738369,0.0121599304724603,0.228357098350102,1,09Oct24,2024-10-09,2,2,FALSE,2017-12-06,0-10 cm,Control treatment,1,control
2,Sihi_60398_002_r2_Fir_14Oct24_300SA_p06_2_1_6403,17726744136.1606,685,-12650.4707107175,0.0388503931312261,0.53904581594868,-0.463812120432234,109.505633608491,1.18834895860302,0.348442772441912,0.716743501386088,0.0563972205490121,0.202853492542043,0,0.0735210237138483,0.0123947276402678,0.221346532782654,2,14Oct24,2024-10-14,2,2,FALSE,2017-12-06,0-10 cm,Control treatment,1,control
3,Sihi_60398_003_r1_Fir_09Oct24_300SA_p06_3_1_6193,14935754328.2487,818,-13496.5683961576,0.0380051095214975,0.538889235436716,-0.461440694475508,116.894822994721,1.16149674467256,0.330494985996403,0.63856691215866,0.0827185661669779,0.230224577164967,0,0.120301135080262,0.0263951231864403,0.264037282567182,1,09Oct24,2024-10-09,3,3,FALSE,2018-05-09,0-10 cm,Control treatment,1,control
3,Sihi_60398_003_r2_Fir_14Oct24_300SA_p06_3_1_6318,11809968293.4123,787,-14006.7918205187,0.0375971618909204,0.540861725902942,-0.481103596236445,121.456088346279,1.17208061116643,0.326558675850544,0.633441925441688,0.077873598454692,0.224116371151792,0,0.129899533695824,0.0331635444359377,0.272628060374653,2,14Oct24,2024-10-14,3,3,FALSE,2018-05-09,0-10 cm,Control treatment,1,control
4,Sihi_60398_004_r1_Fir_09Oct24_300SA_p06_4_1_6096,13124750627.989,242,-11599.5674424784,0.0415532725119442,0.548848868680746,-0.560885185325673,100.663515544108,1.23235185294866,0.317889377236732,0.622879925824678,0.0280130806835581,0.324334202378685,0,0.0496360497094301,0.0214006767149426,0.33085613886403,1,09Oct24,2024-10-09,4,4,FALSE,2018-05-22,0-10 cm,Control treatment,1,control
4,Sihi_60398_004_r2_Fir_14Oct24_300SA_p06_4_1_6434,14341417469.9518,244,-11464.7428707465,0.0406908349199989,0.549086326229572,-0.563774937209521,99.5178835026531,1.28721456957526,0.344845981475616,0.654156504922365,0.0392228250321264,0.264852043718548,0,0.0631694236365768,0.0371905606429905,0.287252137125028,2,14Oct24,2024-10-14,4,4,FALSE,2018-05-22,0-10 cm,Control treatment,1,control
4,Sihi_60398_004_r2_Fir_24Oct24_300SA_p06_4_1_6524,13119885183.5614,252,-11736.4068806481,0.0406241630327176,0.550971202272714,-0.582285983725077,101.927138186501,1.24624171658861,0.3128272508864,0.613883421546586,0.0272436983322705,0.323652993166068,0,0.0562045039740811,0.0246364648835656,0.340495496550845,2,24Oct24,2024-10-24,4,4,FALSE,2018-05-22,0-10 cm,Control treatment,1,control
5,Sihi_60398_005_r1_Fir_09Oct24_300SA_p06_5_1_6099,15371023480.3231,341,-12132.1330563939,0.0388766104467507,0.546122489954727,-0.533315780449106,105.208986605278,1.23156294187103,0.329826115153456,0.628251067690987,0.0452527752198922,0.260537529877032,0,0.0941802341477583,0.0531945617602707,0.290332763613072,1,09Oct24,2024-10-09,5,5,FALSE,2018-10-10,0-10 cm,Control treatment,1,control
5,Sihi_60398_005_r2_Fir_14Oct24_300SA_p06_5_1_6273,12394830911.2824,307,-12032.142075628,0.0390256061650935,0.549443533369702,-0.56674396196881,104.41908250635,1.25033207571764,0.322728280397919,0.620955400009678,0.0330764383000858,0.270278504140602,0,0.0902073206505105,0.0593160442355609,0.305210892653882,2,14Oct24,2024-10-14,5,5,FALSE,2018-10-10,0-10 cm,Control treatment,1,control
6,Sihi_60398_006_r1_Fir_09Oct24_300SA_p06_6_1_6194,13938049320.3073,438,-12988.5853180747,0.036933468457742,0.543344653074854,-0.505786922552424,112.574777097881,1.18038005766742,0.319787530656149,0.644370555387381,0.0385610655547002,0.257759332488747,0.00135037225246407,0.0876292292592073,0.0390574882878088,0.28690140138231,1,09Oct24,2024-10-09,6,6,FALSE,2018-11-07,0-10 cm,Control treatment,1,control
6,Sihi_60398_006_r2_Fir_14Oct24_300SA_p06_6_1_6281,9961202541.91106,411,-13535.5944203855,0.0364168371640711,0.544808528665716,-0.521865456341656,117.407781587734,1.17158687090935,0.30221344183225,0.602961594238534,0.0805948687346436,0.23263252566065,0,0.156275482385009,0.0386000264899567,0.28729185024228,2,14Oct24,2024-10-14,6,6,FALSE,2018-11-07,0-10 cm,Control treatment,1,control
7,Sihi_60398_007_r1_Fir_08Oct24_300SA_p03_7_1_6024,15210057889.6058,778,-14180.9939762396,0.0353415365514582,0.539681518380585,-0.469840373642665,122.902042731223,1.13784481254002,0.317694180289862,0.67299122104116,0.0618988232757512,0.21721066301583,0,0.100648391248349,0.0174491809022965,0.258327119227528,1,08Oct24,2024-10-08,7,7,FALSE,2019-09-10,0-10 cm,Control treatment,1,control
7,Sihi_60398_007_r1_Fir_09Oct24_300SA_p06_7_1_6067,24918775929.333,702,-13038.7564776129,0.0369207009861156,0.539670265011368,-0.469362177555109,112.911877129737,1.17717831987531,0.338320641666384,0.680416014905383,0.0544572725398693,0.230061967760012,0.00124170680754354,0.072059191641349,0.0271155665655084,0.255783902751077,1,09Oct24,2024-10-09,7,7,FALSE,2019-09-10,0-10 cm,Control treatment,1,control
7,Sihi_60398_007_r2_Fir_14Oct24_300SA_p06_7_1_6449,27201754014.322,768,-12725.1019275544,0.0377687113463452,0.538759437576474,-0.459972598715695,110.128270007345,1.20070705747061,0.352205873988229,0.668700303984936,0.0643237162450524,0.200116480648598,0,0.0999711924964537,0.0348640740968704,0.263323928543152,2,14Oct24,2024-10-14,7,7,FALSE,2019-09-10,0-10 cm,Control treatment,1,control
7,Sihi_60398_007_r2_Fir_24Oct24_300SA_p06_7_1_6539,25329186751.0238,788,-12956.8180986324,0.0373604886287485,0.539485596387871,-0.467479214135036,112.180383423876,1.17173741071166,0.333138003817704,0.655214070883368,0.0577280374434668,0.219004313536421,0,0.107834895289217,0.0331485056155588,0.271856106348598,2,24Oct24,2024-10-24,7,7,FALSE,2019-09-10,0-10 cm,Control treatment,1,control
8,Sihi_60398_008_r1_Fir_09Oct24_300SA_p06_8_1_6155,24060973202.2581,459,-12461.1700797731,0.0379396589861939,0.536506914634444,-0.435218517695322,107.682333491728,1.1711504831618,0.354982029856037,0.694508909183245,0.0172459305815996,0.259935912263358,0,0.0347095957549274,0.0119682682428936,0.28712247479073,1,09Oct24,2024-10-09,8,8,FALSE,2019-12-03,0-10 cm,Control treatment,1,control
8,Sihi_60398_008_r2_Fir_14Oct24_300SA_p06_8_1_6313,20605197425.1853,467,-12562.819616347,0.037931922127313,0.535930947223516,-0.429619326828955,108.50563958843,1.16057349789879,0.350950012599164,0.68948270399123,0.0178773120098064,0.255048416235671,0,0.0511859010015246,0.00581365105315793,0.292639983998963,2,14Oct24,2024-10-14,8,8,FALSE,2019-12-03,0-10 cm,Control treatment,1,control
9,Sihi_60398_009_r1_Fir_09Oct24_300SA_p06_9_1_6079,40055395566.2095,898,-11621.1685605806,0.041273049325463,0.525736337879924,-0.326505830573792,100.039115726961,1.20036525001025,0.4283484757981,0.801337515287205,0.0245224727238636,0.152684852289088,0,0.032389059661967,0.015235000848888,0.173098777820739,1,09Oct24,2024-10-09,9,9,FALSE,2020-01-28,0-10 cm,Control treatment,1,control
9,Sihi_60398_009_r2_Fir_14Oct24_300SA_p06_9_1_6460,46980916438.8285,1017,-11876.4112146009,0.04074938434632,0.525464373954134,-0.324105452944782,102.242508725174,1.17863964444092,0.414839717672971,0.760865629438684,0.0488753519063843,0.157854756655208,0,0.0652522675767619,0.0175897938279981,0.189248511386315,2,14Oct24,2024-10-14,9,9,FALSE,2020-01-28,0-10 cm,Control treatment,1,control
9,Sihi_60398_009_r2_Fir_24Oct24_300SA_p06_9_1_6550,47413369933.5314,1113,-12434.7260072901,0.0395621621310529,0.527752576596164,-0.347337436243956,107.210100646053,1.14347307339086,0.382798947690439,0.708812961833373,0.0494659839375013,0.211497233594633,0,0.0707384174992375,0.0107348605847516,0.240524150830867,2,24Oct24,2024-10-24,9,9,FALSE,2020-01-28,0-10 cm,Control treatment,1,control
10,Sihi_60398_010_r1_Fir_09Oct24_300SA_p06_10_1_6129,22509022931.0207,530,-14115.7755966986,0.034770019271728,0.547583392630197,-0.548572392519381,122.60422108711,1.07296550584336,0.23075004883022,0.398524377294077,0.109725692251643,0.472952374658724,0,0.115970485230238,0.0135458050535092,0.49174993045428,1,09Oct24,2024-10-09,10,10,FALSE,2021-12-15,0-10 cm,Control treatment,1,control
10,Sihi_60398_010_r2_Fir_14Oct24_300SA_p06_10_1_6393,18546845482.1787,535,-14169.9538019347,0.0352591868164752,0.545690354747548,-0.530602059359911,122.975852442486,1.06905237814112,0.23262565209155,0.374470832887369,0.148749124983991,0.427952225407607,0,0.183369535295017,0.0179826880972724,0.473968569720764,2,14Oct24,2024-10-14,10,10,FALSE,2021-12-15,0-10 cm,Control treatment,1,control
11,Sihi_60398_011_r1_Fir_09Oct24_300SA_p06_11_1_6211,14448486188.628,593,-15385.3906497758,0.0330435265534413,0.545913668576279,-0.530270777065778,133.469029298352,1.01298884014731,0.210982312123909,0.402091508001637,0.0923811208479937,0.44568881548386,0,0.146696031678377,0.0220520056790567,0.499870271511184,1,09Oct24,2024-10-09,11,11,FALSE,2022-08-23,0-10 cm,Control treatment,1,control
11,Sihi_60398_011_r2_Fir_14Oct24_300SA_p06_11_1_6330,13814857188.9558,620,-15614.5936001762,0.0334972285699904,0.545848947886099,-0.531762603154763,135.693392194153,1.03561777214479,0.218035154097463,0.388992715462157,0.125245551182813,0.405525319021968,0,0.197984871140563,0.0205923763340838,0.47752418640652,2,14Oct24,2024-10-14,11,11,FALSE,2022-08-23,0-10 cm,Control treatment,1,control
12,Sihi_60398_012_r1_Fir_09Oct24_300SA_p06_12_1_6213,32467920306.2878,513,-13556.2992973229,0.0356426516685069,0.543895574253263,-0.509257613446889,117.450166429642,1.10655998144796,0.274308066766823,0.50317807479846,0.0641811942911109,0.389901823159083,0,0.0939189806553033,0.0193809960021946,0.430052221671689,1,09Oct24,2024-10-09,12,12,FALSE,2022-09-08,0-10 cm,Control treatment,1,control
12,Sihi_60398_012_r2_Fir_14Oct24_300SA_p06_12_1_6305,32628382958.6683,545,-13733.4010273129,0.0354180351626736,0.542570930325694,-0.496017441290956,118.910448501253,1.09684179912616,0.274745118115215,0.49848812184113,0.0724157959219593,0.368106382902965,0,0.119648483199497,0.0212084488029113,0.425350782694556,2,14Oct24,2024-10-14,12,12,FALSE,2022-09-08,0-10 cm,Control treatment,1,control
13,Sihi_60398_013_r1_Fir_09Oct24_300SA_p06_13_1_6175,19879408900.2182,923,-14832.9637685728,0.0341782310159106,0.543369924807262,-0.504384213397385,128.717225898741,1.04768949250063,0.248364953455067,0.498731758294821,0.0609877210172807,0.391403261679216,0,0.104769080535577,0.0176160364383808,0.431505635865156,1,09Oct24,2024-10-09,13,13,FALSE,2022-11-16,0-10 cm,Control treatment,1,control
13,Sihi_60398_013_r2_Fir_14Oct24_300SA_p06_13_1_6458,25631076997.3326,1119,-14930.6164238619,0.0339726003562994,0.540687519454215,-0.47908729189187,129.38399023386,1.05241191281349,0.255001926479871,0.447579901362672,0.134638800035241,0.335198874810095,0.00107576431831136,0.201711519467851,0.0273853099811872,0.409050696192619,2,14Oct24,2024-10-14,13,13,FALSE,2022-11-16,0-10 cm,Control treatment,1,control
13,Sihi_60398_013_r2_Fir_24Oct24_300SA_p06_13_1_6548,23027409300.0975,1230,-15600.4766927082,0.0333206615673357,0.541783133984163,-0.490039386988017,135.387798478381,1.04510863743637,0.24436365106644,0.420012388977581,0.131858325973039,0.35574884013748,0.000568383413892256,0.214518823555338,0.0215901592065826,0.44182608458164,2,24Oct24,2024-10-24,13,13,FALSE,2022-11-16,0-10 cm,Control treatment,1,control
14,Sihi_60398_014_r1_Fir_09Oct24_300SA_p06_14_1_6147,51783983733.722,1815,-11629.8571833041,0.0430895912229095,0.531619562867904,-0.386547753076215,100.438893456519,1.20041380870518,0.3836573963509,0.624906549999183,0.10741852248976,0.212019627455774,0,0.147287738866497,0.0402306736633124,0.244440010312826,1,09Oct24,2024-10-09,14,14,FALSE,2017-05-31,0-10 cm,Warming treatment,2,warmed
14,Sihi_60398_014_r2_Fir_14Oct24_300SA_p06_14_1_6411,44850342102.0417,1636,-11736.8093862641,0.0428756961437838,0.533376876074991,-0.404021283484348,101.414228828854,1.19162956546952,0.372838890858453,0.627224575326794,0.0979257448055523,0.204088622849042,0.00808730047410124,0.144549441557881,0.0479549458503904,0.244769352901602,2,14Oct24,2024-10-14,14,14,FALSE,2017-05-31,0-10 cm,Warming treatment,2,warmed
15,Sihi_60398_015_r1_Fir_09Oct24_300SA_p06_15_1_6118,19012219562.0292,747,-13534.6907850277,0.0379897376598974,0.554864424675865,-0.622912122348497,117.761383967341,1.15751066804983,0.235970876590049,0.397291299348176,0.132345121674748,0.367598965201021,0.0291502620111922,0.202650223093643,0.057050302418785,0.420549615915874,1,09Oct24,2024-10-09,15,15,FALSE,2017-12-06,0-10 cm,Warming treatment,2,warmed
15,Sihi_60398_015_r2_Fir_14Oct24_300SA_p06_15_1_6378,14295375421.9561,779,-14872.9827073823,0.0374414958681824,0.555478836938397,-0.629972130404857,129.536984670669,1.16875848330828,0.238274089397271,0.381315056745239,0.153172684923986,0.301425307320223,0.0355546651310111,0.270191858084467,0.0753115698526651,0.405798751094221,2,14Oct24,2024-10-14,15,15,FALSE,2017-12-06,0-10 cm,Warming treatment,2,warmed
16,Sihi_60398_016_r1_Fir_09Oct24_300SA_p06_16_1_6199,33349901990.7637,1232,-14143.2462831337,0.0341914724858369,0.555556778690966,-0.622610868621564,122.9545809563,1.14256249347309,0.255635531199701,0.438474985707771,0.0285630117361149,0.418649823784416,0.0901244011056527,0.047641565815989,0.099955964047099,0.439135106971779,1,09Oct24,2024-10-09,16,16,FALSE,2018-05-09,0-10 cm,Warming treatment,2,warmed
16,Sihi_60398_016_r2_Fir_14Oct24_300SA_p06_16_1_6442,37238554590.5889,1374,-14133.4000740781,0.0347535217067515,0.549391057561629,-0.561774172098185,122.708096520078,1.15299682379682,0.28196175443347,0.45639297740417,0.0665408018979026,0.359000049332197,0.0580814914315565,0.0988263378254956,0.0903074241856247,0.4158464786225,2,14Oct24,2024-10-14,16,16,FALSE,2018-05-09,0-10 cm,Warming treatment,2,warmed
16,Sihi_60398_016_r2_Fir_24Oct24_300SA_p06_16_1_6532,33140032470.0139,1394,-14214.1669010179,0.0344281130384879,0.552089359571071,-0.588672282175983,123.492790689416,1.11689239578129,0.255151835720628,0.432890057854044,0.0524860016930831,0.39139337398184,0.0805914409449565,0.0880159521649579,0.0943532693297852,0.427982358840128,2,24Oct24,2024-10-24,16,16,FALSE,2018-05-09,0-10 cm,Warming treatment,2,warmed
17,Sihi_60398_017_r1_Fir_09Oct24_300SA_p06_17_1_6171,35092733005.8637,1524,-14928.9555945128,0.032930943648515,0.556361168560169,-0.637020112187913,129.948658431142,1.0719653520263,0.191136725694904,0.272201388511663,0.154659878520623,0.472588333579298,0.0647946144167243,0.182177519882046,0.0805126686650636,0.503680775907683,1,09Oct24,2024-10-09,17,17,FALSE,2018-05-22,0-10 cm,Warming treatment,2,warmed
17,Sihi_60398_017_r2_Fir_14Oct24_300SA_p06_17_1_6270,34725745260.4969,1564,-14868.2719256,0.033152337139563,0.556149031904144,-0.635115302456365,129.430468903737,1.06878613885726,0.189821989486931,0.27589167757674,0.159122048757161,0.458363112626417,0.0637282135283955,0.191367451985214,0.0840979824751177,0.493112665584824,2,14Oct24,2024-10-14,17,17,FALSE,2018-05-22,0-10 cm,Warming treatment,2,warmed
18,Sihi_60398_018_r1_Fir_08Oct24_300SA_p03_18_1_6015,21315114752.1521,787,-15085.614556835,0.030426478336737,0.572333130760981,-0.791500504904899,131.82328616,1.1811859956461,0.191831528635058,0.294708878570641,0.0345827651289375,0.504271554364089,0.126161595231543,0.0676935157537202,0.143060360398216,0.53849252743705,1,08Oct24,2024-10-08,18,18,FALSE,2018-10-10,0-10 cm,Warming treatment,2,warmed
18,Sihi_60398_018_r1_Fir_09Oct24_300SA_p06_18_1_6058,33397910713.6483,680,-14045.8943930409,0.0319523436719353,0.574021654602427,-0.809175980031348,122.730243965355,1.24833826452327,0.219218357388748,0.322893142482023,0.0554806185753579,0.440268121084935,0.145006297646028,0.0774300912519957,0.169421930403781,0.468427936199753,1,09Oct24,2024-10-09,18,18,FALSE,2018-10-10,0-10 cm,Warming treatment,2,warmed
18,Sihi_60398_018_r2_Fir_14Oct24_300SA_p06_18_1_6384,26037911721.8027,732,-14406.3380519726,0.0318776489194038,0.568590799450447,-0.754826200151383,125.579688485458,1.1745596005874,0.20513751298653,0.305746317731041,0.0676567744746664,0.425585294265802,0.136470233492082,0.118879347162659,0.157365204858275,0.48448630457976,2,14Oct24,2024-10-14,18,18,FALSE,2018-10-10,0-10 cm,Warming treatment,2,warmed
19,Sihi_60398_019_r1_Fir_09Oct24_300SA_p06_19_1_6135,51554359781.7474,1792,-14651.7000367752,0.033331059539737,0.559363549173253,-0.669965030618096,127.810730277674,1.15210676249891,0.209541433654613,0.280201916145116,0.211712600098446,0.395808513908353,0.0549924167524649,0.235129148480251,0.0976638348508915,0.445552632963252,1,09Oct24,2024-10-09,19,19,FALSE,2018-11-07,0-10 cm,Warming treatment,2,warmed
19,Sihi_60398_019_r2_Fir_14Oct24_300SA_p06_19_1_6288,48785636991.116,1894,-15070.9568966443,0.0327597097449891,0.558293373447198,-0.659101690370203,131.431928497598,1.12348842426244,0.200075262787911,0.271403147758352,0.200448405524795,0.420432200477902,0.0513551681834325,0.230953825297037,0.0863291988068384,0.470075321149988,2,14Oct24,2024-10-14,19,19,FALSE,2018-11-07,0-10 cm,Warming treatment,2,warmed
20,Sihi_60398_020_r1_Fir_09Oct24_300SA_p06_20_1_6212,61634567602.7735,2472,-12186.114804705,0.0414699938111069,0.540633425793555,-0.482141065960383,105.566916724258,1.18210367854528,0.302953463195807,0.377006840543352,0.301379473949891,0.209148710089043,0.0263331968695398,0.332855926470201,0.095942291139743,0.283254422470206,1,09Oct24,2024-10-09,20,20,FALSE,2019-09-10,0-10 cm,Warming treatment,2,warmed
20,Sihi_60398_020_r2_Fir_14Oct24_300SA_p06_20_1_6395,59880463778.7495,2423,-12283.1941572251,0.0413698738478178,0.540966760360375,-0.485755972389108,106.407571048724,1.17358988969257,0.29692667306235,0.370431755316424,0.294391543681958,0.222215260724607,0.0251063967621204,0.330726502088068,0.090058823810901,0.29758396506515,2,14Oct24,2024-10-14,20,20,FALSE,2019-09-10,0-10 cm,Warming treatment,2,warmed
21,Sihi_60398_021_r1_Fir_09Oct24_300SA_p06_21_1_6086,21173910373.4413,806,-15700.3487791788,0.0298482113292553,0.561766427961112,-0.684147613436518,136.698519215644,1.09096066028729,0.19520602341237,0.313593311030961,0.0244412726652916,0.518864545508526,0.0889526250521756,0.0703339317003556,0.110242851946238,0.564293417988052,1,09Oct24,2024-10-09,21,21,FALSE,2019-12-03,0-10 cm,Warming treatment,2,warmed
21,Sihi_60398_021_r2_Fir_14Oct24_300SA_p06_21_1_6377,15799209743.9048,1888,-19625.3739843127,0.0272049358840333,0.559474060081718,-0.663847582580856,171.312874767952,1.08649860614186,0.194458394048105,0.273152945058013,0.0824336801386037,0.388034964277871,0.07126280402705,0.241084719234119,0.136766861634807,0.556585491746982,2,14Oct24,2024-10-14,21,21,FALSE,2019-12-03,0-10 cm,Warming treatment,2,warmed
22,Sihi_60398_022_r1_Fir_09Oct24_300SA_p06_22_1_6204,33888551835.7916,1199,-14980.8451442018,0.0316022409946987,0.560462543246784,-0.676076462243174,130.49742910492,1.09691262590239,0.190548074232188,0.273274933229187,0.119909372554744,0.489679859022529,0.0808418354204442,0.146495862958332,0.0978326561212585,0.521847065428837,1,09Oct24,2024-10-09,22,22,FALSE,2020-01-28,0-10 cm,Warming treatment,2,warmed
22,Sihi_60398_022_r2_Fir_14Oct24_300SA_p06_22_1_6471,41733251845.8568,1321,-15003.5907830394,0.032134824561007,0.553995287086825,-0.613203057219045,130.453305133984,1.08736083466151,0.206730726233678,0.285545302489673,0.182417098930914,0.395106215683353,0.0556138817295887,0.231948158708287,0.0987171617366292,0.468068702437735,2,14Oct24,2024-10-14,22,22,FALSE,2020-01-28,0-10 cm,Warming treatment,2,warmed
22,Sihi_60398_022_r2_Fir_24Oct24_300SA_p06_22_1_6561,40934786586.304,1392,-14880.0710375424,0.0322642322111583,0.554713363828195,-0.619953970416558,129.407874653881,1.0741622636506,0.198039980156262,0.272916154457107,0.173268872079298,0.419170297050034,0.0627248277290098,0.221208197256786,0.101430983956544,0.478973555129398,2,24Oct24,2024-10-24,22,22,FALSE,2020-01-28,0-10 cm,Warming treatment,2,warmed
23,Sihi_60398_023_r1_Fir_09Oct24_300SA_p06_23_1_6240,12602384706.3596,514,-15780.8237847124,0.0303270593595935,0.570641049556547,-0.775048428743656,137.895700128391,1.15726006492683,0.184231920887951,0.265279536370738,0.0696601186305705,0.473638816991938,0.113259447282978,0.129012427076645,0.152535453333097,0.540850223535987,1,09Oct24,2024-10-09,23,23,FALSE,2021-12-15,0-10 cm,Warming treatment,2,warmed
23,Sihi_60398_023_r2_Fir_14Oct24_300SA_p06_23_1_6286,10712162331.9927,548,-16373.2487115545,0.0301849508127969,0.569375908726517,-0.763070879363881,143.020726712287,1.15137547827843,0.183827096980241,0.249751543064408,0.0811514438865702,0.451441700028727,0.112419248785067,0.166220451003607,0.157771853788064,0.540241883590911,2,14Oct24,2024-10-14,23,23,FALSE,2021-12-15,0-10 cm,Warming treatment,2,warmed
24,Sihi_60398_024_r1_Fir_08Oct24_300SA_p03_24_1_6033,29724507320.7305,1171,-15325.9233101191,0.0317448130956222,0.557766385618798,-0.645115573820075,133.395851675642,1.09392662083183,0.210205976077793,0.345047397527339,0.027342392332016,0.515033499386364,0.0612711793456302,0.0711581418188062,0.0890412875211156,0.554881779422083,1,08Oct24,2024-10-08,24,24,FALSE,2022-08-23,0-10 cm,Warming treatment,2,warmed
24,Sihi_60398_024_r1_Fir_09Oct24_300SA_p06_24_1_6041,50734864952.837,985,-14323.2262726265,0.0327814829751393,0.559170653480795,-0.659263471332328,124.595839472,1.14736221875849,0.234640467309007,0.377960010596285,0.0302893489017908,0.485568536934311,0.0709688341308378,0.0533719513468722,0.0995400506077619,0.507254578434856,1,09Oct24,2024-10-09,24,24,FALSE,2022-08-23,0-10 cm,Warming treatment,2,warmed
24,Sihi_60398_024_r2_Fir_14Oct24_300SA_p06_24_1_6389,36755664344.0835,1229,-14993.4426770077,0.0323065476646058,0.557087320911545,-0.639575681127004,130.404654824207,1.10209682807482,0.21827176343966,0.357372465588108,0.0591932156991603,0.433808363120577,0.0712302185876766,0.120241780212793,0.10983825228856,0.496827277067592,2,14Oct24,2024-10-14,24,24,FALSE,2022-08-23,0-10 cm,Warming treatment,2,warmed
25,Sihi_60398_025_r1_Fir_09Oct24_300SA_p06_25_1_6168,14075480319.1046,391,-14605.8483384359,0.0311650445170775,0.574747684002969,-0.816182372641673,127.550684284498,1.20443594997508,0.193632377492778,0.275863958504062,0.056911645761666,0.446153516847201,0.149157321137964,0.114989524727137,0.192418272275884,0.495058863199544,1,09Oct24,2024-10-09,25,25,FALSE,2022-11-16,0-10 cm,Warming treatment,2,warmed
25,Sihi_60398_025_r2_Fir_14Oct24_300SA_p06_25_1_6335,10291249300.0655,385,-15546.0264426883,0.0307742518779025,0.576259618568488,-0.833366057656811,135.996918667747,1.21805882615027,0.190136255557641,0.260927339366247,0.0988899295469501,0.396310851293231,0.155324508208676,0.16791230120533,0.204470940833927,0.460485420135418,2,14Oct24,2024-10-14,25,25,FALSE,2022-11-16,0-10 cm,Warming treatment,2,warmed
26,Sihi_60398_026_r1_Fir_08Oct24_300SA_p03_26_1_6008,11201815958.2386,605,-14980.1060724047,0.0361783669169167,0.567128795119958,-0.743263342441203,130.915292841744,1.21375060593275,0.215752767533365,0.310569549391554,0.109024871987496,0.325352461728657,0.090319307881754,0.252620736583675,0.174567661590452,0.441104518806814,1,08Oct24,2024-10-08,26,26,FALSE,2017-10-20,0-10 cm,Control treatment,3,control
26,Sihi_60398_026_r1_Fir_09Oct24_300SA_p06_26_1_6051,19248340744.2507,528,-12691.2905601826,0.0385875458382882,0.56777262037188,-0.749432749019974,110.849979244284,1.23489839268975,0.224856554531637,0.32280795661015,0.137119554592343,0.320444879923922,0.0980899023461759,0.234145718300966,0.181292421126869,0.386186012216713,1,09Oct24,2024-10-09,26,26,FALSE,2017-10-20,0-10 cm,Control treatment,3,control
26,Sihi_60398_026_r2_Fir_14Oct24_300SA_p06_26_1_6294,18079370055.7584,544,-13368.6718408777,0.0382671975369007,0.56228043795507,-0.694395340026489,116.419481200858,1.17252320347844,0.217784184669615,0.297880109339096,0.158881524621977,0.283753170840849,0.0991947261622987,0.292919027571335,0.190101170737677,0.388946808236786,2,14Oct24,2024-10-14,26,26,FALSE,2017-10-20,0-10 cm,Control treatment,3,control
27,Sihi_60398_027_r1_Fir_09Oct24_300SA_p06_27_1_6103,65047611223.7791,2496,-10942.0656544165,0.0449448932820739,0.518721511317256,-0.25340158387156,93.8676571085781,1.21509337887745,0.467064745302933,0.723368066024333,0.0973494347668629,0.125628635099357,0.0267841870677383,0.114409348722728,0.0412249912710902,0.149948998531496,1,09Oct24,2024-10-09,27,27,FALSE,2017-12-06,0-10 cm,Control treatment,3,control
27,Sihi_60398_027_r2_Fir_14Oct24_300SA_p06_27_1_6422,60158709158.4334,2990,-12339.8089122194,0.0414700045138011,0.525210568149048,-0.318664125848756,106.223298026829,1.12854528533086,0.388454773072896,0.599792676272655,0.0851170800170683,0.250540602991358,0.0262022838609631,0.117175547605138,0.0391518749542989,0.28340598281552,2,14Oct24,2024-10-14,27,27,FALSE,2017-12-06,0-10 cm,Control treatment,3,control
28,Sihi_60398_028_r1_Fir_09Oct24_300SA_p06_28_1_6174,17020718397.9445,231,-12016.7265012123,0.0346649292613967,0.607468263894367,-1.14159612962207,106.032675181061,1.53163675965732,0.212977766240533,0.194725482906506,0.0547226254447939,0.354676820817026,0.308179965001244,0.13211639728289,0.353674222981996,0.407179002659038,1,09Oct24,2024-10-09,28,28,FALSE,2018-01-17,0-10 cm,Control treatment,3,control
28,Sihi_60398_028_r2_Fir_14Oct24_300SA_p06_28_1_6461,22266007865.0414,288,-12931.1330596498,0.0334443731852128,0.586889233554677,-0.937521182867991,113.063954807153,1.35218531430618,0.211478489722292,0.223895325902176,0.117360805790719,0.295034609345143,0.23341947639606,0.223606448119902,0.293296948946716,0.390641629202053,2,14Oct24,2024-10-14,28,28,FALSE,2018-01-17,0-10 cm,Control treatment,3,control
28,Sihi_60398_028_r2_Fir_24Oct24_300SA_p06_28_1_6551,20297426849.1048,334,-13315.745337577,0.0339270168125697,0.585279104620698,-0.921146471015429,116.528952473911,1.35146501427171,0.214139258785214,0.213119418934667,0.100136308123958,0.313835783801113,0.219875680404161,0.230358189152526,0.275045020537327,0.435469930639317,2,24Oct24,2024-10-24,28,28,FALSE,2018-01-17,0-10 cm,Control treatment,3,control
29,Sihi_60398_029_r1_Fir_09Oct24_300SA_p06_29_1_6100,33197442828.524,1126,-13320.913739667,0.0361391753039836,0.556932463079307,-0.637993474330579,115.912331851811,1.17645287828467,0.261978449493462,0.450834263257963,0.0380200725209999,0.401292746505872,0.0800148971751534,0.0647426936533544,0.0967955108452546,0.419835978392559,1,09Oct24,2024-10-09,29,29,FALSE,2018-01-30,0-10 cm,Control treatment,3,control
29,Sihi_60398_029_r2_Fir_14Oct24_300SA_p06_29_1_6447,34276529308.002,1115,-13190.2267429139,0.0366534098550038,0.552724339140895,-0.596981306678739,114.536134907319,1.18570465703541,0.282131429227798,0.457934871900698,0.0808699629908169,0.33584438265993,0.0723771908133661,0.121684883596868,0.0990162688523827,0.375441042216476,2,14Oct24,2024-10-14,29,29,FALSE,2018-01-30,0-10 cm,Control treatment,3,control
29,Sihi_60398_029_r2_Fir_24Oct24_300SA_p06_29_1_6537,30822390602.866,1145,-13746.1104682461,0.0358123791939804,0.554507086481261,-0.614182488831765,119.508521515309,1.14364209058117,0.253736179345495,0.42546113122019,0.0622088835360772,0.382395716532363,0.0745048094151918,0.108011678400883,0.099799048115938,0.424485439099453,2,24Oct24,2024-10-24,29,29,FALSE,2018-01-30,0-10 cm,Control treatment,3,control
30,Sihi_60398_030_r1_Fir_09Oct24_300SA_p06_30_1_6158,14060195725.7004,149,-11595.9923352805,0.0381893065651856,0.589365307105562,-0.963740534706177,101.730675976568,1.42105744275979,0.216644198534364,0.245732667109528,0.0768150201718272,0.432683693389232,0.168937045728287,0.140852775820044,0.207345565380569,0.481900565290986,1,09Oct24,2024-10-09,30,30,FALSE,2018-02-13,0-10 cm,Control treatment,3,control
30,Sihi_60398_030_r2_Fir_14Oct24_300SA_p06_30_1_6400,8729581711.60823,154,-12630.2505438407,0.0380007520482335,0.587093540908075,-0.94243787985431,110.829267267431,1.4004555861552,0.215191419837994,0.257695346333995,0.103980866864562,0.363998760346434,0.16135618038935,0.200369343241793,0.204865869449043,0.452587659509087,2,14Oct24,2024-10-14,30,30,FALSE,2018-02-13,0-10 cm,Control treatment,3,control
31,Sihi_60398_031_r1_Fir_09Oct24_300SA_p06_31_1_6159,10316481384.5157,286,-13759.4318220985,0.0346692459336646,0.591069745494771,-0.979528426313028,120.779001194738,1.35922786795595,0.189718240311219,0.200615668424167,0.0664351599260926,0.441572451771116,0.194644091967356,0.151941339373837,0.237570953611084,0.511071473178716,1,09Oct24,2024-10-09,31,31,FALSE,2018-02-27,0-10 cm,Control treatment,3,control
31,Sihi_60398_031_r2_Fir_14Oct24_300SA_p06_31_1_6353,8078722223.73378,310,-14834.5779883131,0.034475802400036,0.589085226816682,-0.960953817482965,130.3387921525,1.35276672436661,0.190460410707323,0.205100497954124,0.0916054587577203,0.381354934316842,0.181551644282712,0.217063205126292,0.24145052730071,0.491198348380817,2,14Oct24,2024-10-14,31,31,FALSE,2018-02-27,0-10 cm,Control treatment,3,control
32,Sihi_60398_032_r1_Fir_09Oct24_300SA_p06_32_1_6111,16724982012.6191,465,-13599.0909086321,0.0335606608079677,0.594533016310782,-1.01271337298965,119.495335787859,1.40765226915508,0.187382021189765,0.116915171781892,0.102704873236809,0.44392817616336,0.211582446667705,0.212313728944517,0.273510759181039,0.534996221889569,1,09Oct24,2024-10-09,32,32,FALSE,2018-05-09,0-10 cm,Control treatment,3,control
32,Sihi_60398_032_r2_Fir_14Oct24_300SA_p06_32_1_6314,14177476861.5777,511,-14184.4302602573,0.033314084223414,0.591287560407074,-0.981345211917996,124.528913019171,1.38233831402258,0.189128748272185,0.135680477224919,0.10717278968576,0.403512390134668,0.198339709513037,0.243280119965562,0.269460950745958,0.517035812468467,2,14Oct24,2024-10-14,32,32,FALSE,2018-05-09,0-10 cm,Control treatment,3,control
33,Sihi_60398_033_r1_Fir_09Oct24_300SA_p06_33_1_6225,9195559624.79674,135,-11384.1435441547,0.040110015321042,0.598723174213417,-1.06629413985777,100.493048340547,1.53020105524626,0.225323241328116,0.243632736595988,0.236294999763498,0.221188287100714,0.214992230383306,0.313437914117381,0.255222120889698,0.292839021117088,1,09Oct24,2024-10-09,33,33,FALSE,2018-05-22,0-10 cm,Control treatment,3,control
33,Sihi_60398_033_r2_Fir_14Oct24_300SA_p06_33_1_6456,10363403392.9213,140,-12071.6869514368,0.0373313955966448,0.584454093474456,-0.925346498348646,105.805565114602,1.36935551964832,0.201803363339171,0.196906855939065,0.330110774660197,0.186278431874109,0.182765571763699,0.423932345986188,0.237260587092284,0.262844531137656,2,14Oct24,2024-10-14,33,33,FALSE,2018-05-22,0-10 cm,Control treatment,3,control
33,Sihi_60398_033_r2_Fir_24Oct24_300SA_p06_33_1_6546,9261694615.07766,151,-12467.50082661,0.0381559976104407,0.588172712189531,-0.96257967321992,109.661183925548,1.4085059875743,0.205651165189682,0.220712796233949,0.298144770774587,0.171577829770797,0.184919305173625,0.40952566758054,0.248437096255254,0.270091721500797,2,24Oct24,2024-10-24,33,33,FALSE,2018-05-22,0-10 cm,Control treatment,3,control
34,Sihi_60398_034_r1_Fir_09Oct24_300SA_p06_34_1_6252,11791293568.7336,157,-12158.7193367036,0.0363325366560198,0.584194714535937,-0.914983292947697,106.690721381673,1.38679864246942,0.227345745574312,0.269002350403589,0.172123666814148,0.245362581409639,0.187634791464064,0.269351546781459,0.270297556140033,0.317225156583479,1,09Oct24,2024-10-09,34,34,FALSE,2018-10-23,0-10 cm,Control treatment,3,control
34,Sihi_60398_034_r2_Fir_14Oct24_300SA_p06_34_1_6470,15728878977.2619,206,-12282.1586359163,0.0368046299564655,0.560454125293998,-0.680805737428185,106.726937541509,1.23155493510824,0.246204114833798,0.315308012614998,0.264371288128503,0.188514690816469,0.113350421846533,0.353173445625514,0.177737462499491,0.272236665853495,2,14Oct24,2024-10-14,34,34,FALSE,2018-10-23,0-10 cm,Control treatment,3,control
34,Sihi_60398_034_r2_Fir_24Oct24_300SA_p06_34_1_6560,16932454674.2448,220,-12442.4371141924,0.0359420468665504,0.565022069513389,-0.724636089916021,108.208867556845,1.22176041198372,0.22734515492726,0.291702192640531,0.244756955489027,0.197746236612683,0.128478682478704,0.346514575987429,0.214508586793561,0.284590577357532,2,24Oct24,2024-10-24,34,34,FALSE,2018-10-23,0-10 cm,Control treatment,3,control
35,Sihi_60398_035_r1_Fir_09Oct24_300SA_p06_35_1_6196,10122382196.2986,58,-11291.0538103887,0.0345708540277612,0.611655861640365,-1.19254193551297,99.7891171264549,1.61323946780267,0.209363239019415,0.201985430818347,0.169208313184344,0.186007468853795,0.289718264386938,0.291615039540407,0.39599550810689,0.263484544290933,1,09Oct24,2024-10-09,35,35,FALSE,2018-11-07,0-10 cm,Control treatment,3,control
35,Sihi_60398_035_r2_Fir_14Oct24_300SA_p06_35_1_6337,9293621906.8414,62,-11938.3652655048,0.0341649434172933,0.605025141501386,-1.12607936128879,105.202534503007,1.54553329416787,0.204323602031848,0.198612659704805,0.179881622183704,0.176712270405107,0.264098782860699,0.318131597087227,0.37841622420368,0.291243701247038,2,14Oct24,2024-10-14,35,35,FALSE,2018-11-07,0-10 cm,Control treatment,3,control
36,Sihi_60398_036_r1_Fir_09Oct24_300SA_p06_36_1_6183,8253732730.50263,145,-13587.7841551813,0.0291194178763657,0.633597738702057,-1.39993191897781,120.374734609821,1.63358915866945,0.166230852634056,0.0527564900691619,0.0630762043780998,0.29569873952204,0.465840319986427,0.168366306907159,0.512960710613047,0.397648263324786,1,09Oct24,2024-10-09,36,36,FALSE,2019-11-05,0-10 cm,Control treatment,3,control
36,Sihi_60398_036_r2_Fir_14Oct24_300SA_p06_36_1_6275,7421608668.11503,180,-14963.7188441216,0.0290814265550991,0.616480404895122,-1.22808498133989,131.922003215237,1.49773834084895,0.167192282840985,0.0469487001097621,0.0884357940187387,0.311807991606982,0.392337387168893,0.219491870877626,0.451512925266195,0.454536749414094,2,14Oct24,2024-10-14,36,36,FALSE,2019-11-05,0-10 cm,Control treatment,3,control
37,Sihi_60398_037_r1_Fir_09Oct24_300SA_p06_37_1_6154,10994439377.095,544,-16338.2204155005,0.0298521934451367,0.59491711225277,-1.01578510106414,143.560480734021,1.35006218832233,0.172176459314959,0.133569301983202,0.0694271789799018,0.435203262313287,0.214524391335124,0.196842623954572,0.273837622359723,0.559300223649717,1,09Oct24,2024-10-09,37,37,FALSE,2019-12-17,0-10 cm,Control treatment,3,control
37,Sihi_60398_037_r2_Fir_14Oct24_300SA_p06_37_1_6285,7821516029.3141,649,-19959.0986387885,0.0269921405992401,0.589439086069134,-0.962807768697962,175.373440747816,1.30040462094394,0.168256824818639,0.128092056039686,0.0920029570454881,0.374102425776159,0.182464166168455,0.282729297899808,0.271076345855605,0.559450169904859,2,14Oct24,2024-10-14,37,37,FALSE,2019-12-17,0-10 cm,Control treatment,3,control
38,Sihi_60398_038_r1_Fir_09Oct24_300SA_p06_38_1_6218,14550640056.0749,499,-14965.7488787438,0.0309193673289973,0.587612743814553,-0.941678754634568,130.994075513075,1.26310222965539,0.167120679277145,0.139165052669484,0.105118993440103,0.367031082058411,0.227871504006742,0.22274710357669,0.302043382586323,0.504626365465518,1,09Oct24,2024-10-09,38,38,FALSE,2019-12-31,0-10 cm,Control treatment,3,control
38,Sihi_60398_038_r2_Fir_14Oct24_300SA_p06_38_1_6311,13581938773.0306,531,-15947.143509218,0.0301661157710395,0.582745436996315,-0.893284145211343,139.40664119907,1.22215698513225,0.167646618047245,0.139235333493622,0.115461768598015,0.331782973365765,0.215990781537966,0.267238408174556,0.297811101345574,0.501723524087257,2,14Oct24,2024-10-14,38,38,FALSE,2019-12-31,0-10 cm,Control treatment,3,control
39,Sihi_60398_039_r1_Fir_09Oct24_300SA_p06_39_1_6132,13098085996.1952,364,-12887.4931389497,0.035212628569771,0.603821141160426,-1.1020632248495,113.480765847424,1.44785729528497,0.190265920364688,0.13528489416748,0.0691898228969033,0.375724323997175,0.279363318668139,0.178162360211255,0.364244725503217,0.473355340828556,1,09Oct24,2024-10-09,39,39,FALSE,2020-01-28,0-10 cm,Control treatment,3,control
39,Sihi_60398_039_r2_Fir_14Oct24_300SA_p06_39_1_6333,10760890917.2216,418,-14701.8850672656,0.0340319980140994,0.596750339056111,-1.03260823293782,129.215953841771,1.40503084738912,0.195248097205541,0.15468664167262,0.0834389190186352,0.311616241618937,0.239848604036976,0.251321383641858,0.339093612635305,0.475536585704532,2,14Oct24,2024-10-14,39,39,FALSE,2020-01-28,0-10 cm,Control treatment,3,control
40,Sihi_60398_040_r1_Fir_09Oct24_300SA_p06_40_1_6209,8436546398.22696,420,-16501.6142522504,0.0289038571484326,0.601538583880533,-1.08164279465502,145.287305347065,1.362552008219,0.155164342051167,0.101350798480376,0.0848706743598764,0.386295831700432,0.266695927208264,0.216492612456676,0.333965930509658,0.515108476347572,1,09Oct24,2024-10-09,40,40,FALSE,2020-03-10,0-10 cm,Control treatment,3,control
40,Sihi_60398_040_r2_Fir_14Oct24_300SA_p06_54_1_6373,8008511039.92267,472,-17171.5703292574,0.0286772582947238,0.59406877448618,-1.00828978484823,150.797650691873,1.31139187316312,0.157964872818427,0.0953456504169414,0.125452616472423,0.351806418416979,0.244470822449197,0.273738126937118,0.319473522550964,0.508460837247713,2,14Oct24,2024-10-14,54,40,FALSE,2020-03-10,0-10 cm,Control treatment,3,control
41,Sihi_60398_041_r1_Fir_08Oct24_300SA_p03_41_1_6035,4960174033.89398,317,-20381.8610082281,0.0254315312517757,0.608595813578827,-1.15197903964476,179.948104777954,1.44424232683626,0.158936102172903,0.0628325397273224,0.0576084144060242,0.318079867220677,0.269020784752287,0.312417475076796,0.37081934407006,0.584819798270105,1,08Oct24,2024-10-08,41,41,FALSE,2021-12-15,0-10 cm,Control treatment,3,control
41,Sihi_60398_041_r1_Fir_09Oct24_300SA_p06_41_1_6043,7993444403.35082,275,-14745.1664338937,0.0303290463118822,0.615523902773913,-1.21798532359141,130.171675315214,1.50186268512535,0.169473192061193,0.0802873612037466,0.0764373048137702,0.338361577499982,0.351044730756929,0.191399541200307,0.42440972649744,0.466743134672695,1,09Oct24,2024-10-09,41,41,FALSE,2021-12-15,0-10 cm,Control treatment,3,control
41,Sihi_60398_041_r2_Fir_14Oct24_300SA_p06_41_1_6359,7367581049.43251,531,-19523.9921265009,0.0273847774167981,0.594284265822958,-1.00989279469218,171.822224271796,1.344667397376,0.166241549485479,0.0926628523764836,0.140924802133922,0.28928181687911,0.231848563343085,0.345774675439751,0.332947192944497,0.496829084551454,2,14Oct24,2024-10-14,41,41,FALSE,2021-12-15,0-10 cm,Control treatment,3,control
42,Sihi_60398_042_r1_Fir_09Oct24_300SA_p06_42_1_6093,10414408215.3214,283,-12432.8788588727,0.038552233365174,0.599098663386475,-1.06115173392748,109.461911578215,1.4487464084771,0.210943994288003,0.276692908762582,0.0849305279029069,0.297838025060208,0.233040397620821,0.155833340456363,0.304870196881597,0.376480376525734,1,09Oct24,2024-10-09,42,42,FALSE,2022-09-08,0-10 cm,Control treatment,3,control
42,Sihi_60398_042_r2_Fir_14Oct24_300SA_p06_42_1_6306,9655847263.33016,312,-13481.4083228259,0.0376979061252045,0.58893584864318,-0.959293703880761,118.043501465303,1.36724298391204,0.213843735732505,0.273929201620152,0.108859041047261,0.246152302247319,0.209639512963476,0.230130332515477,0.291441266226903,0.379625739388975,2,14Oct24,2024-10-14,42,42,FALSE,2022-09-08,0-10 cm,Control treatment,3,control
43,Sihi_60398_043_r1_Fir_09Oct24_300SA_p06_43_1_6192,8701402023.46963,484,-18652.1514557742,0.0268237878385482,0.585178592875183,-0.916204026271853,163.171443740822,1.2592534232064,0.175476731965495,0.102681541513579,0.125195032195189,0.284938513753627,0.240879866290159,0.328775998788077,0.323896682227326,0.507493869726353,1,09Oct24,2024-10-09,43,43,FALSE,2022-11-16,0-10 cm,Control treatment,3,control
43,Sihi_60398_043_r2_Fir_14Oct24_300SA_p06_43_1_6380,7811787400.04285,763,-23155.2711027963,0.0227737710891919,0.57663591909617,-0.835079058866927,202.750672851312,1.16105237359089,0.154291766420448,0.087114308710327,0.157249524425191,0.24916785023454,0.166946156849011,0.446576192630559,0.294311025796929,0.55850968802505,2,14Oct24,2024-10-14,43,43,FALSE,2022-11-16,0-10 cm,Control treatment,3,control
44,Sihi_60398_044_r1_Fir_09Oct24_300SA_p06_44_1_6167,18364174923.5215,419,-16190.3779533223,0.0277215308124682,0.593250913007761,-1.01007714204789,142.759110756646,1.31448762249394,0.130814294957288,0.097551974482526,0.184365373549369,0.47413209503518,0.149784024270853,0.262211174876295,0.193059614488019,0.548293890565953,1,09Oct24,2024-10-09,44,44,FALSE,2023-05-30,0-10 cm,Control treatment,3,control
44,Sihi_60398_044_r2_Fir_14Oct24_300SA_p06_44_1_6405,14599727092.3676,401,-16517.3846725806,0.027903265419225,0.58729729765336,-0.949926025649129,145.292036641036,1.26705183675821,0.133872496792114,0.0963469160574015,0.200902651096402,0.432625895190299,0.145924610623783,0.298769401549079,0.195874802899156,0.538998797139342,2,14Oct24,2024-10-14,44,44,FALSE,2023-05-30,0-10 cm,Control treatment,3,control
45,Sihi_60398_045_r1_Fir_09Oct24_300SA_p06_45_1_6130,8984815329.31051,245,-14535.7194348371,0.0300338901046036,0.611909774417155,-1.18209598084645,127.999164991723,1.4713664052534,0.170009418438943,0.0554963613832888,0.105974283993454,0.293323658516862,0.367328492540503,0.240434224276745,0.431569804046664,0.456639822624033,1,09Oct24,2024-10-09,45,45,FALSE,2023-12-27,0-10 cm,Control treatment,3,control
45,Sihi_60398_045_r2_Fir_14Oct24_300SA_p06_45_1_6367,7080180565.28268,349,-18824.4646337093,0.0267786844161175,0.594421448927559,-1.01022059263761,165.182140419841,1.31527750504223,0.160103599745371,0.06564152233088,0.146508911063168,0.235410676914504,0.274706036447831,0.371372142649512,0.357811124375281,0.494778646137191,2,14Oct24,2024-10-14,45,45,FALSE,2023-12-27,0-10 cm,Control treatment,3,control
46,Sihi_60398_046_r1_Fir_09Oct24_300SA_p06_46_1_6250,10458785381.5461,370,-16443.7548720463,0.0268613276451175,0.610604114669112,-1.17711727902669,145.351940775746,1.41623875891818,0.131820219261831,0.102496433549781,0.0896212915237102,0.432496794532608,0.253071262953008,0.190139671752005,0.30641964301566,0.532218449920408,1,09Oct24,2024-10-09,46,46,FALSE,2024-04-16,0-10 cm,Control treatment,3,control
46,Sihi_60398_046_r2_Fir_14Oct24_300SA_p06_46_1_6439,16776841079.9861,463,-16097.8168649983,0.0276950331512652,0.589722614575706,-0.968898738628939,141.346009845548,1.25184684278178,0.133131425353339,0.080337035633164,0.160354617523313,0.421135050435837,0.195505398460365,0.2692266784693,0.252183447630365,0.54226567960273,2,14Oct24,2024-10-14,46,46,FALSE,2024-04-16,0-10 cm,Control treatment,3,control
46,Sihi_60398_046_r2_Fir_24Oct24_300SA_p06_46_1_6529,13847035998.8033,429,-16422.0588124804,0.0274935832911608,0.593175893426687,-1.00396266716216,144.447579684382,1.26984484652701,0.128002817242646,0.0884655661974996,0.17310960896779,0.395532707251438,0.209723445395464,0.270920167496532,0.267621341714726,0.509768594640877,2,24Oct24,2024-10-24,46,46,FALSE,2024-04-16,0-10 cm,Control treatment,3,control
47,Sihi_60398_047_r1_Fir_09Oct24_300SA_p06_47_1_6205,20046594105.101,598,-15088.3300946049,0.0308521272004565,0.573124572981615,-0.810017844583965,131.889332148216,1.15082116312473,0.136681122975654,0.0658352559100826,0.304801128800072,0.406208257927892,0.147318155436921,0.360955144082584,0.17841378698247,0.475968126907375,1,09Oct24,2024-10-09,47,47 (EXTRA),TRUE,2024-04-30,0-10 cm,Control treatment,3,control
47,Sihi_60398_047_r2_Fir_14Oct24_300SA_p06_47_1_6276,20750780013.6693,602,-15212.9557627722,0.0306878490446397,0.572868680906409,-0.807037964603124,133.017480355933,1.14172896041117,0.133362948822099,0.0608378835785642,0.302363070948871,0.401004472726413,0.144695374646416,0.369723048761753,0.182484874600422,0.484764697244037,2,14Oct24,2024-10-14,47,47 (EXTRA),TRUE,2024-04-30,0-10 cm,Control treatment,3,control
48,Sihi_60398_048_r1_Fir_09Oct24_300SA_p06_48_1_6248,78457415533.0935,1503,-12988.2928937477,0.0369657242651712,0.542517221410045,-0.492435005866028,112.385101458517,1.15726215848317,0.325441122091951,0.560026494415906,0.0292464824523945,0.338711112737534,0.0490993698718571,0.0456332175054806,0.063907722803375,0.354686552051585,1,09Oct24,2024-10-09,48,48,FALSE,2017-10-20,0-10 cm,warming treatment,4,warmed
48,Sihi_60398_048_r2_Fir_14Oct24_300SA_p06_48_1_6269,73988684357.0899,1478,-12882.5478599122,0.037370003844494,0.542310515918113,-0.490899603850081,111.492035379265,1.17981265806755,0.33807024121494,0.586285112381663,0.0336840527779547,0.30406245328719,0.0500728571061626,0.0521584569121926,0.0651041416902108,0.323065003183546,2,14Oct24,2024-10-14,48,48,FALSE,2017-10-20,0-10 cm,warming treatment,4,warmed
49,Sihi_60398_049_r1_Fir_09Oct24_300SA_p06_49_1_6116,106207693221.591,2360,-11379.5019070897,0.042181159889239,0.523408184477603,-0.300583680940919,97.7399910545877,1.21406683865285,0.443504235156639,0.72812345612328,0.0689940385481057,0.16954286302982,0.0193013854736362,0.075423305171231,0.0282785009545365,0.182650187653679,1,09Oct24,2024-10-09,49,49,FALSE,2017-12-06,0-10 cm,warming treatment,4,warmed
49,Sihi_60398_049_r2_Fir_14Oct24_300SA_p06_49_1_6280,101847530724.677,2307,-12074.1627751392,0.0404906567645059,0.527189139539612,-0.338661170683735,103.931791611285,1.17363094492242,0.404801763841816,0.667266212844285,0.0557806720702557,0.241589523129521,0.0198796220077947,0.0653457172653606,0.0286619711800548,0.254627790377453,2,14Oct24,2024-10-14,49,49,FALSE,2017-12-06,0-10 cm,warming treatment,4,warmed
50,Sihi_60398_050_r1_Fir_09Oct24_300SA_p06_50_1_6228,86396372538.7125,1825,-12631.0779505135,0.0385362234444809,0.532969902378823,-0.397041845018355,108.965172823773,1.13218557272311,0.353037432668565,0.59550283178602,0.0458740149560995,0.324363837634959,0.0185326966145459,0.0572825504928803,0.0242651951240638,0.338849614929309,1,09Oct24,2024-10-09,50,50,FALSE,2018-01-17,0-10 cm,warming treatment,4,warmed
50,Sihi_60398_050_r2_Fir_14Oct24_300SA_p06_50_1_6309,79723511893.4195,1756,-12655.8208334692,0.0384765687418083,0.533510791938521,-0.402483816650234,109.193820031482,1.12298951805184,0.345154623034589,0.583879391490641,0.047491516540772,0.333422478527107,0.0190089136017926,0.0593634411370499,0.0250609895130329,0.348672663991189,2,14Oct24,2024-10-14,50,50,FALSE,2018-01-17,0-10 cm,warming treatment,4,warmed
51,Sihi_60398_051_r1_Fir_09Oct24_300SA_p06_1_1_6185,99722045405.4226,2360,-11225.3833501229,0.0431828679825914,0.528891767993333,-0.357590203316343,96.7131205093114,1.25015965179234,0.43283511082125,0.756836527548458,0.0600899192826303,0.151168528633756,0.0111964271873929,0.0688316482687537,0.0254292085078937,0.170311219917613,1,09Oct24,2024-10-09,1,51,FALSE,2018-01-30,0-10 cm,warming treatment,4,warmed
51,Sihi_60398_051_r2_Fir_14Oct24_300SA_p06_1_1_6320,95005972717.2883,2446,-11682.8670403407,0.0422937505293927,0.530422590794707,-0.373374322840013,100.758872524946,1.22732707564679,0.412917801210438,0.719323293512477,0.0603807693267814,0.188266920744975,0.0101260128850433,0.0735923808809174,0.0220784356029115,0.208351387993175,2,14Oct24,2024-10-14,1,51,FALSE,2018-01-30,0-10 cm,warming treatment,4,warmed
52,Sihi_60398_052_r1_Fir_09Oct24_300SA_p06_2_1_6120,89126726408.9088,2377,-12573.9562544756,0.0395232058099299,0.532978843824341,-0.398027982351268,108.583276303271,1.18443108414571,0.380864022204324,0.655154708265056,0.0465655986435507,0.260991102298854,0.0183653887858454,0.0586929115283647,0.0273920827811552,0.278689245111078,1,09Oct24,2024-10-09,2,52,FALSE,2018-02-13,0-10 cm,warming treatment,4,warmed
52,Sihi_60398_052_r2_Fir_14Oct24_300SA_p06_2_1_6408,78296304567.5504,2404,-12951.6574969022,0.0385318839197402,0.535339205605145,-0.421662827372961,111.932602956508,1.13877324604237,0.344740925540811,0.599148588585897,0.0392443038086237,0.327573757228962,0.0175295398886896,0.0535717535606211,0.0229178969870652,0.342505187687602,2,14Oct24,2024-10-14,2,52,FALSE,2018-02-13,0-10 cm,warming treatment,4,warmed
53,Sihi_60398_053_r1_Fir_09Oct24_300SA_p06_3_1_6160,83346922315.7617,2022,-11604.4463020035,0.0421313541874115,0.532347688543171,-0.392206371119092,100.107891220167,1.2325722460291,0.40840818094381,0.719126149896741,0.0599607086443438,0.173453285030761,0.0239889910837614,0.0726381617939905,0.0379514437885795,0.194830736269429,1,09Oct24,2024-10-09,3,53,FALSE,2018-02-27,0-10 cm,warming treatment,4,warmed
53,Sihi_60398_053_r2_Fir_14Oct24_300SA_p06_3_1_6366,80248597521.1186,2172,-12421.47006583,0.0402857220465365,0.53543451914823,-0.423387406290353,107.340524463939,1.19171150410385,0.370582869806394,0.644037758438578,0.0556898111319557,0.255687786741759,0.0209998193833636,0.0719899269715009,0.0322132906780378,0.276816737111043,2,14Oct24,2024-10-14,3,53,FALSE,2018-02-27,0-10 cm,warming treatment,4,warmed
54,Sihi_60398_054_r1_Fir_09Oct24_300SA_p06_4_1_6179,79412347533.1853,2177,-11395.4646394447,0.0430091830466742,0.527883725684865,-0.345811315336964,98.0845860108361,1.22077342295654,0.427024239025498,0.707502830460409,0.054706469367044,0.192520924722984,0.0283668744296647,0.0635919610985921,0.0380666479796847,0.207741461481216,1,09Oct24,2024-10-09,4,54,FALSE,2018-05-09,0-10 cm,warming treatment,4,warmed
54,Sihi_60398_054_r2_Fir_14Oct24_300SA_p06_4_1_6387,71550876203.3965,2429,-12100.5486987294,0.0411806219612153,0.532991754582435,-0.397153914177816,104.402007704664,1.18324241954513,0.380745859529,0.62212073959735,0.0521612063325851,0.27387879636344,0.0308782750115188,0.067220633671425,0.0398717700640298,0.292368405751792,2,14Oct24,2024-10-14,4,54,FALSE,2018-05-09,0-10 cm,warming treatment,4,warmed
55,Sihi_60398_055_r1_Fir_09Oct24_300SA_p06_5_1_6254,72572406871.8553,2223,-13099.0366962048,0.0375895198861192,0.539059328097252,-0.458201434682463,113.295109191158,1.14801787032372,0.33418994981523,0.566885063647589,0.0352031428604317,0.348141819780745,0.0347876651208838,0.0470057402145395,0.0408125817021906,0.36102435350782,1,09Oct24,2024-10-09,5,55,FALSE,2018-05-22,0-10 cm,warming treatment,4,warmed
55,Sihi_60398_055_r2_Fir_14Oct24_300SA_p06_5_1_6441,71701101754.7437,2020,-11482.3947996601,0.0417556593607929,0.531491126902751,-0.382931354581128,98.97117966002,1.24506661595813,0.419744135636814,0.723196765896287,0.0716790775072718,0.14653565026302,0.029866110023337,0.0826966550529303,0.0499768028257162,0.1734174093036,2,14Oct24,2024-10-14,5,55,FALSE,2018-05-22,0-10 cm,warming treatment,4,warmed
55,Sihi_60398_055_r2_Fir_24Oct24_300SA_p06_5_1_6531,81231825160.8244,2405,-12971.2029562558,0.0381217128088815,0.537434670963315,-0.442551340757796,112.165229923327,1.15735493694095,0.344270707163683,0.579246633978513,0.0525857875403266,0.316526607072039,0.0312692741383605,0.0677713758104125,0.0405672219009872,0.334371072736344,2,24Oct24,2024-10-24,5,55,FALSE,2018-05-22,0-10 cm,warming treatment,4,warmed
56,Sihi_60398_056_r1_Fir_09Oct24_300SA_p06_6_1_6090,90768143594.7826,3302,-12057.2467724769,0.0413126437384955,0.527316893245099,-0.340006530524115,103.846656237984,1.19714055606276,0.414642501153816,0.676938895112249,0.0670681789788877,0.210424459913533,0.0218491378926148,0.0808409122132876,0.0347567295933505,0.231913749174908,1,09Oct24,2024-10-09,6,56,FALSE,2018-10-23,0-10 cm,warming treatment,4,warmed
56,Sihi_60398_056_r2_Fir_14Oct24_300SA_p06_6_1_6357,82799321286.6963,3416,-12697.3366554603,0.039894598463526,0.530764107865297,-0.375140221046336,109.581375380396,1.1627280503197,0.37831846688389,0.619930736306992,0.0588980801474222,0.278041289819288,0.0178794086967501,0.0760367865675821,0.0292567390176484,0.301679418277588,2,14Oct24,2024-10-14,6,56,FALSE,2018-10-23,0-10 cm,warming treatment,4,warmed
57,Sihi_60398_057_r1_Fir_09Oct24_300SA_p06_7_1_6146,85310187513.5546,1998,-12213.6489369133,0.040006686213362,0.535658015309937,-0.424728371967157,105.505644043346,1.21461896123203,0.388413019393982,0.67208069076612,0.0408874734300243,0.229266375396861,0.0398965473310676,0.0509618831031676,0.0501626329829391,0.246073821269665,1,09Oct24,2024-10-09,7,57,FALSE,2018-11-07,0-10 cm,warming treatment,4,warmed
57,Sihi_60398_057_r2_Fir_14Oct24_300SA_p06_7_1_6262,72119589610.182,2124,-12819.0016919251,0.0385949515388624,0.538533790099164,-0.453781203441299,110.883080189034,1.18032119296875,0.354594680645757,0.616947562454341,0.0382128504555293,0.28390004923923,0.0367536233754433,0.0543947611088296,0.0486392161552814,0.305315439768536,2,14Oct24,2024-10-14,7,57,FALSE,2018-11-07,0-10 cm,warming treatment,4,warmed
58,Sihi_60398_058_r1_Fir_09Oct24_300SA_p06_8_1_6108,78595189265.835,2400,-11375.6836890055,0.0428037046610804,0.523932688926844,-0.305801292342625,97.7503874183487,1.22067420085945,0.446160019753304,0.732570575406869,0.0688115875919062,0.1464020004566,0.0289132375754075,0.081912493124846,0.0404028041616363,0.169345730175687,1,09Oct24,2024-10-09,8,58,FALSE,2019-11-05,0-10 cm,warming treatment,4,warmed
58,Sihi_60398_058_r2_Fir_14Oct24_300SA_p06_8_1_6349,84875127600.7688,2707,-12316.031468326,0.0404969066682761,0.528112708638202,-0.348227923301761,106.082516381367,1.16611502248985,0.39605482835742,0.64688459527938,0.0618917099952536,0.245816979783133,0.0245349423614678,0.075678152882245,0.0336352747443523,0.26578035298961,2,14Oct24,2024-10-14,8,58,FALSE,2019-11-05,0-10 cm,warming treatment,4,warmed
59,Sihi_60398_059_r1_Fir_09Oct24_300SA_p06_9_1_6098,70736662843.4757,2427,-12163.4833856169,0.0407584233841841,0.528765859687442,-0.353809744260371,104.778053948031,1.18211916603438,0.4059633146904,0.656781424918668,0.0580472086225764,0.22490839734577,0.0375678743433519,0.0706062174573099,0.0542329167739077,0.243011977189569,1,09Oct24,2024-10-09,9,59,FALSE,2019-12-17,0-10 cm,warming treatment,4,warmed
59,Sihi_60398_059_r2_Fir_14Oct24_300SA_p06_9_1_6278,71020395004.221,2630,-12717.5118495023,0.0395884868381178,0.53121061247122,-0.378751074940607,109.716493326401,1.14992265630974,0.375103075608545,0.605064277812289,0.0564059869531184,0.277834886375085,0.0339510574412234,0.0752378530606092,0.0485753743223475,0.300055796491372,2,14Oct24,2024-10-14,9,59,FALSE,2019-12-17,0-10 cm,warming treatment,4,warmed
60,Sihi_60398_060_r1_Fir_09Oct24_300SA_p06_10_1_6149,87316253093.5799,3815,-12868.4828035116,0.0393911801180034,0.528468976652661,-0.351021424123764,110.910594994473,1.13647777170036,0.375655395420161,0.581771460854538,0.0720063170812664,0.294408677784019,0.0216321474488714,0.0943338369186392,0.0347513362599228,0.321402042951318,1,09Oct24,2024-10-09,10,60,FALSE,2019-12-31,0-10 cm,warming treatment,4,warmed
60,Sihi_60398_060_r2_Fir_14Oct24_300SA_p06_10_1_6307,81550261521.7631,3742,-13005.6977410007,0.0392379086453977,0.529037799897369,-0.357018160665193,112.103295149304,1.13151714707638,0.369587872329114,0.576495018876632,0.0750143487834703,0.288717784163261,0.0216354594037215,0.102633554002966,0.0368636078631816,0.324104692355077,2,14Oct24,2024-10-14,10,60,FALSE,2019-12-31,0-10 cm,warming treatment,4,warmed
61,Sihi_60398_061_r1_Fir_09Oct24_300SA_p06_11_1_6241,126603367243.954,5563,-11469.4005582491,0.0438359997350927,0.507011845438544,-0.131454832128998,97.8193159900722,1.13030765259899,0.482501293553518,0.722807940728297,0.0675404981127073,0.17922663686592,0.00885527118806058,0.0837934614089211,0.0159598580684411,0.200126526180118,1,09Oct24,2024-10-09,11,61,FALSE,2020-01-28,0-10 cm,warming treatment,4,warmed
61,Sihi_60398_061_r2_Fir_14Oct24_300SA_p06_11_1_6399,117533832216.943,5590,-11704.9830419279,0.0433836589185576,0.509157290984352,-0.154048866605455,99.9870141447545,1.13024927174854,0.471509760523311,0.71712677540361,0.0693664361250238,0.179241482844136,0.00855909778751448,0.0890450936683859,0.0176126890018877,0.204057864682131,2,14Oct24,2024-10-14,11,61,FALSE,2020-01-28,0-10 cm,warming treatment,4,warmed
62,Sihi_60398_062_r1_Fir_09Oct24_300SA_p06_12_1_6242,109322744040.54,7602,-13045.6869363117,0.0397010688486527,0.518957103823113,-0.25371073883882,112.055434535346,1.08205133075132,0.39429594735245,0.595295767533443,0.0677707609550335,0.294761475843063,0.00752928993461242,0.0963842200692027,0.0186086148474402,0.327549698727903,1,09Oct24,2024-10-09,12,62,FALSE,2020-03-10,0-10 cm,warming treatment,4,warmed
62,Sihi_60398_062_r2_Fir_14Oct24_300SA_p06_12_1_6420,101885641239.521,6839,-12914.4911363325,0.0402571385470869,0.519378946646505,-0.258215545209092,110.970338022338,1.10853111145714,0.405657304110953,0.615362141090511,0.0702672390236769,0.269702725700694,0.00879174606008457,0.0989898644555413,0.0209334654030785,0.303364791013019,2,14Oct24,2024-10-14,12,62,FALSE,2020-03-10,0-10 cm,warming treatment,4,warmed
63,Sihi_60398_063_r1_Fir_09Oct24_300SA_p06_13_1_6222,20168664242.228,419,-13470.4449215156,0.0362812613240956,0.570227040415453,-0.77285216064309,117.644598854473,1.22074466503112,0.20616755691115,0.240390987095551,0.0937041778027474,0.480029388817174,0.102254666396572,0.163656027584698,0.14766338902295,0.535786304209831,1,09Oct24,2024-10-09,13,63,FALSE,2021-12-15,0-10 cm,warming treatment,4,warmed
63,Sihi_60398_063_r2_Fir_14Oct24_300SA_p06_13_1_6440,22961144291.5059,457,-13775.2150348785,0.036160197150394,0.554120050020914,-0.616022226043056,119.552572304554,1.14318156421996,0.232853185057992,0.310300346508584,0.202252844082189,0.318721710493714,0.0663636312771335,0.275147787250471,0.10903068720926,0.410193415388448,2,14Oct24,2024-10-14,13,63,FALSE,2021-12-15,0-10 cm,warming treatment,4,warmed
63,Sihi_60398_063_r2_Fir_24Oct24_300SA_p06_13_1_6530,27107092694.0865,565,-14396.6362686488,0.0338863357617851,0.562588928418806,-0.697139661293396,125.356532320166,1.11037862013193,0.188629180371103,0.258956825912405,0.126337924989416,0.417453363829083,0.0917256959860531,0.207766536802672,0.145397988198965,0.496237638561377,2,24Oct24,2024-10-24,13,63,FALSE,2021-12-15,0-10 cm,warming treatment,4,warmed
64,Sihi_60398_064_r1_Fir_09Oct24_300SA_p06_14_1_6131,34059833402.8478,598,-13927.0896805859,0.0345564411691103,0.567562055034429,-0.746549416144923,121.636411260581,1.19652103026224,0.208031736144437,0.302841126444536,0.0641438815334522,0.505295601902419,0.0625583638169974,0.126711879138005,0.116593703601607,0.523327691349558,1,09Oct24,2024-10-09,14,64,FALSE,2022-09-08,0-10 cm,warming treatment,4,warmed
64,Sihi_60398_064_r2_Fir_14Oct24_300SA_p06_14_1_6364,26081990008.242,592,-13753.3326364155,0.0358844936339411,0.567363342607374,-0.745306771844548,120.089588802357,1.21355078840298,0.216760132772494,0.318210755194715,0.0734664776344121,0.462260926318158,0.0632986784885754,0.15145857588142,0.12730361269776,0.492728497163401,2,14Oct24,2024-10-14,14,64,FALSE,2022-09-08,0-10 cm,warming treatment,4,warmed
65,Sihi_60398_065_r1_Fir_09Oct24_300SA_p06_15_1_6181,23498226077.4817,599,-14059.5024569946,0.034895659229801,0.567400158991281,-0.743946222387945,122.754800528632,1.19685765580864,0.2179859937936,0.325811067841075,0.0502119520837651,0.484504515757393,0.0890647746180184,0.0917965303500557,0.114480996742261,0.520269175773312,1,09Oct24,2024-10-09,15,65,FALSE,2022-11-16,0-10 cm,warming treatment,4,warmed
65,Sihi_60398_065_r2_Fir_14Oct24_300SA_p06_15_1_6415,19929450600.1359,687,-13843.7654091574,0.0357171326768835,0.564980972795725,-0.720103084725245,120.701623478438,1.18104750421398,0.221179882803421,0.336851039182223,0.0644380602686829,0.44660936111022,0.0929775027616237,0.111360732501233,0.123132271820874,0.489589354075522,2,14Oct24,2024-10-14,15,65,FALSE,2022-11-16,0-10 cm,warming treatment,4,warmed
66,Sihi_60398_066_r1_Fir_09Oct24_300SA_p06_16_1_6219,22606646301.3861,729,-14785.3371766922,0.0332547110314566,0.567538872260234,-0.745192619832655,129.176445951408,1.16376140542425,0.190293948674323,0.252247733969924,0.0526529694684834,0.546788692687513,0.072515609006167,0.118302597660845,0.105172353192937,0.603369638576755,1,09Oct24,2024-10-09,16,66,FALSE,2023-05-30,0-10 cm,warming treatment,4,warmed
66,Sihi_60398_066_r2_Fir_14Oct24_300SA_p06_16_1_6351,18500876267.5194,781,-15106.0758182783,0.0335146067835641,0.566636965746043,-0.736761777661572,132.000420585158,1.15572203777336,0.189733220577549,0.255976438043002,0.0742776897043704,0.507569509524114,0.0734281946403347,0.15089216689449,0.109959610474129,0.574824202062981,2,14Oct24,2024-10-14,16,66,FALSE,2023-05-30,0-10 cm,warming treatment,4,warmed
67,Sihi_60398_067_r1_Fir_09Oct24_300SA_p06_17_1_6230,25195234688.4869,949,-14303.0604700997,0.0338588259277124,0.570894544041001,-0.777380211186891,124.937585627947,1.18919260983843,0.197783265652572,0.283639501060438,0.0370505824726242,0.522577693377701,0.105328045911808,0.0826062237792328,0.130019280742792,0.562024589280589,1,09Oct24,2024-10-09,17,67,FALSE,2023-12-27,0-10 cm,warming treatment,4,warmed
67,Sihi_60398_067_r2_Fir_14Oct24_300SA_p06_17_1_6448,30193110649.3353,1116,-14353.4812712001,0.0337244735046212,0.565894260320205,-0.72888795591052,125.180383861218,1.18485696152831,0.213563559523776,0.296035586304975,0.0891458017536463,0.459091112236077,0.0956403491002123,0.134673605961125,0.124555348344012,0.507592316587382,2,14Oct24,2024-10-14,17,67,FALSE,2023-12-27,0-10 cm,warming treatment,4,warmed
67,Sihi_60398_067_r2_Fir_24Oct24_300SA_p06_17_1_6538,30708296642.5054,1193,-14551.6776505582,0.0335028302074399,0.566410656973467,-0.733357650955108,127.006196726369,1.15031860375928,0.196041516179581,0.286454083994176,0.0707008222760286,0.487487517265504,0.0942565862187156,0.11820259644785,0.123645672815674,0.535005726981845,2,24Oct24,2024-10-24,17,67,FALSE,2023-12-27,0-10 cm,warming treatment,4,warmed
68,Sihi_60398_068_r1_Fir_08Oct24_300SA_p03_18_1_6021,14783870912.0447,537,-14775.4891205769,0.0326101675818761,0.573110947097901,-0.799599589124547,129.221185160505,1.17011052814521,0.173573264425246,0.214448985008562,0.0496498669959582,0.578313807505967,0.101921655605382,0.0945398111039067,0.125075195252879,0.623742127251431,1,08Oct24,2024-10-08,18,68,FALSE,2024-04-16,0-10 cm,warming treatment,4,warmed
68,Sihi_60398_068_r1_Fir_09Oct24_300SA_p06_18_1_6064,22177061423.0118,487,-13675.1792581828,0.034677059174691,0.574034196292014,-0.809097805263488,119.511330551796,1.22639916942694,0.201383815128576,0.251041883480441,0.0649451656776378,0.515333593411133,0.121603220995551,0.0979737452070746,0.153882378431779,0.549552921715061,1,09Oct24,2024-10-09,18,68,FALSE,2024-04-16,0-10 cm,warming treatment,4,warmed
68,Sihi_60398_068_r2_Fir_14Oct24_300SA_p06_18_1_6347,22166133405.2279,640,-13904.053660775,0.0350064698995426,0.56862824833747,-0.755526330000532,121.259739113665,1.18075674993027,0.202043408517301,0.268003903171222,0.0818000767512287,0.457552514243108,0.111735585054202,0.143637865364975,0.151342322311453,0.522409241522986,2,14Oct24,2024-10-14,18,68,FALSE,2024-04-16,0-10 cm,warming treatment,4,warmed
69,Sihi_60398_069_r1_Fir_09Oct24_300SA_p06_19_1_6244,18153041365.9087,794,-15431.8163053354,0.0322725095517694,0.57083920972751,-0.778796206444355,135.005731806404,1.19420605489081,0.190310774079532,0.261274662009073,0.0548655942252131,0.50045061227059,0.0833403836094064,0.141062122338514,0.12360998601517,0.580264634474859,1,09Oct24,2024-10-09,19,69 (EXTRA),TRUE,2024-04-30,0-10 cm,warming treatment,4,warmed
69,Sihi_60398_069_r2_Fir_14Oct24_300SA_p06_19_1_6450,24464675968.1998,678,-14912.401932589,0.0321260355113557,0.568227132906382,-0.753842314703318,130.37387799424,1.1779084774306,0.192566061589654,0.260006758420857,0.100841663326659,0.484676302597707,0.0797763599765395,0.164278462086838,0.120309357702936,0.534675537703122,2,14Oct24,2024-10-14,19,69 (EXTRA),TRUE,2024-04-30,0-10 cm,warming treatment,4,warmed
69,Sihi_60398_069_r2_Fir_24Oct24_300SA_p06_19_1_6540,23712180543.4536,715,-15124.8604672083,0.0323705462581803,0.569883038586088,-0.769824170335398,132.379855738905,1.18094369581864,0.184875560288008,0.239048979794733,0.0811770701808142,0.500359335486759,0.0882014255295476,0.159901245189186,0.131307040127718,0.567487313078732,2,24Oct24,2024-10-24,19,69 (EXTRA),TRUE,2024-04-30,0-10 cm,warming treatment,4,warmed
70,Sihi_60398_070_r1_Fir_08Oct24_300SA_p03_20_1_6016,27091328812.6283,988,-13740.1443053973,0.0354862569910565,0.550028784939552,-0.568168428241868,119.263438201633,1.10859805241947,0.255417906819118,0.42770058868607,0.0212733790317218,0.488165447500473,0.0357677426035974,0.0432406438603688,0.0466772976914286,0.511521314416464,1,08Oct24,2024-10-08,20,70,FALSE,2017-05-31,0-10 cm,Control treatment,5,control
70,Sihi_60398_070_r1_Fir_09Oct24_300SA_p06_20_1_6059,35483754365.9844,751,-12498.2076636954,0.0388808148167407,0.548319893524427,-0.552876946383554,108.427745639576,1.22296518179117,0.326096199039705,0.556446504833304,0.0327941996918631,0.34793077491245,0.0482460514743578,0.0432608283237679,0.0587461189917215,0.356815600683775,1,09Oct24,2024-10-09,20,70,FALSE,2017-05-31,0-10 cm,Control treatment,5,control
70,Sihi_60398_070_r2_Fir_14Oct24_300SA_p06_20_1_6407,29338476434.7887,750,-12921.6039500381,0.0381864209435195,0.549663640979685,-0.566227511124045,112.12907614174,1.17670523456485,0.292933212774232,0.493426345056385,0.034966707983813,0.39628736419738,0.0455165360013755,0.0607487707353137,0.0584243145251273,0.418820698358986,2,14Oct24,2024-10-14,20,70,FALSE,2017-05-31,0-10 cm,Control treatment,5,control
71,Sihi_60398_071_r1_Fir_09Oct24_300SA_p06_21_1_6119,36270336906.6984,367,-12702.1124603433,0.0328443481440273,0.595428981569003,-1.02075106885891,111.707071118032,1.4269515743163,0.205294110466672,0.215361286398825,0.00363038292990875,0.577830717428077,0.180911774159632,0.0230928180353012,0.192921319342789,0.591880888310189,1,09Oct24,2024-10-09,21,71,FALSE,2018-10-10,0-10 cm,Control treatment,5,control
71,Sihi_60398_071_r2_Fir_14Oct24_300SA_p06_21_1_6421,21619641905.5807,275,-11962.3925870827,0.033988549738798,0.602224025035218,-1.08878182349692,105.460417528937,1.49117409157529,0.203341356147117,0.189167889209843,0.0116101111006517,0.584113888612391,0.195047151883446,0.028735048081748,0.210085775255164,0.592072246646913,2,14Oct24,2024-10-14,21,71,FALSE,2018-10-10,0-10 cm,Control treatment,5,control
72,Sihi_60398_072_r1_Fir_09Oct24_300SA_p06_22_1_6126,54234099595.1469,2060,-14469.9534205045,0.0332950158660985,0.555588150618425,-0.626737059906809,125.984729156814,1.11706262904648,0.225032312928913,0.365273455969924,0.0729022840604221,0.500744677744845,0.0421697474346872,0.0859139051089839,0.0525331058488124,0.516412349396085,1,09Oct24,2024-10-09,22,72,FALSE,2018-10-23,0-10 cm,Control treatment,5,control
72,Sihi_60398_072_r2_Fir_14Oct24_300SA_p06_22_1_6443,44915326454.781,1844,-13449.839868189,0.0363640246115625,0.550684690078514,-0.579756392068085,116.913828207243,1.20576801303708,0.289894397472199,0.463616727443554,0.14955150282312,0.278973835731146,0.0413850755712518,0.176653371347941,0.0860775104855637,0.341316474326691,2,14Oct24,2024-10-14,22,72,FALSE,2018-10-23,0-10 cm,Control treatment,5,control
72,Sihi_60398_072_r2_Fir_24Oct24_300SA_p06_22_1_6533,52143931691.9971,2020,-14307.4773970253,0.0340510046156312,0.553317483875492,-0.605165702567349,124.469688003393,1.12810549545101,0.237695671559641,0.371463012846967,0.112169971054269,0.435857985142602,0.0413808713631508,0.137217904297017,0.0625976112808025,0.470746664179149,2,24Oct24,2024-10-24,22,72,FALSE,2018-10-23,0-10 cm,Control treatment,5,control
73,Sihi_60398_073_r1_Fir_08Oct24_300SA_p03_23_1_6019,62402238035.5736,2672,-14123.2119153372,0.0346755884582917,0.540608581886518,-0.473045251670861,122.247255730564,1.09166455756922,0.294592620031778,0.500021752379484,0.0292438438661336,0.421701930625169,0.02473348123357,0.0492317259338586,0.0336604824042185,0.443634815952379,1,08Oct24,2024-10-08,23,73,FALSE,2019-09-10,0-10 cm,Control treatment,5,control
73,Sihi_60398_073_r1_Fir_09Oct24_300SA_p06_23_1_6062,75606403299.2891,2108,-12296.2728853032,0.0393412930695227,0.535625811306722,-0.424383814069797,106.241324921908,1.23701118657403,0.395744236529431,0.685900772013086,0.0556307501410699,0.199864009000398,0.0292341379353448,0.0690404386125148,0.0480114322536068,0.227011194151525,1,09Oct24,2024-10-09,23,73,FALSE,2019-09-10,0-10 cm,Control treatment,5,control
73,Sihi_60398_073_r2_Fir_14Oct24_300SA_p06_23_1_6445,78622713766.25,1978,-11995.4568739524,0.0399334322371637,0.533293879724554,-0.400742462769692,103.476225810505,1.23176857841697,0.402682996916652,0.704721371489471,0.0653098308970219,0.159912935331822,0.0230882035473598,0.0872788081872684,0.0512386484225107,0.20569185905371,2,14Oct24,2024-10-14,23,73,FALSE,2019-09-10,0-10 cm,Control treatment,5,control
73,Sihi_60398_073_r2_Fir_24Oct24_300SA_p06_23_1_6535,90651393829.3246,2207,-13098.1901775951,0.0373103497075752,0.536468985164455,-0.433042137006698,113.19000649188,1.15867190401166,0.34810765627292,0.592655549062896,0.0581276855364889,0.296893087586375,0.0206666909834053,0.0772923038073552,0.0355922806248404,0.327299900182428,2,24Oct24,2024-10-24,23,73,FALSE,2019-09-10,0-10 cm,Control treatment,5,control
74,Sihi_60398_074_r1_Fir_08Oct24_300SA_p03_24_1_6026,28160599023.2393,1159,-14683.2294345033,0.0322368984452011,0.56098352022756,-0.677276024496961,127.93364527568,1.13561234469685,0.221047543532019,0.35923375477493,0.0147139050540649,0.516217009074811,0.0787254298754012,0.0417416177545694,0.0884585766312016,0.542639602117091,1,08Oct24,2024-10-08,24,74,FALSE,2019-12-17,0-10 cm,Control treatment,5,control
74,Sihi_60398_074_r1_Fir_09Oct24_300SA_p06_24_1_6069,43910394696.7736,999,-13833.2432012789,0.0338144334990859,0.56141142690859,-0.681924230971444,120.493448316206,1.20732630406738,0.258606410608942,0.401467306190949,0.0276621603756445,0.456437320272686,0.0946779865679182,0.0396354193446066,0.106942398990245,0.472662159757425,1,09Oct24,2024-10-09,24,74,FALSE,2019-12-17,0-10 cm,Control treatment,5,control
74,Sihi_60398_074_r2_Fir_14Oct24_300SA_p06_24_1_6352,35444253021.6417,993,-14138.8155401938,0.0335634847409606,0.560818382655247,-0.676093571479958,123.091650764466,1.17407980610315,0.242624590182973,0.373076558312763,0.0394453058199851,0.451218869300618,0.0944875655272481,0.0706726022634929,0.111879067949698,0.488534591507982,2,14Oct24,2024-10-14,24,74,FALSE,2019-12-17,0-10 cm,Control treatment,5,control
75,Sihi_60398_075_r1_Fir_09Oct24_300SA_p06_25_1_6180,37304079988.1082,881,-13399.0241235433,0.0343046668846512,0.564208975845312,-0.709206784301212,116.741128140768,1.22630381247902,0.254569337862883,0.384482294200728,0.0228766158686776,0.457454753976862,0.106282766864852,0.0459876382358625,0.116369957998414,0.482678160025254,1,09Oct24,2024-10-09,25,75,FALSE,2020-01-28,0-10 cm,Control treatment,5,control
75,Sihi_60398_075_r2_Fir_14Oct24_300SA_p06_25_1_6379,30716216535.0762,843,-13831.7492984807,0.0338001335871886,0.564419581868943,-0.711400464320638,120.476900560857,1.21263836057049,0.245163257399411,0.357245738039442,0.0365471131936971,0.440345434733161,0.111496383104003,0.0802149401452741,0.129659329131536,0.489459100923573,2,14Oct24,2024-10-14,25,75,FALSE,2020-01-28,0-10 cm,Control treatment,5,control
76,Sihi_60398_076_r1_Fir_08Oct24_300SA_p03_26_1_6034,33375678498.744,1502,-14337.1384610043,0.0333773874753737,0.557374615206844,-0.64201529714996,124.818083474549,1.1527409206107,0.244794536097865,0.417720946856215,0.0172675913711849,0.473959889857629,0.0608484591007649,0.0432293496245645,0.0707985424101488,0.501706092074303,1,08Oct24,2024-10-08,26,76,FALSE,2020-02-25,0-10 cm,Control treatment,5,control
76,Sihi_60398_076_r1_Fir_09Oct24_300SA_p06_26_1_6042,52700519468.1818,1215,-13416.5469034445,0.0351780518914514,0.560918169673107,-0.677870216028374,116.939010513443,1.27619849881781,0.29415842393055,0.485240514979522,0.0341729203364342,0.353969286222456,0.0742305527382355,0.0496336366348765,0.11556565767103,0.403148205362841,1,09Oct24,2024-10-09,26,76,FALSE,2020-02-25,0-10 cm,Control treatment,5,control
76,Sihi_60398_076_r2_Fir_14Oct24_300SA_p06_26_1_6361,44824615398.8364,1294,-14176.5928191703,0.034005036355667,0.555057936136978,-0.618841440791916,123.148826414407,1.16102252577787,0.258039562021615,0.403777893804125,0.0597187992041045,0.382858967379131,0.0681843712095571,0.115669884091438,0.103373307139657,0.463621567574056,2,14Oct24,2024-10-14,26,76,FALSE,2020-02-25,0-10 cm,Control treatment,5,control
77,Sihi_60398_077_r1_Fir_09Oct24_300SA_p06_27_1_6243,46535211328.6767,1628,-13743.9089042855,0.0351544481164327,0.550937713085237,-0.57740709478245,119.362772998768,1.13500133994695,0.266327016725233,0.455718700448594,0.0244203681975058,0.44982653148717,0.0448211143863916,0.0438816396585318,0.0530565409770206,0.473342325417571,1,09Oct24,2024-10-09,27,77,FALSE,2020-03-10,0-10 cm,Control treatment,5,control
77,Sihi_60398_077_r2_Fir_14Oct24_300SA_p06_27_1_6308,44690892718.6236,1458,-13312.0201227428,0.0362865132461728,0.550961180942225,-0.578589752435652,115.631110117639,1.18662158363131,0.292256861243536,0.495518962735064,0.0363058053370558,0.39084877890507,0.0466304519660715,0.0563873605424005,0.0602328625043808,0.419109197063631,2,14Oct24,2024-10-14,27,77,FALSE,2020-03-10,0-10 cm,Control treatment,5,control
78,Sihi_60398_078_r1_Fir_09Oct24_300SA_p06_28_1_6227,86816702648.7546,2294,-13240.0518115355,0.0367249178587322,0.538752507154769,-0.455227242956331,114.495200177978,1.15591445603504,0.33931969819718,0.58235397803727,0.0387879219041615,0.328274527408381,0.0309277886187268,0.0516094247934797,0.0412576397975688,0.345630757918973,1,09Oct24,2024-10-09,28,78,FALSE,2020-07-28,0-10 cm,Control treatment,5,control
78,Sihi_60398_078_r2_Fir_14Oct24_300SA_p06_28_1_6383,73070403674.3494,2137,-13522.909027633,0.0360590822915348,0.54046985971068,-0.472540037841324,117.009196155084,1.13632590881128,0.319571533575719,0.549916460043574,0.0373935262874768,0.356036842388499,0.0296174775662381,0.0574053158622069,0.0413833488045769,0.379791208854441,2,14Oct24,2024-10-14,28,78,FALSE,2020-07-28,0-10 cm,Control treatment,5,control
79,Sihi_60398_079_r1_Fir_09Oct24_300SA_p06_29_1_6083,68824739436.2583,1888,-13383.1765529096,0.0362147023546926,0.541336556232141,-0.4809494782556,115.835457830817,1.16003536608045,0.328241973847864,0.553596223459242,0.035456649921509,0.358823515190758,0.033558578239494,0.0476292016684903,0.0438626018034983,0.374840321157649,1,09Oct24,2024-10-09,29,79,FALSE,2020-09-09,0-10 cm,Control treatment,5,control
79,Sihi_60398_079_r2_Fir_14Oct24_300SA_p06_29_1_6332,60794475433.3486,1830,-13669.7767689169,0.0356860127389401,0.542157021728123,-0.489321557323615,118.335139739506,1.13053963951945,0.307119367939246,0.51394415164586,0.0396950222472728,0.383648713992296,0.0323091037975093,0.0624313972410131,0.0442015565436922,0.411698801409126,2,14Oct24,2024-10-14,29,79,FALSE,2020-09-09,0-10 cm,Control treatment,5,control
80,Sihi_60398_080_r1_Fir_08Oct24_300SA_p03_30_1_6049,36169342278.6371,1588,-14443.382932994,0.0332446598626694,0.554016218216368,-0.607987764829848,125.614834897606,1.11448829487542,0.239932569267658,0.41534233122772,0.017304789584765,0.50113992501941,0.0428174509717757,0.036578665040842,0.0530623329052437,0.521568755745529,1,08Oct24,2024-10-08,30,80,FALSE,2020-10-06,0-10 cm,Control treatment,5,control
80,Sihi_60398_080_r1_Fir_09Oct24_300SA_p06_30_1_6077,56329649973.2151,1357,-13491.8197630914,0.035271497284685,0.554091213771785,-0.609583911363779,117.29554926997,1.21614164203449,0.294175097175683,0.494676268731071,0.0291766220774551,0.394938746364651,0.0537436351532138,0.0435560073172887,0.0735402990335376,0.417811409587878,1,09Oct24,2024-10-09,30,80,FALSE,2020-10-06,0-10 cm,Control treatment,5,control
80,Sihi_60398_080_r2_Fir_14Oct24_300SA_p06_30_1_6382,49300078931.4011,1297,-13809.7436510385,0.0347618992841683,0.552921768897809,-0.597947359450042,119.965192074376,1.17263694236386,0.273873275903683,0.446761728096521,0.0468535450666766,0.409728198693091,0.049121520586264,0.0803360580452959,0.0709582640014851,0.452256825636168,2,14Oct24,2024-10-14,30,80,FALSE,2020-10-06,0-10 cm,Control treatment,5,control
81,Sihi_60398_081_r1_Fir_09Oct24_300SA_p06_31_1_6210,62917756139.47,2904,-14643.0769716976,0.0337233865337062,0.543185228939115,-0.499437825012275,126.86551150623,1.06804942433731,0.265155388654198,0.430283549567738,0.0498819775626623,0.443298622189832,0.026894445366483,0.0907146956673649,0.0419190141380156,0.489336295939884,1,09Oct24,2024-10-09,31,81,FALSE,2020-11-05,0-10 cm,Control treatment,5,control
81,Sihi_60398_081_r2_Fir_14Oct24_300SA_p06_31_1_6396,48930777043.5793,2665,-14833.373752785,0.0336274364189128,0.544243091369883,-0.510240566116757,128.593476986042,1.06580692984185,0.259312182533653,0.424271631251277,0.0500361529324602,0.436171544875706,0.0308477878976613,0.0981244270374446,0.0500430106393255,0.491463489782217,2,14Oct24,2024-10-14,31,81,FALSE,2020-11-05,0-10 cm,Control treatment,5,control
82,Sihi_60398_082_r1_Fir_09Oct24_300SA_p06_32_1_6187,48324903596.0259,2260,-15054.0693152379,0.0326168509473847,0.549808187627075,-0.565518484362764,130.771371573288,1.06224142016088,0.226556354485554,0.342880684415441,0.0522754283833211,0.536480511800703,0.0315611513629209,0.0837115955697587,0.041560863146652,0.57091356276454,1,09Oct24,2024-10-09,32,82,FALSE,2021-02-09,0-10 cm,Control treatment,5,control
82,Sihi_60398_082_r2_Fir_14Oct24_300SA_p06_32_1_6437,40510987362.6892,1288,-14429.6610892203,0.0343145234274502,0.542678382399885,-0.496108746417199,125.013542751579,1.09232494061807,0.268808344916895,0.392162574983133,0.119286725098126,0.421573984913793,0.0176645757124018,0.155227116379519,0.036954037584662,0.468596675686467,2,14Oct24,2024-10-14,32,82,FALSE,2021-02-09,0-10 cm,Control treatment,5,control
82,Sihi_60398_082_r2_Fir_24Oct24_300SA_p06_32_1_6527,43821063767.3378,1392,-14895.5211299335,0.0324957464224645,0.548656462362772,-0.553781287991342,129.249391744817,1.03349720093294,0.216759337457383,0.319105224559881,0.06959584088773,0.530059847776115,0.0383669017037081,0.10489858743417,0.0511795384171338,0.570318310163622,2,24Oct24,2024-10-24,32,82,FALSE,2021-02-09,0-10 cm,Control treatment,5,control
83,Sihi_60398_083_r1_Fir_08Oct24_300SA_p03_33_1_6031,40312379876.1683,3200,-15534.1974692363,0.03214967009596,0.548112371138112,-0.548636685457952,134.924512502424,1.05014957768334,0.231668426611918,0.389158087419979,0.0387595580779449,0.487038889222676,0.0282584288309067,0.0877689457458049,0.0456991037925395,0.538334181426562,1,08Oct24,2024-10-08,33,83,FALSE,2021-02-23,0-10 cm,Control treatment,5,control
83,Sihi_60398_083_r1_Fir_09Oct24_300SA_p06_33_1_6039,65274718645.8143,2726,-14356.1201371018,0.0343565640717156,0.546243590960736,-0.530602772274776,124.542707821304,1.12777356173124,0.280492601667588,0.446477062886346,0.0615564349376136,0.416253446616144,0.0309805685877032,0.0935695742130181,0.051227006327291,0.455607768517234,1,09Oct24,2024-10-09,33,83,FALSE,2021-02-23,0-10 cm,Control treatment,5,control
83,Sihi_60398_083_r2_Fir_14Oct24_300SA_p06_33_1_6444,50780658658.3569,1333,-13740.9075781576,0.035896712381009,0.538239143496812,-0.452378945266703,118.778108665245,1.09895597315494,0.300372060473721,0.48672460625343,0.12006444878352,0.306541029077416,0.0234221577761863,0.162409343331373,0.0463995604737694,0.367714248050877,2,14Oct24,2024-10-14,33,83,FALSE,2021-02-23,0-10 cm,Control treatment,5,control
83,Sihi_60398_083_r2_Fir_24Oct24_300SA_p06_33_1_6534,54843744784.9022,1535,-14458.775366725,0.0337632550350351,0.543606451608144,-0.50466804683503,125.235094770123,1.04110148950206,0.246269630742684,0.392731441511429,0.0912621671409398,0.424817579311084,0.0357175704065401,0.134185634489508,0.0536547746855564,0.475990587667333,2,24Oct24,2024-10-24,33,83,FALSE,2021-02-23,0-10 cm,Control treatment,5,control
84,Sihi_60398_084_r1_Fir_09Oct24_300SA_p06_34_1_6216,60779828236.2178,2220,-14981.5477747816,0.0324476490510131,0.552245283278555,-0.591468156654236,130.298555902534,1.10122142148197,0.235813225725083,0.389661939261141,0.0491359735948498,0.500290650534647,0.0270139160106741,0.0727325383937403,0.0423203395920596,0.531243023480942,1,09Oct24,2024-10-09,34,84,FALSE,2021-06-03,0-10 cm,Control treatment,5,control
84,Sihi_60398_084_r2_Fir_14Oct24_300SA_p06_34_1_6324,49621419033.5614,2113,-15042.0502084007,0.0324424453003697,0.552405290115201,-0.592789826286066,130.793468074516,1.08535295259624,0.228258474950796,0.385008227898241,0.039342432123411,0.501621292568467,0.0317930624902713,0.0734869371035946,0.0473766625752529,0.539160058152028,2,14Oct24,2024-10-14,34,84,FALSE,2021-06-03,0-10 cm,Control treatment,5,control
85,Sihi_60398_085_r1_Fir_08Oct24_300SA_p03_35_1_6009,47269294224.1247,3800,-15562.0781199056,0.0322123461430285,0.546785877835872,-0.536997592104112,135.159182816578,1.04392528775053,0.229737656567864,0.375578607400468,0.0699119307945678,0.475969411971347,0.0238679221470786,0.117799524605328,0.0402205011037426,0.526661378682304,1,08Oct24,2024-10-08,35,85,FALSE,2021-12-15,0-10 cm,Control treatment,5,control
85,Sihi_60398_085_r1_Fir_09Oct24_300SA_p06_35_1_6052,70112127764.3186,3265,-14452.6294193061,0.0344233453112039,0.545276303050157,-0.522729702725101,125.386935459452,1.12043977334222,0.275981984830438,0.435247912291013,0.101865154521205,0.385562971918104,0.0258145811500911,0.133578085331659,0.0528626449968476,0.432199845342955,1,09Oct24,2024-10-09,35,85,FALSE,2021-12-15,0-10 cm,Control treatment,5,control
85,Sihi_60398_085_r2_Fir_14Oct24_300SA_p06_35_1_6312,62241893854.1364,3452,-14777.6984722872,0.0337022206748415,0.54606648282845,-0.5304590144049,128.248321070166,1.07041883129997,0.24603774698388,0.390576297886901,0.090623027339031,0.442420619414405,0.0258187691163253,0.130120344565297,0.0455009931340489,0.488025050451395,2,14Oct24,2024-10-14,35,85,FALSE,2021-12-15,0-10 cm,Control treatment,5,control
86,Sihi_60398_086_r1_Fir_09Oct24_300SA_p06_36_1_6144,49041736774.3502,2448,-14781.6511639314,0.0334497042101865,0.551125012863666,-0.580024574675253,128.401855197274,1.07885328710317,0.232868536067519,0.398834932036417,0.0529624081993535,0.440522483538885,0.0436373991779662,0.102691090261276,0.0682642550091921,0.496604595572055,1,09Oct24,2024-10-09,36,86,FALSE,2022-08-23,0-10 cm,Control treatment,5,control
86,Sihi_60398_086_r2_Fir_14Oct24_300SA_p06_36_1_6297,40770609076.5911,2026,-14849.1348363739,0.0337233118191463,0.550471399119461,-0.573660190844613,128.94228928502,1.07257118984138,0.233019940301716,0.393770175461604,0.0612306816316313,0.425884518374979,0.047942780176722,0.117294110809007,0.0742113213010394,0.490127030227372,2,14Oct24,2024-10-14,36,86,FALSE,2022-08-23,0-10 cm,Control treatment,5,control
87,Sihi_60398_087_r1_Fir_09Oct24_300SA_p06_37_1_6091,40087969320.9275,596,-14100.1423694606,0.0336766627765571,0.552988941807793,-0.597440273626058,122.454708037774,1.09919289809881,0.236675609076297,0.391912734087695,0.0296332217438804,0.509710473426211,0.0443361941317411,0.0518552632827285,0.0657584163857159,0.522580611286701,1,09Oct24,2024-10-09,37,87,FALSE,2022-09-08,0-10 cm,Control treatment,5,control
87,Sihi_60398_087_r2_Fir_14Oct24_300SA_p06_37_1_6452,32216534774.2958,421,-12716.5034094601,0.0374133096297847,0.546508145718458,-0.536084255586468,110.15757635991,1.19343123143863,0.313313873806769,0.560676482339034,0.0793119271093548,0.268157349781089,0.0413115298910116,0.119203568517084,0.075927820495062,0.306460911221885,2,14Oct24,2024-10-14,37,87,FALSE,2022-09-08,0-10 cm,Control treatment,5,control
87,Sihi_60398_087_r2_Fir_24Oct24_300SA_p06_37_1_6542,35488319391.329,487,-13324.4592701033,0.0355786318649326,0.549877087563531,-0.568663321821209,115.530566470645,1.13968848252767,0.268109168369669,0.451824957283472,0.0760506633663347,0.384992105969056,0.0463460345123358,0.108871008178657,0.0740985893850393,0.414484351344918,2,24Oct24,2024-10-24,37,87,FALSE,2022-09-08,0-10 cm,Control treatment,5,control
88,Sihi_60398_088_r1_Fir_09Oct24_300SA_p06_38_1_6162,54894154307.297,2451,-14924.3008974854,0.0327469883075152,0.55068959420596,-0.574374281334167,129.647130918829,1.08181169695912,0.238090138127893,0.393097651737746,0.0374003174505019,0.489270980064913,0.0380003154694689,0.0732332094476442,0.0534244902515864,0.524733375268781,1,09Oct24,2024-10-09,38,88,FALSE,2022-11-16,0-10 cm,Control treatment,5,control
88,Sihi_60398_088_r2_Fir_14Oct24_300SA_p06_38_1_6398,41578859773.1086,2449,-15119.347561838,0.0327782489643857,0.551287826534264,-0.580657584239702,131.377959158205,1.0846843527495,0.236742514801619,0.395061484553477,0.0413067903048474,0.472691082747573,0.0406314952664181,0.084776928357285,0.0598464285064318,0.515160780226807,2,14Oct24,2024-10-14,38,88,FALSE,2022-11-16,0-10 cm,Control treatment,5,control
89,Sihi_60398_089_r1_Fir_09Oct24_300SA_p06_39_1_6084,34948978644.6748,1401,-13560.8197410946,0.036452484636713,0.550513224132998,-0.572878352011392,117.766656684258,1.14454133488458,0.267666664564565,0.393296005124898,0.058011277445028,0.47040279851992,0.042012894607351,0.084783808754369,0.0625539445285667,0.49811608819117,1,09Oct24,2024-10-09,39,89,FALSE,2017-05-31,0-10 cm,warming treatment,6,warmed
89,Sihi_60398_089_r2_Fir_14Oct24_300SA_p06_39_1_6334,28174068679.4875,1273,-13835.9054497308,0.0366701646343874,0.551466454038121,-0.582957007699733,120.210692747245,1.13561897392951,0.258068914946054,0.379654839165879,0.0766450115718939,0.441551610296377,0.0532934558152831,0.116651852649246,0.0722861416981801,0.482081256823535,2,14Oct24,2024-10-14,39,89,FALSE,2017-05-31,0-10 cm,warming treatment,6,warmed
90,Sihi_60398_090_r1_Fir_09Oct24_300SA_p06_40_1_6246,38202111143.7607,1668,-14709.7626232868,0.0330797540918777,0.561376771291123,-0.685264084476915,128.220126863419,1.11958454960134,0.195103341269951,0.270031666961402,0.119246743650129,0.497280968434915,0.0693656328106694,0.150477645901302,0.0912853535443445,0.534597295562966,1,09Oct24,2024-10-09,40,90,FALSE,2018-10-10,0-10 cm,warming treatment,6,warmed
90,Sihi_60398_090_r2_Fir_14Oct24_300SA_p06_40_1_6272,36694699376.0559,1596,-14543.1071321668,0.0337654344614763,0.560804819664119,-0.680496755638996,126.768753743376,1.13702870268267,0.204386850018953,0.275500348389725,0.13805722978724,0.468153166085592,0.0701299244300281,0.172266739805673,0.0941201268212268,0.508789943046347,2,14Oct24,2024-10-14,40,90,FALSE,2018-10-10,0-10 cm,warming treatment,6,warmed
91,Sihi_60398_091_r1_Fir_09Oct24_300SA_p06_41_1_6190,47891396605.3999,2172,-14320.9054084659,0.0348323017876989,0.551115082642017,-0.586671025990103,124.519954508792,1.08622889032659,0.213845724323908,0.296690032161191,0.220452611550659,0.367245923563122,0.0450343883115802,0.269124886959486,0.0863589327939776,0.424033353331228,1,09Oct24,2024-10-09,41,91,FALSE,2018-10-23,0-10 cm,warming treatment,6,warmed
91,Sihi_60398_091_r2_Fir_14Oct24_300SA_p06_41_1_6360,42888362412.5563,2233,-14229.6691555627,0.0353850781085503,0.549895891555595,-0.574579479177268,123.651773703074,1.08484997140747,0.217631009758956,0.300398007112802,0.225795038829702,0.353048179674332,0.0438783309689518,0.279898548997023,0.0863693496150242,0.414903934237367,2,14Oct24,2024-10-14,41,91,FALSE,2018-10-23,0-10 cm,warming treatment,6,warmed
92,Sihi_60398_092_r1_Fir_09Oct24_300SA_p06_42_1_6220,30848150228.4556,1628,-15442.0541857774,0.0319059142181254,0.555930201909112,-0.627066886860915,134.404777923147,1.08271436108704,0.216274613211977,0.35773322258102,0.0617280495367244,0.44611674611988,0.0730171522485598,0.111770833189483,0.100103228900157,0.495704934421656,1,09Oct24,2024-10-09,42,92,FALSE,2019-09-10,0-10 cm,warming treatment,6,warmed
92,Sihi_60398_092_r2_Fir_14Oct24_300SA_p06_42_1_6342,26329026980.3706,1637,-15831.4023394054,0.0316920016243725,0.55604125964243,-0.628423197336601,137.791891747949,1.08199468385143,0.214464367280443,0.34690608734541,0.0729915749037605,0.422370560141056,0.0752501676847987,0.139960334730326,0.108517276789197,0.492276995405246,2,14Oct24,2024-10-14,42,92,FALSE,2019-09-10,0-10 cm,warming treatment,6,warmed
93,Sihi_60398_093_r1_Fir_09Oct24_300SA_p06_43_1_6197,33204859423.6417,1623,-15684.4998159158,0.0308542574684874,0.558132773104726,-0.649156787033601,136.49316216341,1.06424483807823,0.191870561895528,0.303875103357085,0.0602483619787694,0.507296669315424,0.0687290363976405,0.108647413195671,0.0886801309918894,0.56100366826492,1,09Oct24,2024-10-09,43,93,FALSE,2019-12-17,0-10 cm,warming treatment,6,warmed
93,Sihi_60398_093_r2_Fir_14Oct24_300SA_p06_43_1_6394,25281245717.7677,1475,-16058.360664777,0.0308334053402443,0.558482579148739,-0.65342974480632,139.827712380941,1.07511307732699,0.194727155863605,0.301910659032736,0.0742055235854259,0.472893377181802,0.0715801947661098,0.136286123327881,0.0997447229480035,0.545850075197961,2,14Oct24,2024-10-14,43,93,FALSE,2019-12-17,0-10 cm,warming treatment,6,warmed
94,Sihi_60398_094_r1_Fir_09Oct24_300SA_p06_44_1_6164,72414112211.4372,2223,-12359.7251550172,0.0402554727836671,0.526541066186552,-0.330745211621718,106.345486059409,1.14851140806356,0.400026374455166,0.648265494100725,0.0518810498208778,0.221268972957925,0.0354890222135274,0.0797937546880664,0.0554212432248951,0.261171066092704,1,09Oct24,2024-10-09,44,94,FALSE,2020-01-28,0-10 cm,warming treatment,6,warmed
94,Sihi_60398_094_r2_Fir_14Oct24_300SA_p06_44_1_6323,72811829874.711,2303,-12734.2137839743,0.039522814066613,0.527760808419384,-0.34313598326934,109.640717172486,1.1294161747019,0.382142395785615,0.616172422083179,0.0565184410891512,0.240792577004097,0.0339676898274018,0.0918842740100856,0.0577604947393791,0.28823150770333,2,14Oct24,2024-10-14,44,94,FALSE,2020-01-28,0-10 cm,warming treatment,6,warmed
95,Sihi_60398_095_r1_Fir_09Oct24_300SA_p06_45_1_6128,38868380654.4934,884,-14911.9206434153,0.0310815991170419,0.566449318221486,-0.733461627791344,129.960262239152,1.15352838378595,0.193819729866469,0.293381228816749,0.0619928415664397,0.48352076904171,0.0769759870494654,0.114927881284185,0.113299168839572,0.563557231789104,1,09Oct24,2024-10-09,45,95,FALSE,2020-02-25,0-10 cm,warming treatment,6,warmed
95,Sihi_60398_095_r2_Fir_14Oct24_300SA_p06_45_1_6268,37145269953.7714,845,-15202.8030519514,0.0309709650052182,0.565111602009273,-0.720488435699286,132.450057075524,1.14126361865542,0.19161836273465,0.277958403592207,0.0854044168653013,0.443915225898309,0.0790102744059605,0.158421429264804,0.125794054747649,0.553254497942131,2,14Oct24,2024-10-14,45,95,FALSE,2020-02-25,0-10 cm,warming treatment,6,warmed
96,Sihi_60398_096_r1_Fir_08Oct24_300SA_p03_46_1_6007,17279653537.6443,780,-15406.6092913516,0.032082046930869,0.55131585458247,-0.582471477134109,133.901490753657,1.07497256640268,0.236765940531954,0.427153962945132,0.0451433301573547,0.394578752378965,0.06345636548764,0.100567255763078,0.0862545124032153,0.459409461637426,1,08Oct24,2024-10-08,46,96,FALSE,2020-03-10,0-10 cm,warming treatment,6,warmed
96,Sihi_60398_096_r1_Fir_09Oct24_300SA_p06_46_1_6050,60950706185.8077,2459,-14917.407710552,0.033179032835777,0.546382468184833,-0.532672256462331,129.433161078719,1.09154462611793,0.261120342904814,0.439527334754716,0.0717489391297891,0.382569573768885,0.0333544961848237,0.116480066162247,0.0680803979464318,0.451793922831991,1,09Oct24,2024-10-09,46,96,FALSE,2020-03-10,0-10 cm,warming treatment,6,warmed
96,Sihi_60398_096_r2_Fir_14Oct24_300SA_p06_46_1_6385,41483930179.7507,2275,-15347.8964925451,0.0328458375908993,0.546597975380844,-0.535004848597334,133.223209577528,1.05713518873984,0.244157652227156,0.416040726264154,0.0718825280593988,0.386807036388817,0.0444498624998926,0.132925242718492,0.0726111585961956,0.461964520259846,2,14Oct24,2024-10-14,46,96,FALSE,2020-03-10,0-10 cm,warming treatment,6,warmed
97,Sihi_60398_097_r1_Fir_09Oct24_300SA_p06_47_1_6208,44671204434.8525,1671,-14837.7514432415,0.0329831092030421,0.551997197861296,-0.587533306726053,128.779984677992,1.07317689911454,0.226730889345374,0.35860684684463,0.0735015697645516,0.418220030053651,0.0630195686783054,0.137672680946338,0.0979420627375835,0.496021454479214,1,09Oct24,2024-10-09,47,97,FALSE,2020-07-28,0-10 cm,warming treatment,6,warmed
97,Sihi_60398_097_r2_Fir_14Oct24_300SA_p06_47_1_6413,34515764549.6354,1655,-15194.4254224611,0.0329252813881616,0.551951181282885,-0.587027573147587,131.893558461983,1.06685350079518,0.224197567284013,0.352745923433967,0.0738731408033041,0.402318368931008,0.0664298572885608,0.154987619598988,0.104650589749824,0.497277094805421,2,14Oct24,2024-10-14,47,97,FALSE,2020-07-28,0-10 cm,warming treatment,6,warmed
98,Sihi_60398_098_r1_Fir_09Oct24_300SA_p06_48_1_6151,43135455471.7121,1710,-14852.7538396161,0.032533728390123,0.552812144813097,-0.595484657206963,129.013646154958,1.08159545408423,0.230300605451012,0.385248429386307,0.0422128855320493,0.462177516170654,0.0608638413177655,0.0836330347754467,0.0779995427221775,0.505523938786734,1,09Oct24,2024-10-09,48,98,FALSE,2020-09-09,0-10 cm,warming treatment,6,warmed
98,Sihi_60398_098_r2_Fir_14Oct24_300SA_p06_48_1_6397,34698668548.8006,1591,-15144.0584480698,0.0323457687371134,0.553238623102081,-0.600341562136518,131.570379061295,1.08103245971474,0.227317062320137,0.374539363845314,0.0585138317166516,0.421347877365223,0.0688859484414689,0.121302678254989,0.0949120647392431,0.490188718681579,2,14Oct24,2024-10-14,48,98,FALSE,2020-09-09,0-10 cm,warming treatment,6,warmed
99,Sihi_60398_099_r1_Fir_09Oct24_300SA_p06_49_1_6253,27264849825.842,1516,-15780.9597169572,0.031482535327894,0.559829330171154,-0.665617032487468,137.422149574018,1.07712765878194,0.196329480197944,0.318547048717248,0.0622272655999535,0.449688930537769,0.0880774361195434,0.126113132249459,0.121561660650913,0.522126660628472,1,09Oct24,2024-10-09,49,99,FALSE,2020-10-06,0-10 cm,warming treatment,6,warmed
99,Sihi_60398_099_r2_Fir_14Oct24_300SA_p06_49_1_6316,24691342937.5024,1519,-15894.5841556009,0.0316284983131257,0.560204947502523,-0.669670209702267,138.489990626451,1.08270545211812,0.196432628007466,0.316545977157103,0.0689559046303648,0.437316400314446,0.0890158436162174,0.13641167337427,0.130719009529592,0.511586800601454,2,14Oct24,2024-10-14,49,99,FALSE,2020-10-06,0-10 cm,warming treatment,6,warmed
100,Sihi_60398_100_r1_Fir_09Oct24_300SA_p06_50_1_6161,65813939845.3875,3118,-13329.6371502736,0.0379831625646093,0.533606595147122,-0.402611596221836,115.132138129179,1.10774477582885,0.336180254144467,0.534083673276595,0.0688396457000801,0.333495905880786,0.0271834256748377,0.0940409507898894,0.0439894864353632,0.366375127467907,1,09Oct24,2024-10-09,50,100,FALSE,2020-11-05,0-10 cm,warming treatment,6,warmed
100,Sihi_60398_100_r2_Fir_14Oct24_300SA_p06_50_1_6362,58385551092.1539,3013,-13580.4029722619,0.0376199438356205,0.534480322615728,-0.411906721847658,117.336426193499,1.09148072620048,0.322156306226681,0.519382745670759,0.070932333283324,0.336307241016254,0.0277489221423907,0.10722512020483,0.0429813486861836,0.378987077975933,2,14Oct24,2024-10-14,50,100,FALSE,2020-11-05,0-10 cm,warming treatment,6,warmed
101,Sihi_60398_101_r1_Fir_09Oct24_300SA_p06_1_1_6085,12224770458.2106,248,-15734.1606141368,0.0296524203965371,0.552715853670738,-0.592851823727995,136.427373228899,0.960904189901701,0.167791802084858,0.215851555906936,0.0597435172153799,0.537073857207885,0.077444685557032,0.143663465429194,0.115741373382854,0.634629989393784,1,09Oct24,2024-10-09,1,101,FALSE,2021-02-09,0-10 cm,warming treatment,6,warmed
101,Sihi_60398_101_r2_Fir_14Oct24_300SA_p06_1_1_6317,14573229643.1999,704,-16697.3781196557,0.0300841478052314,0.548244135435375,-0.550248315424906,144.960682432247,0.965935806491058,0.188090217471873,0.302513244840708,0.0723580028469801,0.437655897663016,0.0501160576166001,0.184921938394679,0.0954737301607579,0.560998903889502,2,14Oct24,2024-10-14,1,101,FALSE,2021-02-09,0-10 cm,warming treatment,6,warmed
102,Sihi_60398_102_r1_Fir_09Oct24_300SA_p06_2_1_6142,25884925670.2456,1449,-15383.8334651086,0.0320071360120666,0.554999682298188,-0.618109776241248,133.831503710243,1.0617332371822,0.21161655996336,0.363749654821538,0.0605262812089559,0.441095968649589,0.0773893016388378,0.107789624618007,0.101405369893452,0.487632708454028,1,09Oct24,2024-10-09,2,102,FALSE,2021-02-23,0-10 cm,warming treatment,6,warmed
102,Sihi_60398_102_r2_Fir_14Oct24_300SA_p06_2_1_6289,21707689513.1546,1492,-15997.2216994272,0.0317979762228496,0.554231352236393,-0.610537332614423,139.135289161069,1.06251977537699,0.213982447843429,0.348649945073641,0.0673518846608728,0.414290535510426,0.0784482426956029,0.144073355489696,0.110217178707641,0.494804082314288,2,14Oct24,2024-10-14,2,102,FALSE,2021-02-23,0-10 cm,warming treatment,6,warmed
103,Sihi_60398_103_r1_Fir_09Oct24_300SA_p06_3_1_6121,31533079935.5093,1586,-15305.5589182514,0.0319071608330773,0.56169408834789,-0.685507472788186,133.388569041887,1.08870202449204,0.191056261366369,0.334108211244004,0.0519833098168203,0.473194180633842,0.0718378507226828,0.0992313392525867,0.10917951341243,0.529137595296826,1,09Oct24,2024-10-09,3,103,FALSE,2021-06-03,0-10 cm,warming treatment,6,warmed
103,Sihi_60398_103_r2_Fir_14Oct24_300SA_p06_3_1_6303,29582716281.085,1658,-15559.469203112,0.032297397694228,0.560933888761694,-0.678695941324657,135.639468105911,1.09527521437231,0.196404403786359,0.339530746163438,0.0660053243972007,0.445677939944972,0.0687860703038949,0.126258753164108,0.109405441417711,0.511907968834227,2,14Oct24,2024-10-14,3,103,FALSE,2021-06-03,0-10 cm,warming treatment,6,warmed
104,Sihi_60398_104_r1_Fir_09Oct24_300SA_p06_4_1_6182,15270229666.3097,440,-14903.4684397762,0.0304526387394596,0.580188359796405,-0.867285158670068,130.063388586989,1.19057103845557,0.165099642764907,0.152693923429034,0.0862592565279481,0.401069792476237,0.203765458710668,0.207025722104542,0.27514693453188,0.526489903919402,1,09Oct24,2024-10-09,4,104,FALSE,2021-12-15,0-10 cm,warming treatment,6,warmed
104,Sihi_60398_104_r2_Fir_14Oct24_300SA_p06_4_1_6290,13762772716.3287,485,-15858.1895471821,0.029791488031329,0.577124760947485,-0.83704662509618,138.363354228369,1.16255723746337,0.162494884102758,0.153114430248328,0.0929342710155176,0.377330530678595,0.184253923347839,0.241302584646486,0.268289011216391,0.537311712933757,2,14Oct24,2024-10-14,4,104,FALSE,2021-12-15,0-10 cm,warming treatment,6,warmed
105,Sihi_60398_105_r1_Fir_09Oct24_300SA_p06_5_1_6133,19477126008.9712,561,-15202.52589958,0.0304726417505588,0.571887014532378,-0.785811617063212,132.714098578101,1.10859736347791,0.156599297178375,0.233919338427755,0.0418958429050331,0.544976373516615,0.117323529251127,0.0917766911495027,0.156784564847408,0.586062911272232,1,09Oct24,2024-10-09,5,105,FALSE,2022-08-23,0-10 cm,warming treatment,6,warmed
105,Sihi_60398_105_r2_Fir_14Oct24_300SA_p06_5_1_6315,14444291609.0111,545,-15554.2344912515,0.0309632722570534,0.572065250945736,-0.788550165407887,135.92675424089,1.11972152999237,0.160382470844605,0.231846621331137,0.0676739425868897,0.509303468789087,0.123952255480187,0.119522282982597,0.16557863376892,0.554117649095809,2,14Oct24,2024-10-14,5,105,FALSE,2022-08-23,0-10 cm,warming treatment,6,warmed
106,Sihi_60398_106_r1_Fir_09Oct24_300SA_p06_6_1_6186,9724870182.56914,186,-14409.7722777266,0.029310080832332,0.599038410280915,-1.05734399500931,126.50514486368,1.29766534067735,0.135438790459789,0.0908072703145053,0.0977494459344418,0.457614414164219,0.272156800126064,0.163480951112,0.325282702559501,0.51545605080947,1,09Oct24,2024-10-09,6,106,FALSE,2022-09-08,0-10 cm,warming treatment,6,warmed
106,Sihi_60398_106_r2_Fir_14Oct24_300SA_p06_6_1_6372,9121605683.51639,190,-14378.3925304387,0.0302068080663173,0.595061745134925,-1.01864782503781,126.165522348823,1.27378237446365,0.137023121228097,0.0916044008937168,0.121380481086108,0.423477434454994,0.262514329172624,0.201250829134253,0.321081522400343,0.500205874800645,2,14Oct24,2024-10-14,6,106,FALSE,2022-09-08,0-10 cm,warming treatment,6,warmed
107,Sihi_60398_107_r1_Fir_08Oct24_300SA_p03_7_1_6028,11766031731.2496,684,-16982.3461786863,0.028630995087767,0.571295426126838,-0.779390619585079,148.28402065599,1.11398909221139,0.157864662029898,0.189197706249156,0.0476757081162597,0.531438708380474,0.11843271801744,0.142135022831127,0.169315787439545,0.617353259288756,1,08Oct24,2024-10-08,7,107,FALSE,2022-11-16,0-10 cm,warming treatment,6,warmed
107,Sihi_60398_107_r1_Fir_09Oct24_300SA_p06_7_1_6071,24023370534.6318,939,-15463.6446139577,0.0303282228631419,0.567775990004995,-0.744054915383146,134.769410037562,1.09298247553392,0.163340114165681,0.210646923172481,0.0560190066331588,0.53684801551164,0.109283509579079,0.127580200933279,0.15130531351079,0.598887436935452,1,09Oct24,2024-10-09,7,107,FALSE,2022-11-16,0-10 cm,warming treatment,6,warmed
107,Sihi_60398_107_r2_Fir_14Oct24_300SA_p06_7_1_6369,17422259622.6736,1057,-16361.246176855,0.0306005443136711,0.5651650475398,-0.719479389407818,142.635467411096,1.09400368039651,0.17230163254564,0.217046697916002,0.0898948140851759,0.463027956991782,0.101685954081006,0.201520370426818,0.158086382872664,0.560615413169598,2,14Oct24,2024-10-14,7,107,FALSE,2022-11-16,0-10 cm,warming treatment,6,warmed
108,Sihi_60398_108_r1_Fir_09Oct24_300SA_p06_8_1_6176,10074382605.8699,322,-14884.7635330204,0.0313928876736876,0.600137470497709,-1.06518908828662,130.774172413045,1.36312947144344,0.161286263342758,0.0788070296834083,0.080024656890534,0.394833414162979,0.274451246945862,0.217449382679365,0.355920843853358,0.531878939841264,1,09Oct24,2024-10-09,8,108,FALSE,2020-02-25,10-30 cm,Control treatment,1,control
108,Sihi_60398_108_r2_Fir_14Oct24_300SA_p06_8_1_6468,13383202270.2777,398,-15506.4467145762,0.0304446091263583,0.584214944519384,-0.908095501989836,135.623690408377,1.2324995694245,0.159711092502786,0.0821284942545261,0.12628865955867,0.371453290014736,0.214066103261303,0.283875588902078,0.305426128497014,0.542720610770823,2,14Oct24,2024-10-14,8,108,FALSE,2020-02-25,10-30 cm,Control treatment,1,control
108,Sihi_60398_108_r2_Fir_24Oct24_300SA_p06_8_1_6558,11197376334.9067,420,-15779.1897934932,0.0307894306533773,0.583954798169637,-0.906125747961369,138.159331154936,1.23238698368615,0.159267629533149,0.0979906842159268,0.127875913542383,0.357651512404304,0.207608806416255,0.292583540241561,0.292808837624808,0.534030530714732,2,24Oct24,2024-10-24,8,108,FALSE,2020-02-25,10-30 cm,Control treatment,1,control
109,Sihi_60398_109_r1_Fir_09Oct24_300SA_p06_9_1_6150,7636394820.38114,115,-13416.8040312534,0.0287475524806831,0.636668835690919,-1.43322300667781,119.28052815825,1.66657538662883,0.159092739424712,0.0459986709181316,0.0718538741531183,0.335452781080788,0.455865788993354,0.151140551093836,0.485434935303016,0.411436330767187,1,09Oct24,2024-10-09,9,109,FALSE,2021-09-21,10-30 cm,Control treatment,1,control
109,Sihi_60398_109_r2_Fir_14Oct24_300SA_p06_9_1_6402,5785841643.18029,149,-15452.5511079172,0.0281455807429684,0.621826570791732,-1.28585931387603,136.793916913171,1.55247532517012,0.162208004353843,0.0550442450330331,0.120703383405498,0.29962059655641,0.384932391765552,0.227863789121205,0.450004025665146,0.421485949588888,2,14Oct24,2024-10-14,9,109,FALSE,2021-09-21,10-30 cm,Control treatment,1,control
110,Sihi_60398_110_r1_Fir_09Oct24_300SA_p06_10_1_6109,12235332306.3049,199,-12918.2407388387,0.033049387869499,0.614414381482957,-1.21004476624424,114.167883853496,1.5364612096263,0.170281727067774,0.092435529437182,0.0540679148335776,0.487400103216777,0.260549764855189,0.13980292951002,0.315292176986534,0.562238489424388,1,09Oct24,2024-10-09,10,110,FALSE,2022-08-23,10-30 cm,Control treatment,1,control
110,Sihi_60398_110_r2_Fir_14Oct24_300SA_p06_10_1_6356,10239992340.7378,142,-12795.781530351,0.0338252361703339,0.610801065861605,-1.17506008024668,112.962769224653,1.51344611996224,0.174232431420096,0.0992648553557971,0.0951341318037906,0.43514023962787,0.256637861618088,0.187109830966839,0.3306300069278,0.509968898600786,2,14Oct24,2024-10-14,10,110,FALSE,2022-08-23,10-30 cm,Control treatment,1,control
111,Sihi_60398_111_r1_Fir_09Oct24_300SA_p06_11_1_6203,6282548577.86739,342,-18049.8362716669,0.0283588934005532,0.582406851450809,-0.89349324745863,158.259941812238,1.19997628370314,0.141388970945059,0.116555320399894,0.085732299384945,0.489002147010455,0.133368819968583,0.236730282723701,0.202649814966424,0.631435805614555,1,09Oct24,2024-10-09,11,111,FALSE,2022-09-08,10-30 cm,Control treatment,1,control
111,Sihi_60398_111_r2_Fir_14Oct24_300SA_p06_11_1_6267,7146477065.11156,289,-16631.2820634004,0.0295875706735084,0.58313771900299,-0.899640607414086,145.705271448465,1.20324078133292,0.13967319857895,0.108673193378299,0.114506281506268,0.466895376825521,0.14688307397564,0.252835489072775,0.214555200339676,0.60351256366345,2,14Oct24,2024-10-14,11,111,FALSE,2022-09-08,10-30 cm,Control treatment,1,control
112,Sihi_60398_112_r1_Fir_08Oct24_300SA_p03_12_1_6023,7305982376.79137,479,-20132.9645969365,0.0257617424424583,0.56348229238147,-0.700766479242129,175.305297239762,1.06663792058428,0.167433263506835,0.089960404027628,0.1528846122961,0.338045051448538,0.153294920207999,0.352472890063913,0.25591329218942,0.580996772916522,1,08Oct24,2024-10-08,12,112,FALSE,2022-11-16,10-30 cm,Control treatment,1,control
112,Sihi_60398_112_r1_Fir_09Oct24_300SA_p06_12_1_6066,14475262800.6875,644,-17876.0796342288,0.0275494303475064,0.559865994449669,-0.665975549046593,155.308388509625,1.00076798624659,0.150142243352253,0.116597416548409,0.159126714789035,0.327408226810247,0.143655079102778,0.361423312011204,0.237597776184926,0.554484183931215,1,09Oct24,2024-10-09,12,112,FALSE,2022-11-16,10-30 cm,Control treatment,1,control
112,Sihi_60398_112_r2_Fir_14Oct24_300SA_p06_12_1_6322,8449927934.52378,457,-19550.73784591,0.026243972779361,0.556309622662624,-0.630106969255897,169.688294777788,0.963371325899617,0.146831306635916,0.0868089620008744,0.204422976494548,0.271135397078178,0.141299568277288,0.44008403979583,0.248227866392847,0.541182947231212,2,14Oct24,2024-10-14,12,112,FALSE,2022-11-16,10-30 cm,Control treatment,1,control
113,Sihi_60398_113_r1_Fir_09Oct24_300SA_p06_13_1_6224,13573410328.3803,712,-15762.9146529206,0.0314347406723508,0.583751450296947,-0.905383840096245,138.02590853646,1.23093354873754,0.161223604615723,0.161135536314137,0.125272688524029,0.351943864604899,0.180659033911632,0.257582442702633,0.276098727521368,0.497420610512187,1,09Oct24,2024-10-09,13,113,FALSE,2023-01-12,10-30 cm,Control treatment,1,control
113,Sihi_60398_113_r2_Fir_14Oct24_300SA_p06_13_1_6371,12463508640.2757,718,-16227.0509225392,0.0312616902607769,0.580869303508754,-0.877362266936439,142.028052753653,1.20719872557032,0.160465922685243,0.156969713431548,0.148258011611972,0.32618544133205,0.170360273743062,0.295422281330431,0.275656634992338,0.48560629450374,2,14Oct24,2024-10-14,13,113,FALSE,2023-01-12,10-30 cm,Control treatment,1,control
114,Sihi_60398_114_r1_Fir_09Oct24_300SA_p06_14_1_6134,15692059965.5155,501,-18046.0046930666,0.0258686319013162,0.57098278610278,-0.781733303080491,157.650415870981,1.06970326532293,0.124770129530825,0.109846698469474,0.168959468882055,0.398785939959123,0.130326883982897,0.315983429416771,0.194616152035972,0.576231315262087,1,09Oct24,2024-10-09,14,114,FALSE,2023-05-30,10-30 cm,Control treatment,1,control
114,Sihi_60398_114_r2_Fir_14Oct24_300SA_p06_14_1_6339,12320660943.5834,437,-18561.8727331827,0.0257034487956249,0.564778350708135,-0.719883625080737,161.831982512682,1.01481378147586,0.123388294218352,0.103019702742656,0.192538225482831,0.342386053840637,0.12639662737734,0.380766680088647,0.203626787162768,0.561545055537817,2,14Oct24,2024-10-14,14,114,FALSE,2023-05-30,10-30 cm,Control treatment,1,control
115,Sihi_60398_115_r1_Fir_09Oct24_300SA_p06_15_1_6114,15406096374.9517,864,-16865.2915973959,0.0289801565737951,0.576473274893905,-0.838506110969163,147.739594681251,1.16564439896887,0.141821651969289,0.109493875822535,0.187216479028573,0.444879316223319,0.13817717386463,0.281085237178431,0.189241345624111,0.549555486099983,1,09Oct24,2024-10-09,15,115,FALSE,2023-08-22,10-30 cm,Control treatment,1,control
115,Sihi_60398_115_r2_Fir_14Oct24_300SA_p06_15_1_6416,12132296194.0766,1037,-19350.5306008447,0.0275896840911516,0.572694705901867,-0.802179572783691,169.609429158758,1.13958857807268,0.143415737929111,0.1195797534907,0.211936687576851,0.356104229109326,0.125323295544338,0.368103928774337,0.195830170734151,0.513285128608515,2,14Oct24,2024-10-14,15,115,FALSE,2023-08-22,10-30 cm,Control treatment,1,control
116,Sihi_60398_116_r1_Fir_09Oct24_300SA_p06_16_1_6165,17543969889.8928,1011,-16800.4998122553,0.0302110128668243,0.559553429367115,-0.672639154300447,146.620449648233,1.03013803470764,0.136713623824397,0.116177619669426,0.247102798906222,0.447928293079152,0.0813038425360327,0.337857753529791,0.114024808279316,0.54702150165891,1,09Oct24,2024-10-09,16,116,FALSE,2023-12-12,10-30 cm,Control treatment,1,control
116,Sihi_60398_116_r2_Fir_14Oct24_300SA_p06_16_1_6336,16770972453.5808,1017,-16954.7350827856,0.0303390076549724,0.557912027661605,-0.655832601460116,147.879063139347,1.02210124285657,0.142072399460793,0.117236906372887,0.256490835770631,0.430721874171823,0.0827548861830111,0.352241095320679,0.116769694167447,0.533631784404011,2,14Oct24,2024-10-14,16,116,FALSE,2023-12-12,10-30 cm,Control treatment,1,control
117,Sihi_60398_117_r1_Fir_09Oct24_300SA_p06_17_1_6139,12919723415.4544,968,-17816.9202504294,0.0286604166958441,0.576018729171774,-0.828589745570788,155.923990971894,1.17278518529561,0.163027926412932,0.17196497874714,0.0927641896134249,0.442901980127528,0.128495682783188,0.23208854957136,0.195252790786872,0.575270765171923,1,09Oct24,2024-10-09,17,117,FALSE,2020-02-25,10-30 cm,warming treatment,2,warmed
117,Sihi_60398_117_r2_Fir_14Oct24_300SA_p06_17_1_6327,11713248870.6491,1037,-18619.7392668996,0.0283125294896765,0.576317373726841,-0.83278530272671,163.126644973863,1.16465309321234,0.155954873355076,0.166856679352574,0.102312052859665,0.415382184808712,0.131987526448926,0.254924794461029,0.21183302185653,0.566914964562898,2,14Oct24,2024-10-14,17,117,FALSE,2020-02-25,10-30 cm,warming treatment,2,warmed
118,Sihi_60398_118_r1_Fir_09Oct24_300SA_p06_18_1_6153,28346067021.8706,1452,-15646.0708700893,0.0318316204564395,0.558375131682731,-0.656895112081602,136.342577367035,1.11189296156601,0.187460512109827,0.187249481419555,0.152477607462496,0.435268696347464,0.0600863804763614,0.300191533426883,0.142157065496175,0.540044191065384,1,09Oct24,2024-10-09,18,118,FALSE,2021-09-21,10-30 cm,warming treatment,2,warmed
118,Sihi_60398_118_r2_Fir_14Oct24_300SA_p06_18_1_6454,28794870653.9158,940,-15490.4975129321,0.0305174187392366,0.555301927723012,-0.626109318199157,134.682499034966,1.03106497643699,0.169578213446905,0.194864967265389,0.202451885378022,0.385217791816016,0.0604084819141411,0.335440362792741,0.160005455171324,0.471166047303308,2,14Oct24,2024-10-14,18,118,FALSE,2021-09-21,10-30 cm,warming treatment,2,warmed
118,Sihi_60398_118_r2_Fir_24Oct24_300SA_p06_18_1_6544,24908086436.744,1005,-15751.669333052,0.03093872425096,0.556341445404403,-0.636021802495816,137.146507334946,1.04997693595172,0.170874779830482,0.179325321913386,0.194329254790335,0.387428523798681,0.0649856043685787,0.342629667408485,0.163557027414083,0.491830969406857,2,24Oct24,2024-10-24,18,118,FALSE,2021-09-21,10-30 cm,warming treatment,2,warmed
119,Sihi_60398_119_r1_Fir_09Oct24_300SA_p06_19_1_6226,9551691591.52069,260,-15802.8282125986,0.0293486941636158,0.586120798427215,-0.932225585888322,138.285105863697,1.22238981966281,0.146460972973372,0.13728682130834,0.180426143069306,0.286227338940032,0.22965116942264,0.317329085937767,0.307685374949281,0.41436995256727,1,09Oct24,2024-10-09,19,119,FALSE,2022-08-23,10-30 cm,warming treatment,2,warmed
119,Sihi_60398_119_r2_Fir_14Oct24_300SA_p06_19_1_6263,7276955057.98231,280,-16765.3540379241,0.029405116989603,0.582159984613822,-0.891997140578536,146.616707370481,1.23222458414872,0.165427219568104,0.141021580660614,0.178637592087161,0.274371435465519,0.21890989889973,0.334434117760079,0.298683044869491,0.425459337069389,2,14Oct24,2024-10-14,19,119,FALSE,2022-08-23,10-30 cm,warming treatment,2,warmed
120,Sihi_60398_120_r1_Fir_09Oct24_300SA_p06_20_1_6217,4728433080.83247,34,-10354.5062056196,0.0382859822195644,0.632091660891838,-1.39394328482093,92.5030287151651,1.77969484621879,0.223689540956556,0.276021018206176,0.031804184767246,0.215378560346265,0.370797066097134,0.137803355350425,0.449612942897563,0.264617724551291,1,09Oct24,2024-10-09,20,120,FALSE,2022-09-08,10-30 cm,warming treatment,2,warmed
120,Sihi_60398_120_r2_Fir_14Oct24_300SA_p06_20_1_6409,3686416291.18105,39,-10527.0223842524,0.0393005860796761,0.624041126573314,-1.31544874831582,93.7869561210225,1.74471197660505,0.235027811692714,0.300681102645386,0.0528515446202944,0.19838865655038,0.326014800916285,0.174915439887949,0.398632468253561,0.268473181010218,2,14Oct24,2024-10-14,20,120,FALSE,2022-09-08,10-30 cm,warming treatment,2,warmed
121,Sihi_60398_121_r1_Fir_09Oct24_300SA_p06_21_1_6207,26879926768.4995,489,-13510.9568319201,0.0332260204344027,0.587873835985318,-0.946535062288077,118.498799069491,1.30580144790274,0.172243683842666,0.15495001871728,0.0634535274520076,0.540684743351895,0.167225942145044,0.130637194327223,0.203544352547706,0.588749853649754,1,09Oct24,2024-10-09,21,121,FALSE,2022-11-16,10-30 cm,warming treatment,2,warmed
121,Sihi_60398_121_r2_Fir_14Oct24_300SA_p06_21_1_6431,28623050468.6525,446,-13198.3778246734,0.0348581625396051,0.570398263506727,-0.774897178328775,114.956168453809,1.26878093735048,0.215188480561175,0.153261993161924,0.210769627162934,0.373752403393163,0.136660947808348,0.312888509792485,0.182548284166595,0.476856241352628,2,14Oct24,2024-10-14,21,121,FALSE,2022-11-16,10-30 cm,warming treatment,2,warmed
121,Sihi_60398_121_r2_Fir_24Oct24_300SA_p06_21_1_6521,32387291827.3855,563,-14129.6255181229,0.0324702265192877,0.575376589415803,-0.821761060968286,123.383748865791,1.19690823736566,0.169173897691254,0.135085466775157,0.123439374857148,0.486835093828211,0.146113324722968,0.216061614450614,0.188588116705776,0.571085794811764,2,24Oct24,2024-10-24,21,121,FALSE,2022-11-16,10-30 cm,warming treatment,2,warmed
122,Sihi_60398_122_r1_Fir_09Oct24_300SA_p06_22_1_6122,29358689454.0139,698,-13707.4563411108,0.0332506301950944,0.58735810756731,-0.941230833872709,120.290591034017,1.30429762737801,0.173827081954029,0.193040347394827,0.0460647822092775,0.553040674065241,0.138396786631479,0.102668562384667,0.178545593491976,0.59835303872893,1,09Oct24,2024-10-09,22,122,FALSE,2023-01-12,10-30 cm,warming treatment,2,warmed
122,Sihi_60398_122_r2_Fir_14Oct24_300SA_p06_22_1_6467,31464443174.6736,674,-13457.641087744,0.0347680233462538,0.574202663567897,-0.812048835336621,117.514475587859,1.27366909748862,0.203380560919948,0.179487040657913,0.157916329614625,0.436994735843342,0.112746860964382,0.247040498173039,0.166721370632111,0.524980023049268,2,14Oct24,2024-10-14,22,122,FALSE,2023-01-12,10-30 cm,warming treatment,2,warmed
122,Sihi_60398_122_r2_Fir_24Oct24_300SA_p06_22_1_6557,32943018993.684,713,-13555.0878044331,0.0345034654149471,0.575479892957087,-0.824345792400401,118.450076973887,1.26236156997527,0.194004244314945,0.165984507922341,0.15004479928548,0.45650177660138,0.116999596112379,0.241050697592973,0.168756901548806,0.537800713338706,2,24Oct24,2024-10-24,22,122,FALSE,2023-01-12,10-30 cm,warming treatment,2,warmed
123,Sihi_60398_123_r1_Fir_09Oct24_300SA_p06_23_1_6184,26026410063.7897,747,-14019.0295619834,0.0327661139173231,0.584790762418214,-0.917869670832335,123.002832971192,1.27850758412767,0.167947685375066,0.183832107590628,0.0617311995865984,0.549886495698549,0.120247032618102,0.143910927791839,0.174641265470427,0.583895231081046,1,09Oct24,2024-10-09,23,123,FALSE,2023-05-30,10-30 cm,warming treatment,2,warmed
123,Sihi_60398_123_r2_Fir_14Oct24_300SA_p06_23_1_6392,22662818058.5447,763,-14391.5305889428,0.0329016750129416,0.581028713238762,-0.880242863895075,126.04537203253,1.26120073069548,0.174854864669477,0.175403145897933,0.0888013146779623,0.501661825776279,0.117143711679612,0.199061027600885,0.181622722622481,0.565852177241065,2,14Oct24,2024-10-14,23,123,FALSE,2023-05-30,10-30 cm,warming treatment,2,warmed
124,Sihi_60398_124_r1_Fir_08Oct24_300SA_p03_24_1_6036,22648056906.413,1038,-14957.5864700959,0.0314383830279436,0.582462416395423,-0.896201709105523,131.300566028433,1.25720669879749,0.163780958935942,0.19035425255349,0.0750260896254191,0.556898069890897,0.0918979477550407,0.152302715001784,0.152179874285913,0.593563225005425,1,08Oct24,2024-10-08,24,124,FALSE,2023-08-22,10-30 cm,warming treatment,2,warmed
124,Sihi_60398_124_r1_Fir_09Oct24_300SA_p06_24_1_6044,33549972077.5876,771,-13535.0076912295,0.0337205244041962,0.59206133950245,-0.993438453564882,119.189913622836,1.40749494040058,0.198308575077603,0.197097566624337,0.110243995200688,0.450172901440011,0.131926919498973,0.195896272879738,0.230842889539671,0.48760072635894,1,09Oct24,2024-10-09,24,124,FALSE,2023-08-22,10-30 cm,warming treatment,2,warmed
124,Sihi_60398_124_r2_Fir_14Oct24_300SA_p06_24_1_6284,26401955782.7582,855,-13952.837689171,0.0338375813763831,0.585584109959301,-0.927585157084503,122.609037691374,1.3265112753674,0.18573059156167,0.204425721196501,0.0903686741047742,0.493070998649275,0.112184111280838,0.182284281932377,0.188043875364245,0.530908801075423,2,14Oct24,2024-10-14,24,124,FALSE,2023-08-22,10-30 cm,warming treatment,2,warmed
125,Sihi_60398_125_r1_Fir_08Oct24_300SA_p03_25_1_6010,24285213266.0647,913,-14829.8783307476,0.031856294268289,0.581045068939767,-0.881643456282446,130.133934039889,1.24863047100012,0.163400491119691,0.178595469187489,0.0798921973540333,0.586550810932883,0.0893418850670073,0.138789775960458,0.128897949687025,0.623911251856637,1,08Oct24,2024-10-08,25,125,FALSE,2023-12-12,10-30 cm,warming treatment,2,warmed
125,Sihi_60398_125_r1_Fir_09Oct24_300SA_p06_25_1_6053,35807667181.0391,811,-13263.2246967981,0.0347937089564023,0.585499467382067,-0.928103248256118,116.513134313034,1.36785544994624,0.202731806475642,0.206155213503555,0.129148093807745,0.469375980169566,0.114405950882084,0.186206147577268,0.179178392567902,0.510091286294134,1,09Oct24,2024-10-09,25,125,FALSE,2023-12-12,10-30 cm,warming treatment,2,warmed
125,Sihi_60398_125_r2_Fir_14Oct24_300SA_p06_25_1_6438,33254278767.0104,645,-11818.7417036891,0.0381682663798707,0.580057268796562,-0.873891587404081,103.544061184069,1.40846146905558,0.238724248037408,0.244337787612328,0.204512407662842,0.300838041212978,0.1027918884249,0.290647262297132,0.213023016711838,0.399511808465651,2,14Oct24,2024-10-14,25,125,FALSE,2023-12-12,10-30 cm,warming treatment,2,warmed
125,Sihi_60398_125_r2_Fir_24Oct24_300SA_p06_25_1_6528,39979332424.1617,723,-13026.680355279,0.0356229902513486,0.578218943936522,-0.855234682784921,114.09558205567,1.31720432629439,0.203268851176234,0.188186868722125,0.166567429695784,0.453759975693479,0.0979244097035955,0.240925043296841,0.160872460859582,0.503576943306466,2,24Oct24,2024-10-24,25,125,FALSE,2023-12-12,10-30 cm,warming treatment,2,warmed
126,Sihi_60398_126_r1_Fir_08Oct24_300SA_p03_26_1_6017,15332769504.7944,316,-13508.3675657953,0.0333651778982252,0.600280787519139,-1.07375376759758,119.045372136406,1.43708507924773,0.176170024718339,0.140316614761708,0.0536515449006882,0.509074125788822,0.20351216182597,0.143627710915653,0.250830900511773,0.5626483566128,1,08Oct24,2024-10-08,26,126,FALSE,2017-05-31,10-30 cm,Control treatment,3,control
126,Sihi_60398_126_r1_Fir_09Oct24_300SA_p06_26_1_6060,23331773502.3252,260,-12560.793030673,0.0341768455928737,0.607974602321605,-1.14851532598864,110.975913477328,1.51286813566469,0.18696368672045,0.145984557487156,0.0439877845842308,0.484077803890643,0.241687878727902,0.126923013997455,0.295778070425703,0.519137590887008,1,09Oct24,2024-10-09,26,126,FALSE,2017-05-31,10-30 cm,Control treatment,3,control
126,Sihi_60398_126_r2_Fir_14Oct24_300SA_p06_26_1_6296,21025446923.7821,291,-12664.3697813782,0.0353195881307504,0.600405181345476,-1.0734596701814,111.654681407929,1.4647430812659,0.19339110541315,0.158691452238478,0.0733868486602699,0.451229686053708,0.220160943994091,0.167389960274047,0.272809229196676,0.503029846082263,2,14Oct24,2024-10-14,26,126,FALSE,2017-05-31,10-30 cm,Control treatment,3,control
127,Sihi_60398_127_r1_Fir_09Oct24_300SA_p06_27_1_6188,22416708467.5672,227,-12177.925811074,0.0360686759768284,0.606825499326154,-1.13889628130891,107.63571316475,1.50401653065424,0.19797525224712,0.222337070182822,0.0486372659106813,0.419944701078318,0.24852645846096,0.1091917702779,0.298126936911467,0.432838618570739,1,09Oct24,2024-10-09,27,127,FALSE,2017-11-22,10-30 cm,Control treatment,3,control
127,Sihi_60398_127_r2_Fir_14Oct24_300SA_p06_27_1_6446,21406609982.4468,202,-11843.5086296527,0.0377960014731459,0.59555213076362,-1.02951121713379,104.188343739941,1.49252648995678,0.228601171007367,0.215350714742368,0.163747661060689,0.266645986518802,0.222923534725065,0.285455608210182,0.301596968192467,0.32892881180806,2,14Oct24,2024-10-14,27,127,FALSE,2017-11-22,10-30 cm,Control treatment,3,control
127,Sihi_60398_127_r2_Fir_24Oct24_300SA_p06_27_1_6536,26819001542.9819,258,-12585.1419789537,0.0359622441222188,0.588828717251206,-0.960558012745037,110.443185734996,1.37556134819225,0.200145760485316,0.192967177971788,0.14743042601944,0.36802274484125,0.191037675987797,0.239845153608148,0.249651987212492,0.41977168300938,2,24Oct24,2024-10-24,27,127,FALSE,2017-11-22,10-30 cm,Control treatment,3,control
128,Sihi_60398_128_r1_Fir_09Oct24_300SA_p06_28_1_6178,20814917688.5289,148,-11787.1129428438,0.0358798688439176,0.613218929150973,-1.1984995923576,104.165756778664,1.6152588101262,0.202507662391773,0.101786192610696,0.0429575849599638,0.573750444411408,0.199763894885792,0.117737766986873,0.265502754316228,0.596715169218344,1,09Oct24,2024-10-09,28,128,FALSE,2017-12-06,10-30 cm,Control treatment,3,control
128,Sihi_60398_128_r2_Fir_14Oct24_300SA_p06_28_1_6469,25595455120.4476,136,-12373.9346675592,0.0355901711782882,0.59052870511107,-0.974640555826158,108.247931611713,1.46108672984221,0.210194175995571,0.077102129384363,0.174794732220595,0.452462172164487,0.138188782351671,0.312973653580799,0.22433874132475,0.544747679623694,2,14Oct24,2024-10-14,28,128,FALSE,2017-12-06,10-30 cm,Control treatment,3,control
128,Sihi_60398_128_r2_Fir_24Oct24_300SA_p06_28_1_6559,25941045318.7573,139,-12538.3630848792,0.034978647900567,0.592533560452632,-0.993616778363128,109.739558928099,1.43679468471912,0.197726231292639,0.0744289702937724,0.154640852326281,0.45919207265808,0.166915176753579,0.28274595384834,0.245246785279273,0.542401218546902,2,24Oct24,2024-10-24,28,128,FALSE,2017-12-06,10-30 cm,Control treatment,3,control
129,Sihi_60398_129_r1_Fir_09Oct24_300SA_p06_29_1_6148,14263319664.9314,626,-15271.5867374491,0.0322866090803027,0.588085124728703,-0.950476479139613,134.171613331372,1.29975878097303,0.168514081397997,0.193640108667083,0.0545262406144087,0.50361818388947,0.140174740477199,0.157265179034337,0.196584152018121,0.566416625731484,1,09Oct24,2024-10-09,29,129 (EXTRA),TRUE,2018-01-03,10-30 cm,Control treatment,3,control
129,Sihi_60398_129_r2_Fir_14Oct24_300SA_p06_29_1_6433,16013222399.0826,241,-13986.1011399142,0.0336674662708574,0.566976569336814,-0.739838649815554,121.693071984355,1.1739203553381,0.187083376781543,0.0829542236329728,0.243970683704472,0.365218934976837,0.143445426555313,0.388774042287356,0.222263515406953,0.473809827108637,2,14Oct24,2024-10-14,29,129 (EXTRA),TRUE,2018-01-03,10-30 cm,Control treatment,3,control
129,Sihi_60398_129_r2_Fir_24Oct24_300SA_p06_29_1_6523,14630047729.6208,263,-14671.9714726935,0.0320859027737981,0.571139719706607,-0.779511445566302,127.808933532855,1.13446200662286,0.159250835524699,0.102662537238809,0.178088918632667,0.421933986754856,0.156392550572172,0.301095891140317,0.223242081062385,0.51506114855219,2,24Oct24,2024-10-24,29,129 (EXTRA),TRUE,2018-01-03,10-30 cm,Control treatment,3,control
130,Sihi_60398_130_r1_Fir_08Oct24_300SA_p03_30_1_6011,16270727749.1229,494,-14707.435476709,0.0322897496360179,0.58599581344005,-0.929043881698877,129.047486681002,1.26667998075952,0.161552707350621,0.193453329103164,0.0354039443721364,0.564182940193602,0.125709636775957,0.107103703973569,0.167245368775248,0.615118647729327,1,08Oct24,2024-10-08,30,130,FALSE,2018-01-30,10-30 cm,Control treatment,3,control
130,Sihi_60398_130_r1_Fir_09Oct24_300SA_p06_30_1_6054,24323816856.1174,418,-13455.3767197428,0.0344582331940041,0.591701619391538,-0.987266773384966,118.319326863948,1.3596203963094,0.184626060244081,0.211553463883453,0.0550655276284913,0.508491274446475,0.15983611291684,0.117316487750458,0.205631104297881,0.532689120640749,1,09Oct24,2024-10-09,30,130,FALSE,2018-01-30,10-30 cm,Control treatment,3,control
130,Sihi_60398_130_r2_Fir_14Oct24_300SA_p06_30_1_6388,19482845112.8879,485,-13306.8813114615,0.036228814170136,0.581332751198635,-0.88371057390041,116.562346881535,1.30179502607521,0.198537000807798,0.231662929722494,0.0874579936668386,0.450962470973567,0.139640260894949,0.173456805444904,0.184625153889634,0.504153117628786,2,14Oct24,2024-10-14,30,130,FALSE,2018-01-30,10-30 cm,Control treatment,3,control
131,Sihi_60398_131_r1_Fir_09Oct24_300SA_p06_31_1_6157,16384864737.9208,481,-14381.8123944434,0.0320833510774089,0.597715160845049,-1.04652254772126,126.627612183104,1.37617733407518,0.164422511294127,0.155004585565238,0.0375770665383503,0.500467753916209,0.156263902073327,0.180467793660536,0.258916489021265,0.559061420051785,1,09Oct24,2024-10-09,31,131,FALSE,2018-02-27,10-30 cm,Control treatment,3,control
131,Sihi_60398_131_r2_Fir_14Oct24_300SA_p06_31_1_6302,15437682135.9892,476,-14638.5184733364,0.0322896092865349,0.591088095940894,-0.980189555137811,128.552887562155,1.32375695698091,0.166934095520451,0.15440318517315,0.0685393397289206,0.466845066497057,0.144658233744515,0.22278457143219,0.253120363016782,0.539607022063826,2,14Oct24,2024-10-14,31,131,FALSE,2018-02-27,10-30 cm,Control treatment,3,control
132,Sihi_60398_132_r1_Fir_09Oct24_300SA_p06_32_1_6239,24616606568.6132,901,-14701.5999486699,0.0323831089554485,0.581040338176309,-0.879143460873081,128.812651895973,1.24247006758616,0.173961615778399,0.218173078995441,0.0527324061226822,0.515216998413951,0.124708510687976,0.133474742540376,0.176381480437397,0.564390623103346,1,09Oct24,2024-10-09,32,132,FALSE,2018-05-09,10-30 cm,Control treatment,3,control
132,Sihi_60398_132_r2_Fir_14Oct24_300SA_p06_32_1_6338,21965432099.7977,865,-14665.0230412299,0.0330959784220511,0.580191640796511,-0.871128978558382,128.538880455226,1.2474483593164,0.178641697749032,0.215664543741089,0.069515679027949,0.487464808293757,0.126056029059009,0.162057135104899,0.185178548712218,0.54333318386746,2,14Oct24,2024-10-14,32,132,FALSE,2018-05-09,10-30 cm,Control treatment,3,control
133,Sihi_60398_133_r1_Fir_09Oct24_300SA_p06_33_1_6163,28437998126.5872,886,-14056.9181169125,0.0338258401837516,0.581323006475426,-0.881989140672157,123.302462361904,1.28511150165472,0.190202993566974,0.243312942813789,0.0425663508555695,0.528353222572913,0.100998527358249,0.11545860003155,0.15889020343339,0.569928912864435,1,09Oct24,2024-10-09,33,133,FALSE,2018-11-07,10-30 cm,Control treatment,3,control
133,Sihi_60398_133_r2_Fir_14Oct24_300SA_p06_33_1_6265,27157163740.3382,962,-14136.5947891897,0.0338815151640911,0.580669300341346,-0.875986473710255,124.000263087131,1.28070524610695,0.189082355775913,0.240597954011024,0.0497042082363094,0.526192176154045,0.0989185480394654,0.127201022946501,0.1552404559502,0.564623685377376,2,14Oct24,2024-10-14,33,133,FALSE,2018-11-07,10-30 cm,Control treatment,3,control
134,Sihi_60398_134_r1_Fir_09Oct24_300SA_p06_34_1_6247,21599471144.4584,594,-14393.150698558,0.0321294248794356,0.588670497071504,-0.956026304009369,126.435784726837,1.29215691400978,0.162173864092105,0.180472014783347,0.0562328440680862,0.512134107224401,0.116394147411072,0.178341849864434,0.219720250532198,0.558490175764587,1,09Oct24,2024-10-09,34,134,FALSE,2019-09-10,10-30 cm,Control treatment,3,control
134,Sihi_60398_134_r2_Fir_14Oct24_300SA_p06_34_1_6457,24494167365.0045,456,-13970.8312877267,0.0327220402694083,0.578234361839343,-0.852737726875134,122.080515597271,1.26081364012363,0.181521590069191,0.116755606242498,0.16499557143157,0.419978844726389,0.109703587028046,0.333668073005156,0.235996245990342,0.504880627187006,2,14Oct24,2024-10-14,34,134,FALSE,2019-09-10,10-30 cm,Control treatment,3,control
134,Sihi_60398_134_r2_Fir_24Oct24_300SA_p06_34_1_6547,23775358662.7877,489,-14223.2575129224,0.0324562698546129,0.579979425062095,-0.869272583818798,124.459068698349,1.23668627460295,0.169832356642907,0.136387472564802,0.133628853791895,0.423295529136715,0.125262830374391,0.294335354204607,0.249377162913415,0.506077085934217,2,24Oct24,2024-10-24,34,134,FALSE,2019-09-10,10-30 cm,Control treatment,3,control
135,Sihi_60398_135_r1_Fir_09Oct24_300SA_p06_35_1_6231,21030140357.2794,541,-13818.9946676388,0.0344312163466069,0.582492239557549,-0.89310918172004,121.183705997388,1.26609201710033,0.17747441139675,0.216696091894147,0.047016409255154,0.547822478127481,0.125706065266022,0.103662791079033,0.164088444115562,0.5799962973999,1,09Oct24,2024-10-09,35,135,FALSE,2019-12-03,10-30 cm,Control treatment,3,control
135,Sihi_60398_135_r2_Fir_14Oct24_300SA_p06_35_1_6465,24378913036.3062,513,-13617.6563208354,0.0350098747031365,0.575504406016444,-0.824512051923006,119.02333085672,1.25624979877035,0.194933678377262,0.179660194020535,0.128779801050944,0.468484601808795,0.12394013755035,0.213926648017683,0.177294296679168,0.530890796292778,2,14Oct24,2024-10-14,35,135,FALSE,2019-12-03,10-30 cm,Control treatment,3,control
135,Sihi_60398_135_r2_Fir_24Oct24_300SA_p06_35_1_6555,24475567548.8677,539,-13708.5593090733,0.0349448739960188,0.574721493115419,-0.81626340093979,119.782521262167,1.22616714152455,0.187332702320728,0.190254717354086,0.116444717190826,0.469066709675435,0.124559984236884,0.204015730341279,0.18185674989432,0.531587245726485,2,24Oct24,2024-10-24,35,135,FALSE,2019-12-03,10-30 cm,Control treatment,3,control
136,Sihi_60398_136_r1_Fir_09Oct24_300SA_p06_36_1_6107,23157910889.151,548,-13185.8674391934,0.0343193293465544,0.594735278387163,-1.01516512099222,115.95801093281,1.39598879331842,0.192971697918416,0.198783019812021,0.0429057288644394,0.486371230517906,0.175424547711383,0.123544772071902,0.242235039300601,0.537965966910948,1,09Oct24,2024-10-09,36,136,FALSE,2020-01-14,10-30 cm,Control treatment,3,control
136,Sihi_60398_136_r2_Fir_14Oct24_300SA_p06_36_1_6368,23904075515.8608,630,-13696.7893539594,0.0341073553808186,0.585565903464343,-0.92348245368759,120.066481423892,1.31239755419541,0.18902940466743,0.205192236283542,0.0602445045977216,0.472495544913572,0.148157585383015,0.158217018989794,0.212590352812003,0.541637288361374,2,14Oct24,2024-10-14,36,136,FALSE,2020-01-14,10-30 cm,Control treatment,3,control
137,Sihi_60398_137_r1_Fir_09Oct24_300SA_p06_37_1_6117,27457138574.2273,712,-13856.0018625895,0.0335516023556803,0.580987498742721,-0.877752207853102,121.421623873542,1.24644808009403,0.176356824956874,0.237117591163864,0.0290466660074615,0.554903798256014,0.104245253455994,0.0938388470413423,0.16157230662677,0.584305188453444,1,09Oct24,2024-10-09,37,137,FALSE,2020-02-25,10-30 cm,Control treatment,3,control
137,Sihi_60398_137_r2_Fir_14Oct24_300SA_p06_37_1_6419,22264375644.4179,719,-14019.1934132665,0.0348660096322241,0.580054544961011,-0.869375608450729,122.825671715016,1.2841120535079,0.198555444454949,0.257217067854167,0.0566046552129227,0.47285203582677,0.110665090824107,0.148953986118917,0.177632987243564,0.525042764053389,2,14Oct24,2024-10-14,37,137,FALSE,2020-02-25,10-30 cm,Control treatment,3,control
138,Sihi_60398_138_r1_Fir_09Oct24_300SA_p06_38_1_6156,24847176377.9925,548,-13620.5807431295,0.0333638355273588,0.593511006580783,-1.0039529063818,119.820813210439,1.37621396495101,0.187160067196835,0.213806187584213,0.030042542931217,0.503378850801459,0.147060434079225,0.124224952751083,0.232308500063077,0.538439509080229,1,09Oct24,2024-10-09,38,138,FALSE,2020-03-10,10-30 cm,Control treatment,3,control
138,Sihi_60398_138_r2_Fir_14Oct24_300SA_p06_38_1_6319,25420838071.81,577,-13652.7771177996,0.0339225902220934,0.590785023809148,-0.977076705084174,119.999802441586,1.36140134179084,0.189852774336121,0.216386268922777,0.0414580502240959,0.48598579976723,0.140200234890883,0.145405659685727,0.225927301363249,0.532470713143584,2,14Oct24,2024-10-14,38,138,FALSE,2020-03-10,10-30 cm,Control treatment,3,control
139,Sihi_60398_139_r1_Fir_09Oct24_300SA_p06_39_1_6236,21669312790.362,576,-14442.3084235508,0.032789214840436,0.586378275060231,-0.932102655324109,126.847520520853,1.28904885219868,0.172425477699274,0.197485795076665,0.0466738573500808,0.547707473287078,0.141004619801924,0.103909647540233,0.186945122576841,0.582025159961981,1,09Oct24,2024-10-09,39,139,FALSE,2020-07-28,10-30 cm,Control treatment,3,control
139,Sihi_60398_139_r2_Fir_14Oct24_300SA_p06_39_1_6404,19122786163.9073,579,-14095.3140983523,0.0340226479509586,0.582973519541287,-0.897947200565087,123.53038410094,1.28870822292189,0.186628230146104,0.202923814111008,0.0565687439575149,0.498951464818282,0.143668575465487,0.144293213640381,0.193247369774497,0.562192589623325,2,14Oct24,2024-10-14,39,139,FALSE,2020-07-28,10-30 cm,Control treatment,3,control
140,Sihi_60398_140_r1_Fir_09Oct24_300SA_p06_40_1_6123,26151250548.8966,777,-14836.5692824586,0.0321911744572054,0.575647728703188,-0.824065314276641,129.867400963543,1.16633598335139,0.158926463647616,0.21894734398767,0.0309235116321401,0.593204721338125,0.0838517175258392,0.0955378693204004,0.134604571591492,0.627698432738295,1,09Oct24,2024-10-09,40,140,FALSE,2020-09-09,10-30 cm,Control treatment,3,control
140,Sihi_60398_140_r2_Fir_14Oct24_300SA_p06_40_1_6346,21825312272.5832,751,-14556.8690907052,0.0340580454069214,0.573348485434573,-0.801521739383081,127.319704772982,1.19745628127545,0.183317926427301,0.233007053400431,0.0627879779814218,0.50552955730659,0.0939691359276047,0.156356615586664,0.152503623547404,0.56857579110544,2,14Oct24,2024-10-14,40,140,FALSE,2020-09-09,10-30 cm,Control treatment,3,control
141,Sihi_60398_141_r1_Fir_09Oct24_300SA_p06_41_1_6251,17015883941.312,606,-17492.4404054043,0.0282861524950912,0.555972114548584,-0.626775785257779,151.802877194026,0.972221941597059,0.149896141968986,0.124894295955253,0.137452289381272,0.37029558079153,0.102205844877544,0.346405498872837,0.197557829191007,0.614338239702549,1,09Oct24,2024-10-09,41,141,FALSE,2020-10-06,10-30 cm,Control treatment,3,control
141,Sihi_60398_141_r2_Fir_14Oct24_300SA_p06_41_1_6365,13859730408.5805,556,-18244.283810497,0.0279459158126779,0.552481118804194,-0.59179207220249,158.148832598997,0.950231118690708,0.15322930811508,0.114023318433605,0.15202736369137,0.348486675409427,0.0982652822612629,0.380547761715227,0.189823913520259,0.61722360677995,2,14Oct24,2024-10-14,41,141,FALSE,2020-10-06,10-30 cm,Control treatment,3,control
142,Sihi_60398_142_r1_Fir_09Oct24_300SA_p06_42_1_6198,15809891137.5221,708,-17338.7943906723,0.0286868032392484,0.563616695484363,-0.704503166295937,151.040006505972,1.0293684851307,0.144937022210482,0.138927903890168,0.126566483796402,0.462827540436362,0.108987712884431,0.253341051691859,0.165471285833117,0.610020627286969,1,09Oct24,2024-10-09,42,142,FALSE,2020-11-05,10-30 cm,Control treatment,3,control
142,Sihi_60398_142_r2_Fir_14Oct24_300SA_p06_42_1_6354,12827817542.9041,707,-18102.3533632301,0.0285655713224125,0.560267359831335,-0.671846950575176,157.569736892581,1.01107717271369,0.147715830423048,0.133474803449887,0.14793835756971,0.410919225283206,0.101339912110751,0.319997927879879,0.163874422590942,0.598334404160282,2,14Oct24,2024-10-14,42,142,FALSE,2020-11-05,10-30 cm,Control treatment,3,control
143,Sihi_60398_143_r1_Fir_09Oct24_300SA_p06_43_1_6094,11136613270.9322,283,-15342.9720685001,0.0296691051440418,0.581600932872041,-0.881884153393735,134.343401008497,1.14361771029058,0.123934593971235,0.0911556543983808,0.0696406333279379,0.607399354850475,0.149283537182324,0.127949971462549,0.188170022753438,0.677571974574521,1,09Oct24,2024-10-09,43,143,FALSE,2020-12-29,10-30 cm,Control treatment,3,control
143,Sihi_60398_143_r2_Fir_14Oct24_300SA_p06_43_1_6344,13781195029.8073,847,-16887.6724296747,0.0305273110133247,0.566342896886291,-0.732320374036156,147.368940612202,1.09117313645599,0.159502192647628,0.161252135509839,0.114200170510239,0.487467427149799,0.0939548467419495,0.226553546949558,0.15015701894369,0.614923742951388,2,14Oct24,2024-10-14,43,143,FALSE,2020-12-29,10-30 cm,Control treatment,3,control
144,Sihi_60398_144_r1_Fir_08Oct24_300SA_p03_44_1_6025,9691940726.88183,566,-18138.4975385665,0.0271113871131616,0.586483758754002,-0.933666952394684,159.265726109533,1.21862423860781,0.139500041164486,0.122149028048479,0.0669507208334747,0.512271030454389,0.169724763405104,0.175355147469545,0.215654007237117,0.623980273847288,1,08Oct24,2024-10-08,44,144,FALSE,2021-02-09,10-30 cm,Control treatment,3,control
144,Sihi_60398_144_r1_Fir_09Oct24_300SA_p06_44_1_6068,15242874411.1276,483,-15510.3043191685,0.029799639881377,0.58894255238173,-0.95841819215048,136.208889475611,1.23966598371912,0.140177330691217,0.104810896071698,0.0945687452215413,0.529576200023931,0.19542897968231,0.156638255312601,0.235110263918842,0.584726079953149,1,09Oct24,2024-10-09,44,144,FALSE,2021-02-09,10-30 cm,Control treatment,3,control
144,Sihi_60398_144_r2_Fir_14Oct24_300SA_p06_44_1_6287,12885050271.2504,546,-16852.0093067629,0.0292736484705586,0.580480805566615,-0.874190270505622,147.578374765156,1.17444959537262,0.142505650397066,0.109673920158999,0.114158594997157,0.456864315231134,0.172221522019083,0.236749628586184,0.228048750918941,0.586250214983539,2,14Oct24,2024-10-14,44,144,FALSE,2021-02-09,10-30 cm,Control treatment,3,control
145,Sihi_60398_145_r1_Fir_09Oct24_300SA_p06_45_1_6256,9933573819.5332,559,-16863.2859236628,0.029782349012575,0.58518890170932,-0.920568059586163,148.001924758373,1.25588795606815,0.158443248424335,0.119087259351229,0.107577291981837,0.511962118663043,0.141221691351089,0.213288463507378,0.189000005586018,0.615326184573081,1,09Oct24,2024-10-09,45,145,FALSE,2021-06-03,10-30 cm,Control treatment,3,control
145,Sihi_60398_145_r2_Fir_14Oct24_300SA_p06_45_1_6291,9454372640.55618,653,-18111.3390612949,0.0287726576266107,0.585096009962797,-0.920342707877474,159.091683564199,1.25700592669897,0.157670347443176,0.113957110914061,0.109813386560299,0.485661399096375,0.12820830389916,0.245831737649215,0.204886597347804,0.630424118264135,2,14Oct24,2024-10-14,45,145,FALSE,2021-06-03,10-30 cm,Control treatment,3,control
146,Sihi_60398_146_r1_Fir_09Oct24_300SA_p06_46_1_6249,8646840029.75288,241,-14466.3149764127,0.0313547232696426,0.599610595813517,-1.06408866722298,127.297035998576,1.33998485828054,0.14604805711543,0.0864996750106197,0.0924109309972436,0.439909776986202,0.23753317988541,0.211512192582154,0.314414156225714,0.536023627589628,1,09Oct24,2024-10-09,46,146,FALSE,2021-12-15,10-30 cm,Control treatment,3,control
146,Sihi_60398_146_r2_Fir_14Oct24_300SA_p06_46_1_6331,9205799532.94206,243,-14762.0051168658,0.0317850276130055,0.596102169127593,-1.02940373772253,129.793939687388,1.33126236570768,0.156715745274587,0.0914702258782581,0.122393488021597,0.387797582209405,0.236851542938769,0.24486293102817,0.331675684177314,0.503922982597332,2,14Oct24,2024-10-14,46,146,FALSE,2021-12-15,10-30 cm,Control treatment,3,control
147,Sihi_60398_147_r1_Fir_09Oct24_300SA_p06_47_1_6127,19637138219.5256,677,-16740.9714723886,0.0281712908089831,0.570975011630829,-0.785215684045795,146.695566756196,1.09337597122467,0.119893711430612,0.108539081984964,0.176024377994236,0.564232428001217,0.0670534002360033,0.244485641603648,0.103796114318456,0.628620293541393,1,09Oct24,2024-10-09,47,147,FALSE,2023-05-30,10-30 cm,Control treatment,3,control
147,Sihi_60398_147_r2_Fir_14Oct24_300SA_p06_47_1_6355,23888061836.9176,1500,-17050.9016287968,0.0297476422521086,0.561325565580199,-0.68919668054567,149.005141043237,1.06234048930642,0.146886456570579,0.1397058110391,0.216432751006915,0.46304457024319,0.0526208445631543,0.322563479544011,0.108748956766264,0.565376292930851,2,14Oct24,2024-10-14,47,147,FALSE,2023-05-30,10-30 cm,Control treatment,3,control
148,Sihi_60398_148_r1_Fir_09Oct24_300SA_p06_48_1_6177,10982561798.6669,283,-14998.3842885718,0.0306570936727278,0.574360713307553,-0.814964139045445,131.069926600779,1.12684286866274,0.133293621928134,0.0911907019593604,0.178263251907652,0.527668394849324,0.133351139244024,0.233181603819394,0.171289045706,0.573865160554887,1,09Oct24,2024-10-09,48,148,FALSE,2017-05-31,10-30 cm,warming treatment,4,warmed
148,Sihi_60398_148_r2_Fir_14Oct24_300SA_p06_48_1_6414,7709905645.64976,318,-16717.8788168869,0.0303766219556634,0.569382783927467,-0.767757448796581,146.030173191008,1.11350197283534,0.144102117689263,0.114672838150072,0.204005842111476,0.446113915227774,0.113905505019565,0.310041394076393,0.168569181860622,0.544518625889448,2,14Oct24,2024-10-14,48,148,FALSE,2017-05-31,10-30 cm,warming treatment,4,warmed
149,Sihi_60398_149_r1_Fir_08Oct24_300SA_p03_49_1_6048,11701488125.4424,576,-15762.3410577902,0.0325159238472377,0.563320978211123,-0.708783020281814,137.661096294634,1.08862738578745,0.159553103518188,0.182591576777592,0.143196935329764,0.518887259097138,0.086439145845148,0.20913291691731,0.106573836747003,0.575387982948656,1,08Oct24,2024-10-08,49,149,FALSE,2017-11-22,10-30 cm,warming treatment,4,warmed
149,Sihi_60398_149_r1_Fir_09Oct24_300SA_p06_49_1_6076,18940624692.0389,497,-14218.1970765943,0.0347519999112908,0.562191714740166,-0.698580819015712,123.985497462506,1.11924421790763,0.181403932259549,0.204632757871082,0.202949354250841,0.433081356086464,0.100642148053076,0.255667376552741,0.135234240343948,0.472280900349433,1,09Oct24,2024-10-09,49,149,FALSE,2017-11-22,10-30 cm,warming treatment,4,warmed
149,Sihi_60398_149_r2_Fir_14Oct24_300SA_p06_49_1_6271,16995773575.8612,507,-13892.21700425,0.0361142309040546,0.56036419780724,-0.68066760223554,121.108986791951,1.11771111704189,0.187597347405639,0.222223384743204,0.207936700913609,0.414564550753856,0.0947821995840903,0.261657602764329,0.125588440982789,0.456137037931319,2,14Oct24,2024-10-14,49,149,FALSE,2017-11-22,10-30 cm,warming treatment,4,warmed
150,Sihi_60398_150_r1_Fir_09Oct24_300SA_p06_50_1_6125,10256481362.8748,340,-15198.3009627252,0.0310026966969562,0.573018777894645,-0.8023668361302,132.700678855058,1.14557459314665,0.151397631969908,0.139784604734515,0.102405744584983,0.570113175201515,0.135923759691507,0.149425079802759,0.155752244758337,0.61739072427195,1,09Oct24,2024-10-09,50,150,FALSE,2017-12-06,10-30 cm,warming treatment,4,warmed
150,Sihi_60398_150_r2_Fir_14Oct24_300SA_p06_50_1_6329,12025717581.1763,689,-16982.7438877667,0.0301530820598957,0.568989042928347,-0.759648140231002,148.448890989143,1.11640973337888,0.161418090661112,0.205891126555765,0.0981579150887523,0.491956106387889,0.101038917810984,0.192518382664534,0.142403596384452,0.582206210596687,2,14Oct24,2024-10-14,50,150,FALSE,2017-12-06,10-30 cm,warming treatment,4,warmed
151,Sihi_60398_151_r1_Fir_09Oct24_300SA_p06_1_1_6080,32189953362.5673,57,-10356.2927422158,0.0369618754204745,0.613687187740543,-1.20464563375408,91.6608051169772,1.62781961075016,0.184859277521916,0.0577074654581157,0.0951197214566114,0.682807284057344,0.1372422785665,0.119544294570194,0.15083616208481,0.705057359917172,1,09Oct24,2024-10-09,1,151 (EXTRA),TRUE,2018-01-03,10-30 cm,warming treatment,4,warmed
151,Sihi_60398_151_r2_Fir_14Oct24_300SA_p06_1_1_6340,29220233076.9211,63,-10533.1742287643,0.0370384158390158,0.609039636778558,-1.15803721274257,93.0028950770977,1.58681769855547,0.185366059884271,0.0578311955890359,0.107709113230536,0.660836327417533,0.136886096860368,0.140649629773914,0.150638352514135,0.693042240319774,2,14Oct24,2024-10-14,1,151 (EXTRA),TRUE,2018-01-03,10-30 cm,warming treatment,4,warmed
152,Sihi_60398_152_r1_Fir_08Oct24_300SA_p03_2_1_6014,14264504778.4672,633,-14571.7125519345,0.0340631422015932,0.569815504758726,-0.766299775019371,127.354936244049,1.19983763526862,0.195861403797229,0.267429587053022,0.0360896008523564,0.587146319457424,0.0617256775500033,0.0764376425570074,0.0764648980154476,0.628372930301249,1,08Oct24,2024-10-08,2,152,FALSE,2018-01-30,10-30 cm,warming treatment,4,warmed
152,Sihi_60398_152_r1_Fir_09Oct24_300SA_p06_2_1_6057,21504471070.3228,514,-13132.9202017685,0.0364804569473094,0.568956397034334,-0.758978034696966,114.624576207262,1.26241028991104,0.229430130537808,0.304295534248242,0.0551008972598412,0.546795868169084,0.0638918105170989,0.0850167870655757,0.077711964497286,0.566217217345863,1,09Oct24,2024-10-09,2,152,FALSE,2018-01-30,10-30 cm,warming treatment,4,warmed
152,Sihi_60398_152_r2_Fir_14Oct24_300SA_p06_2_1_6325,15878650455.2903,490,-13193.1407081839,0.0372287947991882,0.571412024013182,-0.783397961524037,115.32762647836,1.25439541655335,0.213729782276854,0.292324176794835,0.0515034575826867,0.558380175001538,0.0648239470231856,0.0797474482697213,0.0804673151592474,0.583264915066649,2,14Oct24,2024-10-14,2,152,FALSE,2018-01-30,10-30 cm,warming treatment,4,warmed
153,Sihi_60398_153_r1_Fir_09Oct24_300SA_p06_3_1_6102,15758858907.2993,166,-12183.8863811157,0.038416677593227,0.559221379808316,-0.659274080255713,105.731565006107,1.15675387176269,0.219754010699147,0.264083745531135,0.0973406182671764,0.435160602937022,0.104177496973422,0.189613006237327,0.123151652180715,0.522389132342068,1,09Oct24,2024-10-09,3,153,FALSE,2018-02-27,10-30 cm,warming treatment,4,warmed
153,Sihi_60398_153_r2_Fir_14Oct24_300SA_p06_3_1_6386,11772679686.6774,171,-11966.6965274613,0.0396252412264195,0.564778313969156,-0.715932060213252,104.111594306471,1.20845396246851,0.220320700255923,0.278147982128732,0.0904353112047994,0.438282700710438,0.105362538324188,0.172967368811965,0.123481727233425,0.51317438945772,2,14Oct24,2024-10-14,3,153,FALSE,2018-02-27,10-30 cm,warming treatment,4,warmed
154,Sihi_60398_154_r1_Fir_09Oct24_300SA_p06_4_1_6115,29851578989.8949,1216,-14896.5348959457,0.0324411031099526,0.564008041188599,-0.70875702170355,129.860126599695,1.11905836140345,0.187372539873819,0.260224276581976,0.0751925515936226,0.532668804101875,0.0827492462494177,0.116812704905018,0.102973970417979,0.573157811887529,1,09Oct24,2024-10-09,4,154,FALSE,2018-05-09,10-30 cm,warming treatment,4,warmed
154,Sihi_60398_154_r2_Fir_14Oct24_300SA_p06_4_1_6428,26188092206.6217,1212,-15461.2647625875,0.0321440760081867,0.557118410047134,-0.641008692996328,134.496317245461,1.10375082624746,0.205380674078891,0.254560841485567,0.129997519323507,0.455743678356234,0.0701328937839666,0.202794394355756,0.106572619731043,0.532706292532785,2,14Oct24,2024-10-14,4,154,FALSE,2018-05-09,10-30 cm,warming treatment,4,warmed
154,Sihi_60398_154_r2_Fir_24Oct24_300SA_p06_4_1_6518,18509632286.1579,1148,-15770.5872040917,0.031975622120301,0.563973843880252,-0.709112207838127,137.604966146526,1.12277227872705,0.186525887039214,0.249213560263804,0.103545716831652,0.478018115762346,0.0865786760274343,0.171743068850613,0.117470268154653,0.549279677644735,2,24Oct24,2024-10-24,4,154,FALSE,2018-05-09,10-30 cm,warming treatment,4,warmed
155,Sihi_60398_155_r1_Fir_09Oct24_300SA_p06_5_1_6166,22120760402.6571,913,-16246.874350943,0.0301369892562654,0.553717291059908,-0.603677580675487,140.941724421921,1.00151765757872,0.179643017534722,0.219229893335794,0.112482170144483,0.427970970659533,0.0886535997694638,0.228044667307895,0.144695160155972,0.565804587754507,1,09Oct24,2024-10-09,5,155,FALSE,2018-11-07,10-30 cm,warming treatment,4,warmed
155,Sihi_60398_155_r2_Fir_14Oct24_300SA_p06_5_1_6381,17489469524.9446,746,-16462.67168213,0.0299871535236166,0.552504368690399,-0.591707972037265,142.720754759473,0.992620447072413,0.178982295513726,0.196712243522858,0.137173393365572,0.398468479542489,0.0926680486736672,0.274312238596777,0.154371669793596,0.558288702064156,2,14Oct24,2024-10-14,5,155,FALSE,2018-11-07,10-30 cm,warming treatment,4,warmed
156,Sihi_60398_156_r1_Fir_09Oct24_300SA_p06_6_1_6112,28371773619.6709,1117,-15420.6410060603,0.031150042761649,0.562642917380172,-0.69326706703619,134.36061511661,1.0865154674428,0.182110875175932,0.272247174420221,0.0371594703678127,0.559913234540272,0.0783847937333121,0.0839828249555812,0.0972457532824956,0.603976041189157,1,09Oct24,2024-10-09,6,156,FALSE,2019-09-10,10-30 cm,warming treatment,4,warmed
156,Sihi_60398_156_r2_Fir_14Oct24_300SA_p06_6_1_6462,28740222334.6795,1039,-15101.4029375562,0.0318768527441682,0.556458783340156,-0.632481198243045,131.237309657335,1.06836488479175,0.195314530015058,0.256176746669683,0.0990251386587611,0.496429287096719,0.0750170277688353,0.160218473131992,0.0997297038335201,0.561438894555192,2,14Oct24,2024-10-14,6,156,FALSE,2019-09-10,10-30 cm,warming treatment,4,warmed
156,Sihi_60398_156_r2_Fir_24Oct24_300SA_p06_6_1_6552,25628795013.0732,1066,-15558.5356256558,0.0316425038297045,0.558515885294955,-0.652825010648538,135.453521311665,1.06697002172868,0.186556206177575,0.24531482153383,0.0908936050065614,0.4943921739224,0.0843130269416039,0.162698609110615,0.110917179273637,0.571852732741333,2,24Oct24,2024-10-24,6,156,FALSE,2019-09-10,10-30 cm,warming treatment,4,warmed
157,Sihi_60398_157_r1_Fir_09Oct24_300SA_p06_7_1_6092,40147311344.5242,1321,-15400.3587579504,0.0307999709333997,0.555669654006437,-0.623169660267721,133.880077818021,1.03446106015002,0.188731647184457,0.299292220079768,0.0356218480852989,0.577287841262134,0.0523729492683155,0.0656363889665671,0.0663870957590868,0.606982083494616,1,09Oct24,2024-10-09,7,157,FALSE,2019-12-03,10-30 cm,warming treatment,4,warmed
157,Sihi_60398_157_r2_Fir_14Oct24_300SA_p06_7_1_6328,29970792525.8403,1301,-15428.0824693854,0.0315105794668384,0.555419988118095,-0.621476797371425,134.148795358946,1.05034832914479,0.196591675256622,0.300982725611057,0.0540131156325918,0.534098146719674,0.0589164363422223,0.0972696083107339,0.0807496702253615,0.57601124624911,2,14Oct24,2024-10-14,7,157,FALSE,2019-12-03,10-30 cm,warming treatment,4,warmed
158,Sihi_60398_158_r1_Fir_09Oct24_300SA_p06_8_1_6189,23416579826.9831,1155,-15902.0717995662,0.030205155734004,0.560899875094983,-0.676100378108264,138.476433559184,1.06590357099274,0.177191665152994,0.247353191491019,0.0547944912371038,0.561002886850078,0.0692762716387381,0.112909353423606,0.0935670736791764,0.62074968112768,1,09Oct24,2024-10-09,8,158,FALSE,2020-01-14,10-30 cm,warming treatment,4,warmed
158,Sihi_60398_158_r2_Fir_14Oct24_300SA_p06_8_1_6464,24130671168.4856,939,-15532.4842799282,0.0306482034948888,0.554914631346515,-0.615892911379465,134.886148981806,1.02728476157165,0.182521116611968,0.219904954935737,0.0994829515474119,0.535890348397881,0.0728736227190194,0.156445539434006,0.0986691729397506,0.601440031627415,2,14Oct24,2024-10-14,8,158,FALSE,2020-01-14,10-30 cm,warming treatment,4,warmed
158,Sihi_60398_158_r2_Fir_24Oct24_300SA_p06_8_1_6554,19672227582.2035,783,-15812.9225844262,0.030518239595343,0.55672886886002,-0.634415826363007,137.493708405343,1.03233073800233,0.175991813918843,0.208267351924003,0.111546402405841,0.51436235730778,0.0804984709760812,0.180585228239795,0.111727141188781,0.588678603760523,2,24Oct24,2024-10-24,8,158,FALSE,2020-01-14,10-30 cm,warming treatment,4,warmed
159,Sihi_60398_159_r1_Fir_09Oct24_300SA_p06_9_1_6110,23560531346.7344,644,-15060.4538559543,0.0310569849946226,0.565648716834423,-0.722483851297606,131.273013566653,1.10454267644888,0.1783547889003,0.241430320305194,0.0334053879812742,0.593536221104662,0.087553184246243,0.0706729399004604,0.105371007913466,0.628603460181823,1,09Oct24,2024-10-09,9,159,FALSE,2020-02-25,10-30 cm,warming treatment,4,warmed
159,Sihi_60398_159_r2_Fir_14Oct24_300SA_p06_9_1_6459,25888585365.9903,658,-14780.2785023771,0.0319140288255622,0.559689667083166,-0.66432494408824,128.51714637975,1.10342057122744,0.196872512153143,0.238534923441509,0.0966096010111087,0.514040087697211,0.0744905076562408,0.152468656898945,0.108891824257371,0.577770114459168,2,14Oct24,2024-10-14,9,159,FALSE,2020-02-25,10-30 cm,warming treatment,4,warmed
159,Sihi_60398_159_r2_Fir_24Oct24_300SA_p06_9_1_6549,23290149197.0305,657,-15068.8672420114,0.0316248774258398,0.561945511389884,-0.686538630687749,131.256511443345,1.09294107842242,0.185272529437971,0.236978294493863,0.080511226540039,0.519340493873262,0.0890325103662228,0.138382307954703,0.119962744413302,0.582297035779358,2,24Oct24,2024-10-24,9,159,FALSE,2020-02-25,10-30 cm,warming treatment,4,warmed
160,Sihi_60398_160_r1_Fir_08Oct24_300SA_p03_10_1_6032,14676442289.3651,1057,-17283.472044406,0.0280242299633503,0.565114126507838,-0.718327193790714,150.801146876573,1.06564993631123,0.15889176601409,0.209506026826149,0.0519204220285104,0.56999327174971,0.0846679528439461,0.122165170735346,0.113457157953487,0.647559757569736,1,08Oct24,2024-10-08,10,160,FALSE,2020-03-10,10-30 cm,warming treatment,4,warmed
160,Sihi_60398_160_r1_Fir_09Oct24_300SA_p06_10_1_6040,28188239901.2822,1122,-15851.5076034418,0.0295256525262799,0.562852830836913,-0.694989276681805,138.055766533821,1.06406070198314,0.170453341711915,0.223246601000257,0.0522483656553876,0.588496739952489,0.0889793983806884,0.0900404415193847,0.105430018178323,0.629913684439108,1,09Oct24,2024-10-09,10,160,FALSE,2020-03-10,10-30 cm,warming treatment,4,warmed
160,Sihi_60398_160_r2_Fir_14Oct24_300SA_p06_10_1_6466,26585081826.5624,984,-15993.3387774881,0.0298930067459707,0.554845416021791,-0.615395258883776,138.904459563363,1.00206172094284,0.170578229895929,0.190239038525032,0.122850211587918,0.50781495566164,0.0916842389139636,0.194101945893327,0.118999716864564,0.588742721169192,2,14Oct24,2024-10-14,10,160,FALSE,2020-03-10,10-30 cm,warming treatment,4,warmed
160,Sihi_60398_160_r2_Fir_24Oct24_300SA_p06_10_1_6556,21533682536.8751,825,-16051.6539866907,0.0299468985107347,0.556168327021626,-0.62886301328149,139.545853660101,1.00560484317261,0.165761665570054,0.181349911784403,0.12711959033633,0.492738469669168,0.0983235628336439,0.207375677009682,0.13805578426533,0.582706852323472,2,24Oct24,2024-10-24,10,160,FALSE,2020-03-10,10-30 cm,warming treatment,4,warmed
161,Sihi_60398_161_r1_Fir_09Oct24_300SA_p06_11_1_6082,26172669084.5061,523,-14247.0103542461,0.0303632059902162,0.581860020710938,-0.882840755639662,124.561790542851,1.23723098434616,0.181485221962349,0.228569514935191,0.0128994161589848,0.530566662587722,0.174138313606983,0.0560128804824251,0.204915686555926,0.567349343641495,1,09Oct24,2024-10-09,11,161,FALSE,2020-07-28,10-30 cm,warming treatment,4,warmed
161,Sihi_60398_161_r2_Fir_14Oct24_300SA_p06_11_1_6390,16739465051.9981,492,-14394.2730704914,0.0309278072018031,0.583459384516799,-0.899873781906066,125.981507654592,1.28469456869048,0.194334391556522,0.224275718376021,0.0360144297015219,0.474172660868212,0.185963674265116,0.108072792097443,0.21944598337934,0.53381683717099,2,14Oct24,2024-10-14,11,161,FALSE,2020-07-28,10-30 cm,warming treatment,4,warmed
162,Sihi_60398_162_r1_Fir_08Oct24_300SA_p03_12_1_6013,12892843076.3007,294,-14494.3912539488,0.0291855752651229,0.601758480029188,-1.08359396707708,127.514304519114,1.39735774258322,0.175705449041078,0.163526120709215,0.0171894010916065,0.491441555864344,0.264566063334123,0.0736179271817667,0.291370846928731,0.537228043802131,1,08Oct24,2024-10-08,12,162,FALSE,2020-09-09,10-30 cm,warming treatment,4,warmed
162,Sihi_60398_162_r1_Fir_09Oct24_300SA_p06_12_1_6056,23940224329.2696,286,-13585.4843380334,0.0300955923077323,0.601110007771486,-1.07639932926109,119.450218682758,1.39640250157119,0.180724965428956,0.171033391275921,0.0190797436004797,0.498872916322509,0.271961427583015,0.0541904238583506,0.297915571489449,0.518254500448581,1,09Oct24,2024-10-09,12,162,FALSE,2020-09-09,10-30 cm,warming treatment,4,warmed
162,Sihi_60398_162_r2_Fir_14Oct24_300SA_p06_12_1_6299,19586394790.3049,291,-13396.524332266,0.0309373851491078,0.599670142484935,-1.06265614470597,117.787395163548,1.3971149512885,0.183147894541698,0.162710996705945,0.0438651048257068,0.463132823037681,0.27639588450093,0.0957900818202484,0.302277958025643,0.495713358375579,2,14Oct24,2024-10-14,12,162,FALSE,2020-09-09,10-30 cm,warming treatment,4,warmed
163,Sihi_60398_163_r1_Fir_09Oct24_300SA_p06_13_1_6245,26003572046.8137,866,-14482.5338965713,0.0324569072848014,0.564858769075383,-0.719395949000815,126.272398700078,1.13580367404261,0.181997309380367,0.216814035517046,0.129772122727125,0.525570572783678,0.0785506405461881,0.170722495204551,0.107469239751043,0.55626138093767,1,09Oct24,2024-10-09,13,163,FALSE,2020-10-06,10-30 cm,warming treatment,4,warmed
163,Sihi_60398_163_r2_Fir_14Oct24_300SA_p06_13_1_6341,28606449561.0487,833,-14470.1958742293,0.0330155204175498,0.566170778693962,-0.733536139841152,126.290085134633,1.16860957446892,0.191041805049594,0.224847213314941,0.147597404044439,0.480701379646663,0.0830785257837412,0.197545854712951,0.122354180621483,0.525519074550622,2,14Oct24,2024-10-14,13,163,FALSE,2020-10-06,10-30 cm,warming treatment,4,warmed
164,Sihi_60398_164_r1_Fir_09Oct24_300SA_p06_14_1_6088,23067889903.3752,428,-14146.8040406246,0.030221572758057,0.587361339141117,-0.938559035057216,123.961929198029,1.2932952398899,0.18924780179054,0.254352882404761,0.00394953591498865,0.501841366643679,0.20494853677504,0.029031497864518,0.229224618841542,0.527969632266873,1,09Oct24,2024-10-09,14,164,FALSE,2020-11-05,10-30 cm,warming treatment,4,warmed
164,Sihi_60398_164_r2_Fir_14Oct24_300SA_p06_14_1_6345,18160436311.5585,382,-13904.3077316332,0.0311548553897933,0.589597255030161,-0.961472992007315,121.970900686544,1.33790819670205,0.199162093010643,0.243535388566705,0.0251210992974643,0.464009745440714,0.222359646538607,0.0640020479755342,0.241221329800341,0.498436710608849,2,14Oct24,2024-10-14,14,164,FALSE,2020-11-05,10-30 cm,warming treatment,4,warmed
165,Sihi_60398_165_r1_Fir_09Oct24_300SA_p06_15_1_6087,22464102007.9884,491,-13924.0138574062,0.0311653786741996,0.587067337493948,-0.935123188454282,121.97587658863,1.30896089411312,0.196748075218071,0.227657602468046,0.0249371963929562,0.471245416085315,0.199281103783385,0.0841959970804294,0.250656026962093,0.519925607714724,1,09Oct24,2024-10-09,15,165,FALSE,2020-12-29,10-30 cm,warming treatment,4,warmed
165,Sihi_60398_165_r2_Fir_14Oct24_300SA_p06_15_1_6463,26567769712.2061,472,-13619.7825358709,0.0325062236958133,0.578399515625944,-0.850268760138267,118.981900488695,1.28727766134866,0.213064457584216,0.20307827379245,0.104144657468337,0.413755205495121,0.182284512520814,0.18521583371083,0.234304012208666,0.477608333158957,2,14Oct24,2024-10-14,15,165,FALSE,2020-12-29,10-30 cm,warming treatment,4,warmed
165,Sihi_60398_165_r2_Fir_24Oct24_300SA_p06_15_1_6553,24402806829.599,461,-13688.5196390456,0.0322797675456448,0.579126733328078,-0.856941608961205,119.57447213071,1.26515278880511,0.201078330387757,0.188947927049611,0.0977994407419694,0.415989918356789,0.194511295016439,0.184438825927959,0.24878639582758,0.484195363042671,2,24Oct24,2024-10-24,15,165,FALSE,2020-12-29,10-30 cm,warming treatment,4,warmed
166,Sihi_60398_166_r1_Fir_09Oct24_300SA_p06_16_1_6255,14979778958.8205,571,-14878.9569012037,0.0308682709391639,0.582153000154959,-0.887726271344312,130.238315956795,1.2691701047164,0.184006538874868,0.187309653376475,0.0536545074602873,0.524872310195615,0.16103449542594,0.12022415874699,0.191641704143218,0.582769397982257,1,09Oct24,2024-10-09,16,166,FALSE,2021-02-09,10-30 cm,warming treatment,4,warmed
166,Sihi_60398_166_r2_Fir_14Oct24_300SA_p06_16_1_6277,16376757757.868,586,-14908.4319836631,0.0307780346398714,0.581399324098924,-0.880334844429175,130.501617582844,1.25717919905912,0.180402450836788,0.180891736667397,0.057892230718633,0.532692497419267,0.157468773730342,0.117761723743517,0.18999529238005,0.589982059249557,2,14Oct24,2024-10-14,16,166,FALSE,2021-02-09,10-30 cm,warming treatment,4,warmed
167,Sihi_60398_167_r1_Fir_08Oct24_300SA_p03_17_1_6012,11432522917.2912,268,-13959.2546474101,0.0295379670701195,0.603205874073556,-1.09406830616551,122.624208543022,1.38810221329863,0.170260542046014,0.111772721301,0.0138809828893491,0.519225151176755,0.298098793367937,0.0504432759256548,0.329944718116977,0.566829031645833,1,08Oct24,2024-10-08,17,167,FALSE,2021-06-03,10-30 cm,warming treatment,4,warmed
167,Sihi_60398_167_r1_Fir_09Oct24_300SA_p06_17_1_6055,20520438748.4006,245,-13479.1924892862,0.03011125373067,0.605893636679314,-1.12071614904028,118.616943190881,1.41553477479904,0.173573946047012,0.121531339435243,0.0146814019406994,0.496927643085463,0.314302629616379,0.0457814784409134,0.348419339306819,0.53881220604855,1,09Oct24,2024-10-09,17,167,FALSE,2021-06-03,10-30 cm,warming treatment,4,warmed
167,Sihi_60398_167_r2_Fir_14Oct24_300SA_p06_17_1_6418,15494645099.6086,224,-12911.3756607043,0.0316142642133119,0.60766278139699,-1.1400063204407,113.726783077128,1.45969723820104,0.181229805371636,0.104912344999372,0.0568862374249419,0.446294470599826,0.334368650834263,0.105317804924218,0.361946153402003,0.48948358614188,2,14Oct24,2024-10-14,17,167,FALSE,2021-06-03,10-30 cm,warming treatment,4,warmed
168,Sihi_60398_168_r1_Fir_09Oct24_300SA_p06_18_1_6221,27317628350.7462,840,-14736.4383489135,0.0310237050493048,0.565229916498891,-0.717340136635186,128.341553017061,1.13080229399705,0.199208747394704,0.286482926793675,0.0278057749587245,0.531841568041761,0.110758850070173,0.0637664225211401,0.132108308239479,0.563550935729342,1,09Oct24,2024-10-09,18,168,FALSE,2021-12-15,10-30 cm,warming treatment,4,warmed
168,Sihi_60398_168_r2_Fir_14Oct24_300SA_p06_18_1_6279,21613947915.6847,822,-15206.8693298238,0.0309630831017022,0.5663330804298,-0.728694016286513,132.625230868404,1.14188796736745,0.19819596592684,0.278776757849383,0.0371787221400234,0.508285322184207,0.114714312383703,0.0883698801927556,0.146623173514492,0.556018845809689,2,14Oct24,2024-10-14,18,168,FALSE,2021-12-15,10-30 cm,warming treatment,4,warmed
169,Sihi_60398_169_r1_Fir_09Oct24_300SA_p06_19_1_6229,14145917397.0574,411,-14578.0603133495,0.0302622399857595,0.590359137088819,-0.970275765579216,127.909132018184,1.31821947256302,0.177695946093066,0.166125643361215,0.05288145451949,0.507763677328304,0.214290723063486,0.104633050525643,0.242741781240958,0.548668499084683,1,09Oct24,2024-10-09,19,169,FALSE,2023-05-30,10-30 cm,warming treatment,4,warmed
169,Sihi_60398_169_r2_Fir_14Oct24_300SA_p06_19_1_6350,11302338708.0517,388,-15003.4780437688,0.0302764930651312,0.590790097831996,-0.974835140816256,131.66884574654,1.32629115054329,0.177051763593809,0.153619257291099,0.0716908039385626,0.475061321723886,0.218228081093341,0.147088817627571,0.250551758579034,0.5425923855904,2,14Oct24,2024-10-14,19,169,FALSE,2023-05-30,10-30 cm,warming treatment,4,warmed
170,Sihi_60398_170_r1_Fir_09Oct24_300SA_p06_20_1_6232,15104669991.9322,277,-12453.8304358204,0.0353303202200105,0.604991797809392,-1.11947566376138,109.904751239599,1.55410605079279,0.201724023184297,0.124163708296829,0.105718719034551,0.470298075771596,0.202014121882401,0.193443369084592,0.246683390602366,0.535940477056665,1,09Oct24,2024-10-09,20,170,FALSE,2017-12-06,10-30 cm,Control treatment,5,control
170,Sihi_60398_170_r2_Fir_14Oct24_300SA_p06_20_1_6326,13473351311.5966,284,-12703.0399909842,0.0354867787152857,0.603148923960446,-1.10128899780575,112.032377009982,1.54549780324188,0.204768745911717,0.126145906040442,0.111384386551541,0.44661748560259,0.196028299663068,0.221912446523246,0.252078181450629,0.534042085744937,2,14Oct24,2024-10-14,20,170,FALSE,2017-12-06,10-30 cm,Control treatment,5,control
171,Sihi_60398_171_r1_Fir_09Oct24_300SA_p06_21_1_6081,4391645398.27375,46,-10625.8962732064,0.040600535563229,0.61676192903624,-1.23433733462089,94.1985653903179,1.68654615875504,0.238201701930142,0.193829410176537,0.0629661589834963,0.313679152470208,0.313476144940765,0.179015292412491,0.381202947645304,0.362001483194663,1,09Oct24,2024-10-09,21,171,FALSE,2018-03-27,10-30 cm,Control treatment,5,control
171,Sihi_60398_171_r2_Fir_14Oct24_300SA_p06_21_1_6304,7347864289.61695,255,-15184.9514658539,0.0357203726287503,0.582159639906674,-0.892197214139833,133.260322757339,1.32673563979927,0.194270671427576,0.15758039306171,0.156438211420382,0.351306162826561,0.158301524858284,0.317654176264988,0.231594606370649,0.47474226568262,2,14Oct24,2024-10-14,21,171,FALSE,2018-03-27,10-30 cm,Control treatment,5,control
172,Sihi_60398_172_r1_Fir_09Oct24_300SA_p06_22_1_6206,6418778077.76345,231,-15340.7191923594,0.0314800924169781,0.579262199074513,-0.856374236929546,133.894428788564,1.24317781714814,0.176228775116202,0.0929496508042418,0.0909205499415843,0.540962659870054,0.153549918799692,0.20545283858087,0.20741654611074,0.622737650807631,1,09Oct24,2024-10-09,22,172,FALSE,2018-05-09,10-30 cm,Control treatment,5,control
172,Sihi_60398_172_r2_Fir_14Oct24_300SA_p06_22_1_6429,13132249872.8156,587,-16087.7414093376,0.0311562869063858,0.557980289294457,-0.648028982212049,140.051214605364,1.06493252905192,0.17436967115706,0.137712269286403,0.170986096368967,0.454822460341602,0.0883422368886034,0.301013400021255,0.146441707537065,0.570164728590478,2,14Oct24,2024-10-14,22,172,FALSE,2018-05-09,10-30 cm,Control treatment,5,control
172,Sihi_60398_172_r2_Fir_24Oct24_300SA_p06_22_1_6519,6055220351.99797,315,-19221.0674747712,0.0288596165624024,0.572005759344367,-0.790315311663909,168.681703137682,1.18631140740462,0.164915893450319,0.0762681529987641,0.177127921250378,0.414556177535335,0.120983907180661,0.350159297763588,0.225881661239931,0.585259346330962,2,24Oct24,2024-10-24,22,172,FALSE,2018-05-09,10-30 cm,Control treatment,5,control
173,Sihi_60398_173_r1_Fir_09Oct24_300SA_p06_23_1_6257,9187851240.43143,721,-19721.6142177018,0.0264391264281514,0.573818959098292,-0.805177952597928,172.6634293108,1.13966802512823,0.157009456154538,0.144772438066953,0.0987993921102024,0.443519409479271,0.134077088785758,0.253643696542837,0.211242089293971,0.59131253433526,1,09Oct24,2024-10-09,23,173,FALSE,2020-07-28,10-30 cm,Control treatment,5,control
173,Sihi_60398_173_r2_Fir_14Oct24_300SA_p06_23_1_6295,8015176624.92681,626,-20146.8197659251,0.0260157890027606,0.570022024898508,-0.766533172256993,175.989645612418,1.1272750898873,0.166727982769886,0.133668682482888,0.0985486281626396,0.405237798182928,0.134564807599725,0.301244290487364,0.212297540824408,0.60313225809286,2,14Oct24,2024-10-14,23,173,FALSE,2020-07-28,10-30 cm,Control treatment,5,control
174,Sihi_60398_174_r1_Fir_09Oct24_300SA_p06_24_1_6141,4913804790.62991,143,-16638.8450339643,0.027496346122688,0.613530311181816,-1.20048600238992,147.00529581659,1.47294104508025,0.15668540792579,0.0519424157314138,0.0764081181902196,0.425360844438866,0.294849603005917,0.211285601246085,0.383486303717481,0.515506281580766,1,09Oct24,2024-10-09,24,174,FALSE,2020-10-06,10-30 cm,Control treatment,5,control
174,Sihi_60398_174_r2_Fir_14Oct24_300SA_p06_24_1_6436,13976957936.1749,511,-15972.7403944006,0.0299824365575537,0.565665358118112,-0.723191665552327,139.081486314426,1.10097363076316,0.167697392735467,0.105344039569255,0.161990344118472,0.412784913279062,0.142035691120099,0.314133783277748,0.219342017768948,0.544971612598967,2,14Oct24,2024-10-14,24,174,FALSE,2020-10-06,10-30 cm,Control treatment,5,control
174,Sihi_60398_174_r2_Fir_24Oct24_300SA_p06_24_1_6526,9232900402.70633,472,-17880.3507404633,0.0282171371040182,0.571766785404816,-0.784539418166973,156.30552675068,1.14285710187186,0.160844764445113,0.0835502195173842,0.171671091251002,0.389413731446255,0.154192185940414,0.343669610799061,0.257362634027492,0.538772513508598,2,24Oct24,2024-10-24,24,174,FALSE,2020-10-06,10-30 cm,Control treatment,5,control
175,Sihi_60398_175_r1_Fir_09Oct24_300SA_p06_25_1_6143,5399853200.20082,111,-14509.9047606616,0.0301711514419708,0.610557894760421,-1.17026217039806,128.052163236654,1.49451383017509,0.16557053629122,0.0505250306503211,0.0449252233199686,0.57955492171668,0.231015808990538,0.134135850149075,0.274425247997899,0.640806168877652,1,09Oct24,2024-10-09,25,175,FALSE,2020-11-05,10-30 cm,Control treatment,5,control
175,Sihi_60398_175_r2_Fir_14Oct24_300SA_p06_25_1_6430,12612151109.5851,391,-15563.140265871,0.0303959389301171,0.568664408945649,-0.753861112955045,135.691388677727,1.14522571702443,0.16676801498286,0.0916110484865648,0.143672540587083,0.507691339657396,0.111931488035817,0.268881081725148,0.165541934522449,0.625482616427201,2,14Oct24,2024-10-14,25,175,FALSE,2020-11-05,10-30 cm,Control treatment,5,control
175,Sihi_60398_175_r2_Fir_24Oct24_300SA_p06_25_1_6520,6164968856.21331,235,-17265.4526986342,0.0289616325235996,0.578471611885968,-0.852863918524936,151.305444804329,1.23530639527531,0.164854819560473,0.0597576386371051,0.153536551851542,0.463121243569663,0.138594572172893,0.319246834411995,0.205201346156774,0.617397988641129,2,24Oct24,2024-10-24,25,175,FALSE,2020-11-05,10-30 cm,Control treatment,5,control
176,Sihi_60398_176_r1_Fir_09Oct24_300SA_p06_26_1_6089,6264585449.58872,74,-12112.122366048,0.0313267716148556,0.637193470800087,-1.43070783183119,107.572535369757,1.68319203729515,0.178284902411276,0.024613033904224,0.0283029563611542,0.367989057899602,0.471663995005058,0.114265039590783,0.542938954851441,0.441717400380682,1,09Oct24,2024-10-09,26,176,FALSE,2021-02-23,10-30 cm,Control treatment,5,control
176,Sihi_60398_176_r2_Fir_14Oct24_300SA_p06_26_1_6406,8155025880.84662,398,-16770.3959101177,0.029510113616511,0.589827791449528,-0.962677640241296,147.07590739772,1.31428846795948,0.176503313635833,0.0863300908501823,0.110201039667956,0.385600251824659,0.224312784923355,0.270294330139223,0.309862306484669,0.545491910590606,2,14Oct24,2024-10-14,26,176,FALSE,2021-02-23,10-30 cm,Control treatment,5,control
177,Sihi_60398_177_r1_Fir_09Oct24_300SA_p06_27_1_6214,4367911120.82992,74,-15287.1712072145,0.0283067686263573,0.624881179497812,-1.31277738956457,135.503325008111,1.54669914073554,0.155539103716329,0.0575670982119341,0.060421709379908,0.304728259124429,0.419194818106604,0.218509824557034,0.489621751662509,0.404855452299394,1,09Oct24,2024-10-09,27,177,FALSE,2022-08-23,10-30 cm,Control treatment,5,control
177,Sihi_60398_177_r2_Fir_14Oct24_300SA_p06_27_1_6292,5309556549.67663,136,-17224.0141818232,0.027562555224908,0.601725257891348,-1.08100576812096,151.417480336275,1.37525301937141,0.162044197511694,0.064109716859884,0.0881003077258082,0.301115568015066,0.311280597636073,0.310530872562576,0.408309290046485,0.485530037796323,2,14Oct24,2024-10-14,27,177,FALSE,2022-08-23,10-30 cm,Control treatment,5,control
178,Sihi_60398_178_r1_Fir_09Oct24_300SA_p06_28_1_6101,5153026841.4802,47,-12029.2940577369,0.0350052057270548,0.631273878791168,-1.37989109620197,107.123366284226,1.65563938799873,0.1885048751254,0.187479494977557,0.0255591674654743,0.269347283730333,0.381315678472366,0.161857542819744,0.502868456269339,0.28409288128763,1,09Oct24,2024-10-09,28,178,FALSE,2022-09-08,10-30 cm,Control treatment,5,control
178,Sihi_60398_178_r2_Fir_14Oct24_300SA_p06_28_1_6391,4495975153.26164,88,-13693.8564169615,0.0359342222215889,0.596946374182614,-1.03968792852631,120.423618574553,1.41594919708865,0.200218745470196,0.190874594604473,0.1332081117331,0.232338568873572,0.248256496275719,0.325052127848477,0.370732577315474,0.324768912705773,2,14Oct24,2024-10-14,28,178,FALSE,2022-09-08,10-30 cm,Control treatment,5,control
179,Sihi_60398_179_r1_Fir_08Oct24_300SA_p03_29_1_6047,1437480503.74374,26,-14912.3533828438,0.0308858575574784,0.64890633066313,-1.549171994244,133.409517924937,1.7801083280404,0.188503191404496,0.053637048897418,0.0237761831323256,0.285622194941356,0.530889509100712,0.0707802431754598,0.636964573028901,0.34469319882641,1,08Oct24,2024-10-08,29,179,FALSE,2022-11-01,10-30 cm,Control treatment,5,control
179,Sihi_60398_179_r1_Fir_09Oct24_300SA_p06_29_1_6075,3507814706.75111,53,-13414.6807092088,0.0322955331876679,0.632372240607368,-1.38391093961541,119.222459241634,1.62568479144359,0.172018299721194,0.0417250369680955,0.0242469246836841,0.3793183949551,0.443810875571396,0.135145692505408,0.532645406727029,0.428281011778973,1,09Oct24,2024-10-09,29,179,FALSE,2022-11-01,10-30 cm,Control treatment,5,control
179,Sihi_60398_179_r2_Fir_14Oct24_300SA_p06_29_1_6282,5042231619.58635,237,-18087.3688387188,0.0287958896118934,0.580903519683725,-0.872162834481837,158.163856287976,1.23269162065277,0.176901614903918,0.0914738618890532,0.0919595612984586,0.408505978121601,0.203987633478233,0.263999591726837,0.276597302268012,0.580124822394611,2,14Oct24,2024-10-14,29,179,FALSE,2022-11-01,10-30 cm,Control treatment,5,control
180,Sihi_60398_180_r1_Fir_09Oct24_300SA_p06_30_1_6152,21429769494.8473,597,-14595.2470066793,0.0305545316959337,0.585620325346756,-0.919780145616965,127.829050866925,1.26642805651792,0.181544996619477,0.205872264669296,0.0275667536783674,0.491874644950461,0.184100139363118,0.0911564737604473,0.244698326245977,0.551503278471744,1,09Oct24,2024-10-09,30,180,FALSE,2023-01-12,10-30 cm,Control treatment,5,control
180,Sihi_60398_180_r2_Fir_14Oct24_300SA_p06_30_1_6298,20197633740.5929,622,-14636.0484939323,0.03092125824859,0.583248122448542,-0.896620339387196,128.089688499474,1.25364865758037,0.183412533350829,0.203286716904152,0.0398649594043191,0.474843613215051,0.178069544854079,0.117102508498463,0.24566996472574,0.543759500512681,2,14Oct24,2024-10-14,30,180,FALSE,2023-01-12,10-30 cm,Control treatment,5,control
181,Sihi_60398_181_r1_Fir_08Oct24_300SA_p03_31_1_6027,15929138215.2863,698,-15739.3678760723,0.0291903073801733,0.574937532431306,-0.814709238038497,137.473741513725,1.16644431019999,0.174663895634818,0.246948493334496,0.0193162437102912,0.528943068561884,0.138098064923434,0.0745771969300404,0.171137911190988,0.58231785374729,1,08Oct24,2024-10-08,31,181,FALSE,2023-02-07,10-30 cm,Control treatment,5,control
181,Sihi_60398_181_r1_Fir_09Oct24_300SA_p06_31_1_6070,26519415272.6935,638,-14861.0634674689,0.0301855011051959,0.575656774738579,-0.821833889233479,129.826508774427,1.17954381980953,0.178251605999751,0.244799902353197,0.0229667452064682,0.539042410722858,0.144803823366683,0.061006030770166,0.175661020150435,0.570811993489831,1,09Oct24,2024-10-09,31,181,FALSE,2023-02-07,10-30 cm,Control treatment,5,control
181,Sihi_60398_181_r2_Fir_14Oct24_300SA_p06_31_1_6412,15559857532.593,581,-14993.5842283569,0.0309948823062415,0.573044373861869,-0.795397283808799,130.742647471569,1.18316889488767,0.188852809396497,0.227357408090285,0.0635642516446116,0.458933863044404,0.159168906137107,0.139303425872956,0.197606160349221,0.533399380821349,2,14Oct24,2024-10-14,31,181,FALSE,2023-02-07,10-30 cm,Control treatment,5,control
182,Sihi_60398_182_r1_Fir_09Oct24_300SA_p06_32_1_6191,42171046446.0351,917,-15192.1172431185,0.0307576536049936,0.565361935773771,-0.722696119707839,132.586892961084,1.13174382039584,0.190395569737423,0.319629905311795,0.0442702959006873,0.534073793753382,0.0665855912407648,0.0659181649505261,0.0918390018778267,0.559416949819507,1,09Oct24,2024-10-09,32,182,FALSE,2023-05-02,10-30 cm,Control treatment,5,control
182,Sihi_60398_182_r2_Fir_14Oct24_300SA_p06_32_1_6274,37452648020.4268,971,-15187.6647177738,0.0309717069959849,0.564395800407036,-0.713268397397927,132.544827153156,1.1244916509092,0.189874064081008,0.323837812159707,0.0513147392449688,0.526774473618416,0.0631504849699298,0.075341036167114,0.0886351545665608,0.54986798646932,2,14Oct24,2024-10-14,32,182,FALSE,2023-05-02,10-30 cm,Control treatment,5,control
183,Sihi_60398_183_r1_Fir_09Oct24_300SA_p06_33_1_6136,42690560643.0819,1280,-15515.422410185,0.030264922847456,0.561981687371369,-0.689451165753468,135.309666176545,1.08936621023821,0.179777938697909,0.292778799030164,0.0643071757433233,0.563103483182905,0.0510291085217449,0.0819002757228412,0.0683447293563511,0.587254334115943,1,09Oct24,2024-10-09,33,183,FALSE,2023-10-03,10-30 cm,Control treatment,5,control
183,Sihi_60398_183_r2_Fir_14Oct24_300SA_p06_33_1_6348,35518129239.3616,1252,-15516.6035816048,0.0307843302777564,0.562284930667715,-0.693040365690777,135.36290976882,1.10099504909583,0.182865681551721,0.294093669544163,0.070947728515819,0.535023004102358,0.0546791255207253,0.106223831965863,0.0740793582558906,0.57412965719354,2,14Oct24,2024-10-14,33,183,FALSE,2023-10-03,10-30 cm,Control treatment,5,control
184,Sihi_60398_184_r1_Fir_09Oct24_300SA_p06_34_1_6195,40934728271.3063,901,-15206.4923196576,0.0303057073721456,0.573257174012791,-0.803004951279551,133.10930695261,1.18588115056701,0.175343296943794,0.248232665473409,0.0723877737579199,0.555279650700135,0.0854872295762865,0.0947856509645359,0.111325117075541,0.586350022543935,1,09Oct24,2024-10-09,34,184,FALSE,2024-04-30,10-30 cm,Control treatment,5,control
184,Sihi_60398_184_r2_Fir_14Oct24_300SA_p06_34_1_6401,29082920868.6258,881,-15151.8073307637,0.03107773929555,0.572470093027741,-0.795169960927135,132.600199223389,1.1905834340061,0.180188660282483,0.253880292331452,0.0768937636144726,0.53038419211449,0.0889187823897394,0.1174137046829,0.110491405489215,0.570915571866791,2,14Oct24,2024-10-14,34,184,FALSE,2024-04-30,10-30 cm,Control treatment,5,control
185,Sihi_60398_185_r1_Fir_09Oct24_300SA_p06_35_1_6215,33503021120.8004,755,-11923.3600359097,0.0397463677381604,0.557297285377526,-0.640389529212758,103.695893975153,1.27378302605793,0.317234063318516,0.50357234178421,0.0379913253665703,0.30422366164586,0.116271394484333,0.0667732122843631,0.142997650568427,0.328119930514293,1,09Oct24,2024-10-09,35,185,FALSE,2017-12-06,10-30 cm,warming treatment,6,warmed
185,Sihi_60398_185_r2_Fir_14Oct24_300SA_p06_35_1_6435,37020640677.5957,772,-10797.0054178095,0.0431354618968394,0.547002030152714,-0.539192548157469,93.5919270395947,1.32037365070852,0.386169503937057,0.622786377165111,0.0950894608604833,0.129306023996388,0.0989165302066301,0.121077808989192,0.135028971342702,0.175559978705871,2,14Oct24,2024-10-14,35,185,FALSE,2017-12-06,10-30 cm,warming treatment,6,warmed
185,Sihi_60398_185_r2_Fir_24Oct24_300SA_p06_35_1_6525,39797502932.637,870,-12028.6380675321,0.0396910080471276,0.551464718835249,-0.582671260121862,104.399227438419,1.22413323743298,0.311991736770617,0.480304625592877,0.0742470114691894,0.307624189791567,0.0940676635745279,0.107556365086914,0.116946482682586,0.340833305826982,2,24Oct24,2024-10-24,35,185,FALSE,2017-12-06,10-30 cm,warming treatment,6,warmed
186,Sihi_60398_186_r1_Fir_08Oct24_300SA_p03_36_1_6018,33017996617.4676,2566,-15487.9931444421,0.0329530197990109,0.545550477743591,-0.522844339888886,134.480505136912,1.07148646409976,0.25886942355689,0.443514578545267,0.0352636387612912,0.427632367251075,0.0320044819204289,0.0875865523182428,0.053444696400908,0.481507848193696,1,08Oct24,2024-10-08,36,186,FALSE,2020-09-09,10-30 cm,warming treatment,6,warmed
186,Sihi_60398_186_r1_Fir_09Oct24_300SA_p06_36_1_6061,47510986174.3967,2249,-14038.8606965398,0.0350482991047954,0.544286927746412,-0.510063653710215,121.707759829446,1.12687494310894,0.294448342968801,0.488531818057066,0.0414886067521976,0.390568709037949,0.0346753950015786,0.0696711474429225,0.0595885437443744,0.429329757336166,1,09Oct24,2024-10-09,36,186,FALSE,2020-09-09,10-30 cm,warming treatment,6,warmed
186,Sihi_60398_186_r2_Fir_14Oct24_300SA_p06_36_1_6453,30365899941.3242,555,-13244.4633103766,0.0368059771238679,0.536772623856026,-0.436412474542158,114.358386124462,1.08681370810408,0.299474954258841,0.464140238144511,0.130552180337224,0.30393803152042,0.0397424693655711,0.171530644546791,0.0632290488349442,0.36460579055584,2,14Oct24,2024-10-14,36,186,FALSE,2020-09-09,10-30 cm,warming treatment,6,warmed
186,Sihi_60398_186_r2_Fir_24Oct24_300SA_p06_36_1_6543,30169515106.6359,531,-13341.7679464053,0.036111870162063,0.538362692228677,-0.452188929364795,115.220897209429,1.04810152136733,0.270207788093747,0.404641081606215,0.139367144032204,0.355233282755596,0.0423269116521132,0.183581790387099,0.0617383635205967,0.409462284746928,2,24Oct24,2024-10-24,36,186,FALSE,2020-09-09,10-30 cm,warming treatment,6,warmed
187,Sihi_60398_187_r1_Fir_09Oct24_300SA_p06_37_1_6140,38797521859.1214,689,-11849.0648377058,0.0387721405322097,0.556248563781443,-0.629506827243808,103.041206928613,1.31033553503637,0.34813341515233,0.579978793940527,0.0201742761667351,0.24773816329459,0.125919353609774,0.0311830452865199,0.147295454149125,0.268347633057166,1,09Oct24,2024-10-09,37,187,FALSE,2020-10-06,10-30 cm,warming treatment,6,warmed
187,Sihi_60398_187_r2_Fir_14Oct24_300SA_p06_37_1_6455,44518024319.9642,638,-11135.5942334618,0.0406561887830665,0.550062249929846,-0.568489004191075,96.5388692069858,1.3244066127644,0.380988417122272,0.623667453992395,0.0619565909487714,0.150839262321864,0.119185124634498,0.0839901188641649,0.144053879221726,0.192640116024184,2,14Oct24,2024-10-14,37,187,FALSE,2020-10-06,10-30 cm,warming treatment,6,warmed
187,Sihi_60398_187_r2_Fir_24Oct24_300SA_p06_37_1_6545,46720567736.7847,724,-12035.117594872,0.0389247338210014,0.550798610297892,-0.576106611220622,104.450127727347,1.26464944387033,0.3420580674479,0.549352501627219,0.0653907066754444,0.235347904927793,0.108221993539475,0.0916629890435989,0.130094331126625,0.273359407767221,2,24Oct24,2024-10-24,37,187,FALSE,2020-10-06,10-30 cm,warming treatment,6,warmed
188,Sihi_60398_188_r1_Fir_09Oct24_300SA_p06_38_1_6124,70823586570.2641,1771,-11308.2264334763,0.0431124260871054,0.526512574629921,-0.330509045749189,97.3055144556064,1.20928006901327,0.435744020307409,0.716719893820465,0.0347247431243169,0.18565127523116,0.0439756658295762,0.0416882557938921,0.05851676070526,0.202003511674862,1,09Oct24,2024-10-09,38,188,FALSE,2021-02-23,10-30 cm,warming treatment,6,warmed
188,Sihi_60398_188_r2_Fir_14Oct24_300SA_p06_38_1_6283,68098034127.8024,1841,-11551.9932799278,0.042829834325009,0.527159655577273,-0.337051254376033,99.4814426172139,1.19385793775673,0.42326880231583,0.693019928768166,0.0336320744515331,0.207906184920141,0.040999908615586,0.0479442896580505,0.0594098823251989,0.226190616746291,2,14Oct24,2024-10-14,38,188,FALSE,2021-02-23,10-30 cm,warming treatment,6,warmed
189,Sihi_60398_189_r1_Fir_09Oct24_300SA_p06_39_1_6200,8714239480.1409,202,-13850.6007189432,0.0313143778016441,0.616481527347477,-1.2330344388198,122.510849520732,1.55095405571113,0.174522171360461,0.0981035669153929,0.0894106942639014,0.303647931718166,0.334489601447351,0.256924641733118,0.419057521496912,0.410107924671782,1,09Oct24,2024-10-09,39,189,FALSE,2022-08-23,10-30 cm,warming treatment,6,warmed
189,Sihi_60398_189_r2_Fir_14Oct24_300SA_p06_39_1_6370,7555693818.32834,237,-15167.8716466818,0.0306902978390061,0.602205222667866,-1.09047121164591,133.489043154887,1.43009404860379,0.174773221332304,0.0981714503538952,0.131376048579217,0.286607202361016,0.291779854412626,0.308882854348002,0.378258732083269,0.415468246950174,2,14Oct24,2024-10-14,39,189,FALSE,2022-08-23,10-30 cm,warming treatment,6,warmed
190,Sihi_60398_190_r1_Fir_08Oct24_300SA_p03_40_1_6030,13359013166.4603,464,-14294.6492712327,0.0331684245660867,0.584664967428747,-0.913819457660442,125.258404048765,1.3420049112689,0.197107196672277,0.156084971529367,0.0574161553134981,0.470968391121775,0.170610411769907,0.186576642138657,0.233842864329159,0.577959251395198,1,08Oct24,2024-10-08,40,190,FALSE,2022-09-08,10-30 cm,warming treatment,6,warmed
190,Sihi_60398_190_r1_Fir_09Oct24_300SA_p06_40_1_6038,24354806183.6269,417,-13238.6869144018,0.0329953390577438,0.587732510009741,-0.942508105770704,115.952102916099,1.32949672462588,0.189117529170357,0.186317158292188,0.0507239855202137,0.477265225844274,0.183676669541461,0.139444432687225,0.250761144537779,0.534673300909469,1,09Oct24,2024-10-09,40,190,FALSE,2022-09-08,10-30 cm,warming treatment,6,warmed
190,Sihi_60398_190_r2_Fir_14Oct24_300SA_p06_40_1_6363,15809102798.2701,419,-13342.2691605109,0.0346319412035419,0.583649971701241,-0.902785031944853,116.737742703315,1.34158497459678,0.201764669355809,0.155035513411082,0.092405124302989,0.422596598089287,0.182494737971019,0.22868454007365,0.24706824498977,0.524010456338641,2,14Oct24,2024-10-14,40,190,FALSE,2022-09-08,10-30 cm,warming treatment,6,warmed
191,Sihi_60398_191_r1_Fir_08Oct24_300SA_p03_41_1_6020,2690191783.52714,50,-13279.973452078,0.0340259440301996,0.615878896496488,-1.23511601594083,117.62718669602,1.67221483773192,0.215403625081595,0.0396401019617288,0.158343625898931,0.224794465142237,0.330811027211417,0.380753631028483,0.499001496261491,0.327015550533983,1,08Oct24,2024-10-08,41,191,FALSE,2022-11-01,10-30 cm,warming treatment,6,warmed
191,Sihi_60398_191_r1_Fir_09Oct24_300SA_p06_41_1_6063,4979272725.25951,61,-12441.4626218545,0.0348825594348758,0.613745579249928,-1.20657659094758,110.029524135613,1.64447933129789,0.217780961363061,0.0425367310255863,0.140465622208187,0.234173453454458,0.31518506728583,0.39688910514721,0.472780542387122,0.361094861593647,1,09Oct24,2024-10-09,41,191,FALSE,2022-11-01,10-30 cm,warming treatment,6,warmed
191,Sihi_60398_191_r2_Fir_14Oct24_300SA_p06_41_1_6432,14380279880.4166,341,-15003.109808349,0.0327082264490443,0.555895274781964,-0.62838998125843,130.222284074109,1.0661791559014,0.177119145561192,0.0690679499213554,0.274675893773487,0.286105689895336,0.127767538443154,0.488265106982261,0.241634989187019,0.45268197587603,2,14Oct24,2024-10-14,41,191,FALSE,2022-11-01,10-30 cm,warming treatment,6,warmed
191,Sihi_60398_191_r2_Fir_24Oct24_300SA_p06_41_1_6522,10134213964.4727,318,-15810.9931450072,0.0327904824321657,0.561650999876855,-0.689836483641443,137.88655844871,1.16588628165065,0.191425174152081,0.0646435873944694,0.286097382179024,0.255975045842152,0.145819514291623,0.502296169964867,0.263809751218401,0.425245902911522,2,24Oct24,2024-10-24,41,191,FALSE,2022-11-01,10-30 cm,warming treatment,6,warmed
192,Sihi_60398_192_r1_Fir_09Oct24_300SA_p06_42_1_6237,11307743062.4295,358,-13706.3346988197,0.0339204746228295,0.589087641020518,-0.962806956793417,120.23939601723,1.40837921853425,0.204016065666763,0.11598118607277,0.167238018044604,0.320378461616386,0.210240146009337,0.323610522605005,0.31415050061797,0.446044924379384,1,09Oct24,2024-10-09,42,192,FALSE,2023-01-12,10-30 cm,warming treatment,6,warmed
192,Sihi_60398_192_r2_Fir_14Oct24_300SA_p06_42_1_6293,12306498628.5922,375,-13875.9707725268,0.0341794432210785,0.586491718464414,-0.937390281589854,121.743785199581,1.38559074202662,0.200559727627349,0.112292700345353,0.178380457652035,0.319312628539749,0.198530043287342,0.337412947880511,0.30478814164142,0.451890325726502,2,14Oct24,2024-10-14,42,192,FALSE,2023-01-12,10-30 cm,warming treatment,6,warmed
193,Sihi_60398_193_r1_Fir_09Oct24_300SA_p06_43_1_6238,13386225694.9672,521,-13827.3733314443,0.039114296541356,0.573251075062873,-0.804342180986552,120.904764271012,1.35037950894252,0.238584344695077,0.207078837740253,0.174003490891028,0.229621687386568,0.140368784211582,0.389823258775426,0.272476039434816,0.391543420418759,1,09Oct24,2024-10-09,43,193,FALSE,2023-02-07,10-30 cm,warming treatment,6,warmed
193,Sihi_60398_193_r2_Fir_14Oct24_300SA_p06_43_1_6321,11782688632.6126,560,-15013.2376177838,0.0380754736540093,0.570534299546022,-0.777386847976059,131.213671087335,1.31271151092046,0.233752228854827,0.207810847818544,0.166857290857242,0.212382278091128,0.130909361713116,0.41243180407142,0.268238247738267,0.407664763704932,2,14Oct24,2024-10-14,43,193,FALSE,2023-02-07,10-30 cm,warming treatment,6,warmed
194,Sihi_60398_194_r1_Fir_09Oct24_300SA_p06_44_1_6078,6484900107.67892,93,-14068.4421090254,0.033550345415779,0.590977254163846,-0.977674147750129,123.539364177121,1.43288880737633,0.203623346994013,0.0664293542912333,0.123547498584567,0.354237185958877,0.207802888820329,0.366380428069403,0.349412966363515,0.481836661406527,1,09Oct24,2024-10-09,44,194,FALSE,2023-05-02,10-30 cm,warming treatment,6,warmed
194,Sihi_60398_194_r2_Fir_14Oct24_300SA_p06_44_1_6410,9473570122.64057,687,-19346.5962342242,0.029663963092921,0.567170370929625,-0.747231645019104,169.447499112483,1.21453089670202,0.185300382922451,0.0755960687352816,0.218433216795213,0.316761950071886,0.0962921339018476,0.482579086405607,0.212898457433426,0.538580817278674,2,14Oct24,2024-10-14,44,194,FALSE,2023-05-02,10-30 cm,warming treatment,6,warmed
195,Sihi_60398_195_r1_Fir_09Oct24_300SA_p06_45_1_6104,21574157402.0438,674,-14735.5604006189,0.0333662037894595,0.566273814518283,-0.73600315043346,128.912902428719,1.22365239625014,0.19174157593688,0.140902376262901,0.16599905733158,0.446099360115399,0.0651516387128747,0.337747543424555,0.157231963134595,0.553358826492613,1,09Oct24,2024-10-09,45,195,FALSE,2023-10-03,10-30 cm,warming treatment,6,warmed
195,Sihi_60398_195_r2_Fir_14Oct24_300SA_p06_45_1_6301,22196171232.8694,820,-15151.9814792266,0.033072594356758,0.560614194755107,-0.679434321579402,132.16026441157,1.16938647148619,0.190916428647215,0.137270401020162,0.186154050624992,0.417989061143872,0.0605450489152073,0.369752009291607,0.152186196059363,0.546682475200374,2,14Oct24,2024-10-14,45,195,FALSE,2023-10-03,10-30 cm,warming treatment,6,warmed
196,Sihi_60398_196_r1_Fir_09Oct24_300SA_p06_46_1_6097,31417815102.4902,790,-14617.4753924536,0.0334088324230426,0.561951886033095,-0.695424754722716,127.730049945269,1.17897437754477,0.180902325814532,0.112782445733806,0.211041511994386,0.480179877038156,0.0393991971386121,0.357758960618702,0.119436780523087,0.57156108195028,1,09Oct24,2024-10-09,46,196,FALSE,2024-04-30,10-30 cm,warming treatment,6,warmed
196,Sihi_60398_196_r2_Fir_14Oct24_300SA_p06_46_1_6417,29791019285.8619,1089,-15055.3331611472,0.0333505585856347,0.557368363458651,-0.649967591041354,131.286569509079,1.13126886459061,0.184682555566158,0.152065694330105,0.23833504590498,0.40706167569665,0.0395164325846221,0.385006700531536,0.125912156557005,0.507459973375119,2,14Oct24,2024-10-14,46,196,FALSE,2024-04-30,10-30 cm,warming treatment,6,warmed
