metric,sample_num,plot,date,treatment,treatment_label,depth_cm,depth_label,value,multiplier,value_plot,metric_label,metric_group,metric_order
frac_n_containing,1,1,2017-05-31,control,Control,10,0-10 cm,0.141104294478528,100,14.1104294478528,N-containing formulae (%),Elemental formula fractions,6
frac_n_containing,70,5,2017-05-31,control,Control,10,0-10 cm,0.0976138828633406,100,9.76138828633406,N-containing formulae (%),Elemental formula fractions,6
frac_n_containing,26,3,2017-10-20,control,Control,10,0-10 cm,0.245398773006135,100,24.5398773006135,N-containing formulae (%),Elemental formula fractions,6
frac_n_containing,2,1,2017-12-06,control,Control,10,0-10 cm,0.168981481481482,100,16.8981481481482,N-containing formulae (%),Elemental formula fractions,6
frac_n_containing,27,3,2017-12-06,control,Control,10,0-10 cm,0.219988172678888,100,21.9988172678888,N-containing formulae (%),Elemental formula fractions,6
frac_n_containing,28,3,2018-01-17,control,Control,10,0-10 cm,0.163120567375887,100,16.3120567375887,N-containing formulae (%),Elemental formula fractions,6
frac_n_containing,29,3,2018-01-30,control,Control,10,0-10 cm,0.151181102362205,100,15.1181102362205,N-containing formulae (%),Elemental formula fractions,6
frac_n_containing,30,3,2018-02-13,control,Control,10,0-10 cm,0.15,100,15,N-containing formulae (%),Elemental formula fractions,6
frac_n_containing,31,3,2018-02-27,control,Control,10,0-10 cm,0.195121951219512,100,19.5121951219512,N-containing formulae (%),Elemental formula fractions,6
frac_n_containing,3,1,2018-05-09,control,Control,10,0-10 cm,0.224719101123596,100,22.4719101123595,N-containing formulae (%),Elemental formula fractions,6
frac_n_containing,32,3,2018-05-09,control,Control,10,0-10 cm,0.261904761904762,100,26.1904761904762,N-containing formulae (%),Elemental formula fractions,6
frac_n_containing,4,1,2018-05-22,control,Control,10,0-10 cm,0.13953488372093,100,13.953488372093,N-containing formulae (%),Elemental formula fractions,6
frac_n_containing,33,3,2018-05-22,control,Control,10,0-10 cm,0.660377358490566,100,66.0377358490566,N-containing formulae (%),Elemental formula fractions,6
frac_n_containing,5,1,2018-10-10,control,Control,10,0-10 cm,0.140776699029126,100,14.0776699029126,N-containing formulae (%),Elemental formula fractions,6
frac_n_containing,71,5,2018-10-10,control,Control,10,0-10 cm,0.0264900662251656,100,2.64900662251656,N-containing formulae (%),Elemental formula fractions,6
frac_n_containing,34,3,2018-10-23,control,Control,10,0-10 cm,0.222222222222222,100,22.2222222222222,N-containing formulae (%),Elemental formula fractions,6
frac_n_containing,72,5,2018-10-23,control,Control,10,0-10 cm,0.247111111111111,100,24.7111111111111,N-containing formulae (%),Elemental formula fractions,6
frac_n_containing,6,1,2018-11-07,control,Control,10,0-10 cm,0.153846153846154,100,15.3846153846154,N-containing formulae (%),Elemental formula fractions,6
frac_n_containing,35,3,2018-11-07,control,Control,10,0-10 cm,0.666666666666667,100,66.6666666666667,N-containing formulae (%),Elemental formula fractions,6
frac_n_containing,7,1,2019-09-10,control,Control,10,0-10 cm,0.193661971830986,100,19.3661971830986,N-containing formulae (%),Elemental formula fractions,6
frac_n_containing,73,5,2019-09-10,control,Control,10,0-10 cm,0.215923566878981,100,21.5923566878981,N-containing formulae (%),Elemental formula fractions,6
frac_n_containing,36,3,2019-11-05,control,Control,10,0-10 cm,0.345454545454545,100,34.5454545454546,N-containing formulae (%),Elemental formula fractions,6
frac_n_containing,8,1,2019-12-03,control,Control,10,0-10 cm,0.0807017543859649,100,8.07017543859649,N-containing formulae (%),Elemental formula fractions,6
frac_n_containing,37,3,2019-12-17,control,Control,10,0-10 cm,0.367469879518072,100,36.7469879518072,N-containing formulae (%),Elemental formula fractions,6
frac_n_containing,74,5,2019-12-17,control,Control,10,0-10 cm,0.0858208955223881,100,8.58208955223881,N-containing formulae (%),Elemental formula fractions,6
frac_n_containing,38,3,2019-12-31,control,Control,10,0-10 cm,0.28125,100,28.125,N-containing formulae (%),Elemental formula fractions,6
frac_n_containing,9,1,2020-01-28,control,Control,10,0-10 cm,0.101160862354892,100,10.1160862354892,N-containing formulae (%),Elemental formula fractions,6
frac_n_containing,39,3,2020-01-28,control,Control,10,0-10 cm,0.237762237762238,100,23.7762237762238,N-containing formulae (%),Elemental formula fractions,6
frac_n_containing,75,5,2020-01-28,control,Control,10,0-10 cm,0.0486486486486487,100,4.86486486486487,N-containing formulae (%),Elemental formula fractions,6
frac_n_containing,76,5,2020-02-25,control,Control,10,0-10 cm,0.101092896174863,100,10.1092896174863,N-containing formulae (%),Elemental formula fractions,6
frac_n_containing,40,3,2020-03-10,control,Control,10,0-10 cm,0.343023255813954,100,34.3023255813954,N-containing formulae (%),Elemental formula fractions,6
frac_n_containing,77,5,2020-03-10,control,Control,10,0-10 cm,0.0705035971223022,100,7.05035971223022,N-containing formulae (%),Elemental formula fractions,6
frac_n_containing,78,5,2020-07-28,control,Control,10,0-10 cm,0.14643188137164,100,14.643188137164,N-containing formulae (%),Elemental formula fractions,6
frac_n_containing,79,5,2020-09-09,control,Control,10,0-10 cm,0.127539503386005,100,12.7539503386005,N-containing formulae (%),Elemental formula fractions,6
frac_n_containing,80,5,2020-10-06,control,Control,10,0-10 cm,0.103217158176944,100,10.3217158176944,N-containing formulae (%),Elemental formula fractions,6
frac_n_containing,81,5,2020-11-05,control,Control,10,0-10 cm,0.178030303030303,100,17.8030303030303,N-containing formulae (%),Elemental formula fractions,6
frac_n_containing,82,5,2021-02-09,control,Control,10,0-10 cm,0.20039100684262,100,20.039100684262,N-containing formulae (%),Elemental formula fractions,6
frac_n_containing,83,5,2021-02-23,control,Control,10,0-10 cm,0.247924080664294,100,24.7924080664294,N-containing formulae (%),Elemental formula fractions,6
frac_n_containing,84,5,2021-06-03,control,Control,10,0-10 cm,0.172690763052209,100,17.2690763052209,N-containing formulae (%),Elemental formula fractions,6
frac_n_containing,10,1,2021-12-15,control,Control,10,0-10 cm,0.178571428571429,100,17.8571428571429,N-containing formulae (%),Elemental formula fractions,6
frac_n_containing,41,3,2021-12-15,control,Control,10,0-10 cm,0.416666666666667,100,41.6666666666667,N-containing formulae (%),Elemental formula fractions,6
frac_n_containing,85,5,2021-12-15,control,Control,10,0-10 cm,0.333475661827498,100,33.3475661827498,N-containing formulae (%),Elemental formula fractions,6
frac_n_containing,11,1,2022-08-23,control,Control,10,0-10 cm,0.200564971751412,100,20.0564971751412,N-containing formulae (%),Elemental formula fractions,6
frac_n_containing,86,5,2022-08-23,control,Control,10,0-10 cm,0.123015873015873,100,12.3015873015873,N-containing formulae (%),Elemental formula fractions,6
frac_n_containing,12,1,2022-09-08,control,Control,10,0-10 cm,0.0622837370242215,100,6.22837370242215,N-containing formulae (%),Elemental formula fractions,6
frac_n_containing,42,3,2022-09-08,control,Control,10,0-10 cm,0.287128712871287,100,28.7128712871287,N-containing formulae (%),Elemental formula fractions,6
frac_n_containing,87,5,2022-09-08,control,Control,10,0-10 cm,0.054421768707483,100,5.4421768707483,N-containing formulae (%),Elemental formula fractions,6
frac_n_containing,13,1,2022-11-16,control,Control,10,0-10 cm,0.231493943472409,100,23.1493943472409,N-containing formulae (%),Elemental formula fractions,6
frac_n_containing,43,3,2022-11-16,control,Control,10,0-10 cm,0.432432432432432,100,43.2432432432432,N-containing formulae (%),Elemental formula fractions,6
frac_n_containing,88,5,2022-11-16,control,Control,10,0-10 cm,0.183259911894273,100,18.3259911894273,N-containing formulae (%),Elemental formula fractions,6
frac_n_containing,44,3,2023-05-30,control,Control,10,0-10 cm,0.511111111111111,100,51.1111111111111,N-containing formulae (%),Elemental formula fractions,6
frac_n_containing,45,3,2023-12-27,control,Control,10,0-10 cm,0.388429752066116,100,38.8429752066116,N-containing formulae (%),Elemental formula fractions,6
frac_n_containing,46,3,2024-04-16,control,Control,10,0-10 cm,0.314741035856574,100,31.4741035856574,N-containing formulae (%),Elemental formula fractions,6
frac_n_containing,47,3,2024-04-30,control,Control,10,0-10 cm,0.5,100,50,N-containing formulae (%),Elemental formula fractions,6
frac_n_containing,14,2,2017-05-31,warmed,Warmed,10,0-10 cm,0.168432203389831,100,16.8432203389831,N-containing formulae (%),Elemental formula fractions,6
frac_n_containing,89,6,2017-05-31,warmed,Warmed,10,0-10 cm,0.111627906976744,100,11.1627906976744,N-containing formulae (%),Elemental formula fractions,6
frac_n_containing,48,4,2017-10-20,warmed,Warmed,10,0-10 cm,0.105335157318741,100,10.5335157318741,N-containing formulae (%),Elemental formula fractions,6
frac_n_containing,15,2,2017-12-06,warmed,Warmed,10,0-10 cm,0.237597911227154,100,23.7597911227154,N-containing formulae (%),Elemental formula fractions,6
frac_n_containing,49,4,2017-12-06,warmed,Warmed,10,0-10 cm,0.208303507516106,100,20.8303507516106,N-containing formulae (%),Elemental formula fractions,6
frac_n_containing,50,4,2018-01-17,warmed,Warmed,10,0-10 cm,0.12870159453303,100,12.870159453303,N-containing formulae (%),Elemental formula fractions,6
frac_n_containing,51,4,2018-01-30,warmed,Warmed,10,0-10 cm,0.210486891385768,100,21.0486891385768,N-containing formulae (%),Elemental formula fractions,6
frac_n_containing,52,4,2018-02-13,warmed,Warmed,10,0-10 cm,0.178170144462279,100,17.8170144462279,N-containing formulae (%),Elemental formula fractions,6
frac_n_containing,53,4,2018-02-27,warmed,Warmed,10,0-10 cm,0.192579505300353,100,19.2579505300353,N-containing formulae (%),Elemental formula fractions,6
frac_n_containing,16,2,2018-05-09,warmed,Warmed,10,0-10 cm,0.12630359212051,100,12.630359212051,N-containing formulae (%),Elemental formula fractions,6
frac_n_containing,54,4,2018-05-09,warmed,Warmed,10,0-10 cm,0.153219233903831,100,15.321923390383,N-containing formulae (%),Elemental formula fractions,6
frac_n_containing,17,2,2018-05-22,warmed,Warmed,10,0-10 cm,0.274905422446406,100,27.4905422446406,N-containing formulae (%),Elemental formula fractions,6
frac_n_containing,55,4,2018-05-22,warmed,Warmed,10,0-10 cm,0.215629522431259,100,21.5629522431259,N-containing formulae (%),Elemental formula fractions,6
frac_n_containing,18,2,2018-10-10,warmed,Warmed,10,0-10 cm,0.117381489841986,100,11.7381489841986,N-containing formulae (%),Elemental formula fractions,6
frac_n_containing,90,6,2018-10-10,warmed,Warmed,10,0-10 cm,0.260748959778086,100,26.0748959778086,N-containing formulae (%),Elemental formula fractions,6
frac_n_containing,56,4,2018-10-23,warmed,Warmed,10,0-10 cm,0.228334198235599,100,22.8334198235599,N-containing formulae (%),Elemental formula fractions,6
frac_n_containing,91,6,2018-10-23,warmed,Warmed,10,0-10 cm,0.35056967572305,100,35.056967572305,N-containing formulae (%),Elemental formula fractions,6
frac_n_containing,19,2,2018-11-07,warmed,Warmed,10,0-10 cm,0.301052631578947,100,30.1052631578947,N-containing formulae (%),Elemental formula fractions,6
frac_n_containing,57,4,2018-11-07,warmed,Warmed,10,0-10 cm,0.132692307692308,100,13.2692307692308,N-containing formulae (%),Elemental formula fractions,6
frac_n_containing,20,2,2019-09-10,warmed,Warmed,10,0-10 cm,0.321120689655172,100,32.1120689655172,N-containing formulae (%),Elemental formula fractions,6
frac_n_containing,92,6,2019-09-10,warmed,Warmed,10,0-10 cm,0.174545454545455,100,17.4545454545455,N-containing formulae (%),Elemental formula fractions,6
frac_n_containing,58,4,2019-11-05,warmed,Warmed,10,0-10 cm,0.193959731543624,100,19.3959731543624,N-containing formulae (%),Elemental formula fractions,6
frac_n_containing,21,2,2019-12-03,warmed,Warmed,10,0-10 cm,0.241061130334487,100,24.1061130334487,N-containing formulae (%),Elemental formula fractions,6
frac_n_containing,59,4,2019-12-17,warmed,Warmed,10,0-10 cm,0.188856729377713,100,18.8856729377713,N-containing formulae (%),Elemental formula fractions,6
frac_n_containing,93,6,2019-12-17,warmed,Warmed,10,0-10 cm,0.151515151515152,100,15.1515151515152,N-containing formulae (%),Elemental formula fractions,6
frac_n_containing,60,4,2019-12-31,warmed,Warmed,10,0-10 cm,0.243764705882353,100,24.3764705882353,N-containing formulae (%),Elemental formula fractions,6
frac_n_containing,22,2,2020-01-28,warmed,Warmed,10,0-10 cm,0.241914618369987,100,24.1914618369987,N-containing formulae (%),Elemental formula fractions,6
frac_n_containing,61,4,2020-01-28,warmed,Warmed,10,0-10 cm,0.245530726256983,100,24.5530726256983,N-containing formulae (%),Elemental formula fractions,6
frac_n_containing,94,6,2020-01-28,warmed,Warmed,10,0-10 cm,0.128226477935054,100,12.8226477935054,N-containing formulae (%),Elemental formula fractions,6
frac_n_containing,95,6,2020-02-25,warmed,Warmed,10,0-10 cm,0.0556962025316456,100,5.56962025316456,N-containing formulae (%),Elemental formula fractions,6
frac_n_containing,62,4,2020-03-10,warmed,Warmed,10,0-10 cm,0.293710691823899,100,29.3710691823899,N-containing formulae (%),Elemental formula fractions,6
frac_n_containing,96,6,2020-03-10,warmed,Warmed,10,0-10 cm,0.174531835205993,100,17.4531835205993,N-containing formulae (%),Elemental formula fractions,6
frac_n_containing,97,6,2020-07-28,warmed,Warmed,10,0-10 cm,0.133848133848134,100,13.3848133848134,N-containing formulae (%),Elemental formula fractions,6
frac_n_containing,98,6,2020-09-09,warmed,Warmed,10,0-10 cm,0.141975308641975,100,14.1975308641975,N-containing formulae (%),Elemental formula fractions,6
frac_n_containing,99,6,2020-10-06,warmed,Warmed,10,0-10 cm,0.176470588235294,100,17.6470588235294,N-containing formulae (%),Elemental formula fractions,6
frac_n_containing,100,6,2020-11-05,warmed,Warmed,10,0-10 cm,0.198291641244661,100,19.8291641244661,N-containing formulae (%),Elemental formula fractions,6
frac_n_containing,101,6,2021-02-09,warmed,Warmed,10,0-10 cm,0.0771704180064309,100,7.71704180064309,N-containing formulae (%),Elemental formula fractions,6
frac_n_containing,102,6,2021-02-23,warmed,Warmed,10,0-10 cm,0.138020833333333,100,13.8020833333333,N-containing formulae (%),Elemental formula fractions,6
frac_n_containing,103,6,2021-06-03,warmed,Warmed,10,0-10 cm,0.163771712158809,100,16.3771712158809,N-containing formulae (%),Elemental formula fractions,6
frac_n_containing,23,2,2021-12-15,warmed,Warmed,10,0-10 cm,0.168498168498169,100,16.8498168498169,N-containing formulae (%),Elemental formula fractions,6
frac_n_containing,63,4,2021-12-15,warmed,Warmed,10,0-10 cm,0.186868686868687,100,18.6868686868687,N-containing formulae (%),Elemental formula fractions,6
frac_n_containing,104,6,2021-12-15,warmed,Warmed,10,0-10 cm,0.158730158730159,100,15.8730158730159,N-containing formulae (%),Elemental formula fractions,6
frac_n_containing,24,2,2022-08-23,warmed,Warmed,10,0-10 cm,0.116347569955817,100,11.6347569955817,N-containing formulae (%),Elemental formula fractions,6
frac_n_containing,105,6,2022-08-23,warmed,Warmed,10,0-10 cm,0.0996168582375479,100,9.96168582375479,N-containing formulae (%),Elemental formula fractions,6
frac_n_containing,64,4,2022-09-08,warmed,Warmed,10,0-10 cm,0.122065727699531,100,12.2065727699531,N-containing formulae (%),Elemental formula fractions,6
frac_n_containing,106,6,2022-09-08,warmed,Warmed,10,0-10 cm,0.0555555555555556,100,5.55555555555556,N-containing formulae (%),Elemental formula fractions,6
frac_n_containing,25,2,2022-11-16,warmed,Warmed,10,0-10 cm,0.109004739336493,100,10.9004739336493,N-containing formulae (%),Elemental formula fractions,6
frac_n_containing,65,4,2022-11-16,warmed,Warmed,10,0-10 cm,0.139917695473251,100,13.9917695473251,N-containing formulae (%),Elemental formula fractions,6
frac_n_containing,107,6,2022-11-16,warmed,Warmed,10,0-10 cm,0.196330275229358,100,19.6330275229358,N-containing formulae (%),Elemental formula fractions,6
frac_n_containing,66,4,2023-05-30,warmed,Warmed,10,0-10 cm,0.126016260162602,100,12.6016260162602,N-containing formulae (%),Elemental formula fractions,6
frac_n_containing,67,4,2023-12-27,warmed,Warmed,10,0-10 cm,0.187265917602996,100,18.7265917602996,N-containing formulae (%),Elemental formula fractions,6
frac_n_containing,68,4,2024-04-16,warmed,Warmed,10,0-10 cm,0.195652173913043,100,19.5652173913043,N-containing formulae (%),Elemental formula fractions,6
frac_n_containing,69,4,2024-04-30,warmed,Warmed,10,0-10 cm,0.192926045016077,100,19.2926045016077,N-containing formulae (%),Elemental formula fractions,6
frac_n_containing,126,3,2017-05-31,control,Control,30,10-30 cm,0.39622641509434,100,39.622641509434,N-containing formulae (%),Elemental formula fractions,6
frac_n_containing,127,3,2017-11-22,control,Control,30,10-30 cm,0.4,100,40,N-containing formulae (%),Elemental formula fractions,6
frac_n_containing,128,3,2017-12-06,control,Control,30,10-30 cm,0.636363636363636,100,63.6363636363636,N-containing formulae (%),Elemental formula fractions,6
frac_n_containing,170,5,2017-12-06,control,Control,30,10-30 cm,0.379310344827586,100,37.9310344827586,N-containing formulae (%),Elemental formula fractions,6
frac_n_containing,129,3,2018-01-03,control,Control,30,10-30 cm,0.483870967741936,100,48.3870967741936,N-containing formulae (%),Elemental formula fractions,6
frac_n_containing,130,3,2018-01-30,control,Control,30,10-30 cm,0.33695652173913,100,33.695652173913,N-containing formulae (%),Elemental formula fractions,6
frac_n_containing,131,3,2018-02-27,control,Control,30,10-30 cm,0.406779661016949,100,40.6779661016949,N-containing formulae (%),Elemental formula fractions,6
frac_n_containing,171,5,2018-03-27,control,Control,30,10-30 cm,0.346153846153846,100,34.6153846153846,N-containing formulae (%),Elemental formula fractions,6
frac_n_containing,132,3,2018-05-09,control,Control,30,10-30 cm,0.225663716814159,100,22.5663716814159,N-containing formulae (%),Elemental formula fractions,6
frac_n_containing,172,5,2018-05-09,control,Control,30,10-30 cm,0.26984126984127,100,26.984126984127,N-containing formulae (%),Elemental formula fractions,6
frac_n_containing,133,3,2018-11-07,control,Control,30,10-30 cm,0.195729537366548,100,19.5729537366548,N-containing formulae (%),Elemental formula fractions,6
frac_n_containing,134,3,2019-09-10,control,Control,30,10-30 cm,0.295652173913044,100,29.5652173913044,N-containing formulae (%),Elemental formula fractions,6
frac_n_containing,135,3,2019-12-03,control,Control,30,10-30 cm,0.365079365079365,100,36.5079365079365,N-containing formulae (%),Elemental formula fractions,6
frac_n_containing,136,3,2020-01-14,control,Control,30,10-30 cm,0.188976377952756,100,18.8976377952756,N-containing formulae (%),Elemental formula fractions,6
frac_n_containing,108,1,2020-02-25,control,Control,30,10-30 cm,0.380952380952381,100,38.0952380952381,N-containing formulae (%),Elemental formula fractions,6
frac_n_containing,137,3,2020-02-25,control,Control,30,10-30 cm,0.204545454545455,100,20.4545454545455,N-containing formulae (%),Elemental formula fractions,6
frac_n_containing,138,3,2020-03-10,control,Control,30,10-30 cm,0.211864406779661,100,21.1864406779661,N-containing formulae (%),Elemental formula fractions,6
frac_n_containing,139,3,2020-07-28,control,Control,30,10-30 cm,0.22680412371134,100,22.680412371134,N-containing formulae (%),Elemental formula fractions,6
frac_n_containing,173,5,2020-07-28,control,Control,30,10-30 cm,0.274932614555256,100,27.4932614555256,N-containing formulae (%),Elemental formula fractions,6
frac_n_containing,140,3,2020-09-09,control,Control,30,10-30 cm,0.173684210526316,100,17.3684210526316,N-containing formulae (%),Elemental formula fractions,6
frac_n_containing,141,3,2020-10-06,control,Control,30,10-30 cm,0.312101910828025,100,31.2101910828025,N-containing formulae (%),Elemental formula fractions,6
frac_n_containing,174,5,2020-10-06,control,Control,30,10-30 cm,0.268965517241379,100,26.8965517241379,N-containing formulae (%),Elemental formula fractions,6
frac_n_containing,142,3,2020-11-05,control,Control,30,10-30 cm,0.251207729468599,100,25.1207729468599,N-containing formulae (%),Elemental formula fractions,6
frac_n_containing,175,5,2020-11-05,control,Control,30,10-30 cm,0.204301075268817,100,20.4301075268817,N-containing formulae (%),Elemental formula fractions,6
frac_n_containing,143,3,2020-12-29,control,Control,30,10-30 cm,0.323651452282158,100,32.3651452282158,N-containing formulae (%),Elemental formula fractions,6
frac_n_containing,144,3,2021-02-09,control,Control,30,10-30 cm,0.327102803738318,100,32.7102803738318,N-containing formulae (%),Elemental formula fractions,6
frac_n_containing,176,5,2021-02-23,control,Control,30,10-30 cm,0.176923076923077,100,17.6923076923077,N-containing formulae (%),Elemental formula fractions,6
frac_n_containing,145,3,2021-06-03,control,Control,30,10-30 cm,0.39647577092511,100,39.647577092511,N-containing formulae (%),Elemental formula fractions,6
frac_n_containing,109,1,2021-09-21,control,Control,30,10-30 cm,0.458333333333333,100,45.8333333333333,N-containing formulae (%),Elemental formula fractions,6
frac_n_containing,146,3,2021-12-15,control,Control,30,10-30 cm,0.517241379310345,100,51.7241379310345,N-containing formulae (%),Elemental formula fractions,6
frac_n_containing,110,1,2022-08-23,control,Control,30,10-30 cm,0.163265306122449,100,16.3265306122449,N-containing formulae (%),Elemental formula fractions,6
frac_n_containing,177,5,2022-08-23,control,Control,30,10-30 cm,0.321428571428571,100,32.1428571428572,N-containing formulae (%),Elemental formula fractions,6
frac_n_containing,111,1,2022-09-08,control,Control,30,10-30 cm,0.213740458015267,100,21.3740458015267,N-containing formulae (%),Elemental formula fractions,6
frac_n_containing,178,5,2022-09-08,control,Control,30,10-30 cm,0.538461538461538,100,53.8461538461539,N-containing formulae (%),Elemental formula fractions,6
frac_n_containing,179,5,2022-11-01,control,Control,30,10-30 cm,0.197916666666667,100,19.7916666666667,N-containing formulae (%),Elemental formula fractions,6
frac_n_containing,112,1,2022-11-16,control,Control,30,10-30 cm,0.321321321321321,100,32.1321321321321,N-containing formulae (%),Elemental formula fractions,6
frac_n_containing,113,1,2023-01-12,control,Control,30,10-30 cm,0.276264591439689,100,27.6264591439689,N-containing formulae (%),Elemental formula fractions,6
frac_n_containing,180,5,2023-01-12,control,Control,30,10-30 cm,0.0535714285714286,100,5.35714285714286,N-containing formulae (%),Elemental formula fractions,6
frac_n_containing,181,5,2023-02-07,control,Control,30,10-30 cm,0.0837988826815642,100,8.37988826815642,N-containing formulae (%),Elemental formula fractions,6
frac_n_containing,182,5,2023-05-02,control,Control,30,10-30 cm,0.109979633401222,100,10.9979633401222,N-containing formulae (%),Elemental formula fractions,6
frac_n_containing,114,1,2023-05-30,control,Control,30,10-30 cm,0.3125,100,31.25,N-containing formulae (%),Elemental formula fractions,6
frac_n_containing,147,3,2023-05-30,control,Control,30,10-30 cm,0.473684210526316,100,47.3684210526316,N-containing formulae (%),Elemental formula fractions,6
frac_n_containing,115,1,2023-08-22,control,Control,30,10-30 cm,0.461065573770492,100,46.1065573770492,N-containing formulae (%),Elemental formula fractions,6
frac_n_containing,183,5,2023-10-03,control,Control,30,10-30 cm,0.166153846153846,100,16.6153846153846,N-containing formulae (%),Elemental formula fractions,6
frac_n_containing,116,1,2023-12-12,control,Control,30,10-30 cm,0.455795677799607,100,45.5795677799607,N-containing formulae (%),Elemental formula fractions,6
frac_n_containing,184,5,2024-04-30,control,Control,30,10-30 cm,0.175,100,17.5,N-containing formulae (%),Elemental formula fractions,6
frac_n_containing,148,4,2017-05-31,warmed,Warmed,30,10-30 cm,0.181818181818182,100,18.1818181818182,N-containing formulae (%),Elemental formula fractions,6
frac_n_containing,149,4,2017-11-22,warmed,Warmed,30,10-30 cm,0.345991561181435,100,34.5991561181435,N-containing formulae (%),Elemental formula fractions,6
frac_n_containing,150,4,2017-12-06,warmed,Warmed,30,10-30 cm,0.192771084337349,100,19.2771084337349,N-containing formulae (%),Elemental formula fractions,6
frac_n_containing,185,6,2017-12-06,warmed,Warmed,30,10-30 cm,0.136882129277567,100,13.6882129277567,N-containing formulae (%),Elemental formula fractions,6
frac_n_containing,152,4,2018-01-30,warmed,Warmed,30,10-30 cm,0.149812734082397,100,14.9812734082397,N-containing formulae (%),Elemental formula fractions,6
frac_n_containing,153,4,2018-02-27,warmed,Warmed,30,10-30 cm,0.0952380952380952,100,9.52380952380952,N-containing formulae (%),Elemental formula fractions,6
frac_n_containing,154,4,2018-05-09,warmed,Warmed,30,10-30 cm,0.233333333333333,100,23.3333333333333,N-containing formulae (%),Elemental formula fractions,6
frac_n_containing,155,4,2018-11-07,warmed,Warmed,30,10-30 cm,0.167553191489362,100,16.7553191489362,N-containing formulae (%),Elemental formula fractions,6
frac_n_containing,156,4,2019-09-10,warmed,Warmed,30,10-30 cm,0.139805825242718,100,13.9805825242718,N-containing formulae (%),Elemental formula fractions,6
frac_n_containing,157,4,2019-12-03,warmed,Warmed,30,10-30 cm,0.0707964601769912,100,7.07964601769912,N-containing formulae (%),Elemental formula fractions,6
frac_n_containing,158,4,2020-01-14,warmed,Warmed,30,10-30 cm,0.166355140186916,100,16.6355140186916,N-containing formulae (%),Elemental formula fractions,6
frac_n_containing,117,2,2020-02-25,warmed,Warmed,30,10-30 cm,0.33273381294964,100,33.273381294964,N-containing formulae (%),Elemental formula fractions,6
frac_n_containing,159,4,2020-02-25,warmed,Warmed,30,10-30 cm,0.111111111111111,100,11.1111111111111,N-containing formulae (%),Elemental formula fractions,6
frac_n_containing,160,4,2020-03-10,warmed,Warmed,30,10-30 cm,0.184542586750789,100,18.4542586750789,N-containing formulae (%),Elemental formula fractions,6
frac_n_containing,161,4,2020-07-28,warmed,Warmed,30,10-30 cm,0.0494296577946768,100,4.94296577946768,N-containing formulae (%),Elemental formula fractions,6
frac_n_containing,162,4,2020-09-09,warmed,Warmed,30,10-30 cm,0.0576923076923077,100,5.76923076923077,N-containing formulae (%),Elemental formula fractions,6
frac_n_containing,186,6,2020-09-09,warmed,Warmed,30,10-30 cm,0.206734006734007,100,20.6734006734007,N-containing formulae (%),Elemental formula fractions,6
frac_n_containing,163,4,2020-10-06,warmed,Warmed,30,10-30 cm,0.224256292906178,100,22.4256292906178,N-containing formulae (%),Elemental formula fractions,6
frac_n_containing,187,6,2020-10-06,warmed,Warmed,30,10-30 cm,0.0821596244131455,100,8.21596244131455,N-containing formulae (%),Elemental formula fractions,6
frac_n_containing,164,4,2020-11-05,warmed,Warmed,30,10-30 cm,0.014018691588785,100,1.4018691588785,N-containing formulae (%),Elemental formula fractions,6
frac_n_containing,165,4,2020-12-29,warmed,Warmed,30,10-30 cm,0.122605363984674,100,12.2605363984674,N-containing formulae (%),Elemental formula fractions,6
frac_n_containing,166,4,2021-02-09,warmed,Warmed,30,10-30 cm,0.102836879432624,100,10.2836879432624,N-containing formulae (%),Elemental formula fractions,6
frac_n_containing,188,6,2021-02-23,warmed,Warmed,30,10-30 cm,0.0977295162882527,100,9.77295162882527,N-containing formulae (%),Elemental formula fractions,6
frac_n_containing,167,4,2021-06-03,warmed,Warmed,30,10-30 cm,0.053030303030303,100,5.3030303030303,N-containing formulae (%),Elemental formula fractions,6
frac_n_containing,118,2,2021-09-21,warmed,Warmed,30,10-30 cm,0.313351498637602,100,31.3351498637602,N-containing formulae (%),Elemental formula fractions,6
frac_n_containing,168,4,2021-12-15,warmed,Warmed,30,10-30 cm,0.0656108597285068,100,6.56108597285068,N-containing formulae (%),Elemental formula fractions,6
frac_n_containing,119,2,2022-08-23,warmed,Warmed,30,10-30 cm,0.210526315789474,100,21.0526315789474,N-containing formulae (%),Elemental formula fractions,6
frac_n_containing,189,6,2022-08-23,warmed,Warmed,30,10-30 cm,0.283783783783784,100,28.3783783783784,N-containing formulae (%),Elemental formula fractions,6
frac_n_containing,120,2,2022-09-08,warmed,Warmed,30,10-30 cm,0.875,100,87.5,N-containing formulae (%),Elemental formula fractions,6
frac_n_containing,190,6,2022-09-08,warmed,Warmed,30,10-30 cm,0.186440677966102,100,18.6440677966102,N-containing formulae (%),Elemental formula fractions,6
frac_n_containing,191,6,2022-11-01,warmed,Warmed,30,10-30 cm,0.403061224489796,100,40.3061224489796,N-containing formulae (%),Elemental formula fractions,6
frac_n_containing,121,2,2022-11-16,warmed,Warmed,30,10-30 cm,0.267605633802817,100,26.7605633802817,N-containing formulae (%),Elemental formula fractions,6
frac_n_containing,122,2,2023-01-12,warmed,Warmed,30,10-30 cm,0.279816513761468,100,27.9816513761468,N-containing formulae (%),Elemental formula fractions,6
frac_n_containing,192,6,2023-01-12,warmed,Warmed,30,10-30 cm,0.310344827586207,100,31.0344827586207,N-containing formulae (%),Elemental formula fractions,6
frac_n_containing,193,6,2023-02-07,warmed,Warmed,30,10-30 cm,0.4,100,40,N-containing formulae (%),Elemental formula fractions,6
frac_n_containing,194,6,2023-05-02,warmed,Warmed,30,10-30 cm,0.630331753554502,100,63.0331753554502,N-containing formulae (%),Elemental formula fractions,6
frac_n_containing,123,2,2023-05-30,warmed,Warmed,30,10-30 cm,0.302564102564103,100,30.2564102564103,N-containing formulae (%),Elemental formula fractions,6
frac_n_containing,169,4,2023-05-30,warmed,Warmed,30,10-30 cm,0.128342245989305,100,12.8342245989305,N-containing formulae (%),Elemental formula fractions,6
frac_n_containing,124,2,2023-08-22,warmed,Warmed,30,10-30 cm,0.301298701298701,100,30.1298701298701,N-containing formulae (%),Elemental formula fractions,6
frac_n_containing,195,6,2023-10-03,warmed,Warmed,30,10-30 cm,0.338501291989664,100,33.8501291989664,N-containing formulae (%),Elemental formula fractions,6
frac_n_containing,125,2,2023-12-12,warmed,Warmed,30,10-30 cm,0.347126436781609,100,34.7126436781609,N-containing formulae (%),Elemental formula fractions,6
frac_n_containing,196,6,2024-04-30,warmed,Warmed,30,10-30 cm,0.417307692307692,100,41.7307692307692,N-containing formulae (%),Elemental formula fractions,6
mean_ai,1,1,2017-05-31,control,Control,10,0-10 cm,0.195103022409745,1,0.195103022409745,Aromaticity,Bulk molecular metrics,5
mean_ai,70,5,2017-05-31,control,Control,10,0-10 cm,0.280710439996859,1,0.280710439996859,Aromaticity,Bulk molecular metrics,5
mean_ai,26,3,2017-10-20,control,Control,10,0-10 cm,0.34349502648951,1,0.34349502648951,Aromaticity,Bulk molecular metrics,5
mean_ai,2,1,2017-12-06,control,Control,10,0-10 cm,0.192157378554492,1,0.192157378554492,Aromaticity,Bulk molecular metrics,5
mean_ai,27,3,2017-12-06,control,Control,10,0-10 cm,0.170648218192842,1,0.170648218192842,Aromaticity,Bulk molecular metrics,5
mean_ai,28,3,2018-01-17,control,Control,10,0-10 cm,0.301687246123248,1,0.301687246123248,Aromaticity,Bulk molecular metrics,5
mean_ai,29,3,2018-01-30,control,Control,10,0-10 cm,0.276352717608352,1,0.276352717608352,Aromaticity,Bulk molecular metrics,5
mean_ai,30,3,2018-02-13,control,Control,10,0-10 cm,0.386948154066251,1,0.386948154066251,Aromaticity,Bulk molecular metrics,5
mean_ai,31,3,2018-02-27,control,Control,10,0-10 cm,0.410288730947968,1,0.410288730947968,Aromaticity,Bulk molecular metrics,5
mean_ai,3,1,2018-05-09,control,Control,10,0-10 cm,0.230472247170234,1,0.230472247170234,Aromaticity,Bulk molecular metrics,5
mean_ai,32,3,2018-05-09,control,Control,10,0-10 cm,0.405421237518041,1,0.405421237518041,Aromaticity,Bulk molecular metrics,5
mean_ai,4,1,2018-05-22,control,Control,10,0-10 cm,0.182207816439277,1,0.182207816439277,Aromaticity,Bulk molecular metrics,5
mean_ai,33,3,2018-05-22,control,Control,10,0-10 cm,0.427676945445693,1,0.427676945445693,Aromaticity,Bulk molecular metrics,5
mean_ai,5,1,2018-10-10,control,Control,10,0-10 cm,0.167546154923433,1,0.167546154923433,Aromaticity,Bulk molecular metrics,5
mean_ai,71,5,2018-10-10,control,Control,10,0-10 cm,0.286216420451146,1,0.286216420451146,Aromaticity,Bulk molecular metrics,5
mean_ai,34,3,2018-10-23,control,Control,10,0-10 cm,0.267130056106299,1,0.267130056106299,Aromaticity,Bulk molecular metrics,5
mean_ai,72,5,2018-10-23,control,Control,10,0-10 cm,0.300377697513272,1,0.300377697513272,Aromaticity,Bulk molecular metrics,5
mean_ai,6,1,2018-11-07,control,Control,10,0-10 cm,0.211023259941419,1,0.211023259941419,Aromaticity,Bulk molecular metrics,5
mean_ai,35,3,2018-11-07,control,Control,10,0-10 cm,0.200973851698489,1,0.200973851698489,Aromaticity,Bulk molecular metrics,5
mean_ai,7,1,2019-09-10,control,Control,10,0-10 cm,0.224495417277017,1,0.224495417277017,Aromaticity,Bulk molecular metrics,5
mean_ai,73,5,2019-09-10,control,Control,10,0-10 cm,0.229678217071432,1,0.229678217071432,Aromaticity,Bulk molecular metrics,5
mean_ai,36,3,2019-11-05,control,Control,10,0-10 cm,0.453262346876718,1,0.453262346876718,Aromaticity,Bulk molecular metrics,5
mean_ai,8,1,2019-12-03,control,Control,10,0-10 cm,0.161596323451567,1,0.161596323451567,Aromaticity,Bulk molecular metrics,5
mean_ai,37,3,2019-12-17,control,Control,10,0-10 cm,0.390530278634891,1,0.390530278634891,Aromaticity,Bulk molecular metrics,5
mean_ai,74,5,2019-12-17,control,Control,10,0-10 cm,0.305408107204636,1,0.305408107204636,Aromaticity,Bulk molecular metrics,5
mean_ai,38,3,2019-12-31,control,Control,10,0-10 cm,0.415331724866819,1,0.415331724866819,Aromaticity,Bulk molecular metrics,5
mean_ai,9,1,2020-01-28,control,Control,10,0-10 cm,0.152880431064524,1,0.152880431064524,Aromaticity,Bulk molecular metrics,5
mean_ai,39,3,2020-01-28,control,Control,10,0-10 cm,0.385901869354046,1,0.385901869354046,Aromaticity,Bulk molecular metrics,5
mean_ai,75,5,2020-01-28,control,Control,10,0-10 cm,0.263817512213931,1,0.263817512213931,Aromaticity,Bulk molecular metrics,5
mean_ai,76,5,2020-02-25,control,Control,10,0-10 cm,0.265027763639178,1,0.265027763639178,Aromaticity,Bulk molecular metrics,5
mean_ai,40,3,2020-03-10,control,Control,10,0-10 cm,0.398119427702703,1,0.398119427702703,Aromaticity,Bulk molecular metrics,5
mean_ai,77,5,2020-03-10,control,Control,10,0-10 cm,0.269461210017762,1,0.269461210017762,Aromaticity,Bulk molecular metrics,5
mean_ai,78,5,2020-07-28,control,Control,10,0-10 cm,0.248495882968206,1,0.248495882968206,Aromaticity,Bulk molecular metrics,5
mean_ai,79,5,2020-09-09,control,Control,10,0-10 cm,0.244770496103161,1,0.244770496103161,Aromaticity,Bulk molecular metrics,5
mean_ai,80,5,2020-10-06,control,Control,10,0-10 cm,0.289715111986819,1,0.289715111986819,Aromaticity,Bulk molecular metrics,5
mean_ai,81,5,2020-11-05,control,Control,10,0-10 cm,0.29673545287314,1,0.29673545287314,Aromaticity,Bulk molecular metrics,5
mean_ai,82,5,2021-02-09,control,Control,10,0-10 cm,0.313935921795452,1,0.313935921795452,Aromaticity,Bulk molecular metrics,5
mean_ai,83,5,2021-02-23,control,Control,10,0-10 cm,0.30367960198975,1,0.30367960198975,Aromaticity,Bulk molecular metrics,5
mean_ai,84,5,2021-06-03,control,Control,10,0-10 cm,0.316994737258228,1,0.316994737258228,Aromaticity,Bulk molecular metrics,5
mean_ai,10,1,2021-12-15,control,Control,10,0-10 cm,0.30273251635885,1,0.30273251635885,Aromaticity,Bulk molecular metrics,5
mean_ai,41,3,2021-12-15,control,Control,10,0-10 cm,0.368874924207963,1,0.368874924207963,Aromaticity,Bulk molecular metrics,5
mean_ai,85,5,2021-12-15,control,Control,10,0-10 cm,0.328031907010744,1,0.328031907010744,Aromaticity,Bulk molecular metrics,5
mean_ai,11,1,2022-08-23,control,Control,10,0-10 cm,0.331853738374839,1,0.331853738374839,Aromaticity,Bulk molecular metrics,5
mean_ai,86,5,2022-08-23,control,Control,10,0-10 cm,0.300134054369023,1,0.300134054369023,Aromaticity,Bulk molecular metrics,5
mean_ai,12,1,2022-09-08,control,Control,10,0-10 cm,0.229157741570436,1,0.229157741570436,Aromaticity,Bulk molecular metrics,5
mean_ai,42,3,2022-09-08,control,Control,10,0-10 cm,0.400566409405439,1,0.400566409405439,Aromaticity,Bulk molecular metrics,5
mean_ai,87,5,2022-09-08,control,Control,10,0-10 cm,0.289509267329254,1,0.289509267329254,Aromaticity,Bulk molecular metrics,5
mean_ai,13,1,2022-11-16,control,Control,10,0-10 cm,0.288061853638995,1,0.288061853638995,Aromaticity,Bulk molecular metrics,5
mean_ai,43,3,2022-11-16,control,Control,10,0-10 cm,0.367268572269993,1,0.367268572269993,Aromaticity,Bulk molecular metrics,5
mean_ai,88,5,2022-11-16,control,Control,10,0-10 cm,0.329283871848823,1,0.329283871848823,Aromaticity,Bulk molecular metrics,5
mean_ai,44,3,2023-05-30,control,Control,10,0-10 cm,0.443490495865145,1,0.443490495865145,Aromaticity,Bulk molecular metrics,5
mean_ai,45,3,2023-12-27,control,Control,10,0-10 cm,0.418268102480814,1,0.418268102480814,Aromaticity,Bulk molecular metrics,5
mean_ai,46,3,2024-04-16,control,Control,10,0-10 cm,0.411510564484792,1,0.411510564484792,Aromaticity,Bulk molecular metrics,5
mean_ai,47,3,2024-04-30,control,Control,10,0-10 cm,0.468110439363527,1,0.468110439363527,Aromaticity,Bulk molecular metrics,5
mean_ai,14,2,2017-05-31,warmed,Warmed,10,0-10 cm,0.158675570557609,1,0.158675570557609,Aromaticity,Bulk molecular metrics,5
mean_ai,89,6,2017-05-31,warmed,Warmed,10,0-10 cm,0.255023159340681,1,0.255023159340681,Aromaticity,Bulk molecular metrics,5
mean_ai,48,4,2017-10-20,warmed,Warmed,10,0-10 cm,0.242731072225305,1,0.242731072225305,Aromaticity,Bulk molecular metrics,5
mean_ai,15,2,2017-12-06,warmed,Warmed,10,0-10 cm,0.307614272511809,1,0.307614272511809,Aromaticity,Bulk molecular metrics,5
mean_ai,49,4,2017-12-06,warmed,Warmed,10,0-10 cm,0.171952207070271,1,0.171952207070271,Aromaticity,Bulk molecular metrics,5
mean_ai,50,4,2018-01-17,warmed,Warmed,10,0-10 cm,0.239399775460842,1,0.239399775460842,Aromaticity,Bulk molecular metrics,5
mean_ai,51,4,2018-01-30,warmed,Warmed,10,0-10 cm,0.151314812006896,1,0.151314812006896,Aromaticity,Bulk molecular metrics,5
mean_ai,52,4,2018-02-13,warmed,Warmed,10,0-10 cm,0.228552230150856,1,0.228552230150856,Aromaticity,Bulk molecular metrics,5
mean_ai,53,4,2018-02-27,warmed,Warmed,10,0-10 cm,0.192724101253054,1,0.192724101253054,Aromaticity,Bulk molecular metrics,5
mean_ai,16,2,2018-05-09,warmed,Warmed,10,0-10 cm,0.291704778721419,1,0.291704778721419,Aromaticity,Bulk molecular metrics,5
mean_ai,54,4,2018-05-09,warmed,Warmed,10,0-10 cm,0.187529792108267,1,0.187529792108267,Aromaticity,Bulk molecular metrics,5
mean_ai,17,2,2018-05-22,warmed,Warmed,10,0-10 cm,0.378553020585768,1,0.378553020585768,Aromaticity,Bulk molecular metrics,5
mean_ai,55,4,2018-05-22,warmed,Warmed,10,0-10 cm,0.217157035607724,1,0.217157035607724,Aromaticity,Bulk molecular metrics,5
mean_ai,18,2,2018-10-10,warmed,Warmed,10,0-10 cm,0.327342750388283,1,0.327342750388283,Aromaticity,Bulk molecular metrics,5
mean_ai,90,6,2018-10-10,warmed,Warmed,10,0-10 cm,0.353522311065948,1,0.353522311065948,Aromaticity,Bulk molecular metrics,5
mean_ai,56,4,2018-10-23,warmed,Warmed,10,0-10 cm,0.185417705148208,1,0.185417705148208,Aromaticity,Bulk molecular metrics,5
mean_ai,91,6,2018-10-23,warmed,Warmed,10,0-10 cm,0.339473227201711,1,0.339473227201711,Aromaticity,Bulk molecular metrics,5
mean_ai,19,2,2018-11-07,warmed,Warmed,10,0-10 cm,0.325029434695226,1,0.325029434695226,Aromaticity,Bulk molecular metrics,5
mean_ai,57,4,2018-11-07,warmed,Warmed,10,0-10 cm,0.202955616680932,1,0.202955616680932,Aromaticity,Bulk molecular metrics,5
mean_ai,20,2,2019-09-10,warmed,Warmed,10,0-10 cm,0.248724752744029,1,0.248724752744029,Aromaticity,Bulk molecular metrics,5
mean_ai,92,6,2019-09-10,warmed,Warmed,10,0-10 cm,0.324548784507111,1,0.324548784507111,Aromaticity,Bulk molecular metrics,5
mean_ai,58,4,2019-11-05,warmed,Warmed,10,0-10 cm,0.164338835661443,1,0.164338835661443,Aromaticity,Bulk molecular metrics,5
mean_ai,21,2,2019-12-03,warmed,Warmed,10,0-10 cm,0.32850647411297,1,0.32850647411297,Aromaticity,Bulk molecular metrics,5
mean_ai,59,4,2019-12-17,warmed,Warmed,10,0-10 cm,0.189235727073361,1,0.189235727073361,Aromaticity,Bulk molecular metrics,5
mean_ai,93,6,2019-12-17,warmed,Warmed,10,0-10 cm,0.357907034208932,1,0.357907034208932,Aromaticity,Bulk molecular metrics,5
mean_ai,60,4,2019-12-31,warmed,Warmed,10,0-10 cm,0.199250394232162,1,0.199250394232162,Aromaticity,Bulk molecular metrics,5
mean_ai,22,2,2020-01-28,warmed,Warmed,10,0-10 cm,0.334864171765526,1,0.334864171765526,Aromaticity,Bulk molecular metrics,5
mean_ai,61,4,2020-01-28,warmed,Warmed,10,0-10 cm,0.178672763391676,1,0.178672763391676,Aromaticity,Bulk molecular metrics,5
mean_ai,94,6,2020-01-28,warmed,Warmed,10,0-10 cm,0.191800137896808,1,0.191800137896808,Aromaticity,Bulk molecular metrics,5
mean_ai,95,6,2020-02-25,warmed,Warmed,10,0-10 cm,0.31728553115832,1,0.31728553115832,Aromaticity,Bulk molecular metrics,5
mean_ai,62,4,2020-03-10,warmed,Warmed,10,0-10 cm,0.229256202676883,1,0.229256202676883,Aromaticity,Bulk molecular metrics,5
mean_ai,96,6,2020-03-10,warmed,Warmed,10,0-10 cm,0.293538346085942,1,0.293538346085942,Aromaticity,Bulk molecular metrics,5
mean_ai,97,6,2020-07-28,warmed,Warmed,10,0-10 cm,0.306957965310073,1,0.306957965310073,Aromaticity,Bulk molecular metrics,5
mean_ai,98,6,2020-09-09,warmed,Warmed,10,0-10 cm,0.317104098401129,1,0.317104098401129,Aromaticity,Bulk molecular metrics,5
mean_ai,99,6,2020-10-06,warmed,Warmed,10,0-10 cm,0.349217992440026,1,0.349217992440026,Aromaticity,Bulk molecular metrics,5
mean_ai,100,6,2020-11-05,warmed,Warmed,10,0-10 cm,0.24304401663648,1,0.24304401663648,Aromaticity,Bulk molecular metrics,5
mean_ai,101,6,2021-02-09,warmed,Warmed,10,0-10 cm,0.354129406858293,1,0.354129406858293,Aromaticity,Bulk molecular metrics,5
mean_ai,102,6,2021-02-23,warmed,Warmed,10,0-10 cm,0.336641260853693,1,0.336641260853693,Aromaticity,Bulk molecular metrics,5
mean_ai,103,6,2021-06-03,warmed,Warmed,10,0-10 cm,0.332088331764407,1,0.332088331764407,Aromaticity,Bulk molecular metrics,5
mean_ai,23,2,2021-12-15,warmed,Warmed,10,0-10 cm,0.35598808033434,1,0.35598808033434,Aromaticity,Bulk molecular metrics,5
mean_ai,63,4,2021-12-15,warmed,Warmed,10,0-10 cm,0.351780354691493,1,0.351780354691493,Aromaticity,Bulk molecular metrics,5
mean_ai,104,6,2021-12-15,warmed,Warmed,10,0-10 cm,0.418942671239169,1,0.418942671239169,Aromaticity,Bulk molecular metrics,5
mean_ai,24,2,2022-08-23,warmed,Warmed,10,0-10 cm,0.352859843853683,1,0.352859843853683,Aromaticity,Bulk molecular metrics,5
mean_ai,105,6,2022-08-23,warmed,Warmed,10,0-10 cm,0.418299148137821,1,0.418299148137821,Aromaticity,Bulk molecular metrics,5
mean_ai,64,4,2022-09-08,warmed,Warmed,10,0-10 cm,0.357766173923057,1,0.357766173923057,Aromaticity,Bulk molecular metrics,5
mean_ai,106,6,2022-09-08,warmed,Warmed,10,0-10 cm,0.506661274479838,1,0.506661274479838,Aromaticity,Bulk molecular metrics,5
mean_ai,25,2,2022-11-16,warmed,Warmed,10,0-10 cm,0.371384460410303,1,0.371384460410303,Aromaticity,Bulk molecular metrics,5
mean_ai,65,4,2022-11-16,warmed,Warmed,10,0-10 cm,0.335200288193618,1,0.335200288193618,Aromaticity,Bulk molecular metrics,5
mean_ai,107,6,2022-11-16,warmed,Warmed,10,0-10 cm,0.391972934910907,1,0.391972934910907,Aromaticity,Bulk molecular metrics,5
mean_ai,66,4,2023-05-30,warmed,Warmed,10,0-10 cm,0.373461879746884,1,0.373461879746884,Aromaticity,Bulk molecular metrics,5
mean_ai,67,4,2023-12-27,warmed,Warmed,10,0-10 cm,0.337892586325357,1,0.337892586325357,Aromaticity,Bulk molecular metrics,5
mean_ai,68,4,2024-04-16,warmed,Warmed,10,0-10 cm,0.367354365934156,1,0.367354365934156,Aromaticity,Bulk molecular metrics,5
mean_ai,69,4,2024-04-30,warmed,Warmed,10,0-10 cm,0.354086266677145,1,0.354086266677145,Aromaticity,Bulk molecular metrics,5
mean_ai,126,3,2017-05-31,control,Control,30,10-30 cm,0.396945719586217,1,0.396945719586217,Aromaticity,Bulk molecular metrics,5
mean_ai,127,3,2017-11-22,control,Control,30,10-30 cm,0.430059607202479,1,0.430059607202479,Aromaticity,Bulk molecular metrics,5
mean_ai,128,3,2017-12-06,control,Control,30,10-30 cm,0.197287247757467,1,0.197287247757467,Aromaticity,Bulk molecular metrics,5
mean_ai,170,5,2017-12-06,control,Control,30,10-30 cm,0.405370801773448,1,0.405370801773448,Aromaticity,Bulk molecular metrics,5
mean_ai,129,3,2018-01-03,control,Control,30,10-30 cm,0.313242106957265,1,0.313242106957265,Aromaticity,Bulk molecular metrics,5
mean_ai,130,3,2018-01-30,control,Control,30,10-30 cm,0.460642087831261,1,0.460642087831261,Aromaticity,Bulk molecular metrics,5
mean_ai,131,3,2018-02-27,control,Control,30,10-30 cm,0.362080760790396,1,0.362080760790396,Aromaticity,Bulk molecular metrics,5
mean_ai,171,5,2018-03-27,control,Control,30,10-30 cm,0.450971197047889,1,0.450971197047889,Aromaticity,Bulk molecular metrics,5
mean_ai,132,3,2018-05-09,control,Control,30,10-30 cm,0.373141605543494,1,0.373141605543494,Aromaticity,Bulk molecular metrics,5
mean_ai,172,5,2018-05-09,control,Control,30,10-30 cm,0.3784870204861,1,0.3784870204861,Aromaticity,Bulk molecular metrics,5
mean_ai,133,3,2018-11-07,control,Control,30,10-30 cm,0.37892034129111,1,0.37892034129111,Aromaticity,Bulk molecular metrics,5
mean_ai,134,3,2019-09-10,control,Control,30,10-30 cm,0.385593219156948,1,0.385593219156948,Aromaticity,Bulk molecular metrics,5
mean_ai,135,3,2019-12-03,control,Control,30,10-30 cm,0.451817471983369,1,0.451817471983369,Aromaticity,Bulk molecular metrics,5
mean_ai,136,3,2020-01-14,control,Control,30,10-30 cm,0.385612583533471,1,0.385612583533471,Aromaticity,Bulk molecular metrics,5
mean_ai,108,1,2020-02-25,control,Control,30,10-30 cm,0.387611154003204,1,0.387611154003204,Aromaticity,Bulk molecular metrics,5
mean_ai,137,3,2020-02-25,control,Control,30,10-30 cm,0.410331735191356,1,0.410331735191356,Aromaticity,Bulk molecular metrics,5
mean_ai,138,3,2020-03-10,control,Control,30,10-30 cm,0.413825408918754,1,0.413825408918754,Aromaticity,Bulk molecular metrics,5
mean_ai,139,3,2020-07-28,control,Control,30,10-30 cm,0.425741254252389,1,0.425741254252389,Aromaticity,Bulk molecular metrics,5
mean_ai,173,5,2020-07-28,control,Control,30,10-30 cm,0.382837826239879,1,0.382837826239879,Aromaticity,Bulk molecular metrics,5
mean_ai,140,3,2020-09-09,control,Control,30,10-30 cm,0.412904113622024,1,0.412904113622024,Aromaticity,Bulk molecular metrics,5
mean_ai,141,3,2020-10-06,control,Control,30,10-30 cm,0.436483129315905,1,0.436483129315905,Aromaticity,Bulk molecular metrics,5
mean_ai,174,5,2020-10-06,control,Control,30,10-30 cm,0.406637566940857,1,0.406637566940857,Aromaticity,Bulk molecular metrics,5
mean_ai,142,3,2020-11-05,control,Control,30,10-30 cm,0.443343714644679,1,0.443343714644679,Aromaticity,Bulk molecular metrics,5
mean_ai,175,5,2020-11-05,control,Control,30,10-30 cm,0.397943687859302,1,0.397943687859302,Aromaticity,Bulk molecular metrics,5
mean_ai,143,3,2020-12-29,control,Control,30,10-30 cm,0.432471480785076,1,0.432471480785076,Aromaticity,Bulk molecular metrics,5
mean_ai,144,3,2021-02-09,control,Control,30,10-30 cm,0.393977429873982,1,0.393977429873982,Aromaticity,Bulk molecular metrics,5
mean_ai,176,5,2021-02-23,control,Control,30,10-30 cm,0.416275508829032,1,0.416275508829032,Aromaticity,Bulk molecular metrics,5
mean_ai,145,3,2021-06-03,control,Control,30,10-30 cm,0.375999970944111,1,0.375999970944111,Aromaticity,Bulk molecular metrics,5
mean_ai,109,1,2021-09-21,control,Control,30,10-30 cm,0.302524565074836,1,0.302524565074836,Aromaticity,Bulk molecular metrics,5
mean_ai,146,3,2021-12-15,control,Control,30,10-30 cm,0.427280412404715,1,0.427280412404715,Aromaticity,Bulk molecular metrics,5
mean_ai,110,1,2022-08-23,control,Control,30,10-30 cm,0.486417129650679,1,0.486417129650679,Aromaticity,Bulk molecular metrics,5
mean_ai,177,5,2022-08-23,control,Control,30,10-30 cm,0.400159855845777,1,0.400159855845777,Aromaticity,Bulk molecular metrics,5
mean_ai,111,1,2022-09-08,control,Control,30,10-30 cm,0.435294963579448,1,0.435294963579448,Aromaticity,Bulk molecular metrics,5
mean_ai,178,5,2022-09-08,control,Control,30,10-30 cm,0.357330153881878,1,0.357330153881878,Aromaticity,Bulk molecular metrics,5
mean_ai,179,5,2022-11-01,control,Control,30,10-30 cm,0.431755064675466,1,0.431755064675466,Aromaticity,Bulk molecular metrics,5
mean_ai,112,1,2022-11-16,control,Control,30,10-30 cm,0.415680682252643,1,0.415680682252643,Aromaticity,Bulk molecular metrics,5
mean_ai,113,1,2023-01-12,control,Control,30,10-30 cm,0.42393373543597,1,0.42393373543597,Aromaticity,Bulk molecular metrics,5
mean_ai,180,5,2023-01-12,control,Control,30,10-30 cm,0.366656105512635,1,0.366656105512635,Aromaticity,Bulk molecular metrics,5
mean_ai,181,5,2023-02-07,control,Control,30,10-30 cm,0.375744062047734,1,0.375744062047734,Aromaticity,Bulk molecular metrics,5
mean_ai,182,5,2023-05-02,control,Control,30,10-30 cm,0.323971679399101,1,0.323971679399101,Aromaticity,Bulk molecular metrics,5
mean_ai,114,1,2023-05-30,control,Control,30,10-30 cm,0.450332072273732,1,0.450332072273732,Aromaticity,Bulk molecular metrics,5
mean_ai,147,3,2023-05-30,control,Control,30,10-30 cm,0.411768592920374,1,0.411768592920374,Aromaticity,Bulk molecular metrics,5
mean_ai,115,1,2023-08-22,control,Control,30,10-30 cm,0.39694100142961,1,0.39694100142961,Aromaticity,Bulk molecular metrics,5
mean_ai,183,5,2023-10-03,control,Control,30,10-30 cm,0.355648634758467,1,0.355648634758467,Aromaticity,Bulk molecular metrics,5
mean_ai,116,1,2023-12-12,control,Control,30,10-30 cm,0.43759739846151,1,0.43759739846151,Aromaticity,Bulk molecular metrics,5
mean_ai,184,5,2024-04-30,control,Control,30,10-30 cm,0.339901467498423,1,0.339901467498423,Aromaticity,Bulk molecular metrics,5
mean_ai,148,4,2017-05-31,warmed,Warmed,30,10-30 cm,0.496728376950273,1,0.496728376950273,Aromaticity,Bulk molecular metrics,5
mean_ai,149,4,2017-11-22,warmed,Warmed,30,10-30 cm,0.440289682938801,1,0.440289682938801,Aromaticity,Bulk molecular metrics,5
mean_ai,150,4,2017-12-06,warmed,Warmed,30,10-30 cm,0.404105591426889,1,0.404105591426889,Aromaticity,Bulk molecular metrics,5
mean_ai,185,6,2017-12-06,warmed,Warmed,30,10-30 cm,0.194627962661491,1,0.194627962661491,Aromaticity,Bulk molecular metrics,5
mean_ai,152,4,2018-01-30,warmed,Warmed,30,10-30 cm,0.336175447474111,1,0.336175447474111,Aromaticity,Bulk molecular metrics,5
mean_ai,153,4,2018-02-27,warmed,Warmed,30,10-30 cm,0.418937706284672,1,0.418937706284672,Aromaticity,Bulk molecular metrics,5
mean_ai,154,4,2018-05-09,warmed,Warmed,30,10-30 cm,0.353140095315824,1,0.353140095315824,Aromaticity,Bulk molecular metrics,5
mean_ai,155,4,2018-11-07,warmed,Warmed,30,10-30 cm,0.34847821962647,1,0.34847821962647,Aromaticity,Bulk molecular metrics,5
mean_ai,156,4,2019-09-10,warmed,Warmed,30,10-30 cm,0.334029879868421,1,0.334029879868421,Aromaticity,Bulk molecular metrics,5
mean_ai,157,4,2019-12-03,warmed,Warmed,30,10-30 cm,0.35046286782684,1,0.35046286782684,Aromaticity,Bulk molecular metrics,5
mean_ai,158,4,2020-01-14,warmed,Warmed,30,10-30 cm,0.346104690033676,1,0.346104690033676,Aromaticity,Bulk molecular metrics,5
mean_ai,117,2,2020-02-25,warmed,Warmed,30,10-30 cm,0.392285837164694,1,0.392285837164694,Aromaticity,Bulk molecular metrics,5
mean_ai,159,4,2020-02-25,warmed,Warmed,30,10-30 cm,0.343916801099788,1,0.343916801099788,Aromaticity,Bulk molecular metrics,5
mean_ai,160,4,2020-03-10,warmed,Warmed,30,10-30 cm,0.361751128151278,1,0.361751128151278,Aromaticity,Bulk molecular metrics,5
mean_ai,161,4,2020-07-28,warmed,Warmed,30,10-30 cm,0.383378043058354,1,0.383378043058354,Aromaticity,Bulk molecular metrics,5
mean_ai,162,4,2020-09-09,warmed,Warmed,30,10-30 cm,0.416030130974144,1,0.416030130974144,Aromaticity,Bulk molecular metrics,5
mean_ai,186,6,2020-09-09,warmed,Warmed,30,10-30 cm,0.287755232375756,1,0.287755232375756,Aromaticity,Bulk molecular metrics,5
mean_ai,163,4,2020-10-06,warmed,Warmed,30,10-30 cm,0.371270407473543,1,0.371270407473543,Aromaticity,Bulk molecular metrics,5
mean_ai,187,6,2020-10-06,warmed,Warmed,30,10-30 cm,0.157743106986438,1,0.157743106986438,Aromaticity,Bulk molecular metrics,5
mean_ai,164,4,2020-11-05,warmed,Warmed,30,10-30 cm,0.359501240668602,1,0.359501240668602,Aromaticity,Bulk molecular metrics,5
mean_ai,165,4,2020-12-29,warmed,Warmed,30,10-30 cm,0.353117005904267,1,0.353117005904267,Aromaticity,Bulk molecular metrics,5
mean_ai,166,4,2021-02-09,warmed,Warmed,30,10-30 cm,0.372679867759219,1,0.372679867759219,Aromaticity,Bulk molecular metrics,5
mean_ai,188,6,2021-02-23,warmed,Warmed,30,10-30 cm,0.158482244142738,1,0.158482244142738,Aromaticity,Bulk molecular metrics,5
mean_ai,167,4,2021-06-03,warmed,Warmed,30,10-30 cm,0.44800934260887,1,0.44800934260887,Aromaticity,Bulk molecular metrics,5
mean_ai,118,2,2021-09-21,warmed,Warmed,30,10-30 cm,0.363029271043461,1,0.363029271043461,Aromaticity,Bulk molecular metrics,5
mean_ai,168,4,2021-12-15,warmed,Warmed,30,10-30 cm,0.363773518538664,1,0.363773518538664,Aromaticity,Bulk molecular metrics,5
mean_ai,119,2,2022-08-23,warmed,Warmed,30,10-30 cm,0.45107353011876,1,0.45107353011876,Aromaticity,Bulk molecular metrics,5
mean_ai,189,6,2022-08-23,warmed,Warmed,30,10-30 cm,0.474291693582046,1,0.474291693582046,Aromaticity,Bulk molecular metrics,5
mean_ai,120,2,2022-09-08,warmed,Warmed,30,10-30 cm,0.258890597706387,1,0.258890597706387,Aromaticity,Bulk molecular metrics,5
mean_ai,190,6,2022-09-08,warmed,Warmed,30,10-30 cm,0.415653710678779,1,0.415653710678779,Aromaticity,Bulk molecular metrics,5
mean_ai,191,6,2022-11-01,warmed,Warmed,30,10-30 cm,0.388574540621424,1,0.388574540621424,Aromaticity,Bulk molecular metrics,5
mean_ai,121,2,2022-11-16,warmed,Warmed,30,10-30 cm,0.36471942616342,1,0.36471942616342,Aromaticity,Bulk molecular metrics,5
mean_ai,122,2,2023-01-12,warmed,Warmed,30,10-30 cm,0.345163048686426,1,0.345163048686426,Aromaticity,Bulk molecular metrics,5
mean_ai,192,6,2023-01-12,warmed,Warmed,30,10-30 cm,0.40600461920106,1,0.40600461920106,Aromaticity,Bulk molecular metrics,5
mean_ai,193,6,2023-02-07,warmed,Warmed,30,10-30 cm,0.387108691802611,1,0.387108691802611,Aromaticity,Bulk molecular metrics,5
mean_ai,194,6,2023-05-02,warmed,Warmed,30,10-30 cm,0.383066290331761,1,0.383066290331761,Aromaticity,Bulk molecular metrics,5
mean_ai,123,2,2023-05-30,warmed,Warmed,30,10-30 cm,0.439906799379093,1,0.439906799379093,Aromaticity,Bulk molecular metrics,5
mean_ai,169,4,2023-05-30,warmed,Warmed,30,10-30 cm,0.415430403849716,1,0.415430403849716,Aromaticity,Bulk molecular metrics,5
mean_ai,124,2,2023-08-22,warmed,Warmed,30,10-30 cm,0.377104524647903,1,0.377104524647903,Aromaticity,Bulk molecular metrics,5
mean_ai,195,6,2023-10-03,warmed,Warmed,30,10-30 cm,0.414579136362201,1,0.414579136362201,Aromaticity,Bulk molecular metrics,5
mean_ai,125,2,2023-12-12,warmed,Warmed,30,10-30 cm,0.36531115333152,1,0.36531115333152,Aromaticity,Bulk molecular metrics,5
mean_ai,196,6,2024-04-30,warmed,Warmed,30,10-30 cm,0.393522259257159,1,0.393522259257159,Aromaticity,Bulk molecular metrics,5
mean_hc,1,1,2017-05-31,control,Control,10,0-10 cm,1.14100532911123,1,1.14100532911123,Mean H/C,Bulk molecular metrics,3
mean_hc,70,5,2017-05-31,control,Control,10,0-10 cm,1.04875056352914,1,1.04875056352914,Mean H/C,Bulk molecular metrics,3
mean_hc,26,3,2017-10-20,control,Control,10,0-10 cm,1.08611240721997,1,1.08611240721997,Mean H/C,Bulk molecular metrics,3
mean_hc,2,1,2017-12-06,control,Control,10,0-10 cm,1.15872099143547,1,1.15872099143547,Mean H/C,Bulk molecular metrics,3
mean_hc,27,3,2017-12-06,control,Control,10,0-10 cm,1.08413655643833,1,1.08413655643833,Mean H/C,Bulk molecular metrics,3
mean_hc,28,3,2018-01-17,control,Control,10,0-10 cm,1.09052156966777,1,1.09052156966777,Mean H/C,Bulk molecular metrics,3
mean_hc,29,3,2018-01-30,control,Control,10,0-10 cm,1.07930447668647,1,1.07930447668647,Mean H/C,Bulk molecular metrics,3
mean_hc,30,3,2018-02-13,control,Control,10,0-10 cm,1.02072426250802,1,1.02072426250802,Mean H/C,Bulk molecular metrics,3
mean_hc,31,3,2018-02-27,control,Control,10,0-10 cm,1.00828455986373,1,1.00828455986373,Mean H/C,Bulk molecular metrics,3
mean_hc,3,1,2018-05-09,control,Control,10,0-10 cm,1.13647314814659,1,1.13647314814659,Mean H/C,Bulk molecular metrics,3
mean_hc,32,3,2018-05-09,control,Control,10,0-10 cm,1.02485706534501,1,1.02485706534501,Mean H/C,Bulk molecular metrics,3
mean_hc,4,1,2018-05-22,control,Control,10,0-10 cm,1.14480965543383,1,1.14480965543383,Mean H/C,Bulk molecular metrics,3
mean_hc,33,3,2018-05-22,control,Control,10,0-10 cm,1.08263634596625,1,1.08263634596625,Mean H/C,Bulk molecular metrics,3
mean_hc,5,1,2018-10-10,control,Control,10,0-10 cm,1.18848923961396,1,1.18848923961396,Mean H/C,Bulk molecular metrics,3
mean_hc,71,5,2018-10-10,control,Control,10,0-10 cm,1.05206717756322,1,1.05206717756322,Mean H/C,Bulk molecular metrics,3
mean_hc,34,3,2018-10-23,control,Control,10,0-10 cm,1.14103516466491,1,1.14103516466491,Mean H/C,Bulk molecular metrics,3
mean_hc,72,5,2018-10-23,control,Control,10,0-10 cm,1.09708293642184,1,1.09708293642184,Mean H/C,Bulk molecular metrics,3
mean_hc,6,1,2018-11-07,control,Control,10,0-10 cm,1.15352499537689,1,1.15352499537689,Mean H/C,Bulk molecular metrics,3
mean_hc,35,3,2018-11-07,control,Control,10,0-10 cm,1.56594430225818,1,1.56594430225818,Mean H/C,Bulk molecular metrics,3
mean_hc,7,1,2019-09-10,control,Control,10,0-10 cm,1.1415742039547,1,1.1415742039547,Mean H/C,Bulk molecular metrics,3
mean_hc,73,5,2019-09-10,control,Control,10,0-10 cm,1.1110392469724,1,1.1110392469724,Mean H/C,Bulk molecular metrics,3
mean_hc,36,3,2019-11-05,control,Control,10,0-10 cm,0.951511773058392,1,0.951511773058392,Mean H/C,Bulk molecular metrics,3
mean_hc,8,1,2019-12-03,control,Control,10,0-10 cm,1.14937284999973,1,1.14937284999973,Mean H/C,Bulk molecular metrics,3
mean_hc,37,3,2019-12-17,control,Control,10,0-10 cm,1.07115991110181,1,1.07115991110181,Mean H/C,Bulk molecular metrics,3
mean_hc,74,5,2019-12-17,control,Control,10,0-10 cm,1.03973666776068,1,1.03973666776068,Mean H/C,Bulk molecular metrics,3
mean_hc,38,3,2019-12-31,control,Control,10,0-10 cm,1.03089882486971,1,1.03089882486971,Mean H/C,Bulk molecular metrics,3
mean_hc,9,1,2020-01-28,control,Control,10,0-10 cm,1.13288110019671,1,1.13288110019671,Mean H/C,Bulk molecular metrics,3
mean_hc,39,3,2020-01-28,control,Control,10,0-10 cm,1.08072346049486,1,1.08072346049486,Mean H/C,Bulk molecular metrics,3
mean_hc,75,5,2020-01-28,control,Control,10,0-10 cm,1.05639285522614,1,1.05639285522614,Mean H/C,Bulk molecular metrics,3
mean_hc,76,5,2020-02-25,control,Control,10,0-10 cm,1.09625002533608,1,1.09625002533608,Mean H/C,Bulk molecular metrics,3
mean_hc,40,3,2020-03-10,control,Control,10,0-10 cm,1.05920217567692,1,1.05920217567692,Mean H/C,Bulk molecular metrics,3
mean_hc,77,5,2020-03-10,control,Control,10,0-10 cm,1.07558088733508,1,1.07558088733508,Mean H/C,Bulk molecular metrics,3
mean_hc,78,5,2020-07-28,control,Control,10,0-10 cm,1.07028493421283,1,1.07028493421283,Mean H/C,Bulk molecular metrics,3
mean_hc,79,5,2020-09-09,control,Control,10,0-10 cm,1.08313512470919,1,1.08313512470919,Mean H/C,Bulk molecular metrics,3
mean_hc,80,5,2020-10-06,control,Control,10,0-10 cm,1.06438363599561,1,1.06438363599561,Mean H/C,Bulk molecular metrics,3
mean_hc,81,5,2020-11-05,control,Control,10,0-10 cm,1.05681739768027,1,1.05681739768027,Mean H/C,Bulk molecular metrics,3
mean_hc,82,5,2021-02-09,control,Control,10,0-10 cm,1.06412179365715,1,1.06412179365715,Mean H/C,Bulk molecular metrics,3
mean_hc,83,5,2021-02-23,control,Control,10,0-10 cm,1.07716268309619,1,1.07716268309619,Mean H/C,Bulk molecular metrics,3
mean_hc,84,5,2021-06-03,control,Control,10,0-10 cm,1.05897671218542,1,1.05897671218542,Mean H/C,Bulk molecular metrics,3
mean_hc,10,1,2021-12-15,control,Control,10,0-10 cm,1.07008251772827,1,1.07008251772827,Mean H/C,Bulk molecular metrics,3
mean_hc,41,3,2021-12-15,control,Control,10,0-10 cm,1.13119759115065,1,1.13119759115065,Mean H/C,Bulk molecular metrics,3
mean_hc,85,5,2021-12-15,control,Control,10,0-10 cm,1.07049423378533,1,1.07049423378533,Mean H/C,Bulk molecular metrics,3
mean_hc,11,1,2022-08-23,control,Control,10,0-10 cm,1.0348622750064,1,1.0348622750064,Mean H/C,Bulk molecular metrics,3
mean_hc,86,5,2022-08-23,control,Control,10,0-10 cm,1.08030440424039,1,1.08030440424039,Mean H/C,Bulk molecular metrics,3
mean_hc,12,1,2022-09-08,control,Control,10,0-10 cm,1.10837503474318,1,1.10837503474318,Mean H/C,Bulk molecular metrics,3
mean_hc,42,3,2022-09-08,control,Control,10,0-10 cm,1.05913272912077,1,1.05913272912077,Mean H/C,Bulk molecular metrics,3
mean_hc,87,5,2022-09-08,control,Control,10,0-10 cm,1.03816981089069,1,1.03816981089069,Mean H/C,Bulk molecular metrics,3
mean_hc,13,1,2022-11-16,control,Control,10,0-10 cm,1.10368683447025,1,1.10368683447025,Mean H/C,Bulk molecular metrics,3
mean_hc,43,3,2022-11-16,control,Control,10,0-10 cm,1.12343255459232,1,1.12343255459232,Mean H/C,Bulk molecular metrics,3
mean_hc,88,5,2022-11-16,control,Control,10,0-10 cm,1.03765422902685,1,1.03765422902685,Mean H/C,Bulk molecular metrics,3
mean_hc,44,3,2023-05-30,control,Control,10,0-10 cm,1.05076614346713,1,1.05076614346713,Mean H/C,Bulk molecular metrics,3
mean_hc,45,3,2023-12-27,control,Control,10,0-10 cm,1.01847710851511,1,1.01847710851511,Mean H/C,Bulk molecular metrics,3
mean_hc,46,3,2024-04-16,control,Control,10,0-10 cm,1.08219744943518,1,1.08219744943518,Mean H/C,Bulk molecular metrics,3
mean_hc,47,3,2024-04-30,control,Control,10,0-10 cm,0.970763427348319,1,0.970763427348319,Mean H/C,Bulk molecular metrics,3
mean_hc,14,2,2017-05-31,warmed,Warmed,10,0-10 cm,1.14179275861815,1,1.14179275861815,Mean H/C,Bulk molecular metrics,3
mean_hc,89,6,2017-05-31,warmed,Warmed,10,0-10 cm,1.05120253119813,1,1.05120253119813,Mean H/C,Bulk molecular metrics,3
mean_hc,48,4,2017-10-20,warmed,Warmed,10,0-10 cm,1.08202806243334,1,1.08202806243334,Mean H/C,Bulk molecular metrics,3
mean_hc,15,2,2017-12-06,warmed,Warmed,10,0-10 cm,1.08898170701938,1,1.08898170701938,Mean H/C,Bulk molecular metrics,3
mean_hc,49,4,2017-12-06,warmed,Warmed,10,0-10 cm,1.10061968479502,1,1.10061968479502,Mean H/C,Bulk molecular metrics,3
mean_hc,50,4,2018-01-17,warmed,Warmed,10,0-10 cm,1.05658320961457,1,1.05658320961457,Mean H/C,Bulk molecular metrics,3
mean_hc,51,4,2018-01-30,warmed,Warmed,10,0-10 cm,1.17957785441456,1,1.17957785441456,Mean H/C,Bulk molecular metrics,3
mean_hc,52,4,2018-02-13,warmed,Warmed,10,0-10 cm,1.09391728698471,1,1.09391728698471,Mean H/C,Bulk molecular metrics,3
mean_hc,53,4,2018-02-27,warmed,Warmed,10,0-10 cm,1.13532902841995,1,1.13532902841995,Mean H/C,Bulk molecular metrics,3
mean_hc,16,2,2018-05-09,warmed,Warmed,10,0-10 cm,1.04489661629535,1,1.04489661629535,Mean H/C,Bulk molecular metrics,3
mean_hc,54,4,2018-05-09,warmed,Warmed,10,0-10 cm,1.08801011828381,1,1.08801011828381,Mean H/C,Bulk molecular metrics,3
mean_hc,17,2,2018-05-22,warmed,Warmed,10,0-10 cm,1.00318735580449,1,1.00318735580449,Mean H/C,Bulk molecular metrics,3
mean_hc,55,4,2018-05-22,warmed,Warmed,10,0-10 cm,1.10780137224618,1,1.10780137224618,Mean H/C,Bulk molecular metrics,3
mean_hc,18,2,2018-10-10,warmed,Warmed,10,0-10 cm,1.04890993251436,1,1.04890993251436,Mean H/C,Bulk molecular metrics,3
mean_hc,90,6,2018-10-10,warmed,Warmed,10,0-10 cm,1.03268471197836,1,1.03268471197836,Mean H/C,Bulk molecular metrics,3
mean_hc,56,4,2018-10-23,warmed,Warmed,10,0-10 cm,1.11563244459288,1,1.11563244459288,Mean H/C,Bulk molecular metrics,3
mean_hc,91,6,2018-10-23,warmed,Warmed,10,0-10 cm,1.05774720103331,1,1.05774720103331,Mean H/C,Bulk molecular metrics,3
mean_hc,19,2,2018-11-07,warmed,Warmed,10,0-10 cm,1.09554679300642,1,1.09554679300642,Mean H/C,Bulk molecular metrics,3
mean_hc,57,4,2018-11-07,warmed,Warmed,10,0-10 cm,1.11191257622022,1,1.11191257622022,Mean H/C,Bulk molecular metrics,3
mean_hc,20,2,2019-09-10,warmed,Warmed,10,0-10 cm,1.17062636810221,1,1.17062636810221,Mean H/C,Bulk molecular metrics,3
mean_hc,92,6,2019-09-10,warmed,Warmed,10,0-10 cm,1.04538772626483,1,1.04538772626483,Mean H/C,Bulk molecular metrics,3
mean_hc,58,4,2019-11-05,warmed,Warmed,10,0-10 cm,1.11446601459512,1,1.11446601459512,Mean H/C,Bulk molecular metrics,3
mean_hc,21,2,2019-12-03,warmed,Warmed,10,0-10 cm,1.07837007090578,1,1.07837007090578,Mean H/C,Bulk molecular metrics,3
mean_hc,59,4,2019-12-17,warmed,Warmed,10,0-10 cm,1.08819087488073,1,1.08819087488073,Mean H/C,Bulk molecular metrics,3
mean_hc,93,6,2019-12-17,warmed,Warmed,10,0-10 cm,1.0219624699861,1,1.0219624699861,Mean H/C,Bulk molecular metrics,3
mean_hc,60,4,2019-12-31,warmed,Warmed,10,0-10 cm,1.09726097913108,1,1.09726097913108,Mean H/C,Bulk molecular metrics,3
mean_hc,22,2,2020-01-28,warmed,Warmed,10,0-10 cm,1.06463602824626,1,1.06463602824626,Mean H/C,Bulk molecular metrics,3
mean_hc,61,4,2020-01-28,warmed,Warmed,10,0-10 cm,1.06182819710299,1,1.06182819710299,Mean H/C,Bulk molecular metrics,3
mean_hc,94,6,2020-01-28,warmed,Warmed,10,0-10 cm,1.0724607473864,1,1.0724607473864,Mean H/C,Bulk molecular metrics,3
mean_hc,95,6,2020-02-25,warmed,Warmed,10,0-10 cm,1.05783038527975,1,1.05783038527975,Mean H/C,Bulk molecular metrics,3
mean_hc,62,4,2020-03-10,warmed,Warmed,10,0-10 cm,1.04784123914466,1,1.04784123914466,Mean H/C,Bulk molecular metrics,3
mean_hc,96,6,2020-03-10,warmed,Warmed,10,0-10 cm,1.07010481468851,1,1.07010481468851,Mean H/C,Bulk molecular metrics,3
mean_hc,97,6,2020-07-28,warmed,Warmed,10,0-10 cm,1.05088411470018,1,1.05088411470018,Mean H/C,Bulk molecular metrics,3
mean_hc,98,6,2020-09-09,warmed,Warmed,10,0-10 cm,1.04077585707543,1,1.04077585707543,Mean H/C,Bulk molecular metrics,3
mean_hc,99,6,2020-10-06,warmed,Warmed,10,0-10 cm,1.03300542527228,1,1.03300542527228,Mean H/C,Bulk molecular metrics,3
mean_hc,100,6,2020-11-05,warmed,Warmed,10,0-10 cm,1.06015508249113,1,1.06015508249113,Mean H/C,Bulk molecular metrics,3
mean_hc,101,6,2021-02-09,warmed,Warmed,10,0-10 cm,1.00096681154664,1,1.00096681154664,Mean H/C,Bulk molecular metrics,3
mean_hc,102,6,2021-02-23,warmed,Warmed,10,0-10 cm,1.0270164220267,1,1.0270164220267,Mean H/C,Bulk molecular metrics,3
mean_hc,103,6,2021-06-03,warmed,Warmed,10,0-10 cm,1.06970215043669,1,1.06970215043669,Mean H/C,Bulk molecular metrics,3
mean_hc,23,2,2021-12-15,warmed,Warmed,10,0-10 cm,1.05881577488138,1,1.05881577488138,Mean H/C,Bulk molecular metrics,3
mean_hc,63,4,2021-12-15,warmed,Warmed,10,0-10 cm,1.06540744405928,1,1.06540744405928,Mean H/C,Bulk molecular metrics,3
mean_hc,104,6,2021-12-15,warmed,Warmed,10,0-10 cm,0.985445188144702,1,0.985445188144702,Mean H/C,Bulk molecular metrics,3
mean_hc,24,2,2022-08-23,warmed,Warmed,10,0-10 cm,1.01875884128796,1,1.01875884128796,Mean H/C,Bulk molecular metrics,3
mean_hc,105,6,2022-08-23,warmed,Warmed,10,0-10 cm,0.959024182587356,1,0.959024182587356,Mean H/C,Bulk molecular metrics,3
mean_hc,64,4,2022-09-08,warmed,Warmed,10,0-10 cm,1.03981538286093,1,1.03981538286093,Mean H/C,Bulk molecular metrics,3
mean_hc,106,6,2022-09-08,warmed,Warmed,10,0-10 cm,0.912485281256611,1,0.912485281256611,Mean H/C,Bulk molecular metrics,3
mean_hc,25,2,2022-11-16,warmed,Warmed,10,0-10 cm,1.02594020527063,1,1.02594020527063,Mean H/C,Bulk molecular metrics,3
mean_hc,65,4,2022-11-16,warmed,Warmed,10,0-10 cm,1.0503445433786,1,1.0503445433786,Mean H/C,Bulk molecular metrics,3
mean_hc,107,6,2022-11-16,warmed,Warmed,10,0-10 cm,1.00091072493067,1,1.00091072493067,Mean H/C,Bulk molecular metrics,3
mean_hc,66,4,2023-05-30,warmed,Warmed,10,0-10 cm,1.03978719677717,1,1.03978719677717,Mean H/C,Bulk molecular metrics,3
mean_hc,67,4,2023-12-27,warmed,Warmed,10,0-10 cm,1.07513220457498,1,1.07513220457498,Mean H/C,Bulk molecular metrics,3
mean_hc,68,4,2024-04-16,warmed,Warmed,10,0-10 cm,1.03169804570472,1,1.03169804570472,Mean H/C,Bulk molecular metrics,3
mean_hc,69,4,2024-04-30,warmed,Warmed,10,0-10 cm,1.06845422753518,1,1.06845422753518,Mean H/C,Bulk molecular metrics,3
mean_hc,126,3,2017-05-31,control,Control,30,10-30 cm,1.11617322797872,1,1.11617322797872,Mean H/C,Bulk molecular metrics,3
mean_hc,127,3,2017-11-22,control,Control,30,10-30 cm,1.02184657815175,1,1.02184657815175,Mean H/C,Bulk molecular metrics,3
mean_hc,128,3,2017-12-06,control,Control,30,10-30 cm,1.43392148695855,1,1.43392148695855,Mean H/C,Bulk molecular metrics,3
mean_hc,170,5,2017-12-06,control,Control,30,10-30 cm,1.10693612608759,1,1.10693612608759,Mean H/C,Bulk molecular metrics,3
mean_hc,129,3,2018-01-03,control,Control,30,10-30 cm,1.21295498692573,1,1.21295498692573,Mean H/C,Bulk molecular metrics,3
mean_hc,130,3,2018-01-30,control,Control,30,10-30 cm,0.962932602635357,1,0.962932602635357,Mean H/C,Bulk molecular metrics,3
mean_hc,131,3,2018-02-27,control,Control,30,10-30 cm,1.19174946231963,1,1.19174946231963,Mean H/C,Bulk molecular metrics,3
mean_hc,171,5,2018-03-27,control,Control,30,10-30 cm,1.03336346636405,1,1.03336346636405,Mean H/C,Bulk molecular metrics,3
mean_hc,132,3,2018-05-09,control,Control,30,10-30 cm,1.09346268227407,1,1.09346268227407,Mean H/C,Bulk molecular metrics,3
mean_hc,172,5,2018-05-09,control,Control,30,10-30 cm,1.0589013932777,1,1.0589013932777,Mean H/C,Bulk molecular metrics,3
mean_hc,133,3,2018-11-07,control,Control,30,10-30 cm,1.07559775729346,1,1.07559775729346,Mean H/C,Bulk molecular metrics,3
mean_hc,134,3,2019-09-10,control,Control,30,10-30 cm,1.11010262309073,1,1.11010262309073,Mean H/C,Bulk molecular metrics,3
mean_hc,135,3,2019-12-03,control,Control,30,10-30 cm,0.996091939747293,1,0.996091939747293,Mean H/C,Bulk molecular metrics,3
mean_hc,136,3,2020-01-14,control,Control,30,10-30 cm,1.05535025264123,1,1.05535025264123,Mean H/C,Bulk molecular metrics,3
mean_hc,108,1,2020-02-25,control,Control,30,10-30 cm,1.11135189129789,1,1.11135189129789,Mean H/C,Bulk molecular metrics,3
mean_hc,137,3,2020-02-25,control,Control,30,10-30 cm,1.01144301474728,1,1.01144301474728,Mean H/C,Bulk molecular metrics,3
mean_hc,138,3,2020-03-10,control,Control,30,10-30 cm,1.04982644932488,1,1.04982644932488,Mean H/C,Bulk molecular metrics,3
mean_hc,139,3,2020-07-28,control,Control,30,10-30 cm,1.05803782531253,1,1.05803782531253,Mean H/C,Bulk molecular metrics,3
mean_hc,173,5,2020-07-28,control,Control,30,10-30 cm,1.04404572867775,1,1.04404572867775,Mean H/C,Bulk molecular metrics,3
mean_hc,140,3,2020-09-09,control,Control,30,10-30 cm,1.02746592496917,1,1.02746592496917,Mean H/C,Bulk molecular metrics,3
mean_hc,141,3,2020-10-06,control,Control,30,10-30 cm,1.00215932160535,1,1.00215932160535,Mean H/C,Bulk molecular metrics,3
mean_hc,174,5,2020-10-06,control,Control,30,10-30 cm,1.03099517831024,1,1.03099517831024,Mean H/C,Bulk molecular metrics,3
mean_hc,142,3,2020-11-05,control,Control,30,10-30 cm,0.976083086164012,1,0.976083086164012,Mean H/C,Bulk molecular metrics,3
mean_hc,175,5,2020-11-05,control,Control,30,10-30 cm,1.05089195426477,1,1.05089195426477,Mean H/C,Bulk molecular metrics,3
mean_hc,143,3,2020-12-29,control,Control,30,10-30 cm,1.00624379156116,1,1.00624379156116,Mean H/C,Bulk molecular metrics,3
mean_hc,144,3,2021-02-09,control,Control,30,10-30 cm,1.10235802128939,1,1.10235802128939,Mean H/C,Bulk molecular metrics,3
mean_hc,176,5,2021-02-23,control,Control,30,10-30 cm,0.994772181047101,1,0.994772181047101,Mean H/C,Bulk molecular metrics,3
mean_hc,145,3,2021-06-03,control,Control,30,10-30 cm,1.11006164163742,1,1.11006164163742,Mean H/C,Bulk molecular metrics,3
mean_hc,109,1,2021-09-21,control,Control,30,10-30 cm,1.28286515826519,1,1.28286515826519,Mean H/C,Bulk molecular metrics,3
mean_hc,146,3,2021-12-15,control,Control,30,10-30 cm,1.04118059901725,1,1.04118059901725,Mean H/C,Bulk molecular metrics,3
mean_hc,110,1,2022-08-23,control,Control,30,10-30 cm,0.943923566742559,1,0.943923566742559,Mean H/C,Bulk molecular metrics,3
mean_hc,177,5,2022-08-23,control,Control,30,10-30 cm,1.10220883985858,1,1.10220883985858,Mean H/C,Bulk molecular metrics,3
mean_hc,111,1,2022-09-08,control,Control,30,10-30 cm,1.04025900034127,1,1.04025900034127,Mean H/C,Bulk molecular metrics,3
mean_hc,178,5,2022-09-08,control,Control,30,10-30 cm,1.03453462084865,1,1.03453462084865,Mean H/C,Bulk molecular metrics,3
mean_hc,179,5,2022-11-01,control,Control,30,10-30 cm,1.02317644198318,1,1.02317644198318,Mean H/C,Bulk molecular metrics,3
mean_hc,112,1,2022-11-16,control,Control,30,10-30 cm,1.01232396614453,1,1.01232396614453,Mean H/C,Bulk molecular metrics,3
mean_hc,113,1,2023-01-12,control,Control,30,10-30 cm,1.02237555179709,1,1.02237555179709,Mean H/C,Bulk molecular metrics,3
mean_hc,180,5,2023-01-12,control,Control,30,10-30 cm,1.0147643054757,1,1.0147643054757,Mean H/C,Bulk molecular metrics,3
mean_hc,181,5,2023-02-07,control,Control,30,10-30 cm,0.99132744610479,1,0.99132744610479,Mean H/C,Bulk molecular metrics,3
mean_hc,182,5,2023-05-02,control,Control,30,10-30 cm,1.06731871449812,1,1.06731871449812,Mean H/C,Bulk molecular metrics,3
mean_hc,114,1,2023-05-30,control,Control,30,10-30 cm,1.03345001085689,1,1.03345001085689,Mean H/C,Bulk molecular metrics,3
mean_hc,147,3,2023-05-30,control,Control,30,10-30 cm,1.02945310741522,1,1.02945310741522,Mean H/C,Bulk molecular metrics,3
mean_hc,115,1,2023-08-22,control,Control,30,10-30 cm,1.05712574852521,1,1.05712574852521,Mean H/C,Bulk molecular metrics,3
mean_hc,183,5,2023-10-03,control,Control,30,10-30 cm,1.03553072454769,1,1.03553072454769,Mean H/C,Bulk molecular metrics,3
mean_hc,116,1,2023-12-12,control,Control,30,10-30 cm,0.996816925757578,1,0.996816925757578,Mean H/C,Bulk molecular metrics,3
mean_hc,184,5,2024-04-30,control,Control,30,10-30 cm,1.06238318444044,1,1.06238318444044,Mean H/C,Bulk molecular metrics,3
mean_hc,148,4,2017-05-31,warmed,Warmed,30,10-30 cm,0.938962468946081,1,0.938962468946081,Mean H/C,Bulk molecular metrics,3
mean_hc,149,4,2017-11-22,warmed,Warmed,30,10-30 cm,0.984621835438741,1,0.984621835438741,Mean H/C,Bulk molecular metrics,3
mean_hc,150,4,2017-12-06,warmed,Warmed,30,10-30 cm,0.992348006924048,1,0.992348006924048,Mean H/C,Bulk molecular metrics,3
mean_hc,185,6,2017-12-06,warmed,Warmed,30,10-30 cm,1.12188724858114,1,1.12188724858114,Mean H/C,Bulk molecular metrics,3
mean_hc,152,4,2018-01-30,warmed,Warmed,30,10-30 cm,1.0400721813304,1,1.0400721813304,Mean H/C,Bulk molecular metrics,3
mean_hc,153,4,2018-02-27,warmed,Warmed,30,10-30 cm,0.911558623976051,1,0.911558623976051,Mean H/C,Bulk molecular metrics,3
mean_hc,154,4,2018-05-09,warmed,Warmed,30,10-30 cm,1.04890971136295,1,1.04890971136295,Mean H/C,Bulk molecular metrics,3
mean_hc,155,4,2018-11-07,warmed,Warmed,30,10-30 cm,1.03080128292945,1,1.03080128292945,Mean H/C,Bulk molecular metrics,3
mean_hc,156,4,2019-09-10,warmed,Warmed,30,10-30 cm,1.05188856957292,1,1.05188856957292,Mean H/C,Bulk molecular metrics,3
mean_hc,157,4,2019-12-03,warmed,Warmed,30,10-30 cm,1.00694386461033,1,1.00694386461033,Mean H/C,Bulk molecular metrics,3
mean_hc,158,4,2020-01-14,warmed,Warmed,30,10-30 cm,1.04464243525741,1,1.04464243525741,Mean H/C,Bulk molecular metrics,3
mean_hc,117,2,2020-02-25,warmed,Warmed,30,10-30 cm,1.05114509398399,1,1.05114509398399,Mean H/C,Bulk molecular metrics,3
mean_hc,159,4,2020-02-25,warmed,Warmed,30,10-30 cm,1.0446048921575,1,1.0446048921575,Mean H/C,Bulk molecular metrics,3
mean_hc,160,4,2020-03-10,warmed,Warmed,30,10-30 cm,1.04580499262742,1,1.04580499262742,Mean H/C,Bulk molecular metrics,3
mean_hc,161,4,2020-07-28,warmed,Warmed,30,10-30 cm,0.964435732149765,1,0.964435732149765,Mean H/C,Bulk molecular metrics,3
mean_hc,162,4,2020-09-09,warmed,Warmed,30,10-30 cm,0.954591186669458,1,0.954591186669458,Mean H/C,Bulk molecular metrics,3
mean_hc,186,6,2020-09-09,warmed,Warmed,30,10-30 cm,1.06723244941067,1,1.06723244941067,Mean H/C,Bulk molecular metrics,3
mean_hc,163,4,2020-10-06,warmed,Warmed,30,10-30 cm,1.01087017724166,1,1.01087017724166,Mean H/C,Bulk molecular metrics,3
mean_hc,187,6,2020-10-06,warmed,Warmed,30,10-30 cm,1.13981229295941,1,1.13981229295941,Mean H/C,Bulk molecular metrics,3
mean_hc,164,4,2020-11-05,warmed,Warmed,30,10-30 cm,0.975032252826926,1,0.975032252826926,Mean H/C,Bulk molecular metrics,3
mean_hc,165,4,2020-12-29,warmed,Warmed,30,10-30 cm,1.01410957866252,1,1.01410957866252,Mean H/C,Bulk molecular metrics,3
mean_hc,166,4,2021-02-09,warmed,Warmed,30,10-30 cm,1.00967282138126,1,1.00967282138126,Mean H/C,Bulk molecular metrics,3
mean_hc,188,6,2021-02-23,warmed,Warmed,30,10-30 cm,1.11015049838269,1,1.11015049838269,Mean H/C,Bulk molecular metrics,3
mean_hc,167,4,2021-06-03,warmed,Warmed,30,10-30 cm,0.926101345920236,1,0.926101345920236,Mean H/C,Bulk molecular metrics,3
mean_hc,118,2,2021-09-21,warmed,Warmed,30,10-30 cm,1.06531729266262,1,1.06531729266262,Mean H/C,Bulk molecular metrics,3
mean_hc,168,4,2021-12-15,warmed,Warmed,30,10-30 cm,0.990763768422906,1,0.990763768422906,Mean H/C,Bulk molecular metrics,3
mean_hc,119,2,2022-08-23,warmed,Warmed,30,10-30 cm,0.98457400359227,1,0.98457400359227,Mean H/C,Bulk molecular metrics,3
mean_hc,189,6,2022-08-23,warmed,Warmed,30,10-30 cm,0.967116339453342,1,0.967116339453342,Mean H/C,Bulk molecular metrics,3
mean_hc,120,2,2022-09-08,warmed,Warmed,30,10-30 cm,1.54422715267824,1,1.54422715267824,Mean H/C,Bulk molecular metrics,3
mean_hc,190,6,2022-09-08,warmed,Warmed,30,10-30 cm,0.97124054875737,1,0.97124054875737,Mean H/C,Bulk molecular metrics,3
mean_hc,191,6,2022-11-01,warmed,Warmed,30,10-30 cm,1.10736065411594,1,1.10736065411594,Mean H/C,Bulk molecular metrics,3
mean_hc,121,2,2022-11-16,warmed,Warmed,30,10-30 cm,1.09216314623301,1,1.09216314623301,Mean H/C,Bulk molecular metrics,3
mean_hc,122,2,2023-01-12,warmed,Warmed,30,10-30 cm,1.14451454247966,1,1.14451454247966,Mean H/C,Bulk molecular metrics,3
mean_hc,192,6,2023-01-12,warmed,Warmed,30,10-30 cm,1.05600892587119,1,1.05600892587119,Mean H/C,Bulk molecular metrics,3
mean_hc,193,6,2023-02-07,warmed,Warmed,30,10-30 cm,1.07777461134773,1,1.07777461134773,Mean H/C,Bulk molecular metrics,3
mean_hc,194,6,2023-05-02,warmed,Warmed,30,10-30 cm,1.10265434793224,1,1.10265434793224,Mean H/C,Bulk molecular metrics,3
mean_hc,123,2,2023-05-30,warmed,Warmed,30,10-30 cm,0.984728789224908,1,0.984728789224908,Mean H/C,Bulk molecular metrics,3
mean_hc,169,4,2023-05-30,warmed,Warmed,30,10-30 cm,0.951241754462144,1,0.951241754462144,Mean H/C,Bulk molecular metrics,3
mean_hc,124,2,2023-08-22,warmed,Warmed,30,10-30 cm,1.09191650888326,1,1.09191650888326,Mean H/C,Bulk molecular metrics,3
mean_hc,195,6,2023-10-03,warmed,Warmed,30,10-30 cm,1.02208321615607,1,1.02208321615607,Mean H/C,Bulk molecular metrics,3
mean_hc,125,2,2023-12-12,warmed,Warmed,30,10-30 cm,1.11417845359149,1,1.11417845359149,Mean H/C,Bulk molecular metrics,3
mean_hc,196,6,2024-04-30,warmed,Warmed,30,10-30 cm,1.03908720483386,1,1.03908720483386,Mean H/C,Bulk molecular metrics,3
mean_nosc,1,1,2017-05-31,control,Control,10,0-10 cm,-0.388599443603992,1,-0.388599443603992,Mean NOSC,Bulk molecular metrics,2
mean_nosc,70,5,2017-05-31,control,Control,10,0-10 cm,-0.400810628031344,1,-0.400810628031344,Mean NOSC,Bulk molecular metrics,2
mean_nosc,26,3,2017-10-20,control,Control,10,0-10 cm,-0.551874981065233,1,-0.551874981065233,Mean NOSC,Bulk molecular metrics,2
mean_nosc,2,1,2017-12-06,control,Control,10,0-10 cm,-0.403394058224192,1,-0.403394058224192,Mean NOSC,Bulk molecular metrics,2
mean_nosc,27,3,2017-12-06,control,Control,10,0-10 cm,-0.190244149031229,1,-0.190244149031229,Mean NOSC,Bulk molecular metrics,2
mean_nosc,28,3,2018-01-17,control,Control,10,0-10 cm,-0.512316265567959,1,-0.512316265567959,Mean NOSC,Bulk molecular metrics,2
mean_nosc,29,3,2018-01-30,control,Control,10,0-10 cm,-0.459527062042587,1,-0.459527062042587,Mean NOSC,Bulk molecular metrics,2
mean_nosc,30,3,2018-02-13,control,Control,10,0-10 cm,-0.533852423324399,1,-0.533852423324399,Mean NOSC,Bulk molecular metrics,2
mean_nosc,31,3,2018-02-27,control,Control,10,0-10 cm,-0.589196694465334,1,-0.589196694465334,Mean NOSC,Bulk molecular metrics,2
mean_nosc,3,1,2018-05-09,control,Control,10,0-10 cm,-0.411312764108134,1,-0.411312764108134,Mean NOSC,Bulk molecular metrics,2
mean_nosc,32,3,2018-05-09,control,Control,10,0-10 cm,-0.583173129961382,1,-0.583173129961382,Mean NOSC,Bulk molecular metrics,2
mean_nosc,4,1,2018-05-22,control,Control,10,0-10 cm,-0.401566510771441,1,-0.401566510771441,Mean NOSC,Bulk molecular metrics,2
mean_nosc,33,3,2018-05-22,control,Control,10,0-10 cm,-0.626206225208024,1,-0.626206225208024,Mean NOSC,Bulk molecular metrics,2
mean_nosc,5,1,2018-10-10,control,Control,10,0-10 cm,-0.426837569068144,1,-0.426837569068144,Mean NOSC,Bulk molecular metrics,2
mean_nosc,71,5,2018-10-10,control,Control,10,0-10 cm,-0.467919180870329,1,-0.467919180870329,Mean NOSC,Bulk molecular metrics,2
mean_nosc,34,3,2018-10-23,control,Control,10,0-10 cm,-0.480966864511532,1,-0.480966864511532,Mean NOSC,Bulk molecular metrics,2
mean_nosc,72,5,2018-10-23,control,Control,10,0-10 cm,-0.509964138646522,1,-0.509964138646522,Mean NOSC,Bulk molecular metrics,2
mean_nosc,6,1,2018-11-07,control,Control,10,0-10 cm,-0.434799802768483,1,-0.434799802768483,Mean NOSC,Bulk molecular metrics,2
mean_nosc,35,3,2018-11-07,control,Control,10,0-10 cm,-0.83802278984964,1,-0.83802278984964,Mean NOSC,Bulk molecular metrics,2
mean_nosc,7,1,2019-09-10,control,Control,10,0-10 cm,-0.432016965631344,1,-0.432016965631344,Mean NOSC,Bulk molecular metrics,2
mean_nosc,73,5,2019-09-10,control,Control,10,0-10 cm,-0.406934343554849,1,-0.406934343554849,Mean NOSC,Bulk molecular metrics,2
mean_nosc,36,3,2019-11-05,control,Control,10,0-10 cm,-0.581581761595171,1,-0.581581761595171,Mean NOSC,Bulk molecular metrics,2
mean_nosc,8,1,2019-12-03,control,Control,10,0-10 cm,-0.38042659789746,1,-0.38042659789746,Mean NOSC,Bulk molecular metrics,2
mean_nosc,37,3,2019-12-17,control,Control,10,0-10 cm,-0.690188507669201,1,-0.690188507669201,Mean NOSC,Bulk molecular metrics,2
mean_nosc,74,5,2019-12-17,control,Control,10,0-10 cm,-0.448535268646629,1,-0.448535268646629,Mean NOSC,Bulk molecular metrics,2
mean_nosc,38,3,2019-12-31,control,Control,10,0-10 cm,-0.6390764255372,1,-0.6390764255372,Mean NOSC,Bulk molecular metrics,2
mean_nosc,9,1,2020-01-28,control,Control,10,0-10 cm,-0.309126187446995,1,-0.309126187446995,Mean NOSC,Bulk molecular metrics,2
mean_nosc,39,3,2020-01-28,control,Control,10,0-10 cm,-0.649285432146859,1,-0.649285432146859,Mean NOSC,Bulk molecular metrics,2
mean_nosc,75,5,2020-01-28,control,Control,10,0-10 cm,-0.409628099161373,1,-0.409628099161373,Mean NOSC,Bulk molecular metrics,2
mean_nosc,76,5,2020-02-25,control,Control,10,0-10 cm,-0.478440498841957,1,-0.478440498841957,Mean NOSC,Bulk molecular metrics,2
mean_nosc,40,3,2020-03-10,control,Control,10,0-10 cm,-0.653666251201886,1,-0.653666251201886,Mean NOSC,Bulk molecular metrics,2
mean_nosc,77,5,2020-03-10,control,Control,10,0-10 cm,-0.448661982010686,1,-0.448661982010686,Mean NOSC,Bulk molecular metrics,2
mean_nosc,78,5,2020-07-28,control,Control,10,0-10 cm,-0.381151925975785,1,-0.381151925975785,Mean NOSC,Bulk molecular metrics,2
mean_nosc,79,5,2020-09-09,control,Control,10,0-10 cm,-0.400050812785564,1,-0.400050812785564,Mean NOSC,Bulk molecular metrics,2
mean_nosc,80,5,2020-10-06,control,Control,10,0-10 cm,-0.471651626426407,1,-0.471651626426407,Mean NOSC,Bulk molecular metrics,2
mean_nosc,81,5,2020-11-05,control,Control,10,0-10 cm,-0.443095078793492,1,-0.443095078793492,Mean NOSC,Bulk molecular metrics,2
mean_nosc,82,5,2021-02-09,control,Control,10,0-10 cm,-0.486639518493949,1,-0.486639518493949,Mean NOSC,Bulk molecular metrics,2
mean_nosc,83,5,2021-02-23,control,Control,10,0-10 cm,-0.476998850055294,1,-0.476998850055294,Mean NOSC,Bulk molecular metrics,2
mean_nosc,84,5,2021-06-03,control,Control,10,0-10 cm,-0.506229997455514,1,-0.506229997455514,Mean NOSC,Bulk molecular metrics,2
mean_nosc,10,1,2021-12-15,control,Control,10,0-10 cm,-0.474290158421361,1,-0.474290158421361,Mean NOSC,Bulk molecular metrics,2
mean_nosc,41,3,2021-12-15,control,Control,10,0-10 cm,-0.776997867971875,1,-0.776997867971875,Mean NOSC,Bulk molecular metrics,2
mean_nosc,85,5,2021-12-15,control,Control,10,0-10 cm,-0.491220082567184,1,-0.491220082567184,Mean NOSC,Bulk molecular metrics,2
mean_nosc,11,1,2022-08-23,control,Control,10,0-10 cm,-0.496581372942867,1,-0.496581372942867,Mean NOSC,Bulk molecular metrics,2
mean_nosc,86,5,2022-08-23,control,Control,10,0-10 cm,-0.511347091731356,1,-0.511347091731356,Mean NOSC,Bulk molecular metrics,2
mean_nosc,12,1,2022-09-08,control,Control,10,0-10 cm,-0.461204660410384,1,-0.461204660410384,Mean NOSC,Bulk molecular metrics,2
mean_nosc,42,3,2022-09-08,control,Control,10,0-10 cm,-0.634009004828006,1,-0.634009004828006,Mean NOSC,Bulk molecular metrics,2
mean_nosc,87,5,2022-09-08,control,Control,10,0-10 cm,-0.44151202287904,1,-0.44151202287904,Mean NOSC,Bulk molecular metrics,2
mean_nosc,13,1,2022-11-16,control,Control,10,0-10 cm,-0.528367726324329,1,-0.528367726324329,Mean NOSC,Bulk molecular metrics,2
mean_nosc,43,3,2022-11-16,control,Control,10,0-10 cm,-0.740700273232085,1,-0.740700273232085,Mean NOSC,Bulk molecular metrics,2
mean_nosc,88,5,2022-11-16,control,Control,10,0-10 cm,-0.479070082422155,1,-0.479070082422155,Mean NOSC,Bulk molecular metrics,2
mean_nosc,44,3,2023-05-30,control,Control,10,0-10 cm,-0.616872297119507,1,-0.616872297119507,Mean NOSC,Bulk molecular metrics,2
mean_nosc,45,3,2023-12-27,control,Control,10,0-10 cm,-0.640834740541875,1,-0.640834740541875,Mean NOSC,Bulk molecular metrics,2
mean_nosc,46,3,2024-04-16,control,Control,10,0-10 cm,-0.747032284050099,1,-0.747032284050099,Mean NOSC,Bulk molecular metrics,2
mean_nosc,47,3,2024-04-30,control,Control,10,0-10 cm,-0.534597316433,1,-0.534597316433,Mean NOSC,Bulk molecular metrics,2
mean_nosc,14,2,2017-05-31,warmed,Warmed,10,0-10 cm,-0.283018626109613,1,-0.283018626109613,Mean NOSC,Bulk molecular metrics,2
mean_nosc,89,6,2017-05-31,warmed,Warmed,10,0-10 cm,-0.347294797075855,1,-0.347294797075855,Mean NOSC,Bulk molecular metrics,2
mean_nosc,48,4,2017-10-20,warmed,Warmed,10,0-10 cm,-0.397183813183837,1,-0.397183813183837,Mean NOSC,Bulk molecular metrics,2
mean_nosc,15,2,2017-12-06,warmed,Warmed,10,0-10 cm,-0.517532183794162,1,-0.517532183794162,Mean NOSC,Bulk molecular metrics,2
mean_nosc,49,4,2017-12-06,warmed,Warmed,10,0-10 cm,-0.253616689101179,1,-0.253616689101179,Mean NOSC,Bulk molecular metrics,2
mean_nosc,50,4,2018-01-17,warmed,Warmed,10,0-10 cm,-0.329805262203309,1,-0.329805262203309,Mean NOSC,Bulk molecular metrics,2
mean_nosc,51,4,2018-01-30,warmed,Warmed,10,0-10 cm,-0.361804217769494,1,-0.361804217769494,Mean NOSC,Bulk molecular metrics,2
mean_nosc,52,4,2018-02-13,warmed,Warmed,10,0-10 cm,-0.355446873040486,1,-0.355446873040486,Mean NOSC,Bulk molecular metrics,2
mean_nosc,53,4,2018-02-27,warmed,Warmed,10,0-10 cm,-0.367675801311078,1,-0.367675801311078,Mean NOSC,Bulk molecular metrics,2
mean_nosc,16,2,2018-05-09,warmed,Warmed,10,0-10 cm,-0.420588565466819,1,-0.420588565466819,Mean NOSC,Bulk molecular metrics,2
mean_nosc,54,4,2018-05-09,warmed,Warmed,10,0-10 cm,-0.253833433890426,1,-0.253833433890426,Mean NOSC,Bulk molecular metrics,2
mean_nosc,17,2,2018-05-22,warmed,Warmed,10,0-10 cm,-0.473101061653318,1,-0.473101061653318,Mean NOSC,Bulk molecular metrics,2
mean_nosc,55,4,2018-05-22,warmed,Warmed,10,0-10 cm,-0.363739031019671,1,-0.363739031019671,Mean NOSC,Bulk molecular metrics,2
mean_nosc,18,2,2018-10-10,warmed,Warmed,10,0-10 cm,-0.523250572141448,1,-0.523250572141448,Mean NOSC,Bulk molecular metrics,2
mean_nosc,90,6,2018-10-10,warmed,Warmed,10,0-10 cm,-0.476308859996864,1,-0.476308859996864,Mean NOSC,Bulk molecular metrics,2
mean_nosc,56,4,2018-10-23,warmed,Warmed,10,0-10 cm,-0.286700411796047,1,-0.286700411796047,Mean NOSC,Bulk molecular metrics,2
mean_nosc,91,6,2018-10-23,warmed,Warmed,10,0-10 cm,-0.494651235679961,1,-0.494651235679961,Mean NOSC,Bulk molecular metrics,2
mean_nosc,19,2,2018-11-07,warmed,Warmed,10,0-10 cm,-0.54764555263887,1,-0.54764555263887,Mean NOSC,Bulk molecular metrics,2
mean_nosc,57,4,2018-11-07,warmed,Warmed,10,0-10 cm,-0.342736628912428,1,-0.342736628912428,Mean NOSC,Bulk molecular metrics,2
mean_nosc,20,2,2019-09-10,warmed,Warmed,10,0-10 cm,-0.477822637657129,1,-0.477822637657129,Mean NOSC,Bulk molecular metrics,2
mean_nosc,92,6,2019-09-10,warmed,Warmed,10,0-10 cm,-0.504598377466625,1,-0.504598377466625,Mean NOSC,Bulk molecular metrics,2
mean_nosc,58,4,2019-11-05,warmed,Warmed,10,0-10 cm,-0.254367417387892,1,-0.254367417387892,Mean NOSC,Bulk molecular metrics,2
mean_nosc,21,2,2019-12-03,warmed,Warmed,10,0-10 cm,-0.570328960753471,1,-0.570328960753471,Mean NOSC,Bulk molecular metrics,2
mean_nosc,59,4,2019-12-17,warmed,Warmed,10,0-10 cm,-0.254666395325811,1,-0.254666395325811,Mean NOSC,Bulk molecular metrics,2
mean_nosc,93,6,2019-12-17,warmed,Warmed,10,0-10 cm,-0.528513609019494,1,-0.528513609019494,Mean NOSC,Bulk molecular metrics,2
mean_nosc,60,4,2019-12-31,warmed,Warmed,10,0-10 cm,-0.268662448309494,1,-0.268662448309494,Mean NOSC,Bulk molecular metrics,2
mean_nosc,22,2,2020-01-28,warmed,Warmed,10,0-10 cm,-0.535486153720046,1,-0.535486153720046,Mean NOSC,Bulk molecular metrics,2
mean_nosc,61,4,2020-01-28,warmed,Warmed,10,0-10 cm,-0.163040391440619,1,-0.163040391440619,Mean NOSC,Bulk molecular metrics,2
mean_nosc,94,6,2020-01-28,warmed,Warmed,10,0-10 cm,-0.243749216076545,1,-0.243749216076545,Mean NOSC,Bulk molecular metrics,2
mean_nosc,95,6,2020-02-25,warmed,Warmed,10,0-10 cm,-0.543833574440026,1,-0.543833574440026,Mean NOSC,Bulk molecular metrics,2
mean_nosc,62,4,2020-03-10,warmed,Warmed,10,0-10 cm,-0.222981209146539,1,-0.222981209146539,Mean NOSC,Bulk molecular metrics,2
mean_nosc,96,6,2020-03-10,warmed,Warmed,10,0-10 cm,-0.46290647781462,1,-0.46290647781462,Mean NOSC,Bulk molecular metrics,2
mean_nosc,97,6,2020-07-28,warmed,Warmed,10,0-10 cm,-0.47302877667428,1,-0.47302877667428,Mean NOSC,Bulk molecular metrics,2
mean_nosc,98,6,2020-09-09,warmed,Warmed,10,0-10 cm,-0.479848164961101,1,-0.479848164961101,Mean NOSC,Bulk molecular metrics,2
mean_nosc,99,6,2020-10-06,warmed,Warmed,10,0-10 cm,-0.54087770643238,1,-0.54087770643238,Mean NOSC,Bulk molecular metrics,2
mean_nosc,100,6,2020-11-05,warmed,Warmed,10,0-10 cm,-0.304787741107853,1,-0.304787741107853,Mean NOSC,Bulk molecular metrics,2
mean_nosc,101,6,2021-02-09,warmed,Warmed,10,0-10 cm,-0.493517188494161,1,-0.493517188494161,Mean NOSC,Bulk molecular metrics,2
mean_nosc,102,6,2021-02-23,warmed,Warmed,10,0-10 cm,-0.489894123462548,1,-0.489894123462548,Mean NOSC,Bulk molecular metrics,2
mean_nosc,103,6,2021-06-03,warmed,Warmed,10,0-10 cm,-0.559009405554992,1,-0.559009405554992,Mean NOSC,Bulk molecular metrics,2
mean_nosc,23,2,2021-12-15,warmed,Warmed,10,0-10 cm,-0.580952277032461,1,-0.580952277032461,Mean NOSC,Bulk molecular metrics,2
mean_nosc,63,4,2021-12-15,warmed,Warmed,10,0-10 cm,-0.570658001656008,1,-0.570658001656008,Mean NOSC,Bulk molecular metrics,2
mean_nosc,104,6,2021-12-15,warmed,Warmed,10,0-10 cm,-0.587555794186129,1,-0.587555794186129,Mean NOSC,Bulk molecular metrics,2
mean_nosc,24,2,2022-08-23,warmed,Warmed,10,0-10 cm,-0.51164721887148,1,-0.51164721887148,Mean NOSC,Bulk molecular metrics,2
mean_nosc,105,6,2022-08-23,warmed,Warmed,10,0-10 cm,-0.546668672749591,1,-0.546668672749591,Mean NOSC,Bulk molecular metrics,2
mean_nosc,64,4,2022-09-08,warmed,Warmed,10,0-10 cm,-0.551259436957311,1,-0.551259436957311,Mean NOSC,Bulk molecular metrics,2
mean_nosc,106,6,2022-09-08,warmed,Warmed,10,0-10 cm,-0.650197811842274,1,-0.650197811842274,Mean NOSC,Bulk molecular metrics,2
mean_nosc,25,2,2022-11-16,warmed,Warmed,10,0-10 cm,-0.563867681099082,1,-0.563867681099082,Mean NOSC,Bulk molecular metrics,2
mean_nosc,65,4,2022-11-16,warmed,Warmed,10,0-10 cm,-0.478968382646196,1,-0.478968382646196,Mean NOSC,Bulk molecular metrics,2
mean_nosc,107,6,2022-11-16,warmed,Warmed,10,0-10 cm,-0.545909673539146,1,-0.545909673539146,Mean NOSC,Bulk molecular metrics,2
mean_nosc,66,4,2023-05-30,warmed,Warmed,10,0-10 cm,-0.571443510308798,1,-0.571443510308798,Mean NOSC,Bulk molecular metrics,2
mean_nosc,67,4,2023-12-27,warmed,Warmed,10,0-10 cm,-0.535307648133049,1,-0.535307648133049,Mean NOSC,Bulk molecular metrics,2
mean_nosc,68,4,2024-04-16,warmed,Warmed,10,0-10 cm,-0.514216594334392,1,-0.514216594334392,Mean NOSC,Bulk molecular metrics,2
mean_nosc,69,4,2024-04-30,warmed,Warmed,10,0-10 cm,-0.579598478946774,1,-0.579598478946774,Mean NOSC,Bulk molecular metrics,2
mean_nosc,126,3,2017-05-31,control,Control,30,10-30 cm,-0.636470645960003,1,-0.636470645960003,Mean NOSC,Bulk molecular metrics,2
mean_nosc,127,3,2017-11-22,control,Control,30,10-30 cm,-0.522869755317081,1,-0.522869755317081,Mean NOSC,Bulk molecular metrics,2
mean_nosc,128,3,2017-12-06,control,Control,30,10-30 cm,-0.460492549432251,1,-0.460492549432251,Mean NOSC,Bulk molecular metrics,2
mean_nosc,170,5,2017-12-06,control,Control,30,10-30 cm,-0.644340902287603,1,-0.644340902287603,Mean NOSC,Bulk molecular metrics,2
mean_nosc,129,3,2018-01-03,control,Control,30,10-30 cm,-0.73311441187431,1,-0.73311441187431,Mean NOSC,Bulk molecular metrics,2
mean_nosc,130,3,2018-01-30,control,Control,30,10-30 cm,-0.500362670807743,1,-0.500362670807743,Mean NOSC,Bulk molecular metrics,2
mean_nosc,131,3,2018-02-27,control,Control,30,10-30 cm,-0.755513369139035,1,-0.755513369139035,Mean NOSC,Bulk molecular metrics,2
mean_nosc,171,5,2018-03-27,control,Control,30,10-30 cm,-0.633425063612576,1,-0.633425063612576,Mean NOSC,Bulk molecular metrics,2
mean_nosc,132,3,2018-05-09,control,Control,30,10-30 cm,-0.637249834772541,1,-0.637249834772541,Mean NOSC,Bulk molecular metrics,2
mean_nosc,172,5,2018-05-09,control,Control,30,10-30 cm,-0.655913168806344,1,-0.655913168806344,Mean NOSC,Bulk molecular metrics,2
mean_nosc,133,3,2018-11-07,control,Control,30,10-30 cm,-0.571190415434055,1,-0.571190415434055,Mean NOSC,Bulk molecular metrics,2
mean_nosc,134,3,2019-09-10,control,Control,30,10-30 cm,-0.703439003856193,1,-0.703439003856193,Mean NOSC,Bulk molecular metrics,2
mean_nosc,135,3,2019-12-03,control,Control,30,10-30 cm,-0.558202811275619,1,-0.558202811275619,Mean NOSC,Bulk molecular metrics,2
mean_nosc,136,3,2020-01-14,control,Control,30,10-30 cm,-0.576170568202168,1,-0.576170568202168,Mean NOSC,Bulk molecular metrics,2
mean_nosc,108,1,2020-02-25,control,Control,30,10-30 cm,-0.763067851377917,1,-0.763067851377917,Mean NOSC,Bulk molecular metrics,2
mean_nosc,137,3,2020-02-25,control,Control,30,10-30 cm,-0.526195076614806,1,-0.526195076614806,Mean NOSC,Bulk molecular metrics,2
mean_nosc,138,3,2020-03-10,control,Control,30,10-30 cm,-0.620204925248282,1,-0.620204925248282,Mean NOSC,Bulk molecular metrics,2
mean_nosc,139,3,2020-07-28,control,Control,30,10-30 cm,-0.681404553684031,1,-0.681404553684031,Mean NOSC,Bulk molecular metrics,2
mean_nosc,173,5,2020-07-28,control,Control,30,10-30 cm,-0.643428232590152,1,-0.643428232590152,Mean NOSC,Bulk molecular metrics,2
mean_nosc,140,3,2020-09-09,control,Control,30,10-30 cm,-0.597782133652118,1,-0.597782133652118,Mean NOSC,Bulk molecular metrics,2
mean_nosc,141,3,2020-10-06,control,Control,30,10-30 cm,-0.595900258424203,1,-0.595900258424203,Mean NOSC,Bulk molecular metrics,2
mean_nosc,174,5,2020-10-06,control,Control,30,10-30 cm,-0.669995473087645,1,-0.669995473087645,Mean NOSC,Bulk molecular metrics,2
mean_nosc,142,3,2020-11-05,control,Control,30,10-30 cm,-0.594193473917519,1,-0.594193473917519,Mean NOSC,Bulk molecular metrics,2
mean_nosc,175,5,2020-11-05,control,Control,30,10-30 cm,-0.713885569641208,1,-0.713885569641208,Mean NOSC,Bulk molecular metrics,2
mean_nosc,143,3,2020-12-29,control,Control,30,10-30 cm,-0.616285922559594,1,-0.616285922559594,Mean NOSC,Bulk molecular metrics,2
mean_nosc,144,3,2021-02-09,control,Control,30,10-30 cm,-0.750693412386368,1,-0.750693412386368,Mean NOSC,Bulk molecular metrics,2
mean_nosc,176,5,2021-02-23,control,Control,30,10-30 cm,-0.611414787805335,1,-0.611414787805335,Mean NOSC,Bulk molecular metrics,2
mean_nosc,145,3,2021-06-03,control,Control,30,10-30 cm,-0.702449668299798,1,-0.702449668299798,Mean NOSC,Bulk molecular metrics,2
mean_nosc,109,1,2021-09-21,control,Control,30,10-30 cm,-0.929023282988013,1,-0.929023282988013,Mean NOSC,Bulk molecular metrics,2
mean_nosc,146,3,2021-12-15,control,Control,30,10-30 cm,-0.578893493495228,1,-0.578893493495228,Mean NOSC,Bulk molecular metrics,2
mean_nosc,110,1,2022-08-23,control,Control,30,10-30 cm,-0.652786371583604,1,-0.652786371583604,Mean NOSC,Bulk molecular metrics,2
mean_nosc,177,5,2022-08-23,control,Control,30,10-30 cm,-0.72312522366713,1,-0.72312522366713,Mean NOSC,Bulk molecular metrics,2
mean_nosc,111,1,2022-09-08,control,Control,30,10-30 cm,-0.707039462852119,1,-0.707039462852119,Mean NOSC,Bulk molecular metrics,2
mean_nosc,178,5,2022-09-08,control,Control,30,10-30 cm,-0.269607792834338,1,-0.269607792834338,Mean NOSC,Bulk molecular metrics,2
mean_nosc,179,5,2022-11-01,control,Control,30,10-30 cm,-0.720707889949507,1,-0.720707889949507,Mean NOSC,Bulk molecular metrics,2
mean_nosc,112,1,2022-11-16,control,Control,30,10-30 cm,-0.612940607510384,1,-0.612940607510384,Mean NOSC,Bulk molecular metrics,2
mean_nosc,113,1,2023-01-12,control,Control,30,10-30 cm,-0.630781415416529,1,-0.630781415416529,Mean NOSC,Bulk molecular metrics,2
mean_nosc,180,5,2023-01-12,control,Control,30,10-30 cm,-0.555356168851548,1,-0.555356168851548,Mean NOSC,Bulk molecular metrics,2
mean_nosc,181,5,2023-02-07,control,Control,30,10-30 cm,-0.528516211708537,1,-0.528516211708537,Mean NOSC,Bulk molecular metrics,2
mean_nosc,182,5,2023-05-02,control,Control,30,10-30 cm,-0.56439064272841,1,-0.56439064272841,Mean NOSC,Bulk molecular metrics,2
mean_nosc,114,1,2023-05-30,control,Control,30,10-30 cm,-0.705393401231405,1,-0.705393401231405,Mean NOSC,Bulk molecular metrics,2
mean_nosc,147,3,2023-05-30,control,Control,30,10-30 cm,-0.520987551654901,1,-0.520987551654901,Mean NOSC,Bulk molecular metrics,2
mean_nosc,115,1,2023-08-22,control,Control,30,10-30 cm,-0.5836081598139,1,-0.5836081598139,Mean NOSC,Bulk molecular metrics,2
mean_nosc,183,5,2023-10-03,control,Control,30,10-30 cm,-0.549486379417149,1,-0.549486379417149,Mean NOSC,Bulk molecular metrics,2
mean_nosc,116,1,2023-12-12,control,Control,30,10-30 cm,-0.498442897503735,1,-0.498442897503735,Mean NOSC,Bulk molecular metrics,2
mean_nosc,184,5,2024-04-30,control,Control,30,10-30 cm,-0.557051704480358,1,-0.557051704480358,Mean NOSC,Bulk molecular metrics,2
mean_nosc,148,4,2017-05-31,warmed,Warmed,30,10-30 cm,-0.60111475825186,1,-0.60111475825186,Mean NOSC,Bulk molecular metrics,2
mean_nosc,149,4,2017-11-22,warmed,Warmed,30,10-30 cm,-0.527764042584495,1,-0.527764042584495,Mean NOSC,Bulk molecular metrics,2
mean_nosc,150,4,2017-12-06,warmed,Warmed,30,10-30 cm,-0.571998565845337,1,-0.571998565845337,Mean NOSC,Bulk molecular metrics,2
mean_nosc,185,6,2017-12-06,warmed,Warmed,30,10-30 cm,-0.367000981420255,1,-0.367000981420255,Mean NOSC,Bulk molecular metrics,2
mean_nosc,152,4,2018-01-30,warmed,Warmed,30,10-30 cm,-0.479454868214392,1,-0.479454868214392,Mean NOSC,Bulk molecular metrics,2
mean_nosc,153,4,2018-02-27,warmed,Warmed,30,10-30 cm,-0.411099911352201,1,-0.411099911352201,Mean NOSC,Bulk molecular metrics,2
mean_nosc,154,4,2018-05-09,warmed,Warmed,30,10-30 cm,-0.558086035546617,1,-0.558086035546617,Mean NOSC,Bulk molecular metrics,2
mean_nosc,155,4,2018-11-07,warmed,Warmed,30,10-30 cm,-0.514427233166665,1,-0.514427233166665,Mean NOSC,Bulk molecular metrics,2
mean_nosc,156,4,2019-09-10,warmed,Warmed,30,10-30 cm,-0.550391888244829,1,-0.550391888244829,Mean NOSC,Bulk molecular metrics,2
mean_nosc,157,4,2019-12-03,warmed,Warmed,30,10-30 cm,-0.498148494581137,1,-0.498148494581137,Mean NOSC,Bulk molecular metrics,2
mean_nosc,158,4,2020-01-14,warmed,Warmed,30,10-30 cm,-0.551120923098747,1,-0.551120923098747,Mean NOSC,Bulk molecular metrics,2
mean_nosc,117,2,2020-02-25,warmed,Warmed,30,10-30 cm,-0.623612192821964,1,-0.623612192821964,Mean NOSC,Bulk molecular metrics,2
mean_nosc,159,4,2020-02-25,warmed,Warmed,30,10-30 cm,-0.543752394768545,1,-0.543752394768545,Mean NOSC,Bulk molecular metrics,2
mean_nosc,160,4,2020-03-10,warmed,Warmed,30,10-30 cm,-0.592285464067005,1,-0.592285464067005,Mean NOSC,Bulk molecular metrics,2
mean_nosc,161,4,2020-07-28,warmed,Warmed,30,10-30 cm,-0.501904078611227,1,-0.501904078611227,Mean NOSC,Bulk molecular metrics,2
mean_nosc,162,4,2020-09-09,warmed,Warmed,30,10-30 cm,-0.558661485166672,1,-0.558661485166672,Mean NOSC,Bulk molecular metrics,2
mean_nosc,186,6,2020-09-09,warmed,Warmed,30,10-30 cm,-0.443614824831016,1,-0.443614824831016,Mean NOSC,Bulk molecular metrics,2
mean_nosc,163,4,2020-10-06,warmed,Warmed,30,10-30 cm,-0.495969337828664,1,-0.495969337828664,Mean NOSC,Bulk molecular metrics,2
mean_nosc,187,6,2020-10-06,warmed,Warmed,30,10-30 cm,-0.348918266727753,1,-0.348918266727753,Mean NOSC,Bulk molecular metrics,2
mean_nosc,164,4,2020-11-05,warmed,Warmed,30,10-30 cm,-0.485744896643233,1,-0.485744896643233,Mean NOSC,Bulk molecular metrics,2
mean_nosc,165,4,2020-12-29,warmed,Warmed,30,10-30 cm,-0.528237244702685,1,-0.528237244702685,Mean NOSC,Bulk molecular metrics,2
mean_nosc,166,4,2021-02-09,warmed,Warmed,30,10-30 cm,-0.557362105387237,1,-0.557362105387237,Mean NOSC,Bulk molecular metrics,2
mean_nosc,188,6,2021-02-23,warmed,Warmed,30,10-30 cm,-0.232704210044698,1,-0.232704210044698,Mean NOSC,Bulk molecular metrics,2
mean_nosc,167,4,2021-06-03,warmed,Warmed,30,10-30 cm,-0.550173267233373,1,-0.550173267233373,Mean NOSC,Bulk molecular metrics,2
mean_nosc,118,2,2021-09-21,warmed,Warmed,30,10-30 cm,-0.548677278489247,1,-0.548677278489247,Mean NOSC,Bulk molecular metrics,2
mean_nosc,168,4,2021-12-15,warmed,Warmed,30,10-30 cm,-0.510747718106699,1,-0.510747718106699,Mean NOSC,Bulk molecular metrics,2
mean_nosc,119,2,2022-08-23,warmed,Warmed,30,10-30 cm,-0.619163271137676,1,-0.619163271137676,Mean NOSC,Bulk molecular metrics,2
mean_nosc,189,6,2022-08-23,warmed,Warmed,30,10-30 cm,-0.576209321353557,1,-0.576209321353557,Mean NOSC,Bulk molecular metrics,2
mean_nosc,120,2,2022-09-08,warmed,Warmed,30,10-30 cm,-0.43523033126294,1,-0.43523033126294,Mean NOSC,Bulk molecular metrics,2
mean_nosc,190,6,2022-09-08,warmed,Warmed,30,10-30 cm,-0.514392613179065,1,-0.514392613179065,Mean NOSC,Bulk molecular metrics,2
mean_nosc,191,6,2022-11-01,warmed,Warmed,30,10-30 cm,-0.675769680083683,1,-0.675769680083683,Mean NOSC,Bulk molecular metrics,2
mean_nosc,121,2,2022-11-16,warmed,Warmed,30,10-30 cm,-0.609617382673849,1,-0.609617382673849,Mean NOSC,Bulk molecular metrics,2
mean_nosc,122,2,2023-01-12,warmed,Warmed,30,10-30 cm,-0.655349717107023,1,-0.655349717107023,Mean NOSC,Bulk molecular metrics,2
mean_nosc,192,6,2023-01-12,warmed,Warmed,30,10-30 cm,-0.593160202947364,1,-0.593160202947364,Mean NOSC,Bulk molecular metrics,2
mean_nosc,193,6,2023-02-07,warmed,Warmed,30,10-30 cm,-0.617549087306428,1,-0.617549087306428,Mean NOSC,Bulk molecular metrics,2
mean_nosc,194,6,2023-05-02,warmed,Warmed,30,10-30 cm,-0.541278527851534,1,-0.541278527851534,Mean NOSC,Bulk molecular metrics,2
mean_nosc,123,2,2023-05-30,warmed,Warmed,30,10-30 cm,-0.566222000212443,1,-0.566222000212443,Mean NOSC,Bulk molecular metrics,2
mean_nosc,169,4,2023-05-30,warmed,Warmed,30,10-30 cm,-0.532300219730749,1,-0.532300219730749,Mean NOSC,Bulk molecular metrics,2
mean_nosc,124,2,2023-08-22,warmed,Warmed,30,10-30 cm,-0.624881853822915,1,-0.624881853822915,Mean NOSC,Bulk molecular metrics,2
mean_nosc,195,6,2023-10-03,warmed,Warmed,30,10-30 cm,-0.565495941880118,1,-0.565495941880118,Mean NOSC,Bulk molecular metrics,2
mean_nosc,125,2,2023-12-12,warmed,Warmed,30,10-30 cm,-0.613614077173571,1,-0.613614077173571,Mean NOSC,Bulk molecular metrics,2
mean_nosc,196,6,2024-04-30,warmed,Warmed,30,10-30 cm,-0.523081905692379,1,-0.523081905692379,Mean NOSC,Bulk molecular metrics,2
mean_oc,1,1,2017-05-31,control,Control,10,0-10 cm,0.360781817814691,1,0.360781817814691,Mean O/C,Bulk molecular metrics,4
mean_oc,70,5,2017-05-31,control,Control,10,0-10 cm,0.302624139036957,1,0.302624139036957,Mean O/C,Bulk molecular metrics,4
mean_oc,26,3,2017-10-20,control,Control,10,0-10 cm,0.23148949141557,1,0.23148949141557,Mean O/C,Bulk molecular metrics,4
mean_oc,2,1,2017-12-06,control,Control,10,0-10 cm,0.359691216533092,1,0.359691216533092,Mean O/C,Bulk molecular metrics,4
mean_oc,27,3,2017-12-06,control,Control,10,0-10 cm,0.411295492713163,1,0.411295492713163,Mean O/C,Bulk molecular metrics,4
mean_oc,28,3,2018-01-17,control,Control,10,0-10 cm,0.263838318228226,1,0.263838318228226,Mean O/C,Bulk molecular metrics,4
mean_oc,29,3,2018-01-30,control,Control,10,0-10 cm,0.289649201847256,1,0.289649201847256,Mean O/C,Bulk molecular metrics,4
mean_oc,30,3,2018-02-13,control,Control,10,0-10 cm,0.210161190711178,1,0.210161190711178,Mean O/C,Bulk molecular metrics,4
mean_oc,31,3,2018-02-27,control,Control,10,0-10 cm,0.182138588455439,1,0.182138588455439,Mean O/C,Bulk molecular metrics,4
mean_oc,3,1,2018-05-09,control,Control,10,0-10 cm,0.339909502940581,1,0.339909502940581,Mean O/C,Bulk molecular metrics,4
mean_oc,32,3,2018-05-09,control,Control,10,0-10 cm,0.184420796644248,1,0.184420796644248,Mean O/C,Bulk molecular metrics,4
mean_oc,4,1,2018-05-22,control,Control,10,0-10 cm,0.357072167217379,1,0.357072167217379,Mean O/C,Bulk molecular metrics,4
mean_oc,33,3,2018-05-22,control,Control,10,0-10 cm,0.158824848261525,1,0.158824848261525,Mean O/C,Bulk molecular metrics,4
mean_oc,5,1,2018-10-10,control,Control,10,0-10 cm,0.362084779791827,1,0.362084779791827,Mean O/C,Bulk molecular metrics,4
mean_oc,71,5,2018-10-10,control,Control,10,0-10 cm,0.277329280232401,1,0.277329280232401,Mean O/C,Bulk molecular metrics,4
mean_oc,34,3,2018-10-23,control,Control,10,0-10 cm,0.296589275751935,1,0.296589275751935,Mean O/C,Bulk molecular metrics,4
mean_oc,72,5,2018-10-23,control,Control,10,0-10 cm,0.258902817615776,1,0.258902817615776,Mean O/C,Bulk molecular metrics,4
mean_oc,6,1,2018-11-07,control,Control,10,0-10 cm,0.339995573572565,1,0.339995573572565,Mean O/C,Bulk molecular metrics,4
mean_oc,35,3,2018-11-07,control,Control,10,0-10 cm,0.265222458630163,1,0.265222458630163,Mean O/C,Bulk molecular metrics,4
mean_oc,7,1,2019-09-10,control,Control,10,0-10 cm,0.334149027678319,1,0.334149027678319,Mean O/C,Bulk molecular metrics,4
mean_oc,73,5,2019-09-10,control,Control,10,0-10 cm,0.319374890382,1,0.319374890382,Mean O/C,Bulk molecular metrics,4
mean_oc,36,3,2019-11-05,control,Control,10,0-10 cm,0.156308171016363,1,0.156308171016363,Mean O/C,Bulk molecular metrics,4
mean_oc,8,1,2019-12-03,control,Control,10,0-10 cm,0.375015606951208,1,0.375015606951208,Mean O/C,Bulk molecular metrics,4
mean_oc,37,3,2019-12-17,control,Control,10,0-10 cm,0.163599243251485,1,0.163599243251485,Mean O/C,Bulk molecular metrics,4
mean_oc,74,5,2019-12-17,control,Control,10,0-10 cm,0.276991310434168,1,0.276991310434168,Mean O/C,Bulk molecular metrics,4
mean_oc,38,3,2019-12-31,control,Control,10,0-10 cm,0.164985989257553,1,0.164985989257553,Mean O/C,Bulk molecular metrics,4
mean_oc,9,1,2020-01-28,control,Control,10,0-10 cm,0.399328541045965,1,0.399328541045965,Mean O/C,Bulk molecular metrics,4
mean_oc,39,3,2020-01-28,control,Control,10,0-10 cm,0.181159998592894,1,0.181159998592894,Mean O/C,Bulk molecular metrics,4
mean_oc,75,5,2020-01-28,control,Control,10,0-10 cm,0.308369530753758,1,0.308369530753758,Mean O/C,Bulk molecular metrics,4
mean_oc,76,5,2020-02-25,control,Control,10,0-10 cm,0.291750083726194,1,0.291750083726194,Mean O/C,Bulk molecular metrics,4
mean_oc,40,3,2020-03-10,control,Control,10,0-10 cm,0.166456783176818,1,0.166456783176818,Mean O/C,Bulk molecular metrics,4
mean_oc,77,5,2020-03-10,control,Control,10,0-10 cm,0.295983794420518,1,0.295983794420518,Mean O/C,Bulk molecular metrics,4
mean_oc,78,5,2020-07-28,control,Control,10,0-10 cm,0.320320145627103,1,0.320320145627103,Mean O/C,Bulk molecular metrics,4
mean_oc,79,5,2020-09-09,control,Control,10,0-10 cm,0.320029069690771,1,0.320029069690771,Mean O/C,Bulk molecular metrics,4
mean_oc,80,5,2020-10-06,control,Control,10,0-10 cm,0.278319465239662,1,0.278319465239662,Mean O/C,Bulk molecular metrics,4
mean_oc,81,5,2020-11-05,control,Control,10,0-10 cm,0.280209502964677,1,0.280209502964677,Mean O/C,Bulk molecular metrics,4
mean_oc,82,5,2021-02-09,control,Control,10,0-10 cm,0.261338605136796,1,0.261338605136796,Mean O/C,Bulk molecular metrics,4
mean_oc,83,5,2021-02-23,control,Control,10,0-10 cm,0.268481897177113,1,0.268481897177113,Mean O/C,Bulk molecular metrics,4
mean_oc,84,5,2021-06-03,control,Control,10,0-10 cm,0.250271539820038,1,0.250271539820038,Mean O/C,Bulk molecular metrics,4
mean_oc,10,1,2021-12-15,control,Control,10,0-10 cm,0.268099124861696,1,0.268099124861696,Mean O/C,Bulk molecular metrics,4
mean_oc,41,3,2021-12-15,control,Control,10,0-10 cm,0.144628004588314,1,0.144628004588314,Mean O/C,Bulk molecular metrics,4
mean_oc,85,5,2021-12-15,control,Control,10,0-10 cm,0.248623859693026,1,0.248623859693026,Mean O/C,Bulk molecular metrics,4
mean_oc,11,1,2022-08-23,control,Control,10,0-10 cm,0.245126064527353,1,0.245126064527353,Mean O/C,Bulk molecular metrics,4
mean_oc,86,5,2022-08-23,control,Control,10,0-10 cm,0.263515500172885,1,0.263515500172885,Mean O/C,Bulk molecular metrics,4
mean_oc,12,1,2022-09-08,control,Control,10,0-10 cm,0.308184183959695,1,0.308184183959695,Mean O/C,Bulk molecular metrics,4
mean_oc,42,3,2022-09-08,control,Control,10,0-10 cm,0.176968983500091,1,0.176968983500091,Mean O/C,Bulk molecular metrics,4
mean_oc,87,5,2022-09-08,control,Control,10,0-10 cm,0.279864094070934,1,0.279864094070934,Mean O/C,Bulk molecular metrics,4
mean_oc,13,1,2022-11-16,control,Control,10,0-10 cm,0.263056708993543,1,0.263056708993543,Mean O/C,Bulk molecular metrics,4
mean_oc,43,3,2022-11-16,control,Control,10,0-10 cm,0.161952742345003,1,0.161952742345003,Mean O/C,Bulk molecular metrics,4
mean_oc,88,5,2022-11-16,control,Control,10,0-10 cm,0.252933280167026,1,0.252933280167026,Mean O/C,Bulk molecular metrics,4
mean_oc,44,3,2023-05-30,control,Control,10,0-10 cm,0.142933814376134,1,0.142933814376134,Mean O/C,Bulk molecular metrics,4
mean_oc,45,3,2023-12-27,control,Control,10,0-10 cm,0.152356408507488,1,0.152356408507488,Mean O/C,Bulk molecular metrics,4
mean_oc,46,3,2024-04-16,control,Control,10,0-10 cm,0.127816570594021,1,0.127816570594021,Mean O/C,Bulk molecular metrics,4
mean_oc,47,3,2024-04-30,control,Control,10,0-10 cm,0.141865291925424,1,0.141865291925424,Mean O/C,Bulk molecular metrics,4
mean_oc,14,2,2017-05-31,warmed,Warmed,10,0-10 cm,0.406442126878686,1,0.406442126878686,Mean O/C,Bulk molecular metrics,4
mean_oc,89,6,2017-05-31,warmed,Warmed,10,0-10 cm,0.333415187018446,1,0.333415187018446,Mean O/C,Bulk molecular metrics,4
mean_oc,48,4,2017-10-20,warmed,Warmed,10,0-10 cm,0.322274600854291,1,0.322274600854291,Mean O/C,Bulk molecular metrics,4
mean_oc,15,2,2017-12-06,warmed,Warmed,10,0-10 cm,0.255260975348103,1,0.255260975348103,Mean O/C,Bulk molecular metrics,4
mean_oc,49,4,2017-12-06,warmed,Warmed,10,0-10 cm,0.387205972493032,1,0.387205972493032,Mean O/C,Bulk molecular metrics,4
mean_oc,50,4,2018-01-17,warmed,Warmed,10,0-10 cm,0.339305156188006,1,0.339305156188006,Mean O/C,Bulk molecular metrics,4
mean_oc,51,4,2018-01-30,warmed,Warmed,10,0-10 cm,0.371667772954534,1,0.371667772954534,Mean O/C,Bulk molecular metrics,4
mean_oc,52,4,2018-02-13,warmed,Warmed,10,0-10 cm,0.338738587766987,1,0.338738587766987,Mean O/C,Bulk molecular metrics,4
mean_oc,53,4,2018-02-27,warmed,Warmed,10,0-10 cm,0.351180040465763,1,0.351180040465763,Mean O/C,Bulk molecular metrics,4
mean_oc,16,2,2018-05-09,warmed,Warmed,10,0-10 cm,0.291941468240253,1,0.291941468240253,Mean O/C,Bulk molecular metrics,4
mean_oc,54,4,2018-05-09,warmed,Warmed,10,0-10 cm,0.390970258063096,1,0.390970258063096,Mean O/C,Bulk molecular metrics,4
mean_oc,17,2,2018-05-22,warmed,Warmed,10,0-10 cm,0.2237302845921,1,0.2237302845921,Mean O/C,Bulk molecular metrics,4
mean_oc,55,4,2018-05-22,warmed,Warmed,10,0-10 cm,0.338596708386893,1,0.338596708386893,Mean O/C,Bulk molecular metrics,4
mean_oc,18,2,2018-10-10,warmed,Warmed,10,0-10 cm,0.240891388752363,1,0.240891388752363,Mean O/C,Bulk molecular metrics,4
mean_oc,90,6,2018-10-10,warmed,Warmed,10,0-10 cm,0.240306059878742,1,0.240306059878742,Mean O/C,Bulk molecular metrics,4
mean_oc,56,4,2018-10-23,warmed,Warmed,10,0-10 cm,0.374426115237001,1,0.374426115237001,Mean O/C,Bulk molecular metrics,4
mean_oc,91,6,2018-10-23,warmed,Warmed,10,0-10 cm,0.236749131859206,1,0.236749131859206,Mean O/C,Bulk molecular metrics,4
mean_oc,19,2,2018-11-07,warmed,Warmed,10,0-10 cm,0.232763716060944,1,0.232763716060944,Mean O/C,Bulk molecular metrics,4
mean_oc,57,4,2018-11-07,warmed,Warmed,10,0-10 cm,0.361313849350207,1,0.361313849350207,Mean O/C,Bulk molecular metrics,4
mean_oc,20,2,2019-09-10,warmed,Warmed,10,0-10 cm,0.297710947694713,1,0.297710947694713,Mean O/C,Bulk molecular metrics,4
mean_oc,92,6,2019-09-10,warmed,Warmed,10,0-10 cm,0.247217872806388,1,0.247217872806388,Mean O/C,Bulk molecular metrics,4
mean_oc,58,4,2019-11-05,warmed,Warmed,10,0-10 cm,0.395190418816446,1,0.395190418816446,Mean O/C,Bulk molecular metrics,4
mean_oc,21,2,2019-12-03,warmed,Warmed,10,0-10 cm,0.229635640385615,1,0.229635640385615,Mean O/C,Bulk molecular metrics,4
mean_oc,59,4,2019-12-17,warmed,Warmed,10,0-10 cm,0.388675794177611,1,0.388675794177611,Mean O/C,Bulk molecular metrics,4
mean_oc,93,6,2019-12-17,warmed,Warmed,10,0-10 cm,0.222283715949976,1,0.222283715949976,Mean O/C,Bulk molecular metrics,4
mean_oc,60,4,2019-12-31,warmed,Warmed,10,0-10 cm,0.374048876519972,1,0.374048876519972,Mean O/C,Bulk molecular metrics,4
mean_oc,22,2,2020-01-28,warmed,Warmed,10,0-10 cm,0.230184782758697,1,0.230184782758697,Mean O/C,Bulk molecular metrics,4
mean_oc,61,4,2020-01-28,warmed,Warmed,10,0-10 cm,0.401814037946551,1,0.401814037946551,Mean O/C,Bulk molecular metrics,4
mean_oc,94,6,2020-01-28,warmed,Warmed,10,0-10 cm,0.392329889905819,1,0.392329889905819,Mean O/C,Bulk molecular metrics,4
mean_oc,95,6,2020-02-25,warmed,Warmed,10,0-10 cm,0.239371619485082,1,0.239371619485082,Mean O/C,Bulk molecular metrics,4
mean_oc,62,4,2020-03-10,warmed,Warmed,10,0-10 cm,0.365497791227899,1,0.365497791227899,Mean O/C,Bulk molecular metrics,4
mean_oc,96,6,2020-03-10,warmed,Warmed,10,0-10 cm,0.277231786703224,1,0.277231786703224,Mean O/C,Bulk molecular metrics,4
mean_oc,97,6,2020-07-28,warmed,Warmed,10,0-10 cm,0.266742183802616,1,0.266742183802616,Mean O/C,Bulk molecular metrics,4
mean_oc,98,6,2020-09-09,warmed,Warmed,10,0-10 cm,0.25839473779677,1,0.25839473779677,Mean O/C,Bulk molecular metrics,4
mean_oc,99,6,2020-10-06,warmed,Warmed,10,0-10 cm,0.223836066035054,1,0.223836066035054,Mean O/C,Bulk molecular metrics,4
mean_oc,100,6,2020-11-05,warmed,Warmed,10,0-10 cm,0.346887083606243,1,0.346887083606243,Mean O/C,Bulk molecular metrics,4
mean_oc,101,6,2021-02-09,warmed,Warmed,10,0-10 cm,0.235991487853036,1,0.235991487853036,Mean O/C,Bulk molecular metrics,4
mean_oc,102,6,2021-02-23,warmed,Warmed,10,0-10 cm,0.248832491472253,1,0.248832491472253,Mean O/C,Bulk molecular metrics,4
mean_oc,103,6,2021-06-03,warmed,Warmed,10,0-10 cm,0.232377067330196,1,0.232377067330196,Mean O/C,Bulk molecular metrics,4
mean_oc,23,2,2021-12-15,warmed,Warmed,10,0-10 cm,0.213433240582353,1,0.213433240582353,Mean O/C,Bulk molecular metrics,4
mean_oc,63,4,2021-12-15,warmed,Warmed,10,0-10 cm,0.216801868058104,1,0.216801868058104,Mean O/C,Bulk molecular metrics,4
mean_oc,104,6,2021-12-15,warmed,Warmed,10,0-10 cm,0.174145970053199,1,0.174145970053199,Mean O/C,Bulk molecular metrics,4
mean_oc,24,2,2022-08-23,warmed,Warmed,10,0-10 cm,0.230865279247857,1,0.230865279247857,Mean O/C,Bulk molecular metrics,4
mean_oc,105,6,2022-08-23,warmed,Warmed,10,0-10 cm,0.184073452647485,1,0.184073452647485,Mean O/C,Bulk molecular metrics,4
mean_oc,64,4,2022-09-08,warmed,Warmed,10,0-10 cm,0.215970235371011,1,0.215970235371011,Mean O/C,Bulk molecular metrics,4
mean_oc,106,6,2022-09-08,warmed,Warmed,10,0-10 cm,0.10363433621045,1,0.10363433621045,Mean O/C,Bulk molecular metrics,4
mean_oc,25,2,2022-11-16,warmed,Warmed,10,0-10 cm,0.207802558085511,1,0.207802558085511,Mean O/C,Bulk molecular metrics,4
mean_oc,65,4,2022-11-16,warmed,Warmed,10,0-10 cm,0.258909988314364,1,0.258909988314364,Mean O/C,Bulk molecular metrics,4
mean_oc,107,6,2022-11-16,warmed,Warmed,10,0-10 cm,0.201320952573703,1,0.201320952573703,Mean O/C,Bulk molecular metrics,4
mean_oc,66,4,2023-05-30,warmed,Warmed,10,0-10 cm,0.20586013951361,1,0.20586013951361,Mean O/C,Bulk molecular metrics,4
mean_oc,67,4,2023-12-27,warmed,Warmed,10,0-10 cm,0.242508067712709,1,0.242508067712709,Mean O/C,Bulk molecular metrics,4
mean_oc,68,4,2024-04-16,warmed,Warmed,10,0-10 cm,0.227225781661129,1,0.227225781661129,Mean O/C,Bulk molecular metrics,4
mean_oc,69,4,2024-04-30,warmed,Warmed,10,0-10 cm,0.212756967785091,1,0.212756967785091,Mean O/C,Bulk molecular metrics,4
mean_oc,126,3,2017-05-31,control,Control,30,10-30 cm,0.171325807906562,1,0.171325807906562,Mean O/C,Bulk molecular metrics,4
mean_oc,127,3,2017-11-22,control,Control,30,10-30 cm,0.192254853048264,1,0.192254853048264,Mean O/C,Bulk molecular metrics,4
mean_oc,128,3,2017-12-06,control,Control,30,10-30 cm,0.381275969098208,1,0.381275969098208,Mean O/C,Bulk molecular metrics,4
mean_oc,170,5,2017-12-06,control,Control,30,10-30 cm,0.175816579201482,1,0.175816579201482,Mean O/C,Bulk molecular metrics,4
mean_oc,129,3,2018-01-03,control,Control,30,10-30 cm,0.202228213026581,1,0.202228213026581,Mean O/C,Bulk molecular metrics,4
mean_oc,130,3,2018-01-30,control,Control,30,10-30 cm,0.187552173124859,1,0.187552173124859,Mean O/C,Bulk molecular metrics,4
mean_oc,131,3,2018-02-27,control,Control,30,10-30 cm,0.189348065049131,1,0.189348065049131,Mean O/C,Bulk molecular metrics,4
mean_oc,171,5,2018-03-27,control,Control,30,10-30 cm,0.148893803414514,1,0.148893803414514,Mean O/C,Bulk molecular metrics,4
mean_oc,132,3,2018-05-09,control,Control,30,10-30 cm,0.201980916407467,1,0.201980916407467,Mean O/C,Bulk molecular metrics,4
mean_oc,172,5,2018-05-09,control,Control,30,10-30 cm,0.170243176455514,1,0.170243176455514,Mean O/C,Bulk molecular metrics,4
mean_oc,133,3,2018-11-07,control,Control,30,10-30 cm,0.222171516974203,1,0.222171516974203,Mean O/C,Bulk molecular metrics,4
mean_oc,134,3,2019-09-10,control,Control,30,10-30 cm,0.168666969920173,1,0.168666969920173,Mean O/C,Bulk molecular metrics,4
mean_oc,135,3,2019-12-03,control,Control,30,10-30 cm,0.178268126890318,1,0.178268126890318,Mean O/C,Bulk molecular metrics,4
mean_oc,136,3,2020-01-14,control,Control,30,10-30 cm,0.20913411747856,1,0.20913411747856,Mean O/C,Bulk molecular metrics,4
mean_oc,108,1,2020-02-25,control,Control,30,10-30 cm,0.143274819838341,1,0.143274819838341,Mean O/C,Bulk molecular metrics,4
mean_oc,137,3,2020-02-25,control,Control,30,10-30 cm,0.211300202664588,1,0.211300202664588,Mean O/C,Bulk molecular metrics,4
mean_oc,138,3,2020-03-10,control,Control,30,10-30 cm,0.189525467722657,1,0.189525467722657,Mean O/C,Bulk molecular metrics,4
mean_oc,139,3,2020-07-28,control,Control,30,10-30 cm,0.167921359644493,1,0.167921359644493,Mean O/C,Bulk molecular metrics,4
mean_oc,173,5,2020-07-28,control,Control,30,10-30 cm,0.177032069082153,1,0.177032069082153,Mean O/C,Bulk molecular metrics,4
mean_oc,140,3,2020-09-09,control,Control,30,10-30 cm,0.187559810520721,1,0.187559810520721,Mean O/C,Bulk molecular metrics,4
mean_oc,141,3,2020-10-06,control,Control,30,10-30 cm,0.17083802203727,1,0.17083802203727,Mean O/C,Bulk molecular metrics,4
mean_oc,174,5,2020-10-06,control,Control,30,10-30 cm,0.155313854211858,1,0.155313854211858,Mean O/C,Bulk molecular metrics,4
mean_oc,142,3,2020-11-05,control,Control,30,10-30 cm,0.159629255357506,1,0.159629255357506,Mean O/C,Bulk molecular metrics,4
mean_oc,175,5,2020-11-05,control,Control,30,10-30 cm,0.1443693195903,1,0.1443693195903,Mean O/C,Bulk molecular metrics,4
mean_oc,143,3,2020-12-29,control,Control,30,10-30 cm,0.157662708367314,1,0.157662708367314,Mean O/C,Bulk molecular metrics,4
mean_oc,144,3,2021-02-09,control,Control,30,10-30 cm,0.144895712245039,1,0.144895712245039,Mean O/C,Bulk molecular metrics,4
mean_oc,176,5,2021-02-23,control,Control,30,10-30 cm,0.165002511253273,1,0.165002511253273,Mean O/C,Bulk molecular metrics,4
mean_oc,145,3,2021-06-03,control,Control,30,10-30 cm,0.171139755747323,1,0.171139755747323,Mean O/C,Bulk molecular metrics,4
mean_oc,109,1,2021-09-21,control,Control,30,10-30 cm,0.147860940450028,1,0.147860940450028,Mean O/C,Bulk molecular metrics,4
mean_oc,146,3,2021-12-15,control,Control,30,10-30 cm,0.18286790765662,1,0.18286790765662,Mean O/C,Bulk molecular metrics,4
mean_oc,110,1,2022-08-23,control,Control,30,10-30 cm,0.110893735592903,1,0.110893735592903,Mean O/C,Bulk molecular metrics,4
mean_oc,177,5,2022-08-23,control,Control,30,10-30 cm,0.168197603195599,1,0.168197603195599,Mean O/C,Bulk molecular metrics,4
mean_oc,111,1,2022-09-08,control,Control,30,10-30 cm,0.133735033388791,1,0.133735033388791,Mean O/C,Bulk molecular metrics,4
mean_oc,178,5,2022-09-08,control,Control,30,10-30 cm,0.316082913416129,1,0.316082913416129,Mean O/C,Bulk molecular metrics,4
mean_oc,179,5,2022-11-01,control,Control,30,10-30 cm,0.127248235643834,1,0.127248235643834,Mean O/C,Bulk molecular metrics,4
mean_oc,112,1,2022-11-16,control,Control,30,10-30 cm,0.169762303591929,1,0.169762303591929,Mean O/C,Bulk molecular metrics,4
mean_oc,113,1,2023-01-12,control,Control,30,10-30 cm,0.163099117145006,1,0.163099117145006,Mean O/C,Bulk molecular metrics,4
mean_oc,180,5,2023-01-12,control,Control,30,10-30 cm,0.210417848861928,1,0.210417848861928,Mean O/C,Bulk molecular metrics,4
mean_oc,181,5,2023-02-07,control,Control,30,10-30 cm,0.212192219838742,1,0.212192219838742,Mean O/C,Bulk molecular metrics,4
mean_oc,182,5,2023-05-02,control,Control,30,10-30 cm,0.229582717113419,1,0.229582717113419,Mean O/C,Bulk molecular metrics,4
mean_oc,114,1,2023-05-30,control,Control,30,10-30 cm,0.120702633507657,1,0.120702633507657,Mean O/C,Bulk molecular metrics,4
mean_oc,147,3,2023-05-30,control,Control,30,10-30 cm,0.187429060156901,1,0.187429060156901,Mean O/C,Bulk molecular metrics,4
mean_oc,115,1,2023-08-22,control,Control,30,10-30 cm,0.175603070536192,1,0.175603070536192,Mean O/C,Bulk molecular metrics,4
mean_oc,183,5,2023-10-03,control,Control,30,10-30 cm,0.213026990125812,1,0.213026990125812,Mean O/C,Bulk molecular metrics,4
mean_oc,116,1,2023-12-12,control,Control,30,10-30 cm,0.180456222412462,1,0.180456222412462,Mean O/C,Bulk molecular metrics,4
mean_oc,184,5,2024-04-30,control,Control,30,10-30 cm,0.22236754031546,1,0.22236754031546,Mean O/C,Bulk molecular metrics,4
mean_oc,148,4,2017-05-31,warmed,Warmed,30,10-30 cm,0.126380220974058,1,0.126380220974058,Mean O/C,Bulk molecular metrics,4
mean_oc,149,4,2017-11-22,warmed,Warmed,30,10-30 cm,0.175871029033874,1,0.175871029033874,Mean O/C,Bulk molecular metrics,4
mean_oc,150,4,2017-12-06,warmed,Warmed,30,10-30 cm,0.184335105386364,1,0.184335105386364,Mean O/C,Bulk molecular metrics,4
mean_oc,185,6,2017-12-06,warmed,Warmed,30,10-30 cm,0.35713348571292,1,0.35713348571292,Mean O/C,Bulk molecular metrics,4
mean_oc,152,4,2018-01-30,warmed,Warmed,30,10-30 cm,0.253351533095699,1,0.253351533095699,Mean O/C,Bulk molecular metrics,4
mean_oc,153,4,2018-02-27,warmed,Warmed,30,10-30 cm,0.214969019512818,1,0.214969019512818,Mean O/C,Bulk molecular metrics,4
mean_oc,154,4,2018-05-09,warmed,Warmed,30,10-30 cm,0.217739783699688,1,0.217739783699688,Mean O/C,Bulk molecular metrics,4
mean_oc,155,4,2018-11-07,warmed,Warmed,30,10-30 cm,0.234497226937173,1,0.234497226937173,Mean O/C,Bulk molecular metrics,4
mean_oc,156,4,2019-09-10,warmed,Warmed,30,10-30 cm,0.23029936914787,1,0.23029936914787,Mean O/C,Bulk molecular metrics,4
mean_oc,157,4,2019-12-03,warmed,Warmed,30,10-30 cm,0.23609433218512,1,0.23609433218512,Mean O/C,Bulk molecular metrics,4
mean_oc,158,4,2020-01-14,warmed,Warmed,30,10-30 cm,0.223758208372308,1,0.223758208372308,Mean O/C,Bulk molecular metrics,4
mean_oc,117,2,2020-02-25,warmed,Warmed,30,10-30 cm,0.181275630620691,1,0.181275630620691,Mean O/C,Bulk molecular metrics,4
mean_oc,159,4,2020-02-25,warmed,Warmed,30,10-30 cm,0.227793691607062,1,0.227793691607062,Mean O/C,Bulk molecular metrics,4
mean_oc,160,4,2020-03-10,warmed,Warmed,30,10-30 cm,0.205701756472572,1,0.205701756472572,Mean O/C,Bulk molecular metrics,4
mean_oc,161,4,2020-07-28,warmed,Warmed,30,10-30 cm,0.212524828536125,1,0.212524828536125,Mean O/C,Bulk molecular metrics,4
mean_oc,162,4,2020-09-09,warmed,Warmed,30,10-30 cm,0.180237639698635,1,0.180237639698635,Mean O/C,Bulk molecular metrics,4
mean_oc,186,6,2020-09-09,warmed,Warmed,30,10-30 cm,0.284501243949486,1,0.284501243949486,Mean O/C,Bulk molecular metrics,4
mean_oc,163,4,2020-10-06,warmed,Warmed,30,10-30 cm,0.218544168122678,1,0.218544168122678,Mean O/C,Bulk molecular metrics,4
mean_oc,187,6,2020-10-06,warmed,Warmed,30,10-30 cm,0.383338846299381,1,0.383338846299381,Mean O/C,Bulk molecular metrics,4
mean_oc,164,4,2020-11-05,warmed,Warmed,30,10-30 cm,0.230475320728265,1,0.230475320728265,Mean O/C,Bulk molecular metrics,4
mean_oc,165,4,2020-12-29,warmed,Warmed,30,10-30 cm,0.220550309099072,1,0.220550309099072,Mean O/C,Bulk molecular metrics,4
mean_oc,166,4,2021-02-09,warmed,Warmed,30,10-30 cm,0.202102781248335,1,0.202102781248335,Mean O/C,Bulk molecular metrics,4
mean_oc,188,6,2021-02-23,warmed,Warmed,30,10-30 cm,0.422033506513252,1,0.422033506513252,Mean O/C,Bulk molecular metrics,4
mean_oc,167,4,2021-06-03,warmed,Warmed,30,10-30 cm,0.164245887448424,1,0.164245887448424,Mean O/C,Bulk molecular metrics,4
mean_oc,118,2,2021-09-21,warmed,Warmed,30,10-30 cm,0.214495858990485,1,0.214495858990485,Mean O/C,Bulk molecular metrics,4
mean_oc,168,4,2021-12-15,warmed,Warmed,30,10-30 cm,0.22245059727384,1,0.22245059727384,Mean O/C,Bulk molecular metrics,4
mean_oc,119,2,2022-08-23,warmed,Warmed,30,10-30 cm,0.144493721666843,1,0.144493721666843,Mean O/C,Bulk molecular metrics,4
mean_oc,189,6,2022-08-23,warmed,Warmed,30,10-30 cm,0.141073413165057,1,0.141073413165057,Mean O/C,Bulk molecular metrics,4
mean_oc,120,2,2022-09-08,warmed,Warmed,30,10-30 cm,0.370635086531826,1,0.370635086531826,Mean O/C,Bulk molecular metrics,4
mean_oc,190,6,2022-09-08,warmed,Warmed,30,10-30 cm,0.192046884712667,1,0.192046884712667,Mean O/C,Bulk molecular metrics,4
mean_oc,191,6,2022-11-01,warmed,Warmed,30,10-30 cm,0.161022085130744,1,0.161022085130744,Mean O/C,Bulk molecular metrics,4
mean_oc,121,2,2022-11-16,warmed,Warmed,30,10-30 cm,0.202455520956482,1,0.202455520956482,Mean O/C,Bulk molecular metrics,4
mean_oc,122,2,2023-01-12,warmed,Warmed,30,10-30 cm,0.205204150910625,1,0.205204150910625,Mean O/C,Bulk molecular metrics,4
mean_oc,192,6,2023-01-12,warmed,Warmed,30,10-30 cm,0.178904069011797,1,0.178904069011797,Mean O/C,Bulk molecular metrics,4
mean_oc,193,6,2023-02-07,warmed,Warmed,30,10-30 cm,0.18336986600369,1,0.18336986600369,Mean O/C,Bulk molecular metrics,4
mean_oc,194,6,2023-05-02,warmed,Warmed,30,10-30 cm,0.20128446190218,1,0.20128446190218,Mean O/C,Bulk molecular metrics,4
mean_oc,123,2,2023-05-30,warmed,Warmed,30,10-30 cm,0.171116979406319,1,0.171116979406319,Mean O/C,Bulk molecular metrics,4
mean_oc,169,4,2023-05-30,warmed,Warmed,30,10-30 cm,0.184797536608049,1,0.184797536608049,Mean O/C,Bulk molecular metrics,4
mean_oc,124,2,2023-08-22,warmed,Warmed,30,10-30 cm,0.189369768132045,1,0.189369768132045,Mean O/C,Bulk molecular metrics,4
mean_oc,195,6,2023-10-03,warmed,Warmed,30,10-30 cm,0.179887806542478,1,0.179887806542478,Mean O/C,Bulk molecular metrics,4
mean_oc,125,2,2023-12-12,warmed,Warmed,30,10-30 cm,0.203476705986283,1,0.203476705986283,Mean O/C,Bulk molecular metrics,4
mean_oc,196,6,2024-04-30,warmed,Warmed,30,10-30 cm,0.197073601774007,1,0.197073601774007,Mean O/C,Bulk molecular metrics,4
richness,1,1,2017-05-31,control,Control,10,0-10 cm,163,1,163,Formula richness,Bulk molecular metrics,1
richness,70,5,2017-05-31,control,Control,10,0-10 cm,461,1,461,Formula richness,Bulk molecular metrics,1
richness,26,3,2017-10-20,control,Control,10,0-10 cm,326,1,326,Formula richness,Bulk molecular metrics,1
richness,2,1,2017-12-06,control,Control,10,0-10 cm,432,1,432,Formula richness,Bulk molecular metrics,1
richness,27,3,2017-12-06,control,Control,10,0-10 cm,1691,1,1691,Formula richness,Bulk molecular metrics,1
richness,28,3,2018-01-17,control,Control,10,0-10 cm,141,1,141,Formula richness,Bulk molecular metrics,1
richness,29,3,2018-01-30,control,Control,10,0-10 cm,635,1,635,Formula richness,Bulk molecular metrics,1
richness,30,3,2018-02-13,control,Control,10,0-10 cm,60,1,60,Formula richness,Bulk molecular metrics,1
richness,31,3,2018-02-27,control,Control,10,0-10 cm,123,1,123,Formula richness,Bulk molecular metrics,1
richness,3,1,2018-05-09,control,Control,10,0-10 cm,534,1,534,Formula richness,Bulk molecular metrics,1
richness,32,3,2018-05-09,control,Control,10,0-10 cm,210,1,210,Formula richness,Bulk molecular metrics,1
richness,4,1,2018-05-22,control,Control,10,0-10 cm,172,1,172,Formula richness,Bulk molecular metrics,1
richness,33,3,2018-05-22,control,Control,10,0-10 cm,53,1,53,Formula richness,Bulk molecular metrics,1
richness,5,1,2018-10-10,control,Control,10,0-10 cm,206,1,206,Formula richness,Bulk molecular metrics,1
richness,71,5,2018-10-10,control,Control,10,0-10 cm,151,1,151,Formula richness,Bulk molecular metrics,1
richness,34,3,2018-10-23,control,Control,10,0-10 cm,108,1,108,Formula richness,Bulk molecular metrics,1
richness,72,5,2018-10-23,control,Control,10,0-10 cm,1125,1,1125,Formula richness,Bulk molecular metrics,1
richness,6,1,2018-11-07,control,Control,10,0-10 cm,286,1,286,Formula richness,Bulk molecular metrics,1
richness,35,3,2018-11-07,control,Control,10,0-10 cm,18,1,18,Formula richness,Bulk molecular metrics,1
richness,7,1,2019-09-10,control,Control,10,0-10 cm,568,1,568,Formula richness,Bulk molecular metrics,1
richness,73,5,2019-09-10,control,Control,10,0-10 cm,1570,1,1570,Formula richness,Bulk molecular metrics,1
richness,36,3,2019-11-05,control,Control,10,0-10 cm,55,1,55,Formula richness,Bulk molecular metrics,1
richness,8,1,2019-12-03,control,Control,10,0-10 cm,285,1,285,Formula richness,Bulk molecular metrics,1
richness,37,3,2019-12-17,control,Control,10,0-10 cm,332,1,332,Formula richness,Bulk molecular metrics,1
richness,74,5,2019-12-17,control,Control,10,0-10 cm,536,1,536,Formula richness,Bulk molecular metrics,1
richness,38,3,2019-12-31,control,Control,10,0-10 cm,192,1,192,Formula richness,Bulk molecular metrics,1
richness,9,1,2020-01-28,control,Control,10,0-10 cm,603,1,603,Formula richness,Bulk molecular metrics,1
richness,39,3,2020-01-28,control,Control,10,0-10 cm,143,1,143,Formula richness,Bulk molecular metrics,1
richness,75,5,2020-01-28,control,Control,10,0-10 cm,370,1,370,Formula richness,Bulk molecular metrics,1
richness,76,5,2020-02-25,control,Control,10,0-10 cm,732,1,732,Formula richness,Bulk molecular metrics,1
richness,40,3,2020-03-10,control,Control,10,0-10 cm,172,1,172,Formula richness,Bulk molecular metrics,1
richness,77,5,2020-03-10,control,Control,10,0-10 cm,695,1,695,Formula richness,Bulk molecular metrics,1
richness,78,5,2020-07-28,control,Control,10,0-10 cm,1079,1,1079,Formula richness,Bulk molecular metrics,1
richness,79,5,2020-09-09,control,Control,10,0-10 cm,886,1,886,Formula richness,Bulk molecular metrics,1
richness,80,5,2020-10-06,control,Control,10,0-10 cm,746,1,746,Formula richness,Bulk molecular metrics,1
richness,81,5,2020-11-05,control,Control,10,0-10 cm,1320,1,1320,Formula richness,Bulk molecular metrics,1
richness,82,5,2021-02-09,control,Control,10,0-10 cm,1023,1,1023,Formula richness,Bulk molecular metrics,1
richness,83,5,2021-02-23,control,Control,10,0-10 cm,1686,1,1686,Formula richness,Bulk molecular metrics,1
richness,84,5,2021-06-03,control,Control,10,0-10 cm,996,1,996,Formula richness,Bulk molecular metrics,1
richness,10,1,2021-12-15,control,Control,10,0-10 cm,280,1,280,Formula richness,Bulk molecular metrics,1
richness,41,3,2021-12-15,control,Control,10,0-10 cm,276,1,276,Formula richness,Bulk molecular metrics,1
richness,85,5,2021-12-15,control,Control,10,0-10 cm,2342,1,2342,Formula richness,Bulk molecular metrics,1
richness,11,1,2022-08-23,control,Control,10,0-10 cm,354,1,354,Formula richness,Bulk molecular metrics,1
richness,86,5,2022-08-23,control,Control,10,0-10 cm,1008,1,1008,Formula richness,Bulk molecular metrics,1
richness,12,1,2022-09-08,control,Control,10,0-10 cm,289,1,289,Formula richness,Bulk molecular metrics,1
richness,42,3,2022-09-08,control,Control,10,0-10 cm,101,1,101,Formula richness,Bulk molecular metrics,1
richness,87,5,2022-09-08,control,Control,10,0-10 cm,294,1,294,Formula richness,Bulk molecular metrics,1
richness,13,1,2022-11-16,control,Control,10,0-10 cm,743,1,743,Formula richness,Bulk molecular metrics,1
richness,43,3,2022-11-16,control,Control,10,0-10 cm,407,1,407,Formula richness,Bulk molecular metrics,1
richness,88,5,2022-11-16,control,Control,10,0-10 cm,1135,1,1135,Formula richness,Bulk molecular metrics,1
richness,44,3,2023-05-30,control,Control,10,0-10 cm,180,1,180,Formula richness,Bulk molecular metrics,1
richness,45,3,2023-12-27,control,Control,10,0-10 cm,121,1,121,Formula richness,Bulk molecular metrics,1
richness,46,3,2024-04-16,control,Control,10,0-10 cm,251,1,251,Formula richness,Bulk molecular metrics,1
richness,47,3,2024-04-30,control,Control,10,0-10 cm,292,1,292,Formula richness,Bulk molecular metrics,1
richness,14,2,2017-05-31,warmed,Warmed,10,0-10 cm,944,1,944,Formula richness,Bulk molecular metrics,1
richness,89,6,2017-05-31,warmed,Warmed,10,0-10 cm,645,1,645,Formula richness,Bulk molecular metrics,1
richness,48,4,2017-10-20,warmed,Warmed,10,0-10 cm,731,1,731,Formula richness,Bulk molecular metrics,1
richness,15,2,2017-12-06,warmed,Warmed,10,0-10 cm,383,1,383,Formula richness,Bulk molecular metrics,1
richness,49,4,2017-12-06,warmed,Warmed,10,0-10 cm,1397,1,1397,Formula richness,Bulk molecular metrics,1
richness,50,4,2018-01-17,warmed,Warmed,10,0-10 cm,878,1,878,Formula richness,Bulk molecular metrics,1
richness,51,4,2018-01-30,warmed,Warmed,10,0-10 cm,1335,1,1335,Formula richness,Bulk molecular metrics,1
richness,52,4,2018-02-13,warmed,Warmed,10,0-10 cm,1246,1,1246,Formula richness,Bulk molecular metrics,1
richness,53,4,2018-02-27,warmed,Warmed,10,0-10 cm,1132,1,1132,Formula richness,Bulk molecular metrics,1
richness,16,2,2018-05-09,warmed,Warmed,10,0-10 cm,863,1,863,Formula richness,Bulk molecular metrics,1
richness,54,4,2018-05-09,warmed,Warmed,10,0-10 cm,1227,1,1227,Formula richness,Bulk molecular metrics,1
richness,17,2,2018-05-22,warmed,Warmed,10,0-10 cm,793,1,793,Formula richness,Bulk molecular metrics,1
richness,55,4,2018-05-22,warmed,Warmed,10,0-10 cm,1382,1,1382,Formula richness,Bulk molecular metrics,1
richness,18,2,2018-10-10,warmed,Warmed,10,0-10 cm,443,1,443,Formula richness,Bulk molecular metrics,1
richness,90,6,2018-10-10,warmed,Warmed,10,0-10 cm,721,1,721,Formula richness,Bulk molecular metrics,1
richness,56,4,2018-10-23,warmed,Warmed,10,0-10 cm,1927,1,1927,Formula richness,Bulk molecular metrics,1
richness,91,6,2018-10-23,warmed,Warmed,10,0-10 cm,1141,1,1141,Formula richness,Bulk molecular metrics,1
richness,19,2,2018-11-07,warmed,Warmed,10,0-10 cm,950,1,950,Formula richness,Bulk molecular metrics,1
richness,57,4,2018-11-07,warmed,Warmed,10,0-10 cm,1040,1,1040,Formula richness,Bulk molecular metrics,1
richness,20,2,2019-09-10,warmed,Warmed,10,0-10 cm,1392,1,1392,Formula richness,Bulk molecular metrics,1
richness,92,6,2019-09-10,warmed,Warmed,10,0-10 cm,825,1,825,Formula richness,Bulk molecular metrics,1
richness,58,4,2019-11-05,warmed,Warmed,10,0-10 cm,1490,1,1490,Formula richness,Bulk molecular metrics,1
richness,21,2,2019-12-03,warmed,Warmed,10,0-10 cm,867,1,867,Formula richness,Bulk molecular metrics,1
richness,59,4,2019-12-17,warmed,Warmed,10,0-10 cm,1382,1,1382,Formula richness,Bulk molecular metrics,1
richness,93,6,2019-12-17,warmed,Warmed,10,0-10 cm,759,1,759,Formula richness,Bulk molecular metrics,1
richness,60,4,2019-12-31,warmed,Warmed,10,0-10 cm,2125,1,2125,Formula richness,Bulk molecular metrics,1
richness,22,2,2020-01-28,warmed,Warmed,10,0-10 cm,773,1,773,Formula richness,Bulk molecular metrics,1
richness,61,4,2020-01-28,warmed,Warmed,10,0-10 cm,3580,1,3580,Formula richness,Bulk molecular metrics,1
richness,94,6,2020-01-28,warmed,Warmed,10,0-10 cm,1201,1,1201,Formula richness,Bulk molecular metrics,1
richness,95,6,2020-02-25,warmed,Warmed,10,0-10 cm,395,1,395,Formula richness,Bulk molecular metrics,1
richness,62,4,2020-03-10,warmed,Warmed,10,0-10 cm,4770,1,4770,Formula richness,Bulk molecular metrics,1
richness,96,6,2020-03-10,warmed,Warmed,10,0-10 cm,1335,1,1335,Formula richness,Bulk molecular metrics,1
richness,97,6,2020-07-28,warmed,Warmed,10,0-10 cm,777,1,777,Formula richness,Bulk molecular metrics,1
richness,98,6,2020-09-09,warmed,Warmed,10,0-10 cm,810,1,810,Formula richness,Bulk molecular metrics,1
richness,99,6,2020-10-06,warmed,Warmed,10,0-10 cm,748,1,748,Formula richness,Bulk molecular metrics,1
richness,100,6,2020-11-05,warmed,Warmed,10,0-10 cm,1639,1,1639,Formula richness,Bulk molecular metrics,1
richness,101,6,2021-02-09,warmed,Warmed,10,0-10 cm,311,1,311,Formula richness,Bulk molecular metrics,1
richness,102,6,2021-02-23,warmed,Warmed,10,0-10 cm,768,1,768,Formula richness,Bulk molecular metrics,1
richness,103,6,2021-06-03,warmed,Warmed,10,0-10 cm,806,1,806,Formula richness,Bulk molecular metrics,1
richness,23,2,2021-12-15,warmed,Warmed,10,0-10 cm,273,1,273,Formula richness,Bulk molecular metrics,1
richness,63,4,2021-12-15,warmed,Warmed,10,0-10 cm,198,1,198,Formula richness,Bulk molecular metrics,1
richness,104,6,2021-12-15,warmed,Warmed,10,0-10 cm,189,1,189,Formula richness,Bulk molecular metrics,1
richness,24,2,2022-08-23,warmed,Warmed,10,0-10 cm,679,1,679,Formula richness,Bulk molecular metrics,1
richness,105,6,2022-08-23,warmed,Warmed,10,0-10 cm,261,1,261,Formula richness,Bulk molecular metrics,1
richness,64,4,2022-09-08,warmed,Warmed,10,0-10 cm,213,1,213,Formula richness,Bulk molecular metrics,1
richness,106,6,2022-09-08,warmed,Warmed,10,0-10 cm,72,1,72,Formula richness,Bulk molecular metrics,1
richness,25,2,2022-11-16,warmed,Warmed,10,0-10 cm,211,1,211,Formula richness,Bulk molecular metrics,1
richness,65,4,2022-11-16,warmed,Warmed,10,0-10 cm,243,1,243,Formula richness,Bulk molecular metrics,1
richness,107,6,2022-11-16,warmed,Warmed,10,0-10 cm,545,1,545,Formula richness,Bulk molecular metrics,1
richness,66,4,2023-05-30,warmed,Warmed,10,0-10 cm,246,1,246,Formula richness,Bulk molecular metrics,1
richness,67,4,2023-12-27,warmed,Warmed,10,0-10 cm,534,1,534,Formula richness,Bulk molecular metrics,1
richness,68,4,2024-04-16,warmed,Warmed,10,0-10 cm,230,1,230,Formula richness,Bulk molecular metrics,1
richness,69,4,2024-04-30,warmed,Warmed,10,0-10 cm,311,1,311,Formula richness,Bulk molecular metrics,1
richness,126,3,2017-05-31,control,Control,30,10-30 cm,53,1,53,Formula richness,Bulk molecular metrics,1
richness,127,3,2017-11-22,control,Control,30,10-30 cm,30,1,30,Formula richness,Bulk molecular metrics,1
richness,128,3,2017-12-06,control,Control,30,10-30 cm,11,1,11,Formula richness,Bulk molecular metrics,1
richness,170,5,2017-12-06,control,Control,30,10-30 cm,87,1,87,Formula richness,Bulk molecular metrics,1
richness,129,3,2018-01-03,control,Control,30,10-30 cm,93,1,93,Formula richness,Bulk molecular metrics,1
richness,130,3,2018-01-30,control,Control,30,10-30 cm,92,1,92,Formula richness,Bulk molecular metrics,1
richness,131,3,2018-02-27,control,Control,30,10-30 cm,59,1,59,Formula richness,Bulk molecular metrics,1
richness,171,5,2018-03-27,control,Control,30,10-30 cm,78,1,78,Formula richness,Bulk molecular metrics,1
richness,132,3,2018-05-09,control,Control,30,10-30 cm,226,1,226,Formula richness,Bulk molecular metrics,1
richness,172,5,2018-05-09,control,Control,30,10-30 cm,315,1,315,Formula richness,Bulk molecular metrics,1
richness,133,3,2018-11-07,control,Control,30,10-30 cm,281,1,281,Formula richness,Bulk molecular metrics,1
richness,134,3,2019-09-10,control,Control,30,10-30 cm,115,1,115,Formula richness,Bulk molecular metrics,1
richness,135,3,2019-12-03,control,Control,30,10-30 cm,126,1,126,Formula richness,Bulk molecular metrics,1
richness,136,3,2020-01-14,control,Control,30,10-30 cm,127,1,127,Formula richness,Bulk molecular metrics,1
richness,108,1,2020-02-25,control,Control,30,10-30 cm,189,1,189,Formula richness,Bulk molecular metrics,1
richness,137,3,2020-02-25,control,Control,30,10-30 cm,176,1,176,Formula richness,Bulk molecular metrics,1
richness,138,3,2020-03-10,control,Control,30,10-30 cm,118,1,118,Formula richness,Bulk molecular metrics,1
richness,139,3,2020-07-28,control,Control,30,10-30 cm,97,1,97,Formula richness,Bulk molecular metrics,1
richness,173,5,2020-07-28,control,Control,30,10-30 cm,371,1,371,Formula richness,Bulk molecular metrics,1
richness,140,3,2020-09-09,control,Control,30,10-30 cm,190,1,190,Formula richness,Bulk molecular metrics,1
richness,141,3,2020-10-06,control,Control,30,10-30 cm,157,1,157,Formula richness,Bulk molecular metrics,1
richness,174,5,2020-10-06,control,Control,30,10-30 cm,290,1,290,Formula richness,Bulk molecular metrics,1
richness,142,3,2020-11-05,control,Control,30,10-30 cm,207,1,207,Formula richness,Bulk molecular metrics,1
richness,175,5,2020-11-05,control,Control,30,10-30 cm,186,1,186,Formula richness,Bulk molecular metrics,1
richness,143,3,2020-12-29,control,Control,30,10-30 cm,241,1,241,Formula richness,Bulk molecular metrics,1
richness,144,3,2021-02-09,control,Control,30,10-30 cm,214,1,214,Formula richness,Bulk molecular metrics,1
richness,176,5,2021-02-23,control,Control,30,10-30 cm,130,1,130,Formula richness,Bulk molecular metrics,1
richness,145,3,2021-06-03,control,Control,30,10-30 cm,227,1,227,Formula richness,Bulk molecular metrics,1
richness,109,1,2021-09-21,control,Control,30,10-30 cm,24,1,24,Formula richness,Bulk molecular metrics,1
richness,146,3,2021-12-15,control,Control,30,10-30 cm,58,1,58,Formula richness,Bulk molecular metrics,1
richness,110,1,2022-08-23,control,Control,30,10-30 cm,49,1,49,Formula richness,Bulk molecular metrics,1
richness,177,5,2022-08-23,control,Control,30,10-30 cm,28,1,28,Formula richness,Bulk molecular metrics,1
richness,111,1,2022-09-08,control,Control,30,10-30 cm,131,1,131,Formula richness,Bulk molecular metrics,1
richness,178,5,2022-09-08,control,Control,30,10-30 cm,13,1,13,Formula richness,Bulk molecular metrics,1
richness,179,5,2022-11-01,control,Control,30,10-30 cm,96,1,96,Formula richness,Bulk molecular metrics,1
richness,112,1,2022-11-16,control,Control,30,10-30 cm,333,1,333,Formula richness,Bulk molecular metrics,1
richness,113,1,2023-01-12,control,Control,30,10-30 cm,257,1,257,Formula richness,Bulk molecular metrics,1
richness,180,5,2023-01-12,control,Control,30,10-30 cm,280,1,280,Formula richness,Bulk molecular metrics,1
richness,181,5,2023-02-07,control,Control,30,10-30 cm,358,1,358,Formula richness,Bulk molecular metrics,1
richness,182,5,2023-05-02,control,Control,30,10-30 cm,491,1,491,Formula richness,Bulk molecular metrics,1
richness,114,1,2023-05-30,control,Control,30,10-30 cm,160,1,160,Formula richness,Bulk molecular metrics,1
richness,147,3,2023-05-30,control,Control,30,10-30 cm,608,1,608,Formula richness,Bulk molecular metrics,1
richness,115,1,2023-08-22,control,Control,30,10-30 cm,488,1,488,Formula richness,Bulk molecular metrics,1
richness,183,5,2023-10-03,control,Control,30,10-30 cm,650,1,650,Formula richness,Bulk molecular metrics,1
richness,116,1,2023-12-12,control,Control,30,10-30 cm,509,1,509,Formula richness,Bulk molecular metrics,1
richness,184,5,2024-04-30,control,Control,30,10-30 cm,480,1,480,Formula richness,Bulk molecular metrics,1
richness,148,4,2017-05-31,warmed,Warmed,30,10-30 cm,99,1,99,Formula richness,Bulk molecular metrics,1
richness,149,4,2017-11-22,warmed,Warmed,30,10-30 cm,237,1,237,Formula richness,Bulk molecular metrics,1
richness,150,4,2017-12-06,warmed,Warmed,30,10-30 cm,249,1,249,Formula richness,Bulk molecular metrics,1
richness,185,6,2017-12-06,warmed,Warmed,30,10-30 cm,526,1,526,Formula richness,Bulk molecular metrics,1
richness,152,4,2018-01-30,warmed,Warmed,30,10-30 cm,267,1,267,Formula richness,Bulk molecular metrics,1
richness,153,4,2018-02-27,warmed,Warmed,30,10-30 cm,63,1,63,Formula richness,Bulk molecular metrics,1
richness,154,4,2018-05-09,warmed,Warmed,30,10-30 cm,690,1,690,Formula richness,Bulk molecular metrics,1
richness,155,4,2018-11-07,warmed,Warmed,30,10-30 cm,376,1,376,Formula richness,Bulk molecular metrics,1
richness,156,4,2019-09-10,warmed,Warmed,30,10-30 cm,515,1,515,Formula richness,Bulk molecular metrics,1
richness,157,4,2019-12-03,warmed,Warmed,30,10-30 cm,565,1,565,Formula richness,Bulk molecular metrics,1
richness,158,4,2020-01-14,warmed,Warmed,30,10-30 cm,535,1,535,Formula richness,Bulk molecular metrics,1
richness,117,2,2020-02-25,warmed,Warmed,30,10-30 cm,556,1,556,Formula richness,Bulk molecular metrics,1
richness,159,4,2020-02-25,warmed,Warmed,30,10-30 cm,324,1,324,Formula richness,Bulk molecular metrics,1
richness,160,4,2020-03-10,warmed,Warmed,30,10-30 cm,634,1,634,Formula richness,Bulk molecular metrics,1
richness,161,4,2020-07-28,warmed,Warmed,30,10-30 cm,263,1,263,Formula richness,Bulk molecular metrics,1
richness,162,4,2020-09-09,warmed,Warmed,30,10-30 cm,156,1,156,Formula richness,Bulk molecular metrics,1
richness,186,6,2020-09-09,warmed,Warmed,30,10-30 cm,1485,1,1485,Formula richness,Bulk molecular metrics,1
richness,163,4,2020-10-06,warmed,Warmed,30,10-30 cm,437,1,437,Formula richness,Bulk molecular metrics,1
richness,187,6,2020-10-06,warmed,Warmed,30,10-30 cm,426,1,426,Formula richness,Bulk molecular metrics,1
richness,164,4,2020-11-05,warmed,Warmed,30,10-30 cm,214,1,214,Formula richness,Bulk molecular metrics,1
richness,165,4,2020-12-29,warmed,Warmed,30,10-30 cm,261,1,261,Formula richness,Bulk molecular metrics,1
richness,166,4,2021-02-09,warmed,Warmed,30,10-30 cm,282,1,282,Formula richness,Bulk molecular metrics,1
richness,188,6,2021-02-23,warmed,Warmed,30,10-30 cm,1013,1,1013,Formula richness,Bulk molecular metrics,1
richness,167,4,2021-06-03,warmed,Warmed,30,10-30 cm,132,1,132,Formula richness,Bulk molecular metrics,1
richness,118,2,2021-09-21,warmed,Warmed,30,10-30 cm,734,1,734,Formula richness,Bulk molecular metrics,1
richness,168,4,2021-12-15,warmed,Warmed,30,10-30 cm,442,1,442,Formula richness,Bulk molecular metrics,1
richness,119,2,2022-08-23,warmed,Warmed,30,10-30 cm,95,1,95,Formula richness,Bulk molecular metrics,1
richness,189,6,2022-08-23,warmed,Warmed,30,10-30 cm,74,1,74,Formula richness,Bulk molecular metrics,1
richness,120,2,2022-09-08,warmed,Warmed,30,10-30 cm,8,1,8,Formula richness,Bulk molecular metrics,1
richness,190,6,2022-09-08,warmed,Warmed,30,10-30 cm,236,1,236,Formula richness,Bulk molecular metrics,1
richness,191,6,2022-11-01,warmed,Warmed,30,10-30 cm,196,1,196,Formula richness,Bulk molecular metrics,1
richness,121,2,2022-11-16,warmed,Warmed,30,10-30 cm,142,1,142,Formula richness,Bulk molecular metrics,1
richness,122,2,2023-01-12,warmed,Warmed,30,10-30 cm,218,1,218,Formula richness,Bulk molecular metrics,1
richness,192,6,2023-01-12,warmed,Warmed,30,10-30 cm,174,1,174,Formula richness,Bulk molecular metrics,1
richness,193,6,2023-02-07,warmed,Warmed,30,10-30 cm,295,1,295,Formula richness,Bulk molecular metrics,1
richness,194,6,2023-05-02,warmed,Warmed,30,10-30 cm,211,1,211,Formula richness,Bulk molecular metrics,1
richness,123,2,2023-05-30,warmed,Warmed,30,10-30 cm,195,1,195,Formula richness,Bulk molecular metrics,1
richness,169,4,2023-05-30,warmed,Warmed,30,10-30 cm,187,1,187,Formula richness,Bulk molecular metrics,1
richness,124,2,2023-08-22,warmed,Warmed,30,10-30 cm,385,1,385,Formula richness,Bulk molecular metrics,1
richness,195,6,2023-10-03,warmed,Warmed,30,10-30 cm,387,1,387,Formula richness,Bulk molecular metrics,1
richness,125,2,2023-12-12,warmed,Warmed,30,10-30 cm,435,1,435,Formula richness,Bulk molecular metrics,1
richness,196,6,2024-04-30,warmed,Warmed,30,10-30 cm,520,1,520,Formula richness,Bulk molecular metrics,1
vk_frac_aromatic,1,1,2017-05-31,control,Control,10,0-10 cm,0.239263803680982,100,23.9263803680982,Aromatic formulae (%),Van Krevelen class fractions,7
vk_frac_aromatic,70,5,2017-05-31,control,Control,10,0-10 cm,0.344902386117137,100,34.4902386117137,Aromatic formulae (%),Van Krevelen class fractions,7
vk_frac_aromatic,26,3,2017-10-20,control,Control,10,0-10 cm,0.407975460122699,100,40.7975460122699,Aromatic formulae (%),Van Krevelen class fractions,7
vk_frac_aromatic,2,1,2017-12-06,control,Control,10,0-10 cm,0.229166666666667,100,22.9166666666667,Aromatic formulae (%),Van Krevelen class fractions,7
vk_frac_aromatic,27,3,2017-12-06,control,Control,10,0-10 cm,0.186280307510349,100,18.6280307510349,Aromatic formulae (%),Van Krevelen class fractions,7
vk_frac_aromatic,28,3,2018-01-17,control,Control,10,0-10 cm,0.375886524822695,100,37.5886524822695,Aromatic formulae (%),Van Krevelen class fractions,7
vk_frac_aromatic,29,3,2018-01-30,control,Control,10,0-10 cm,0.352755905511811,100,35.2755905511811,Aromatic formulae (%),Van Krevelen class fractions,7
vk_frac_aromatic,30,3,2018-02-13,control,Control,10,0-10 cm,0.55,100,55,Aromatic formulae (%),Van Krevelen class fractions,7
vk_frac_aromatic,31,3,2018-02-27,control,Control,10,0-10 cm,0.479674796747968,100,47.9674796747968,Aromatic formulae (%),Van Krevelen class fractions,7
vk_frac_aromatic,3,1,2018-05-09,control,Control,10,0-10 cm,0.252808988764045,100,25.2808988764045,Aromatic formulae (%),Van Krevelen class fractions,7
vk_frac_aromatic,32,3,2018-05-09,control,Control,10,0-10 cm,0.504761904761905,100,50.4761904761905,Aromatic formulae (%),Van Krevelen class fractions,7
vk_frac_aromatic,4,1,2018-05-22,control,Control,10,0-10 cm,0.226744186046512,100,22.6744186046512,Aromatic formulae (%),Van Krevelen class fractions,7
vk_frac_aromatic,33,3,2018-05-22,control,Control,10,0-10 cm,0.283018867924528,100,28.3018867924528,Aromatic formulae (%),Van Krevelen class fractions,7
vk_frac_aromatic,5,1,2018-10-10,control,Control,10,0-10 cm,0.218446601941748,100,21.8446601941748,Aromatic formulae (%),Van Krevelen class fractions,7
vk_frac_aromatic,71,5,2018-10-10,control,Control,10,0-10 cm,0.390728476821192,100,39.0728476821192,Aromatic formulae (%),Van Krevelen class fractions,7
vk_frac_aromatic,34,3,2018-10-23,control,Control,10,0-10 cm,0.342592592592593,100,34.2592592592593,Aromatic formulae (%),Van Krevelen class fractions,7
vk_frac_aromatic,72,5,2018-10-23,control,Control,10,0-10 cm,0.317333333333333,100,31.7333333333333,Aromatic formulae (%),Van Krevelen class fractions,7
vk_frac_aromatic,6,1,2018-11-07,control,Control,10,0-10 cm,0.265734265734266,100,26.5734265734266,Aromatic formulae (%),Van Krevelen class fractions,7
vk_frac_aromatic,35,3,2018-11-07,control,Control,10,0-10 cm,0.166666666666667,100,16.6666666666667,Aromatic formulae (%),Van Krevelen class fractions,7
vk_frac_aromatic,7,1,2019-09-10,control,Control,10,0-10 cm,0.244718309859155,100,24.4718309859155,Aromatic formulae (%),Van Krevelen class fractions,7
vk_frac_aromatic,73,5,2019-09-10,control,Control,10,0-10 cm,0.252866242038217,100,25.2866242038217,Aromatic formulae (%),Van Krevelen class fractions,7
vk_frac_aromatic,36,3,2019-11-05,control,Control,10,0-10 cm,0.563636363636364,100,56.3636363636364,Aromatic formulae (%),Van Krevelen class fractions,7
vk_frac_aromatic,8,1,2019-12-03,control,Control,10,0-10 cm,0.214035087719298,100,21.4035087719298,Aromatic formulae (%),Van Krevelen class fractions,7
vk_frac_aromatic,37,3,2019-12-17,control,Control,10,0-10 cm,0.421686746987952,100,42.1686746987952,Aromatic formulae (%),Van Krevelen class fractions,7
vk_frac_aromatic,74,5,2019-12-17,control,Control,10,0-10 cm,0.404850746268657,100,40.4850746268657,Aromatic formulae (%),Van Krevelen class fractions,7
vk_frac_aromatic,38,3,2019-12-31,control,Control,10,0-10 cm,0.510416666666667,100,51.0416666666667,Aromatic formulae (%),Van Krevelen class fractions,7
vk_frac_aromatic,9,1,2020-01-28,control,Control,10,0-10 cm,0.170812603648425,100,17.0812603648425,Aromatic formulae (%),Van Krevelen class fractions,7
vk_frac_aromatic,39,3,2020-01-28,control,Control,10,0-10 cm,0.48951048951049,100,48.951048951049,Aromatic formulae (%),Van Krevelen class fractions,7
vk_frac_aromatic,75,5,2020-01-28,control,Control,10,0-10 cm,0.375675675675676,100,37.5675675675676,Aromatic formulae (%),Van Krevelen class fractions,7
vk_frac_aromatic,76,5,2020-02-25,control,Control,10,0-10 cm,0.319672131147541,100,31.9672131147541,Aromatic formulae (%),Van Krevelen class fractions,7
vk_frac_aromatic,40,3,2020-03-10,control,Control,10,0-10 cm,0.47093023255814,100,47.093023255814,Aromatic formulae (%),Van Krevelen class fractions,7
vk_frac_aromatic,77,5,2020-03-10,control,Control,10,0-10 cm,0.338129496402878,100,33.8129496402878,Aromatic formulae (%),Van Krevelen class fractions,7
vk_frac_aromatic,78,5,2020-07-28,control,Control,10,0-10 cm,0.314179796107507,100,31.4179796107507,Aromatic formulae (%),Van Krevelen class fractions,7
vk_frac_aromatic,79,5,2020-09-09,control,Control,10,0-10 cm,0.322799097065463,100,32.2799097065463,Aromatic formulae (%),Van Krevelen class fractions,7
vk_frac_aromatic,80,5,2020-10-06,control,Control,10,0-10 cm,0.35656836461126,100,35.656836461126,Aromatic formulae (%),Van Krevelen class fractions,7
vk_frac_aromatic,81,5,2020-11-05,control,Control,10,0-10 cm,0.331818181818182,100,33.1818181818182,Aromatic formulae (%),Van Krevelen class fractions,7
vk_frac_aromatic,82,5,2021-02-09,control,Control,10,0-10 cm,0.360703812316716,100,36.0703812316716,Aromatic formulae (%),Van Krevelen class fractions,7
vk_frac_aromatic,83,5,2021-02-23,control,Control,10,0-10 cm,0.317319098457888,100,31.7319098457889,Aromatic formulae (%),Van Krevelen class fractions,7
vk_frac_aromatic,84,5,2021-06-03,control,Control,10,0-10 cm,0.363453815261044,100,36.3453815261044,Aromatic formulae (%),Van Krevelen class fractions,7
vk_frac_aromatic,10,1,2021-12-15,control,Control,10,0-10 cm,0.35,100,35,Aromatic formulae (%),Van Krevelen class fractions,7
vk_frac_aromatic,41,3,2021-12-15,control,Control,10,0-10 cm,0.344202898550725,100,34.4202898550725,Aromatic formulae (%),Van Krevelen class fractions,7
vk_frac_aromatic,85,5,2021-12-15,control,Control,10,0-10 cm,0.307002561912895,100,30.7002561912895,Aromatic formulae (%),Van Krevelen class fractions,7
vk_frac_aromatic,11,1,2022-08-23,control,Control,10,0-10 cm,0.401129943502825,100,40.1129943502825,Aromatic formulae (%),Van Krevelen class fractions,7
vk_frac_aromatic,86,5,2022-08-23,control,Control,10,0-10 cm,0.330357142857143,100,33.0357142857143,Aromatic formulae (%),Van Krevelen class fractions,7
vk_frac_aromatic,12,1,2022-09-08,control,Control,10,0-10 cm,0.304498269896194,100,30.4498269896194,Aromatic formulae (%),Van Krevelen class fractions,7
vk_frac_aromatic,42,3,2022-09-08,control,Control,10,0-10 cm,0.455445544554456,100,45.5445544554456,Aromatic formulae (%),Van Krevelen class fractions,7
vk_frac_aromatic,87,5,2022-09-08,control,Control,10,0-10 cm,0.418367346938776,100,41.8367346938776,Aromatic formulae (%),Van Krevelen class fractions,7
vk_frac_aromatic,13,1,2022-11-16,control,Control,10,0-10 cm,0.332436069986541,100,33.2436069986541,Aromatic formulae (%),Van Krevelen class fractions,7
vk_frac_aromatic,43,3,2022-11-16,control,Control,10,0-10 cm,0.343980343980344,100,34.3980343980344,Aromatic formulae (%),Van Krevelen class fractions,7
vk_frac_aromatic,88,5,2022-11-16,control,Control,10,0-10 cm,0.370044052863436,100,37.0044052863436,Aromatic formulae (%),Van Krevelen class fractions,7
vk_frac_aromatic,44,3,2023-05-30,control,Control,10,0-10 cm,0.483333333333333,100,48.3333333333333,Aromatic formulae (%),Van Krevelen class fractions,7
vk_frac_aromatic,45,3,2023-12-27,control,Control,10,0-10 cm,0.429752066115702,100,42.9752066115703,Aromatic formulae (%),Van Krevelen class fractions,7
vk_frac_aromatic,46,3,2024-04-16,control,Control,10,0-10 cm,0.442231075697211,100,44.2231075697211,Aromatic formulae (%),Van Krevelen class fractions,7
vk_frac_aromatic,47,3,2024-04-30,control,Control,10,0-10 cm,0.517123287671233,100,51.7123287671233,Aromatic formulae (%),Van Krevelen class fractions,7
vk_frac_aromatic,14,2,2017-05-31,warmed,Warmed,10,0-10 cm,0.169491525423729,100,16.9491525423729,Aromatic formulae (%),Van Krevelen class fractions,7
vk_frac_aromatic,89,6,2017-05-31,warmed,Warmed,10,0-10 cm,0.310077519379845,100,31.0077519379845,Aromatic formulae (%),Van Krevelen class fractions,7
vk_frac_aromatic,48,4,2017-10-20,warmed,Warmed,10,0-10 cm,0.325581395348837,100,32.5581395348837,Aromatic formulae (%),Van Krevelen class fractions,7
vk_frac_aromatic,15,2,2017-12-06,warmed,Warmed,10,0-10 cm,0.368146214099217,100,36.8146214099217,Aromatic formulae (%),Van Krevelen class fractions,7
vk_frac_aromatic,49,4,2017-12-06,warmed,Warmed,10,0-10 cm,0.209019327129563,100,20.9019327129563,Aromatic formulae (%),Van Krevelen class fractions,7
vk_frac_aromatic,50,4,2018-01-17,warmed,Warmed,10,0-10 cm,0.312072892938497,100,31.2072892938497,Aromatic formulae (%),Van Krevelen class fractions,7
vk_frac_aromatic,51,4,2018-01-30,warmed,Warmed,10,0-10 cm,0.156554307116105,100,15.6554307116105,Aromatic formulae (%),Van Krevelen class fractions,7
vk_frac_aromatic,52,4,2018-02-13,warmed,Warmed,10,0-10 cm,0.288121990369181,100,28.8121990369181,Aromatic formulae (%),Van Krevelen class fractions,7
vk_frac_aromatic,53,4,2018-02-27,warmed,Warmed,10,0-10 cm,0.227031802120141,100,22.7031802120141,Aromatic formulae (%),Van Krevelen class fractions,7
vk_frac_aromatic,16,2,2018-05-09,warmed,Warmed,10,0-10 cm,0.338354577056779,100,33.8354577056779,Aromatic formulae (%),Van Krevelen class fractions,7
vk_frac_aromatic,54,4,2018-05-09,warmed,Warmed,10,0-10 cm,0.221678891605542,100,22.1678891605542,Aromatic formulae (%),Van Krevelen class fractions,7
vk_frac_aromatic,17,2,2018-05-22,warmed,Warmed,10,0-10 cm,0.419924337957125,100,41.9924337957125,Aromatic formulae (%),Van Krevelen class fractions,7
vk_frac_aromatic,55,4,2018-05-22,warmed,Warmed,10,0-10 cm,0.251808972503618,100,25.1808972503618,Aromatic formulae (%),Van Krevelen class fractions,7
vk_frac_aromatic,18,2,2018-10-10,warmed,Warmed,10,0-10 cm,0.431151241534989,100,43.1151241534989,Aromatic formulae (%),Van Krevelen class fractions,7
vk_frac_aromatic,90,6,2018-10-10,warmed,Warmed,10,0-10 cm,0.399445214979196,100,39.9445214979196,Aromatic formulae (%),Van Krevelen class fractions,7
vk_frac_aromatic,56,4,2018-10-23,warmed,Warmed,10,0-10 cm,0.199273482096523,100,19.9273482096523,Aromatic formulae (%),Van Krevelen class fractions,7
vk_frac_aromatic,91,6,2018-10-23,warmed,Warmed,10,0-10 cm,0.347940403155127,100,34.7940403155127,Aromatic formulae (%),Van Krevelen class fractions,7
vk_frac_aromatic,19,2,2018-11-07,warmed,Warmed,10,0-10 cm,0.32,100,32,Aromatic formulae (%),Van Krevelen class fractions,7
vk_frac_aromatic,57,4,2018-11-07,warmed,Warmed,10,0-10 cm,0.258653846153846,100,25.8653846153846,Aromatic formulae (%),Van Krevelen class fractions,7
vk_frac_aromatic,20,2,2019-09-10,warmed,Warmed,10,0-10 cm,0.193965517241379,100,19.3965517241379,Aromatic formulae (%),Van Krevelen class fractions,7
vk_frac_aromatic,92,6,2019-09-10,warmed,Warmed,10,0-10 cm,0.380606060606061,100,38.0606060606061,Aromatic formulae (%),Van Krevelen class fractions,7
vk_frac_aromatic,58,4,2019-11-05,warmed,Warmed,10,0-10 cm,0.193959731543624,100,19.3959731543624,Aromatic formulae (%),Van Krevelen class fractions,7
vk_frac_aromatic,21,2,2019-12-03,warmed,Warmed,10,0-10 cm,0.371395617070358,100,37.1395617070358,Aromatic formulae (%),Van Krevelen class fractions,7
vk_frac_aromatic,59,4,2019-12-17,warmed,Warmed,10,0-10 cm,0.214905933429812,100,21.4905933429812,Aromatic formulae (%),Van Krevelen class fractions,7
vk_frac_aromatic,93,6,2019-12-17,warmed,Warmed,10,0-10 cm,0.433465085638999,100,43.3465085638999,Aromatic formulae (%),Van Krevelen class fractions,7
vk_frac_aromatic,60,4,2019-12-31,warmed,Warmed,10,0-10 cm,0.203764705882353,100,20.3764705882353,Aromatic formulae (%),Van Krevelen class fractions,7
vk_frac_aromatic,22,2,2020-01-28,warmed,Warmed,10,0-10 cm,0.389391979301423,100,38.9391979301423,Aromatic formulae (%),Van Krevelen class fractions,7
vk_frac_aromatic,61,4,2020-01-28,warmed,Warmed,10,0-10 cm,0.103631284916201,100,10.3631284916201,Aromatic formulae (%),Van Krevelen class fractions,7
vk_frac_aromatic,94,6,2020-01-28,warmed,Warmed,10,0-10 cm,0.2248126561199,100,22.48126561199,Aromatic formulae (%),Van Krevelen class fractions,7
vk_frac_aromatic,95,6,2020-02-25,warmed,Warmed,10,0-10 cm,0.394936708860759,100,39.4936708860759,Aromatic formulae (%),Van Krevelen class fractions,7
vk_frac_aromatic,62,4,2020-03-10,warmed,Warmed,10,0-10 cm,0.167295597484277,100,16.7295597484277,Aromatic formulae (%),Van Krevelen class fractions,7
vk_frac_aromatic,96,6,2020-03-10,warmed,Warmed,10,0-10 cm,0.314606741573034,100,31.4606741573034,Aromatic formulae (%),Van Krevelen class fractions,7
vk_frac_aromatic,97,6,2020-07-28,warmed,Warmed,10,0-10 cm,0.368082368082368,100,36.8082368082368,Aromatic formulae (%),Van Krevelen class fractions,7
vk_frac_aromatic,98,6,2020-09-09,warmed,Warmed,10,0-10 cm,0.385185185185185,100,38.5185185185185,Aromatic formulae (%),Van Krevelen class fractions,7
vk_frac_aromatic,99,6,2020-10-06,warmed,Warmed,10,0-10 cm,0.421122994652406,100,42.1122994652407,Aromatic formulae (%),Van Krevelen class fractions,7
vk_frac_aromatic,100,6,2020-11-05,warmed,Warmed,10,0-10 cm,0.255643685173887,100,25.5643685173887,Aromatic formulae (%),Van Krevelen class fractions,7
vk_frac_aromatic,101,6,2021-02-09,warmed,Warmed,10,0-10 cm,0.463022508038585,100,46.3022508038585,Aromatic formulae (%),Van Krevelen class fractions,7
vk_frac_aromatic,102,6,2021-02-23,warmed,Warmed,10,0-10 cm,0.40234375,100,40.234375,Aromatic formulae (%),Van Krevelen class fractions,7
vk_frac_aromatic,103,6,2021-06-03,warmed,Warmed,10,0-10 cm,0.39454094292804,100,39.454094292804,Aromatic formulae (%),Van Krevelen class fractions,7
vk_frac_aromatic,23,2,2021-12-15,warmed,Warmed,10,0-10 cm,0.457875457875458,100,45.7875457875458,Aromatic formulae (%),Van Krevelen class fractions,7
vk_frac_aromatic,63,4,2021-12-15,warmed,Warmed,10,0-10 cm,0.484848484848485,100,48.4848484848485,Aromatic formulae (%),Van Krevelen class fractions,7
vk_frac_aromatic,104,6,2021-12-15,warmed,Warmed,10,0-10 cm,0.55026455026455,100,55.026455026455,Aromatic formulae (%),Van Krevelen class fractions,7
vk_frac_aromatic,24,2,2022-08-23,warmed,Warmed,10,0-10 cm,0.428571428571429,100,42.8571428571429,Aromatic formulae (%),Van Krevelen class fractions,7
vk_frac_aromatic,105,6,2022-08-23,warmed,Warmed,10,0-10 cm,0.563218390804598,100,56.3218390804598,Aromatic formulae (%),Van Krevelen class fractions,7
vk_frac_aromatic,64,4,2022-09-08,warmed,Warmed,10,0-10 cm,0.511737089201878,100,51.1737089201878,Aromatic formulae (%),Van Krevelen class fractions,7
vk_frac_aromatic,106,6,2022-09-08,warmed,Warmed,10,0-10 cm,0.722222222222222,100,72.2222222222222,Aromatic formulae (%),Van Krevelen class fractions,7
vk_frac_aromatic,25,2,2022-11-16,warmed,Warmed,10,0-10 cm,0.507109004739337,100,50.7109004739337,Aromatic formulae (%),Van Krevelen class fractions,7
vk_frac_aromatic,65,4,2022-11-16,warmed,Warmed,10,0-10 cm,0.448559670781893,100,44.8559670781893,Aromatic formulae (%),Van Krevelen class fractions,7
vk_frac_aromatic,107,6,2022-11-16,warmed,Warmed,10,0-10 cm,0.48256880733945,100,48.256880733945,Aromatic formulae (%),Van Krevelen class fractions,7
vk_frac_aromatic,66,4,2023-05-30,warmed,Warmed,10,0-10 cm,0.495934959349594,100,49.5934959349594,Aromatic formulae (%),Van Krevelen class fractions,7
vk_frac_aromatic,67,4,2023-12-27,warmed,Warmed,10,0-10 cm,0.415730337078652,100,41.5730337078652,Aromatic formulae (%),Van Krevelen class fractions,7
vk_frac_aromatic,68,4,2024-04-16,warmed,Warmed,10,0-10 cm,0.465217391304348,100,46.5217391304348,Aromatic formulae (%),Van Krevelen class fractions,7
vk_frac_aromatic,69,4,2024-04-30,warmed,Warmed,10,0-10 cm,0.440514469453376,100,44.0514469453376,Aromatic formulae (%),Van Krevelen class fractions,7
vk_frac_aromatic,126,3,2017-05-31,control,Control,30,10-30 cm,0.528301886792453,100,52.8301886792453,Aromatic formulae (%),Van Krevelen class fractions,7
vk_frac_aromatic,127,3,2017-11-22,control,Control,30,10-30 cm,0.366666666666667,100,36.6666666666667,Aromatic formulae (%),Van Krevelen class fractions,7
vk_frac_aromatic,128,3,2017-12-06,control,Control,30,10-30 cm,0.181818181818182,100,18.1818181818182,Aromatic formulae (%),Van Krevelen class fractions,7
vk_frac_aromatic,170,5,2017-12-06,control,Control,30,10-30 cm,0.482758620689655,100,48.2758620689655,Aromatic formulae (%),Van Krevelen class fractions,7
vk_frac_aromatic,129,3,2018-01-03,control,Control,30,10-30 cm,0.236559139784946,100,23.6559139784946,Aromatic formulae (%),Van Krevelen class fractions,7
vk_frac_aromatic,130,3,2018-01-30,control,Control,30,10-30 cm,0.423913043478261,100,42.3913043478261,Aromatic formulae (%),Van Krevelen class fractions,7
vk_frac_aromatic,131,3,2018-02-27,control,Control,30,10-30 cm,0.338983050847458,100,33.8983050847458,Aromatic formulae (%),Van Krevelen class fractions,7
vk_frac_aromatic,171,5,2018-03-27,control,Control,30,10-30 cm,0.525641025641026,100,52.5641025641026,Aromatic formulae (%),Van Krevelen class fractions,7
vk_frac_aromatic,132,3,2018-05-09,control,Control,30,10-30 cm,0.371681415929204,100,37.1681415929204,Aromatic formulae (%),Van Krevelen class fractions,7
vk_frac_aromatic,172,5,2018-05-09,control,Control,30,10-30 cm,0.434920634920635,100,43.4920634920635,Aromatic formulae (%),Van Krevelen class fractions,7
vk_frac_aromatic,133,3,2018-11-07,control,Control,30,10-30 cm,0.241992882562278,100,24.1992882562278,Aromatic formulae (%),Van Krevelen class fractions,7
vk_frac_aromatic,134,3,2019-09-10,control,Control,30,10-30 cm,0.452173913043478,100,45.2173913043478,Aromatic formulae (%),Van Krevelen class fractions,7
vk_frac_aromatic,135,3,2019-12-03,control,Control,30,10-30 cm,0.396825396825397,100,39.6825396825397,Aromatic formulae (%),Van Krevelen class fractions,7
vk_frac_aromatic,136,3,2020-01-14,control,Control,30,10-30 cm,0.393700787401575,100,39.3700787401575,Aromatic formulae (%),Van Krevelen class fractions,7
vk_frac_aromatic,108,1,2020-02-25,control,Control,30,10-30 cm,0.465608465608466,100,46.5608465608466,Aromatic formulae (%),Van Krevelen class fractions,7
vk_frac_aromatic,137,3,2020-02-25,control,Control,30,10-30 cm,0.346590909090909,100,34.6590909090909,Aromatic formulae (%),Van Krevelen class fractions,7
vk_frac_aromatic,138,3,2020-03-10,control,Control,30,10-30 cm,0.338983050847458,100,33.8983050847458,Aromatic formulae (%),Van Krevelen class fractions,7
vk_frac_aromatic,139,3,2020-07-28,control,Control,30,10-30 cm,0.298969072164948,100,29.8969072164948,Aromatic formulae (%),Van Krevelen class fractions,7
vk_frac_aromatic,173,5,2020-07-28,control,Control,30,10-30 cm,0.455525606469003,100,45.5525606469003,Aromatic formulae (%),Van Krevelen class fractions,7
vk_frac_aromatic,140,3,2020-09-09,control,Control,30,10-30 cm,0.452631578947368,100,45.2631578947368,Aromatic formulae (%),Van Krevelen class fractions,7
vk_frac_aromatic,141,3,2020-10-06,control,Control,30,10-30 cm,0.471337579617834,100,47.1337579617834,Aromatic formulae (%),Van Krevelen class fractions,7
vk_frac_aromatic,174,5,2020-10-06,control,Control,30,10-30 cm,0.475862068965517,100,47.5862068965517,Aromatic formulae (%),Van Krevelen class fractions,7
vk_frac_aromatic,142,3,2020-11-05,control,Control,30,10-30 cm,0.555555555555556,100,55.5555555555556,Aromatic formulae (%),Van Krevelen class fractions,7
vk_frac_aromatic,175,5,2020-11-05,control,Control,30,10-30 cm,0.510752688172043,100,51.0752688172043,Aromatic formulae (%),Van Krevelen class fractions,7
vk_frac_aromatic,143,3,2020-12-29,control,Control,30,10-30 cm,0.506224066390042,100,50.6224066390042,Aromatic formulae (%),Van Krevelen class fractions,7
vk_frac_aromatic,144,3,2021-02-09,control,Control,30,10-30 cm,0.44392523364486,100,44.392523364486,Aromatic formulae (%),Van Krevelen class fractions,7
vk_frac_aromatic,176,5,2021-02-23,control,Control,30,10-30 cm,0.576923076923077,100,57.6923076923077,Aromatic formulae (%),Van Krevelen class fractions,7
vk_frac_aromatic,145,3,2021-06-03,control,Control,30,10-30 cm,0.383259911894273,100,38.3259911894273,Aromatic formulae (%),Van Krevelen class fractions,7
vk_frac_aromatic,109,1,2021-09-21,control,Control,30,10-30 cm,0.208333333333333,100,20.8333333333333,Aromatic formulae (%),Van Krevelen class fractions,7
vk_frac_aromatic,146,3,2021-12-15,control,Control,30,10-30 cm,0.482758620689655,100,48.2758620689655,Aromatic formulae (%),Van Krevelen class fractions,7
vk_frac_aromatic,110,1,2022-08-23,control,Control,30,10-30 cm,0.714285714285714,100,71.4285714285714,Aromatic formulae (%),Van Krevelen class fractions,7
vk_frac_aromatic,177,5,2022-08-23,control,Control,30,10-30 cm,0.392857142857143,100,39.2857142857143,Aromatic formulae (%),Van Krevelen class fractions,7
vk_frac_aromatic,111,1,2022-09-08,control,Control,30,10-30 cm,0.534351145038168,100,53.4351145038168,Aromatic formulae (%),Van Krevelen class fractions,7
vk_frac_aromatic,178,5,2022-09-08,control,Control,30,10-30 cm,0.230769230769231,100,23.0769230769231,Aromatic formulae (%),Van Krevelen class fractions,7
vk_frac_aromatic,179,5,2022-11-01,control,Control,30,10-30 cm,0.572916666666667,100,57.2916666666667,Aromatic formulae (%),Van Krevelen class fractions,7
vk_frac_aromatic,112,1,2022-11-16,control,Control,30,10-30 cm,0.501501501501502,100,50.1501501501502,Aromatic formulae (%),Van Krevelen class fractions,7
vk_frac_aromatic,113,1,2023-01-12,control,Control,30,10-30 cm,0.490272373540856,100,49.0272373540856,Aromatic formulae (%),Van Krevelen class fractions,7
vk_frac_aromatic,180,5,2023-01-12,control,Control,30,10-30 cm,0.517857142857143,100,51.7857142857143,Aromatic formulae (%),Van Krevelen class fractions,7
vk_frac_aromatic,181,5,2023-02-07,control,Control,30,10-30 cm,0.527932960893855,100,52.7932960893855,Aromatic formulae (%),Van Krevelen class fractions,7
vk_frac_aromatic,182,5,2023-05-02,control,Control,30,10-30 cm,0.413441955193483,100,41.3441955193483,Aromatic formulae (%),Van Krevelen class fractions,7
vk_frac_aromatic,114,1,2023-05-30,control,Control,30,10-30 cm,0.51875,100,51.875,Aromatic formulae (%),Van Krevelen class fractions,7
vk_frac_aromatic,147,3,2023-05-30,control,Control,30,10-30 cm,0.396381578947368,100,39.6381578947368,Aromatic formulae (%),Van Krevelen class fractions,7
vk_frac_aromatic,115,1,2023-08-22,control,Control,30,10-30 cm,0.403688524590164,100,40.3688524590164,Aromatic formulae (%),Van Krevelen class fractions,7
vk_frac_aromatic,183,5,2023-10-03,control,Control,30,10-30 cm,0.427692307692308,100,42.7692307692308,Aromatic formulae (%),Van Krevelen class fractions,7
vk_frac_aromatic,116,1,2023-12-12,control,Control,30,10-30 cm,0.412573673870334,100,41.2573673870334,Aromatic formulae (%),Van Krevelen class fractions,7
vk_frac_aromatic,184,5,2024-04-30,control,Control,30,10-30 cm,0.410416666666667,100,41.0416666666667,Aromatic formulae (%),Van Krevelen class fractions,7
vk_frac_aromatic,148,4,2017-05-31,warmed,Warmed,30,10-30 cm,0.646464646464647,100,64.6464646464647,Aromatic formulae (%),Van Krevelen class fractions,7
vk_frac_aromatic,149,4,2017-11-22,warmed,Warmed,30,10-30 cm,0.506329113924051,100,50.6329113924051,Aromatic formulae (%),Van Krevelen class fractions,7
vk_frac_aromatic,150,4,2017-12-06,warmed,Warmed,30,10-30 cm,0.518072289156627,100,51.8072289156627,Aromatic formulae (%),Van Krevelen class fractions,7
vk_frac_aromatic,185,6,2017-12-06,warmed,Warmed,30,10-30 cm,0.239543726235741,100,23.9543726235741,Aromatic formulae (%),Van Krevelen class fractions,7
vk_frac_aromatic,152,4,2018-01-30,warmed,Warmed,30,10-30 cm,0.426966292134831,100,42.6966292134831,Aromatic formulae (%),Van Krevelen class fractions,7
vk_frac_aromatic,153,4,2018-02-27,warmed,Warmed,30,10-30 cm,0.587301587301587,100,58.7301587301587,Aromatic formulae (%),Van Krevelen class fractions,7
vk_frac_aromatic,154,4,2018-05-09,warmed,Warmed,30,10-30 cm,0.401449275362319,100,40.1449275362319,Aromatic formulae (%),Van Krevelen class fractions,7
vk_frac_aromatic,155,4,2018-11-07,warmed,Warmed,30,10-30 cm,0.444148936170213,100,44.4148936170213,Aromatic formulae (%),Van Krevelen class fractions,7
vk_frac_aromatic,156,4,2019-09-10,warmed,Warmed,30,10-30 cm,0.440776699029126,100,44.0776699029126,Aromatic formulae (%),Van Krevelen class fractions,7
vk_frac_aromatic,157,4,2019-12-03,warmed,Warmed,30,10-30 cm,0.463716814159292,100,46.3716814159292,Aromatic formulae (%),Van Krevelen class fractions,7
vk_frac_aromatic,158,4,2020-01-14,warmed,Warmed,30,10-30 cm,0.435514018691589,100,43.5514018691589,Aromatic formulae (%),Van Krevelen class fractions,7
vk_frac_aromatic,117,2,2020-02-25,warmed,Warmed,30,10-30 cm,0.440647482014388,100,44.0647482014388,Aromatic formulae (%),Van Krevelen class fractions,7
vk_frac_aromatic,159,4,2020-02-25,warmed,Warmed,30,10-30 cm,0.481481481481482,100,48.1481481481482,Aromatic formulae (%),Van Krevelen class fractions,7
vk_frac_aromatic,160,4,2020-03-10,warmed,Warmed,30,10-30 cm,0.433753943217666,100,43.3753943217666,Aromatic formulae (%),Van Krevelen class fractions,7
vk_frac_aromatic,161,4,2020-07-28,warmed,Warmed,30,10-30 cm,0.536121673003802,100,53.6121673003802,Aromatic formulae (%),Van Krevelen class fractions,7
vk_frac_aromatic,162,4,2020-09-09,warmed,Warmed,30,10-30 cm,0.576923076923077,100,57.6923076923077,Aromatic formulae (%),Van Krevelen class fractions,7
vk_frac_aromatic,186,6,2020-09-09,warmed,Warmed,30,10-30 cm,0.296296296296296,100,29.6296296296296,Aromatic formulae (%),Van Krevelen class fractions,7
vk_frac_aromatic,163,4,2020-10-06,warmed,Warmed,30,10-30 cm,0.437070938215103,100,43.7070938215103,Aromatic formulae (%),Van Krevelen class fractions,7
vk_frac_aromatic,187,6,2020-10-06,warmed,Warmed,30,10-30 cm,0.211267605633803,100,21.1267605633803,Aromatic formulae (%),Van Krevelen class fractions,7
vk_frac_aromatic,164,4,2020-11-05,warmed,Warmed,30,10-30 cm,0.495327102803738,100,49.5327102803738,Aromatic formulae (%),Van Krevelen class fractions,7
vk_frac_aromatic,165,4,2020-12-29,warmed,Warmed,30,10-30 cm,0.448275862068966,100,44.8275862068966,Aromatic formulae (%),Van Krevelen class fractions,7
vk_frac_aromatic,166,4,2021-02-09,warmed,Warmed,30,10-30 cm,0.48936170212766,100,48.936170212766,Aromatic formulae (%),Van Krevelen class fractions,7
vk_frac_aromatic,188,6,2021-02-23,warmed,Warmed,30,10-30 cm,0.176702862783811,100,17.6702862783811,Aromatic formulae (%),Van Krevelen class fractions,7
vk_frac_aromatic,167,4,2021-06-03,warmed,Warmed,30,10-30 cm,0.598484848484849,100,59.8484848484849,Aromatic formulae (%),Van Krevelen class fractions,7
vk_frac_aromatic,118,2,2021-09-21,warmed,Warmed,30,10-30 cm,0.422343324250681,100,42.2343324250681,Aromatic formulae (%),Van Krevelen class fractions,7
vk_frac_aromatic,168,4,2021-12-15,warmed,Warmed,30,10-30 cm,0.472850678733032,100,47.2850678733032,Aromatic formulae (%),Van Krevelen class fractions,7
vk_frac_aromatic,119,2,2022-08-23,warmed,Warmed,30,10-30 cm,0.557894736842105,100,55.7894736842105,Aromatic formulae (%),Van Krevelen class fractions,7
vk_frac_aromatic,189,6,2022-08-23,warmed,Warmed,30,10-30 cm,0.594594594594595,100,59.4594594594595,Aromatic formulae (%),Van Krevelen class fractions,7
vk_frac_aromatic,120,2,2022-09-08,warmed,Warmed,30,10-30 cm,0.25,100,25,Aromatic formulae (%),Van Krevelen class fractions,7
vk_frac_aromatic,190,6,2022-09-08,warmed,Warmed,30,10-30 cm,0.533898305084746,100,53.3898305084746,Aromatic formulae (%),Van Krevelen class fractions,7
vk_frac_aromatic,191,6,2022-11-01,warmed,Warmed,30,10-30 cm,0.438775510204082,100,43.8775510204082,Aromatic formulae (%),Van Krevelen class fractions,7
vk_frac_aromatic,121,2,2022-11-16,warmed,Warmed,30,10-30 cm,0.47887323943662,100,47.887323943662,Aromatic formulae (%),Van Krevelen class fractions,7
vk_frac_aromatic,122,2,2023-01-12,warmed,Warmed,30,10-30 cm,0.403669724770642,100,40.3669724770642,Aromatic formulae (%),Van Krevelen class fractions,7
vk_frac_aromatic,192,6,2023-01-12,warmed,Warmed,30,10-30 cm,0.488505747126437,100,48.8505747126437,Aromatic formulae (%),Van Krevelen class fractions,7
vk_frac_aromatic,193,6,2023-02-07,warmed,Warmed,30,10-30 cm,0.393220338983051,100,39.3220338983051,Aromatic formulae (%),Van Krevelen class fractions,7
vk_frac_aromatic,194,6,2023-05-02,warmed,Warmed,30,10-30 cm,0.402843601895735,100,40.2843601895735,Aromatic formulae (%),Van Krevelen class fractions,7
vk_frac_aromatic,123,2,2023-05-30,warmed,Warmed,30,10-30 cm,0.497435897435897,100,49.7435897435897,Aromatic formulae (%),Van Krevelen class fractions,7
vk_frac_aromatic,169,4,2023-05-30,warmed,Warmed,30,10-30 cm,0.556149732620321,100,55.6149732620321,Aromatic formulae (%),Van Krevelen class fractions,7
vk_frac_aromatic,124,2,2023-08-22,warmed,Warmed,30,10-30 cm,0.355844155844156,100,35.5844155844156,Aromatic formulae (%),Van Krevelen class fractions,7
vk_frac_aromatic,195,6,2023-10-03,warmed,Warmed,30,10-30 cm,0.467700258397933,100,46.7700258397933,Aromatic formulae (%),Van Krevelen class fractions,7
vk_frac_aromatic,125,2,2023-12-12,warmed,Warmed,30,10-30 cm,0.317241379310345,100,31.7241379310345,Aromatic formulae (%),Van Krevelen class fractions,7
vk_frac_aromatic,196,6,2024-04-30,warmed,Warmed,30,10-30 cm,0.396153846153846,100,39.6153846153846,Aromatic formulae (%),Van Krevelen class fractions,7
vk_frac_carbohydrate,1,1,2017-05-31,control,Control,10,0-10 cm,0.049079754601227,100,4.9079754601227,Carbohydrate formulae (%),Van Krevelen class fractions,8
vk_frac_carbohydrate,70,5,2017-05-31,control,Control,10,0-10 cm,0.0281995661605206,100,2.81995661605206,Carbohydrate formulae (%),Van Krevelen class fractions,8
vk_frac_carbohydrate,26,3,2017-10-20,control,Control,10,0-10 cm,0.0797546012269939,100,7.97546012269939,Carbohydrate formulae (%),Van Krevelen class fractions,8
vk_frac_carbohydrate,2,1,2017-12-06,control,Control,10,0-10 cm,0.0555555555555556,100,5.55555555555556,Carbohydrate formulae (%),Van Krevelen class fractions,8
vk_frac_carbohydrate,27,3,2017-12-06,control,Control,10,0-10 cm,0.0396215257244234,100,3.96215257244234,Carbohydrate formulae (%),Van Krevelen class fractions,8
vk_frac_carbohydrate,28,3,2018-01-17,control,Control,10,0-10 cm,0.0354609929078014,100,3.54609929078014,Carbohydrate formulae (%),Van Krevelen class fractions,8
vk_frac_carbohydrate,29,3,2018-01-30,control,Control,10,0-10 cm,0.0299212598425197,100,2.99212598425197,Carbohydrate formulae (%),Van Krevelen class fractions,8
vk_frac_carbohydrate,30,3,2018-02-13,control,Control,10,0-10 cm,0.05,100,5,Carbohydrate formulae (%),Van Krevelen class fractions,8
vk_frac_carbohydrate,31,3,2018-02-27,control,Control,10,0-10 cm,0.032520325203252,100,3.2520325203252,Carbohydrate formulae (%),Van Krevelen class fractions,8
vk_frac_carbohydrate,3,1,2018-05-09,control,Control,10,0-10 cm,0.0730337078651685,100,7.30337078651685,Carbohydrate formulae (%),Van Krevelen class fractions,8
vk_frac_carbohydrate,32,3,2018-05-09,control,Control,10,0-10 cm,0.0428571428571429,100,4.28571428571429,Carbohydrate formulae (%),Van Krevelen class fractions,8
vk_frac_carbohydrate,4,1,2018-05-22,control,Control,10,0-10 cm,0.0116279069767442,100,1.16279069767442,Carbohydrate formulae (%),Van Krevelen class fractions,8
vk_frac_carbohydrate,33,3,2018-05-22,control,Control,10,0-10 cm,0.0754716981132076,100,7.54716981132076,Carbohydrate formulae (%),Van Krevelen class fractions,8
vk_frac_carbohydrate,5,1,2018-10-10,control,Control,10,0-10 cm,0.0533980582524272,100,5.33980582524272,Carbohydrate formulae (%),Van Krevelen class fractions,8
vk_frac_carbohydrate,71,5,2018-10-10,control,Control,10,0-10 cm,0,100,0,Carbohydrate formulae (%),Van Krevelen class fractions,8
vk_frac_carbohydrate,34,3,2018-10-23,control,Control,10,0-10 cm,0.0833333333333333,100,8.33333333333333,Carbohydrate formulae (%),Van Krevelen class fractions,8
vk_frac_carbohydrate,72,5,2018-10-23,control,Control,10,0-10 cm,0.0693333333333333,100,6.93333333333333,Carbohydrate formulae (%),Van Krevelen class fractions,8
vk_frac_carbohydrate,6,1,2018-11-07,control,Control,10,0-10 cm,0.0629370629370629,100,6.29370629370629,Carbohydrate formulae (%),Van Krevelen class fractions,8
vk_frac_carbohydrate,35,3,2018-11-07,control,Control,10,0-10 cm,0.388888888888889,100,38.8888888888889,Carbohydrate formulae (%),Van Krevelen class fractions,8
vk_frac_carbohydrate,7,1,2019-09-10,control,Control,10,0-10 cm,0.0686619718309859,100,6.86619718309859,Carbohydrate formulae (%),Van Krevelen class fractions,8
vk_frac_carbohydrate,73,5,2019-09-10,control,Control,10,0-10 cm,0.0585987261146497,100,5.85987261146497,Carbohydrate formulae (%),Van Krevelen class fractions,8
vk_frac_carbohydrate,36,3,2019-11-05,control,Control,10,0-10 cm,0,100,0,Carbohydrate formulae (%),Van Krevelen class fractions,8
vk_frac_carbohydrate,8,1,2019-12-03,control,Control,10,0-10 cm,0.0245614035087719,100,2.45614035087719,Carbohydrate formulae (%),Van Krevelen class fractions,8
vk_frac_carbohydrate,37,3,2019-12-17,control,Control,10,0-10 cm,0.0240963855421687,100,2.40963855421687,Carbohydrate formulae (%),Van Krevelen class fractions,8
vk_frac_carbohydrate,74,5,2019-12-17,control,Control,10,0-10 cm,0.0223880597014925,100,2.23880597014925,Carbohydrate formulae (%),Van Krevelen class fractions,8
vk_frac_carbohydrate,38,3,2019-12-31,control,Control,10,0-10 cm,0.03125,100,3.125,Carbohydrate formulae (%),Van Krevelen class fractions,8
vk_frac_carbohydrate,9,1,2020-01-28,control,Control,10,0-10 cm,0.0281923714759536,100,2.81923714759536,Carbohydrate formulae (%),Van Krevelen class fractions,8
vk_frac_carbohydrate,39,3,2020-01-28,control,Control,10,0-10 cm,0.0699300699300699,100,6.99300699300699,Carbohydrate formulae (%),Van Krevelen class fractions,8
vk_frac_carbohydrate,75,5,2020-01-28,control,Control,10,0-10 cm,0.0135135135135135,100,1.35135135135135,Carbohydrate formulae (%),Van Krevelen class fractions,8
vk_frac_carbohydrate,76,5,2020-02-25,control,Control,10,0-10 cm,0.0423497267759563,100,4.23497267759563,Carbohydrate formulae (%),Van Krevelen class fractions,8
vk_frac_carbohydrate,40,3,2020-03-10,control,Control,10,0-10 cm,0.0697674418604651,100,6.97674418604651,Carbohydrate formulae (%),Van Krevelen class fractions,8
vk_frac_carbohydrate,77,5,2020-03-10,control,Control,10,0-10 cm,0.0273381294964029,100,2.73381294964029,Carbohydrate formulae (%),Van Krevelen class fractions,8
vk_frac_carbohydrate,78,5,2020-07-28,control,Control,10,0-10 cm,0.0296570898980538,100,2.96570898980538,Carbohydrate formulae (%),Van Krevelen class fractions,8
vk_frac_carbohydrate,79,5,2020-09-09,control,Control,10,0-10 cm,0.0282167042889391,100,2.82167042889391,Carbohydrate formulae (%),Van Krevelen class fractions,8
vk_frac_carbohydrate,80,5,2020-10-06,control,Control,10,0-10 cm,0.0294906166219839,100,2.94906166219839,Carbohydrate formulae (%),Van Krevelen class fractions,8
vk_frac_carbohydrate,81,5,2020-11-05,control,Control,10,0-10 cm,0.0477272727272727,100,4.77272727272727,Carbohydrate formulae (%),Van Krevelen class fractions,8
vk_frac_carbohydrate,82,5,2021-02-09,control,Control,10,0-10 cm,0.0459433040078201,100,4.59433040078201,Carbohydrate formulae (%),Van Krevelen class fractions,8
vk_frac_carbohydrate,83,5,2021-02-23,control,Control,10,0-10 cm,0.0693950177935943,100,6.93950177935943,Carbohydrate formulae (%),Van Krevelen class fractions,8
vk_frac_carbohydrate,84,5,2021-06-03,control,Control,10,0-10 cm,0.0401606425702811,100,4.01606425702811,Carbohydrate formulae (%),Van Krevelen class fractions,8
vk_frac_carbohydrate,10,1,2021-12-15,control,Control,10,0-10 cm,0.0464285714285714,100,4.64285714285714,Carbohydrate formulae (%),Van Krevelen class fractions,8
vk_frac_carbohydrate,41,3,2021-12-15,control,Control,10,0-10 cm,0.0289855072463768,100,2.89855072463768,Carbohydrate formulae (%),Van Krevelen class fractions,8
vk_frac_carbohydrate,85,5,2021-12-15,control,Control,10,0-10 cm,0.0772843723313407,100,7.72843723313407,Carbohydrate formulae (%),Van Krevelen class fractions,8
vk_frac_carbohydrate,11,1,2022-08-23,control,Control,10,0-10 cm,0.0254237288135593,100,2.54237288135593,Carbohydrate formulae (%),Van Krevelen class fractions,8
vk_frac_carbohydrate,86,5,2022-08-23,control,Control,10,0-10 cm,0.0615079365079365,100,6.15079365079365,Carbohydrate formulae (%),Van Krevelen class fractions,8
vk_frac_carbohydrate,12,1,2022-09-08,control,Control,10,0-10 cm,0.0173010380622837,100,1.73010380622837,Carbohydrate formulae (%),Van Krevelen class fractions,8
vk_frac_carbohydrate,42,3,2022-09-08,control,Control,10,0-10 cm,0.118811881188119,100,11.8811881188119,Carbohydrate formulae (%),Van Krevelen class fractions,8
vk_frac_carbohydrate,87,5,2022-09-08,control,Control,10,0-10 cm,0.00680272108843537,100,0.680272108843537,Carbohydrate formulae (%),Van Krevelen class fractions,8
vk_frac_carbohydrate,13,1,2022-11-16,control,Control,10,0-10 cm,0.0417227456258412,100,4.17227456258412,Carbohydrate formulae (%),Van Krevelen class fractions,8
vk_frac_carbohydrate,43,3,2022-11-16,control,Control,10,0-10 cm,0.0319410319410319,100,3.19410319410319,Carbohydrate formulae (%),Van Krevelen class fractions,8
vk_frac_carbohydrate,88,5,2022-11-16,control,Control,10,0-10 cm,0.041409691629956,100,4.1409691629956,Carbohydrate formulae (%),Van Krevelen class fractions,8
vk_frac_carbohydrate,44,3,2023-05-30,control,Control,10,0-10 cm,0.0722222222222222,100,7.22222222222222,Carbohydrate formulae (%),Van Krevelen class fractions,8
vk_frac_carbohydrate,45,3,2023-12-27,control,Control,10,0-10 cm,0.0413223140495868,100,4.13223140495868,Carbohydrate formulae (%),Van Krevelen class fractions,8
vk_frac_carbohydrate,46,3,2024-04-16,control,Control,10,0-10 cm,0.0358565737051793,100,3.58565737051793,Carbohydrate formulae (%),Van Krevelen class fractions,8
vk_frac_carbohydrate,47,3,2024-04-30,control,Control,10,0-10 cm,0.0410958904109589,100,4.10958904109589,Carbohydrate formulae (%),Van Krevelen class fractions,8
vk_frac_carbohydrate,14,2,2017-05-31,warmed,Warmed,10,0-10 cm,0.0805084745762712,100,8.05084745762712,Carbohydrate formulae (%),Van Krevelen class fractions,8
vk_frac_carbohydrate,89,6,2017-05-31,warmed,Warmed,10,0-10 cm,0.0263565891472868,100,2.63565891472868,Carbohydrate formulae (%),Van Krevelen class fractions,8
vk_frac_carbohydrate,48,4,2017-10-20,warmed,Warmed,10,0-10 cm,0.0300957592339261,100,3.00957592339261,Carbohydrate formulae (%),Van Krevelen class fractions,8
vk_frac_carbohydrate,15,2,2017-12-06,warmed,Warmed,10,0-10 cm,0.0574412532637076,100,5.74412532637076,Carbohydrate formulae (%),Van Krevelen class fractions,8
vk_frac_carbohydrate,49,4,2017-12-06,warmed,Warmed,10,0-10 cm,0.0264853256979241,100,2.64853256979241,Carbohydrate formulae (%),Van Krevelen class fractions,8
vk_frac_carbohydrate,50,4,2018-01-17,warmed,Warmed,10,0-10 cm,0.0170842824601367,100,1.70842824601367,Carbohydrate formulae (%),Van Krevelen class fractions,8
vk_frac_carbohydrate,51,4,2018-01-30,warmed,Warmed,10,0-10 cm,0.0741573033707865,100,7.41573033707865,Carbohydrate formulae (%),Van Krevelen class fractions,8
vk_frac_carbohydrate,52,4,2018-02-13,warmed,Warmed,10,0-10 cm,0.0529695024077047,100,5.29695024077047,Carbohydrate formulae (%),Van Krevelen class fractions,8
vk_frac_carbohydrate,53,4,2018-02-27,warmed,Warmed,10,0-10 cm,0.0618374558303887,100,6.18374558303887,Carbohydrate formulae (%),Van Krevelen class fractions,8
vk_frac_carbohydrate,16,2,2018-05-09,warmed,Warmed,10,0-10 cm,0.0289687137891078,100,2.89687137891078,Carbohydrate formulae (%),Van Krevelen class fractions,8
vk_frac_carbohydrate,54,4,2018-05-09,warmed,Warmed,10,0-10 cm,0.0440097799511002,100,4.40097799511002,Carbohydrate formulae (%),Van Krevelen class fractions,8
vk_frac_carbohydrate,17,2,2018-05-22,warmed,Warmed,10,0-10 cm,0.0277427490542245,100,2.77427490542245,Carbohydrate formulae (%),Van Krevelen class fractions,8
vk_frac_carbohydrate,55,4,2018-05-22,warmed,Warmed,10,0-10 cm,0.0557163531114327,100,5.57163531114327,Carbohydrate formulae (%),Van Krevelen class fractions,8
vk_frac_carbohydrate,18,2,2018-10-10,warmed,Warmed,10,0-10 cm,0.0225733634311512,100,2.25733634311512,Carbohydrate formulae (%),Van Krevelen class fractions,8
vk_frac_carbohydrate,90,6,2018-10-10,warmed,Warmed,10,0-10 cm,0.0540915395284327,100,5.40915395284327,Carbohydrate formulae (%),Van Krevelen class fractions,8
vk_frac_carbohydrate,56,4,2018-10-23,warmed,Warmed,10,0-10 cm,0.0731707317073171,100,7.31707317073171,Carbohydrate formulae (%),Van Krevelen class fractions,8
vk_frac_carbohydrate,91,6,2018-10-23,warmed,Warmed,10,0-10 cm,0.0446976336546889,100,4.46976336546889,Carbohydrate formulae (%),Van Krevelen class fractions,8
vk_frac_carbohydrate,19,2,2018-11-07,warmed,Warmed,10,0-10 cm,0.0757894736842105,100,7.57894736842105,Carbohydrate formulae (%),Van Krevelen class fractions,8
vk_frac_carbohydrate,57,4,2018-11-07,warmed,Warmed,10,0-10 cm,0.0509615384615385,100,5.09615384615385,Carbohydrate formulae (%),Van Krevelen class fractions,8
vk_frac_carbohydrate,20,2,2019-09-10,warmed,Warmed,10,0-10 cm,0.135057471264368,100,13.5057471264368,Carbohydrate formulae (%),Van Krevelen class fractions,8
vk_frac_carbohydrate,92,6,2019-09-10,warmed,Warmed,10,0-10 cm,0.0266666666666667,100,2.66666666666667,Carbohydrate formulae (%),Van Krevelen class fractions,8
vk_frac_carbohydrate,58,4,2019-11-05,warmed,Warmed,10,0-10 cm,0.0496644295302014,100,4.96644295302014,Carbohydrate formulae (%),Van Krevelen class fractions,8
vk_frac_carbohydrate,21,2,2019-12-03,warmed,Warmed,10,0-10 cm,0.0311418685121107,100,3.11418685121107,Carbohydrate formulae (%),Van Krevelen class fractions,8
vk_frac_carbohydrate,59,4,2019-12-17,warmed,Warmed,10,0-10 cm,0.0535455861070912,100,5.35455861070912,Carbohydrate formulae (%),Van Krevelen class fractions,8
vk_frac_carbohydrate,93,6,2019-12-17,warmed,Warmed,10,0-10 cm,0.0237154150197628,100,2.37154150197628,Carbohydrate formulae (%),Van Krevelen class fractions,8
vk_frac_carbohydrate,60,4,2019-12-31,warmed,Warmed,10,0-10 cm,0.0743529411764706,100,7.43529411764706,Carbohydrate formulae (%),Van Krevelen class fractions,8
vk_frac_carbohydrate,22,2,2020-01-28,warmed,Warmed,10,0-10 cm,0.0349288486416559,100,3.49288486416559,Carbohydrate formulae (%),Van Krevelen class fractions,8
vk_frac_carbohydrate,61,4,2020-01-28,warmed,Warmed,10,0-10 cm,0.0513966480446927,100,5.13966480446927,Carbohydrate formulae (%),Van Krevelen class fractions,8
vk_frac_carbohydrate,94,6,2020-01-28,warmed,Warmed,10,0-10 cm,0.0308076602830974,100,3.08076602830974,Carbohydrate formulae (%),Van Krevelen class fractions,8
vk_frac_carbohydrate,95,6,2020-02-25,warmed,Warmed,10,0-10 cm,0.020253164556962,100,2.0253164556962,Carbohydrate formulae (%),Van Krevelen class fractions,8
vk_frac_carbohydrate,62,4,2020-03-10,warmed,Warmed,10,0-10 cm,0.0591194968553459,100,5.91194968553459,Carbohydrate formulae (%),Van Krevelen class fractions,8
vk_frac_carbohydrate,96,6,2020-03-10,warmed,Warmed,10,0-10 cm,0.0411985018726592,100,4.11985018726592,Carbohydrate formulae (%),Van Krevelen class fractions,8
vk_frac_carbohydrate,97,6,2020-07-28,warmed,Warmed,10,0-10 cm,0.0308880308880309,100,3.08880308880309,Carbohydrate formulae (%),Van Krevelen class fractions,8
vk_frac_carbohydrate,98,6,2020-09-09,warmed,Warmed,10,0-10 cm,0.0271604938271605,100,2.71604938271605,Carbohydrate formulae (%),Van Krevelen class fractions,8
vk_frac_carbohydrate,99,6,2020-10-06,warmed,Warmed,10,0-10 cm,0.0267379679144385,100,2.67379679144385,Carbohydrate formulae (%),Van Krevelen class fractions,8
vk_frac_carbohydrate,100,6,2020-11-05,warmed,Warmed,10,0-10 cm,0.048810250152532,100,4.8810250152532,Carbohydrate formulae (%),Van Krevelen class fractions,8
vk_frac_carbohydrate,101,6,2021-02-09,warmed,Warmed,10,0-10 cm,0.00964630225080386,100,0.964630225080386,Carbohydrate formulae (%),Van Krevelen class fractions,8
vk_frac_carbohydrate,102,6,2021-02-23,warmed,Warmed,10,0-10 cm,0.0234375,100,2.34375,Carbohydrate formulae (%),Van Krevelen class fractions,8
vk_frac_carbohydrate,103,6,2021-06-03,warmed,Warmed,10,0-10 cm,0.0483870967741936,100,4.83870967741936,Carbohydrate formulae (%),Van Krevelen class fractions,8
vk_frac_carbohydrate,23,2,2021-12-15,warmed,Warmed,10,0-10 cm,0.0586080586080586,100,5.86080586080586,Carbohydrate formulae (%),Van Krevelen class fractions,8
vk_frac_carbohydrate,63,4,2021-12-15,warmed,Warmed,10,0-10 cm,0.0606060606060606,100,6.06060606060606,Carbohydrate formulae (%),Van Krevelen class fractions,8
vk_frac_carbohydrate,104,6,2021-12-15,warmed,Warmed,10,0-10 cm,0.0211640211640212,100,2.11640211640212,Carbohydrate formulae (%),Van Krevelen class fractions,8
vk_frac_carbohydrate,24,2,2022-08-23,warmed,Warmed,10,0-10 cm,0.0294550810014728,100,2.94550810014728,Carbohydrate formulae (%),Van Krevelen class fractions,8
vk_frac_carbohydrate,105,6,2022-08-23,warmed,Warmed,10,0-10 cm,0.0114942528735632,100,1.14942528735632,Carbohydrate formulae (%),Van Krevelen class fractions,8
vk_frac_carbohydrate,64,4,2022-09-08,warmed,Warmed,10,0-10 cm,0.0610328638497653,100,6.10328638497653,Carbohydrate formulae (%),Van Krevelen class fractions,8
vk_frac_carbohydrate,106,6,2022-09-08,warmed,Warmed,10,0-10 cm,0.0277777777777778,100,2.77777777777778,Carbohydrate formulae (%),Van Krevelen class fractions,8
vk_frac_carbohydrate,25,2,2022-11-16,warmed,Warmed,10,0-10 cm,0.04739336492891,100,4.739336492891,Carbohydrate formulae (%),Van Krevelen class fractions,8
vk_frac_carbohydrate,65,4,2022-11-16,warmed,Warmed,10,0-10 cm,0.0823045267489712,100,8.23045267489712,Carbohydrate formulae (%),Van Krevelen class fractions,8
vk_frac_carbohydrate,107,6,2022-11-16,warmed,Warmed,10,0-10 cm,0.0311926605504587,100,3.11926605504587,Carbohydrate formulae (%),Van Krevelen class fractions,8
vk_frac_carbohydrate,66,4,2023-05-30,warmed,Warmed,10,0-10 cm,0.0609756097560976,100,6.09756097560976,Carbohydrate formulae (%),Van Krevelen class fractions,8
vk_frac_carbohydrate,67,4,2023-12-27,warmed,Warmed,10,0-10 cm,0.0936329588014981,100,9.36329588014981,Carbohydrate formulae (%),Van Krevelen class fractions,8
vk_frac_carbohydrate,68,4,2024-04-16,warmed,Warmed,10,0-10 cm,0.0869565217391304,100,8.69565217391304,Carbohydrate formulae (%),Van Krevelen class fractions,8
vk_frac_carbohydrate,69,4,2024-04-30,warmed,Warmed,10,0-10 cm,0.0643086816720257,100,6.43086816720257,Carbohydrate formulae (%),Van Krevelen class fractions,8
vk_frac_carbohydrate,126,3,2017-05-31,control,Control,30,10-30 cm,0.113207547169811,100,11.3207547169811,Carbohydrate formulae (%),Van Krevelen class fractions,8
vk_frac_carbohydrate,127,3,2017-11-22,control,Control,30,10-30 cm,0.133333333333333,100,13.3333333333333,Carbohydrate formulae (%),Van Krevelen class fractions,8
vk_frac_carbohydrate,128,3,2017-12-06,control,Control,30,10-30 cm,0.363636363636364,100,36.3636363636364,Carbohydrate formulae (%),Van Krevelen class fractions,8
vk_frac_carbohydrate,170,5,2017-12-06,control,Control,30,10-30 cm,0.137931034482759,100,13.7931034482759,Carbohydrate formulae (%),Van Krevelen class fractions,8
vk_frac_carbohydrate,129,3,2018-01-03,control,Control,30,10-30 cm,0.0967741935483871,100,9.67741935483871,Carbohydrate formulae (%),Van Krevelen class fractions,8
vk_frac_carbohydrate,130,3,2018-01-30,control,Control,30,10-30 cm,0.119565217391304,100,11.9565217391304,Carbohydrate formulae (%),Van Krevelen class fractions,8
vk_frac_carbohydrate,131,3,2018-02-27,control,Control,30,10-30 cm,0.135593220338983,100,13.5593220338983,Carbohydrate formulae (%),Van Krevelen class fractions,8
vk_frac_carbohydrate,171,5,2018-03-27,control,Control,30,10-30 cm,0.0769230769230769,100,7.69230769230769,Carbohydrate formulae (%),Van Krevelen class fractions,8
vk_frac_carbohydrate,132,3,2018-05-09,control,Control,30,10-30 cm,0.123893805309735,100,12.3893805309735,Carbohydrate formulae (%),Van Krevelen class fractions,8
vk_frac_carbohydrate,172,5,2018-05-09,control,Control,30,10-30 cm,0.0126984126984127,100,1.26984126984127,Carbohydrate formulae (%),Van Krevelen class fractions,8
vk_frac_carbohydrate,133,3,2018-11-07,control,Control,30,10-30 cm,0.170818505338078,100,17.0818505338078,Carbohydrate formulae (%),Van Krevelen class fractions,8
vk_frac_carbohydrate,134,3,2019-09-10,control,Control,30,10-30 cm,0.11304347826087,100,11.304347826087,Carbohydrate formulae (%),Van Krevelen class fractions,8
vk_frac_carbohydrate,135,3,2019-12-03,control,Control,30,10-30 cm,0.103174603174603,100,10.3174603174603,Carbohydrate formulae (%),Van Krevelen class fractions,8
vk_frac_carbohydrate,136,3,2020-01-14,control,Control,30,10-30 cm,0.133858267716535,100,13.3858267716535,Carbohydrate formulae (%),Van Krevelen class fractions,8
vk_frac_carbohydrate,108,1,2020-02-25,control,Control,30,10-30 cm,0.037037037037037,100,3.7037037037037,Carbohydrate formulae (%),Van Krevelen class fractions,8
vk_frac_carbohydrate,137,3,2020-02-25,control,Control,30,10-30 cm,0.107954545454545,100,10.7954545454545,Carbohydrate formulae (%),Van Krevelen class fractions,8
vk_frac_carbohydrate,138,3,2020-03-10,control,Control,30,10-30 cm,0.14406779661017,100,14.406779661017,Carbohydrate formulae (%),Van Krevelen class fractions,8
vk_frac_carbohydrate,139,3,2020-07-28,control,Control,30,10-30 cm,0.103092783505155,100,10.3092783505155,Carbohydrate formulae (%),Van Krevelen class fractions,8
vk_frac_carbohydrate,173,5,2020-07-28,control,Control,30,10-30 cm,0.0107816711590297,100,1.07816711590297,Carbohydrate formulae (%),Van Krevelen class fractions,8
vk_frac_carbohydrate,140,3,2020-09-09,control,Control,30,10-30 cm,0.105263157894737,100,10.5263157894737,Carbohydrate formulae (%),Van Krevelen class fractions,8
vk_frac_carbohydrate,141,3,2020-10-06,control,Control,30,10-30 cm,0.0700636942675159,100,7.00636942675159,Carbohydrate formulae (%),Van Krevelen class fractions,8
vk_frac_carbohydrate,174,5,2020-10-06,control,Control,30,10-30 cm,0.0241379310344828,100,2.41379310344828,Carbohydrate formulae (%),Van Krevelen class fractions,8
vk_frac_carbohydrate,142,3,2020-11-05,control,Control,30,10-30 cm,0.0483091787439614,100,4.83091787439614,Carbohydrate formulae (%),Van Krevelen class fractions,8
vk_frac_carbohydrate,175,5,2020-11-05,control,Control,30,10-30 cm,0.010752688172043,100,1.0752688172043,Carbohydrate formulae (%),Van Krevelen class fractions,8
vk_frac_carbohydrate,143,3,2020-12-29,control,Control,30,10-30 cm,0.033195020746888,100,3.3195020746888,Carbohydrate formulae (%),Van Krevelen class fractions,8
vk_frac_carbohydrate,144,3,2021-02-09,control,Control,30,10-30 cm,0.0560747663551402,100,5.60747663551402,Carbohydrate formulae (%),Van Krevelen class fractions,8
vk_frac_carbohydrate,176,5,2021-02-23,control,Control,30,10-30 cm,0.0307692307692308,100,3.07692307692308,Carbohydrate formulae (%),Van Krevelen class fractions,8
vk_frac_carbohydrate,145,3,2021-06-03,control,Control,30,10-30 cm,0.0704845814977974,100,7.04845814977974,Carbohydrate formulae (%),Van Krevelen class fractions,8
vk_frac_carbohydrate,109,1,2021-09-21,control,Control,30,10-30 cm,0.0416666666666667,100,4.16666666666667,Carbohydrate formulae (%),Van Krevelen class fractions,8
vk_frac_carbohydrate,146,3,2021-12-15,control,Control,30,10-30 cm,0.103448275862069,100,10.3448275862069,Carbohydrate formulae (%),Van Krevelen class fractions,8
vk_frac_carbohydrate,110,1,2022-08-23,control,Control,30,10-30 cm,0.0204081632653061,100,2.04081632653061,Carbohydrate formulae (%),Van Krevelen class fractions,8
vk_frac_carbohydrate,177,5,2022-08-23,control,Control,30,10-30 cm,0.0714285714285714,100,7.14285714285714,Carbohydrate formulae (%),Van Krevelen class fractions,8
vk_frac_carbohydrate,111,1,2022-09-08,control,Control,30,10-30 cm,0.0687022900763359,100,6.87022900763359,Carbohydrate formulae (%),Van Krevelen class fractions,8
vk_frac_carbohydrate,178,5,2022-09-08,control,Control,30,10-30 cm,0.230769230769231,100,23.0769230769231,Carbohydrate formulae (%),Van Krevelen class fractions,8
vk_frac_carbohydrate,179,5,2022-11-01,control,Control,30,10-30 cm,0,100,0,Carbohydrate formulae (%),Van Krevelen class fractions,8
vk_frac_carbohydrate,112,1,2022-11-16,control,Control,30,10-30 cm,0.033033033033033,100,3.3033033033033,Carbohydrate formulae (%),Van Krevelen class fractions,8
vk_frac_carbohydrate,113,1,2023-01-12,control,Control,30,10-30 cm,0.0505836575875486,100,5.05836575875486,Carbohydrate formulae (%),Van Krevelen class fractions,8
vk_frac_carbohydrate,180,5,2023-01-12,control,Control,30,10-30 cm,0.0321428571428571,100,3.21428571428571,Carbohydrate formulae (%),Van Krevelen class fractions,8
vk_frac_carbohydrate,181,5,2023-02-07,control,Control,30,10-30 cm,0.0139664804469274,100,1.39664804469274,Carbohydrate formulae (%),Van Krevelen class fractions,8
vk_frac_carbohydrate,182,5,2023-05-02,control,Control,30,10-30 cm,0.0264765784114053,100,2.64765784114053,Carbohydrate formulae (%),Van Krevelen class fractions,8
vk_frac_carbohydrate,114,1,2023-05-30,control,Control,30,10-30 cm,0.0625,100,6.25,Carbohydrate formulae (%),Van Krevelen class fractions,8
vk_frac_carbohydrate,147,3,2023-05-30,control,Control,30,10-30 cm,0.0608552631578947,100,6.08552631578947,Carbohydrate formulae (%),Van Krevelen class fractions,8
vk_frac_carbohydrate,115,1,2023-08-22,control,Control,30,10-30 cm,0.0594262295081967,100,5.94262295081967,Carbohydrate formulae (%),Van Krevelen class fractions,8
vk_frac_carbohydrate,183,5,2023-10-03,control,Control,30,10-30 cm,0.02,100,2,Carbohydrate formulae (%),Van Krevelen class fractions,8
vk_frac_carbohydrate,116,1,2023-12-12,control,Control,30,10-30 cm,0.0491159135559921,100,4.91159135559921,Carbohydrate formulae (%),Van Krevelen class fractions,8
vk_frac_carbohydrate,184,5,2024-04-30,control,Control,30,10-30 cm,0.0395833333333333,100,3.95833333333333,Carbohydrate formulae (%),Van Krevelen class fractions,8
vk_frac_carbohydrate,148,4,2017-05-31,warmed,Warmed,30,10-30 cm,0.0606060606060606,100,6.06060606060606,Carbohydrate formulae (%),Van Krevelen class fractions,8
vk_frac_carbohydrate,149,4,2017-11-22,warmed,Warmed,30,10-30 cm,0.0717299578059072,100,7.17299578059072,Carbohydrate formulae (%),Van Krevelen class fractions,8
vk_frac_carbohydrate,150,4,2017-12-06,warmed,Warmed,30,10-30 cm,0.0160642570281124,100,1.60642570281124,Carbohydrate formulae (%),Van Krevelen class fractions,8
vk_frac_carbohydrate,185,6,2017-12-06,warmed,Warmed,30,10-30 cm,0.032319391634981,100,3.2319391634981,Carbohydrate formulae (%),Van Krevelen class fractions,8
vk_frac_carbohydrate,152,4,2018-01-30,warmed,Warmed,30,10-30 cm,0.0449438202247191,100,4.49438202247191,Carbohydrate formulae (%),Van Krevelen class fractions,8
vk_frac_carbohydrate,153,4,2018-02-27,warmed,Warmed,30,10-30 cm,0.0158730158730159,100,1.58730158730159,Carbohydrate formulae (%),Van Krevelen class fractions,8
vk_frac_carbohydrate,154,4,2018-05-09,warmed,Warmed,30,10-30 cm,0.0289855072463768,100,2.89855072463768,Carbohydrate formulae (%),Van Krevelen class fractions,8
vk_frac_carbohydrate,155,4,2018-11-07,warmed,Warmed,30,10-30 cm,0.0319148936170213,100,3.19148936170213,Carbohydrate formulae (%),Van Krevelen class fractions,8
vk_frac_carbohydrate,156,4,2019-09-10,warmed,Warmed,30,10-30 cm,0.0194174757281553,100,1.94174757281553,Carbohydrate formulae (%),Van Krevelen class fractions,8
vk_frac_carbohydrate,157,4,2019-12-03,warmed,Warmed,30,10-30 cm,0.015929203539823,100,1.5929203539823,Carbohydrate formulae (%),Van Krevelen class fractions,8
vk_frac_carbohydrate,158,4,2020-01-14,warmed,Warmed,30,10-30 cm,0.0242990654205607,100,2.42990654205607,Carbohydrate formulae (%),Van Krevelen class fractions,8
vk_frac_carbohydrate,117,2,2020-02-25,warmed,Warmed,30,10-30 cm,0.0467625899280576,100,4.67625899280576,Carbohydrate formulae (%),Van Krevelen class fractions,8
vk_frac_carbohydrate,159,4,2020-02-25,warmed,Warmed,30,10-30 cm,0.0339506172839506,100,3.39506172839506,Carbohydrate formulae (%),Van Krevelen class fractions,8
vk_frac_carbohydrate,160,4,2020-03-10,warmed,Warmed,30,10-30 cm,0.0189274447949527,100,1.89274447949527,Carbohydrate formulae (%),Van Krevelen class fractions,8
vk_frac_carbohydrate,161,4,2020-07-28,warmed,Warmed,30,10-30 cm,0,100,0,Carbohydrate formulae (%),Van Krevelen class fractions,8
vk_frac_carbohydrate,162,4,2020-09-09,warmed,Warmed,30,10-30 cm,0.0128205128205128,100,1.28205128205128,Carbohydrate formulae (%),Van Krevelen class fractions,8
vk_frac_carbohydrate,186,6,2020-09-09,warmed,Warmed,30,10-30 cm,0.0451178451178451,100,4.51178451178451,Carbohydrate formulae (%),Van Krevelen class fractions,8
vk_frac_carbohydrate,163,4,2020-10-06,warmed,Warmed,30,10-30 cm,0.0297482837528604,100,2.97482837528604,Carbohydrate formulae (%),Van Krevelen class fractions,8
vk_frac_carbohydrate,187,6,2020-10-06,warmed,Warmed,30,10-30 cm,0.0187793427230047,100,1.87793427230047,Carbohydrate formulae (%),Van Krevelen class fractions,8
vk_frac_carbohydrate,164,4,2020-11-05,warmed,Warmed,30,10-30 cm,0,100,0,Carbohydrate formulae (%),Van Krevelen class fractions,8
vk_frac_carbohydrate,165,4,2020-12-29,warmed,Warmed,30,10-30 cm,0.0114942528735632,100,1.14942528735632,Carbohydrate formulae (%),Van Krevelen class fractions,8
vk_frac_carbohydrate,166,4,2021-02-09,warmed,Warmed,30,10-30 cm,0.0141843971631206,100,1.41843971631206,Carbohydrate formulae (%),Van Krevelen class fractions,8
vk_frac_carbohydrate,188,6,2021-02-23,warmed,Warmed,30,10-30 cm,0.0572556762092794,100,5.72556762092794,Carbohydrate formulae (%),Van Krevelen class fractions,8
vk_frac_carbohydrate,167,4,2021-06-03,warmed,Warmed,30,10-30 cm,0.0227272727272727,100,2.27272727272727,Carbohydrate formulae (%),Van Krevelen class fractions,8
vk_frac_carbohydrate,118,2,2021-09-21,warmed,Warmed,30,10-30 cm,0.0681198910081744,100,6.81198910081744,Carbohydrate formulae (%),Van Krevelen class fractions,8
vk_frac_carbohydrate,168,4,2021-12-15,warmed,Warmed,30,10-30 cm,0,100,0,Carbohydrate formulae (%),Van Krevelen class fractions,8
vk_frac_carbohydrate,119,2,2022-08-23,warmed,Warmed,30,10-30 cm,0.0421052631578947,100,4.21052631578947,Carbohydrate formulae (%),Van Krevelen class fractions,8
vk_frac_carbohydrate,189,6,2022-08-23,warmed,Warmed,30,10-30 cm,0.0540540540540541,100,5.40540540540541,Carbohydrate formulae (%),Van Krevelen class fractions,8
vk_frac_carbohydrate,120,2,2022-09-08,warmed,Warmed,30,10-30 cm,0.375,100,37.5,Carbohydrate formulae (%),Van Krevelen class fractions,8
vk_frac_carbohydrate,190,6,2022-09-08,warmed,Warmed,30,10-30 cm,0.0296610169491525,100,2.96610169491525,Carbohydrate formulae (%),Van Krevelen class fractions,8
vk_frac_carbohydrate,191,6,2022-11-01,warmed,Warmed,30,10-30 cm,0.0714285714285714,100,7.14285714285714,Carbohydrate formulae (%),Van Krevelen class fractions,8
vk_frac_carbohydrate,121,2,2022-11-16,warmed,Warmed,30,10-30 cm,0.105633802816901,100,10.5633802816901,Carbohydrate formulae (%),Van Krevelen class fractions,8
vk_frac_carbohydrate,122,2,2023-01-12,warmed,Warmed,30,10-30 cm,0.142201834862385,100,14.2201834862385,Carbohydrate formulae (%),Van Krevelen class fractions,8
vk_frac_carbohydrate,192,6,2023-01-12,warmed,Warmed,30,10-30 cm,0.0977011494252874,100,9.77011494252874,Carbohydrate formulae (%),Van Krevelen class fractions,8
vk_frac_carbohydrate,193,6,2023-02-07,warmed,Warmed,30,10-30 cm,0.0711864406779661,100,7.11864406779661,Carbohydrate formulae (%),Van Krevelen class fractions,8
vk_frac_carbohydrate,194,6,2023-05-02,warmed,Warmed,30,10-30 cm,0.109004739336493,100,10.9004739336493,Carbohydrate formulae (%),Van Krevelen class fractions,8
vk_frac_carbohydrate,123,2,2023-05-30,warmed,Warmed,30,10-30 cm,0.0615384615384615,100,6.15384615384615,Carbohydrate formulae (%),Van Krevelen class fractions,8
vk_frac_carbohydrate,169,4,2023-05-30,warmed,Warmed,30,10-30 cm,0.0106951871657754,100,1.06951871657754,Carbohydrate formulae (%),Van Krevelen class fractions,8
vk_frac_carbohydrate,124,2,2023-08-22,warmed,Warmed,30,10-30 cm,0.0987012987012987,100,9.87012987012987,Carbohydrate formulae (%),Van Krevelen class fractions,8
vk_frac_carbohydrate,195,6,2023-10-03,warmed,Warmed,30,10-30 cm,0.0697674418604651,100,6.97674418604651,Carbohydrate formulae (%),Van Krevelen class fractions,8
vk_frac_carbohydrate,125,2,2023-12-12,warmed,Warmed,30,10-30 cm,0.142528735632184,100,14.2528735632184,Carbohydrate formulae (%),Van Krevelen class fractions,8
vk_frac_carbohydrate,196,6,2024-04-30,warmed,Warmed,30,10-30 cm,0.0480769230769231,100,4.80769230769231,Carbohydrate formulae (%),Van Krevelen class fractions,8
vk_frac_condensed_aromatic,1,1,2017-05-31,control,Control,10,0-10 cm,0.0429447852760736,100,4.29447852760736,Condensed aromatic formulae (%),Van Krevelen class fractions,9
vk_frac_condensed_aromatic,70,5,2017-05-31,control,Control,10,0-10 cm,0.0737527114967462,100,7.37527114967462,Condensed aromatic formulae (%),Van Krevelen class fractions,9
vk_frac_condensed_aromatic,26,3,2017-10-20,control,Control,10,0-10 cm,0.0828220858895705,100,8.28220858895705,Condensed aromatic formulae (%),Van Krevelen class fractions,9
vk_frac_condensed_aromatic,2,1,2017-12-06,control,Control,10,0-10 cm,0.0300925925925926,100,3.00925925925926,Condensed aromatic formulae (%),Van Krevelen class fractions,9
vk_frac_condensed_aromatic,27,3,2017-12-06,control,Control,10,0-10 cm,0.0384387936132466,100,3.84387936132466,Condensed aromatic formulae (%),Van Krevelen class fractions,9
vk_frac_condensed_aromatic,28,3,2018-01-17,control,Control,10,0-10 cm,0.0638297872340426,100,6.38297872340426,Condensed aromatic formulae (%),Van Krevelen class fractions,9
vk_frac_condensed_aromatic,29,3,2018-01-30,control,Control,10,0-10 cm,0.0503937007874016,100,5.03937007874016,Condensed aromatic formulae (%),Van Krevelen class fractions,9
vk_frac_condensed_aromatic,30,3,2018-02-13,control,Control,10,0-10 cm,0.05,100,5,Condensed aromatic formulae (%),Van Krevelen class fractions,9
vk_frac_condensed_aromatic,31,3,2018-02-27,control,Control,10,0-10 cm,0.130081300813008,100,13.0081300813008,Condensed aromatic formulae (%),Van Krevelen class fractions,9
vk_frac_condensed_aromatic,3,1,2018-05-09,control,Control,10,0-10 cm,0.0617977528089888,100,6.17977528089888,Condensed aromatic formulae (%),Van Krevelen class fractions,9
vk_frac_condensed_aromatic,32,3,2018-05-09,control,Control,10,0-10 cm,0.10952380952381,100,10.952380952381,Condensed aromatic formulae (%),Van Krevelen class fractions,9
vk_frac_condensed_aromatic,4,1,2018-05-22,control,Control,10,0-10 cm,0.0290697674418605,100,2.90697674418605,Condensed aromatic formulae (%),Van Krevelen class fractions,9
vk_frac_condensed_aromatic,33,3,2018-05-22,control,Control,10,0-10 cm,0.226415094339623,100,22.6415094339623,Condensed aromatic formulae (%),Van Krevelen class fractions,9
vk_frac_condensed_aromatic,5,1,2018-10-10,control,Control,10,0-10 cm,0.0242718446601942,100,2.42718446601942,Condensed aromatic formulae (%),Van Krevelen class fractions,9
vk_frac_condensed_aromatic,71,5,2018-10-10,control,Control,10,0-10 cm,0.0662251655629139,100,6.62251655629139,Condensed aromatic formulae (%),Van Krevelen class fractions,9
vk_frac_condensed_aromatic,34,3,2018-10-23,control,Control,10,0-10 cm,0.0462962962962963,100,4.62962962962963,Condensed aromatic formulae (%),Van Krevelen class fractions,9
vk_frac_condensed_aromatic,72,5,2018-10-23,control,Control,10,0-10 cm,0.0586666666666667,100,5.86666666666667,Condensed aromatic formulae (%),Van Krevelen class fractions,9
vk_frac_condensed_aromatic,6,1,2018-11-07,control,Control,10,0-10 cm,0.041958041958042,100,4.1958041958042,Condensed aromatic formulae (%),Van Krevelen class fractions,9
vk_frac_condensed_aromatic,35,3,2018-11-07,control,Control,10,0-10 cm,0.0555555555555556,100,5.55555555555556,Condensed aromatic formulae (%),Van Krevelen class fractions,9
vk_frac_condensed_aromatic,7,1,2019-09-10,control,Control,10,0-10 cm,0.0492957746478873,100,4.92957746478873,Condensed aromatic formulae (%),Van Krevelen class fractions,9
vk_frac_condensed_aromatic,73,5,2019-09-10,control,Control,10,0-10 cm,0.0420382165605096,100,4.20382165605096,Condensed aromatic formulae (%),Van Krevelen class fractions,9
vk_frac_condensed_aromatic,36,3,2019-11-05,control,Control,10,0-10 cm,0.0727272727272727,100,7.27272727272727,Condensed aromatic formulae (%),Van Krevelen class fractions,9
vk_frac_condensed_aromatic,8,1,2019-12-03,control,Control,10,0-10 cm,0.0175438596491228,100,1.75438596491228,Condensed aromatic formulae (%),Van Krevelen class fractions,9
vk_frac_condensed_aromatic,37,3,2019-12-17,control,Control,10,0-10 cm,0.120481927710843,100,12.0481927710843,Condensed aromatic formulae (%),Van Krevelen class fractions,9
vk_frac_condensed_aromatic,74,5,2019-12-17,control,Control,10,0-10 cm,0.0559701492537313,100,5.59701492537313,Condensed aromatic formulae (%),Van Krevelen class fractions,9
vk_frac_condensed_aromatic,38,3,2019-12-31,control,Control,10,0-10 cm,0.119791666666667,100,11.9791666666667,Condensed aromatic formulae (%),Van Krevelen class fractions,9
vk_frac_condensed_aromatic,9,1,2020-01-28,control,Control,10,0-10 cm,0.0199004975124378,100,1.99004975124378,Condensed aromatic formulae (%),Van Krevelen class fractions,9
vk_frac_condensed_aromatic,39,3,2020-01-28,control,Control,10,0-10 cm,0.104895104895105,100,10.4895104895105,Condensed aromatic formulae (%),Van Krevelen class fractions,9
vk_frac_condensed_aromatic,75,5,2020-01-28,control,Control,10,0-10 cm,0.0405405405405405,100,4.05405405405405,Condensed aromatic formulae (%),Van Krevelen class fractions,9
vk_frac_condensed_aromatic,76,5,2020-02-25,control,Control,10,0-10 cm,0.0505464480874317,100,5.05464480874317,Condensed aromatic formulae (%),Van Krevelen class fractions,9
vk_frac_condensed_aromatic,40,3,2020-03-10,control,Control,10,0-10 cm,0.11046511627907,100,11.046511627907,Condensed aromatic formulae (%),Van Krevelen class fractions,9
vk_frac_condensed_aromatic,77,5,2020-03-10,control,Control,10,0-10 cm,0.0460431654676259,100,4.60431654676259,Condensed aromatic formulae (%),Van Krevelen class fractions,9
vk_frac_condensed_aromatic,78,5,2020-07-28,control,Control,10,0-10 cm,0.0287303058387396,100,2.87303058387396,Condensed aromatic formulae (%),Van Krevelen class fractions,9
vk_frac_condensed_aromatic,79,5,2020-09-09,control,Control,10,0-10 cm,0.0248306997742664,100,2.48306997742664,Condensed aromatic formulae (%),Van Krevelen class fractions,9
vk_frac_condensed_aromatic,80,5,2020-10-06,control,Control,10,0-10 cm,0.0563002680965148,100,5.63002680965148,Condensed aromatic formulae (%),Van Krevelen class fractions,9
vk_frac_condensed_aromatic,81,5,2020-11-05,control,Control,10,0-10 cm,0.0613636363636364,100,6.13636363636364,Condensed aromatic formulae (%),Van Krevelen class fractions,9
vk_frac_condensed_aromatic,82,5,2021-02-09,control,Control,10,0-10 cm,0.0733137829912024,100,7.33137829912024,Condensed aromatic formulae (%),Van Krevelen class fractions,9
vk_frac_condensed_aromatic,83,5,2021-02-23,control,Control,10,0-10 cm,0.0747330960854093,100,7.47330960854093,Condensed aromatic formulae (%),Van Krevelen class fractions,9
vk_frac_condensed_aromatic,84,5,2021-06-03,control,Control,10,0-10 cm,0.0642570281124498,100,6.42570281124498,Condensed aromatic formulae (%),Van Krevelen class fractions,9
vk_frac_condensed_aromatic,10,1,2021-12-15,control,Control,10,0-10 cm,0.0857142857142857,100,8.57142857142857,Condensed aromatic formulae (%),Van Krevelen class fractions,9
vk_frac_condensed_aromatic,41,3,2021-12-15,control,Control,10,0-10 cm,0.0942028985507246,100,9.42028985507246,Condensed aromatic formulae (%),Van Krevelen class fractions,9
vk_frac_condensed_aromatic,85,5,2021-12-15,control,Control,10,0-10 cm,0.093936806148591,100,9.3936806148591,Condensed aromatic formulae (%),Van Krevelen class fractions,9
vk_frac_condensed_aromatic,11,1,2022-08-23,control,Control,10,0-10 cm,0.0790960451977401,100,7.90960451977401,Condensed aromatic formulae (%),Van Krevelen class fractions,9
vk_frac_condensed_aromatic,86,5,2022-08-23,control,Control,10,0-10 cm,0.0634920634920635,100,6.34920634920635,Condensed aromatic formulae (%),Van Krevelen class fractions,9
vk_frac_condensed_aromatic,12,1,2022-09-08,control,Control,10,0-10 cm,0.027681660899654,100,2.7681660899654,Condensed aromatic formulae (%),Van Krevelen class fractions,9
vk_frac_condensed_aromatic,42,3,2022-09-08,control,Control,10,0-10 cm,0.138613861386139,100,13.8613861386139,Condensed aromatic formulae (%),Van Krevelen class fractions,9
vk_frac_condensed_aromatic,87,5,2022-09-08,control,Control,10,0-10 cm,0.0374149659863946,100,3.74149659863946,Condensed aromatic formulae (%),Van Krevelen class fractions,9
vk_frac_condensed_aromatic,13,1,2022-11-16,control,Control,10,0-10 cm,0.0578734858681023,100,5.78734858681023,Condensed aromatic formulae (%),Van Krevelen class fractions,9
vk_frac_condensed_aromatic,43,3,2022-11-16,control,Control,10,0-10 cm,0.105651105651106,100,10.5651105651106,Condensed aromatic formulae (%),Van Krevelen class fractions,9
vk_frac_condensed_aromatic,88,5,2022-11-16,control,Control,10,0-10 cm,0.0757709251101322,100,7.57709251101322,Condensed aromatic formulae (%),Van Krevelen class fractions,9
vk_frac_condensed_aromatic,44,3,2023-05-30,control,Control,10,0-10 cm,0.122222222222222,100,12.2222222222222,Condensed aromatic formulae (%),Van Krevelen class fractions,9
vk_frac_condensed_aromatic,45,3,2023-12-27,control,Control,10,0-10 cm,0.132231404958678,100,13.2231404958678,Condensed aromatic formulae (%),Van Krevelen class fractions,9
vk_frac_condensed_aromatic,46,3,2024-04-16,control,Control,10,0-10 cm,0.0956175298804781,100,9.56175298804781,Condensed aromatic formulae (%),Van Krevelen class fractions,9
vk_frac_condensed_aromatic,47,3,2024-04-30,control,Control,10,0-10 cm,0.116438356164384,100,11.6438356164384,Condensed aromatic formulae (%),Van Krevelen class fractions,9
vk_frac_condensed_aromatic,14,2,2017-05-31,warmed,Warmed,10,0-10 cm,0.0286016949152542,100,2.86016949152542,Condensed aromatic formulae (%),Van Krevelen class fractions,9
vk_frac_condensed_aromatic,89,6,2017-05-31,warmed,Warmed,10,0-10 cm,0.0558139534883721,100,5.58139534883721,Condensed aromatic formulae (%),Van Krevelen class fractions,9
vk_frac_condensed_aromatic,48,4,2017-10-20,warmed,Warmed,10,0-10 cm,0.0259917920656635,100,2.59917920656635,Condensed aromatic formulae (%),Van Krevelen class fractions,9
vk_frac_condensed_aromatic,15,2,2017-12-06,warmed,Warmed,10,0-10 cm,0.0731070496083551,100,7.31070496083551,Condensed aromatic formulae (%),Van Krevelen class fractions,9
vk_frac_condensed_aromatic,49,4,2017-12-06,warmed,Warmed,10,0-10 cm,0.0171796707229778,100,1.71796707229778,Condensed aromatic formulae (%),Van Krevelen class fractions,9
vk_frac_condensed_aromatic,50,4,2018-01-17,warmed,Warmed,10,0-10 cm,0.0330296127562642,100,3.30296127562642,Condensed aromatic formulae (%),Van Krevelen class fractions,9
vk_frac_condensed_aromatic,51,4,2018-01-30,warmed,Warmed,10,0-10 cm,0.0164794007490637,100,1.64794007490637,Condensed aromatic formulae (%),Van Krevelen class fractions,9
vk_frac_condensed_aromatic,52,4,2018-02-13,warmed,Warmed,10,0-10 cm,0.0280898876404494,100,2.80898876404494,Condensed aromatic formulae (%),Van Krevelen class fractions,9
vk_frac_condensed_aromatic,53,4,2018-02-27,warmed,Warmed,10,0-10 cm,0.0229681978798587,100,2.29681978798587,Condensed aromatic formulae (%),Van Krevelen class fractions,9
vk_frac_condensed_aromatic,16,2,2018-05-09,warmed,Warmed,10,0-10 cm,0.0741599073001159,100,7.41599073001159,Condensed aromatic formulae (%),Van Krevelen class fractions,9
vk_frac_condensed_aromatic,54,4,2018-05-09,warmed,Warmed,10,0-10 cm,0.0268948655256724,100,2.68948655256724,Condensed aromatic formulae (%),Van Krevelen class fractions,9
vk_frac_condensed_aromatic,17,2,2018-05-22,warmed,Warmed,10,0-10 cm,0.085750315258512,100,8.5750315258512,Condensed aromatic formulae (%),Van Krevelen class fractions,9
vk_frac_condensed_aromatic,55,4,2018-05-22,warmed,Warmed,10,0-10 cm,0.0361794500723589,100,3.61794500723589,Condensed aromatic formulae (%),Van Krevelen class fractions,9
vk_frac_condensed_aromatic,18,2,2018-10-10,warmed,Warmed,10,0-10 cm,0.0654627539503386,100,6.54627539503386,Condensed aromatic formulae (%),Van Krevelen class fractions,9
vk_frac_condensed_aromatic,90,6,2018-10-10,warmed,Warmed,10,0-10 cm,0.0901525658807212,100,9.01525658807212,Condensed aromatic formulae (%),Van Krevelen class fractions,9
vk_frac_condensed_aromatic,56,4,2018-10-23,warmed,Warmed,10,0-10 cm,0.024390243902439,100,2.4390243902439,Condensed aromatic formulae (%),Van Krevelen class fractions,9
vk_frac_condensed_aromatic,91,6,2018-10-23,warmed,Warmed,10,0-10 cm,0.0867659947414549,100,8.67659947414549,Condensed aromatic formulae (%),Van Krevelen class fractions,9
vk_frac_condensed_aromatic,19,2,2018-11-07,warmed,Warmed,10,0-10 cm,0.0547368421052632,100,5.47368421052632,Condensed aromatic formulae (%),Van Krevelen class fractions,9
vk_frac_condensed_aromatic,57,4,2018-11-07,warmed,Warmed,10,0-10 cm,0.0211538461538462,100,2.11538461538462,Condensed aromatic formulae (%),Van Krevelen class fractions,9
vk_frac_condensed_aromatic,20,2,2019-09-10,warmed,Warmed,10,0-10 cm,0.0639367816091954,100,6.39367816091954,Condensed aromatic formulae (%),Van Krevelen class fractions,9
vk_frac_condensed_aromatic,92,6,2019-09-10,warmed,Warmed,10,0-10 cm,0.0775757575757576,100,7.75757575757576,Condensed aromatic formulae (%),Van Krevelen class fractions,9
vk_frac_condensed_aromatic,58,4,2019-11-05,warmed,Warmed,10,0-10 cm,0.0154362416107383,100,1.54362416107383,Condensed aromatic formulae (%),Van Krevelen class fractions,9
vk_frac_condensed_aromatic,21,2,2019-12-03,warmed,Warmed,10,0-10 cm,0.0795847750865052,100,7.95847750865052,Condensed aromatic formulae (%),Van Krevelen class fractions,9
vk_frac_condensed_aromatic,59,4,2019-12-17,warmed,Warmed,10,0-10 cm,0.0289435600578871,100,2.89435600578871,Condensed aromatic formulae (%),Van Krevelen class fractions,9
vk_frac_condensed_aromatic,93,6,2019-12-17,warmed,Warmed,10,0-10 cm,0.0843214756258235,100,8.43214756258235,Condensed aromatic formulae (%),Van Krevelen class fractions,9
vk_frac_condensed_aromatic,60,4,2019-12-31,warmed,Warmed,10,0-10 cm,0.0376470588235294,100,3.76470588235294,Condensed aromatic formulae (%),Van Krevelen class fractions,9
vk_frac_condensed_aromatic,22,2,2020-01-28,warmed,Warmed,10,0-10 cm,0.073738680465718,100,7.3738680465718,Condensed aromatic formulae (%),Van Krevelen class fractions,9
vk_frac_condensed_aromatic,61,4,2020-01-28,warmed,Warmed,10,0-10 cm,0.0997206703910615,100,9.97206703910615,Condensed aromatic formulae (%),Van Krevelen class fractions,9
vk_frac_condensed_aromatic,94,6,2020-01-28,warmed,Warmed,10,0-10 cm,0.0249791840133222,100,2.49791840133222,Condensed aromatic formulae (%),Van Krevelen class fractions,9
vk_frac_condensed_aromatic,95,6,2020-02-25,warmed,Warmed,10,0-10 cm,0.0506329113924051,100,5.06329113924051,Condensed aromatic formulae (%),Van Krevelen class fractions,9
vk_frac_condensed_aromatic,62,4,2020-03-10,warmed,Warmed,10,0-10 cm,0.105660377358491,100,10.5660377358491,Condensed aromatic formulae (%),Van Krevelen class fractions,9
vk_frac_condensed_aromatic,96,6,2020-03-10,warmed,Warmed,10,0-10 cm,0.0704119850187266,100,7.04119850187266,Condensed aromatic formulae (%),Van Krevelen class fractions,9
vk_frac_condensed_aromatic,97,6,2020-07-28,warmed,Warmed,10,0-10 cm,0.0707850707850708,100,7.07850707850708,Condensed aromatic formulae (%),Van Krevelen class fractions,9
vk_frac_condensed_aromatic,98,6,2020-09-09,warmed,Warmed,10,0-10 cm,0.0728395061728395,100,7.28395061728395,Condensed aromatic formulae (%),Van Krevelen class fractions,9
vk_frac_condensed_aromatic,99,6,2020-10-06,warmed,Warmed,10,0-10 cm,0.0815508021390374,100,8.15508021390374,Condensed aromatic formulae (%),Van Krevelen class fractions,9
vk_frac_condensed_aromatic,100,6,2020-11-05,warmed,Warmed,10,0-10 cm,0.0604026845637584,100,6.04026845637584,Condensed aromatic formulae (%),Van Krevelen class fractions,9
vk_frac_condensed_aromatic,101,6,2021-02-09,warmed,Warmed,10,0-10 cm,0.0803858520900322,100,8.03858520900322,Condensed aromatic formulae (%),Van Krevelen class fractions,9
vk_frac_condensed_aromatic,102,6,2021-02-23,warmed,Warmed,10,0-10 cm,0.0846354166666667,100,8.46354166666667,Condensed aromatic formulae (%),Van Krevelen class fractions,9
vk_frac_condensed_aromatic,103,6,2021-06-03,warmed,Warmed,10,0-10 cm,0.0719602977667494,100,7.19602977667494,Condensed aromatic formulae (%),Van Krevelen class fractions,9
vk_frac_condensed_aromatic,23,2,2021-12-15,warmed,Warmed,10,0-10 cm,0.0769230769230769,100,7.69230769230769,Condensed aromatic formulae (%),Van Krevelen class fractions,9
vk_frac_condensed_aromatic,63,4,2021-12-15,warmed,Warmed,10,0-10 cm,0.0555555555555556,100,5.55555555555556,Condensed aromatic formulae (%),Van Krevelen class fractions,9
vk_frac_condensed_aromatic,104,6,2021-12-15,warmed,Warmed,10,0-10 cm,0.0952380952380952,100,9.52380952380952,Condensed aromatic formulae (%),Van Krevelen class fractions,9
vk_frac_condensed_aromatic,24,2,2022-08-23,warmed,Warmed,10,0-10 cm,0.0824742268041237,100,8.24742268041237,Condensed aromatic formulae (%),Van Krevelen class fractions,9
vk_frac_condensed_aromatic,105,6,2022-08-23,warmed,Warmed,10,0-10 cm,0.0842911877394636,100,8.42911877394636,Condensed aromatic formulae (%),Van Krevelen class fractions,9
vk_frac_condensed_aromatic,64,4,2022-09-08,warmed,Warmed,10,0-10 cm,0.0375586854460094,100,3.75586854460094,Condensed aromatic formulae (%),Van Krevelen class fractions,9
vk_frac_condensed_aromatic,106,6,2022-09-08,warmed,Warmed,10,0-10 cm,0.0972222222222222,100,9.72222222222222,Condensed aromatic formulae (%),Van Krevelen class fractions,9
vk_frac_condensed_aromatic,25,2,2022-11-16,warmed,Warmed,10,0-10 cm,0.0663507109004739,100,6.63507109004739,Condensed aromatic formulae (%),Van Krevelen class fractions,9
vk_frac_condensed_aromatic,65,4,2022-11-16,warmed,Warmed,10,0-10 cm,0.0781893004115226,100,7.81893004115226,Condensed aromatic formulae (%),Van Krevelen class fractions,9
vk_frac_condensed_aromatic,107,6,2022-11-16,warmed,Warmed,10,0-10 cm,0.0972477064220184,100,9.72477064220184,Condensed aromatic formulae (%),Van Krevelen class fractions,9
vk_frac_condensed_aromatic,66,4,2023-05-30,warmed,Warmed,10,0-10 cm,0.0731707317073171,100,7.31707317073171,Condensed aromatic formulae (%),Van Krevelen class fractions,9
vk_frac_condensed_aromatic,67,4,2023-12-27,warmed,Warmed,10,0-10 cm,0.0786516853932584,100,7.86516853932584,Condensed aromatic formulae (%),Van Krevelen class fractions,9
vk_frac_condensed_aromatic,68,4,2024-04-16,warmed,Warmed,10,0-10 cm,0.104347826086957,100,10.4347826086957,Condensed aromatic formulae (%),Van Krevelen class fractions,9
vk_frac_condensed_aromatic,69,4,2024-04-30,warmed,Warmed,10,0-10 cm,0.0771704180064309,100,7.71704180064309,Condensed aromatic formulae (%),Van Krevelen class fractions,9
vk_frac_condensed_aromatic,126,3,2017-05-31,control,Control,30,10-30 cm,0.0377358490566038,100,3.77358490566038,Condensed aromatic formulae (%),Van Krevelen class fractions,9
vk_frac_condensed_aromatic,127,3,2017-11-22,control,Control,30,10-30 cm,0.233333333333333,100,23.3333333333333,Condensed aromatic formulae (%),Van Krevelen class fractions,9
vk_frac_condensed_aromatic,128,3,2017-12-06,control,Control,30,10-30 cm,0.0909090909090909,100,9.09090909090909,Condensed aromatic formulae (%),Van Krevelen class fractions,9
vk_frac_condensed_aromatic,170,5,2017-12-06,control,Control,30,10-30 cm,0.0689655172413793,100,6.89655172413793,Condensed aromatic formulae (%),Van Krevelen class fractions,9
vk_frac_condensed_aromatic,129,3,2018-01-03,control,Control,30,10-30 cm,0.129032258064516,100,12.9032258064516,Condensed aromatic formulae (%),Van Krevelen class fractions,9
vk_frac_condensed_aromatic,130,3,2018-01-30,control,Control,30,10-30 cm,0.228260869565217,100,22.8260869565217,Condensed aromatic formulae (%),Van Krevelen class fractions,9
vk_frac_condensed_aromatic,131,3,2018-02-27,control,Control,30,10-30 cm,0.135593220338983,100,13.5593220338983,Condensed aromatic formulae (%),Van Krevelen class fractions,9
vk_frac_condensed_aromatic,171,5,2018-03-27,control,Control,30,10-30 cm,0.102564102564103,100,10.2564102564103,Condensed aromatic formulae (%),Van Krevelen class fractions,9
vk_frac_condensed_aromatic,132,3,2018-05-09,control,Control,30,10-30 cm,0.150442477876106,100,15.0442477876106,Condensed aromatic formulae (%),Van Krevelen class fractions,9
vk_frac_condensed_aromatic,172,5,2018-05-09,control,Control,30,10-30 cm,0.0920634920634921,100,9.20634920634921,Condensed aromatic formulae (%),Van Krevelen class fractions,9
vk_frac_condensed_aromatic,133,3,2018-11-07,control,Control,30,10-30 cm,0.263345195729537,100,26.3345195729537,Condensed aromatic formulae (%),Van Krevelen class fractions,9
vk_frac_condensed_aromatic,134,3,2019-09-10,control,Control,30,10-30 cm,0.121739130434783,100,12.1739130434783,Condensed aromatic formulae (%),Van Krevelen class fractions,9
vk_frac_condensed_aromatic,135,3,2019-12-03,control,Control,30,10-30 cm,0.238095238095238,100,23.8095238095238,Condensed aromatic formulae (%),Van Krevelen class fractions,9
vk_frac_condensed_aromatic,136,3,2020-01-14,control,Control,30,10-30 cm,0.188976377952756,100,18.8976377952756,Condensed aromatic formulae (%),Van Krevelen class fractions,9
vk_frac_condensed_aromatic,108,1,2020-02-25,control,Control,30,10-30 cm,0.0952380952380952,100,9.52380952380952,Condensed aromatic formulae (%),Van Krevelen class fractions,9
vk_frac_condensed_aromatic,137,3,2020-02-25,control,Control,30,10-30 cm,0.232954545454545,100,23.2954545454545,Condensed aromatic formulae (%),Van Krevelen class fractions,9
vk_frac_condensed_aromatic,138,3,2020-03-10,control,Control,30,10-30 cm,0.254237288135593,100,25.4237288135593,Condensed aromatic formulae (%),Van Krevelen class fractions,9
vk_frac_condensed_aromatic,139,3,2020-07-28,control,Control,30,10-30 cm,0.268041237113402,100,26.8041237113402,Condensed aromatic formulae (%),Van Krevelen class fractions,9
vk_frac_condensed_aromatic,173,5,2020-07-28,control,Control,30,10-30 cm,0.0970350404312669,100,9.70350404312669,Condensed aromatic formulae (%),Van Krevelen class fractions,9
vk_frac_condensed_aromatic,140,3,2020-09-09,control,Control,30,10-30 cm,0.168421052631579,100,16.8421052631579,Condensed aromatic formulae (%),Van Krevelen class fractions,9
vk_frac_condensed_aromatic,141,3,2020-10-06,control,Control,30,10-30 cm,0.146496815286624,100,14.6496815286624,Condensed aromatic formulae (%),Van Krevelen class fractions,9
vk_frac_condensed_aromatic,174,5,2020-10-06,control,Control,30,10-30 cm,0.106896551724138,100,10.6896551724138,Condensed aromatic formulae (%),Van Krevelen class fractions,9
vk_frac_condensed_aromatic,142,3,2020-11-05,control,Control,30,10-30 cm,0.101449275362319,100,10.1449275362319,Condensed aromatic formulae (%),Van Krevelen class fractions,9
vk_frac_condensed_aromatic,175,5,2020-11-05,control,Control,30,10-30 cm,0.0591397849462366,100,5.91397849462366,Condensed aromatic formulae (%),Van Krevelen class fractions,9
vk_frac_condensed_aromatic,143,3,2020-12-29,control,Control,30,10-30 cm,0.12448132780083,100,12.448132780083,Condensed aromatic formulae (%),Van Krevelen class fractions,9
vk_frac_condensed_aromatic,144,3,2021-02-09,control,Control,30,10-30 cm,0.0841121495327103,100,8.41121495327103,Condensed aromatic formulae (%),Van Krevelen class fractions,9
vk_frac_condensed_aromatic,176,5,2021-02-23,control,Control,30,10-30 cm,0.0846153846153846,100,8.46153846153846,Condensed aromatic formulae (%),Van Krevelen class fractions,9
vk_frac_condensed_aromatic,145,3,2021-06-03,control,Control,30,10-30 cm,0.105726872246696,100,10.5726872246696,Condensed aromatic formulae (%),Van Krevelen class fractions,9
vk_frac_condensed_aromatic,109,1,2021-09-21,control,Control,30,10-30 cm,0.125,100,12.5,Condensed aromatic formulae (%),Van Krevelen class fractions,9
vk_frac_condensed_aromatic,146,3,2021-12-15,control,Control,30,10-30 cm,0.172413793103448,100,17.2413793103448,Condensed aromatic formulae (%),Van Krevelen class fractions,9
vk_frac_condensed_aromatic,110,1,2022-08-23,control,Control,30,10-30 cm,0.0612244897959184,100,6.12244897959184,Condensed aromatic formulae (%),Van Krevelen class fractions,9
vk_frac_condensed_aromatic,177,5,2022-08-23,control,Control,30,10-30 cm,0.107142857142857,100,10.7142857142857,Condensed aromatic formulae (%),Van Krevelen class fractions,9
vk_frac_condensed_aromatic,111,1,2022-09-08,control,Control,30,10-30 cm,0.0916030534351145,100,9.16030534351145,Condensed aromatic formulae (%),Van Krevelen class fractions,9
vk_frac_condensed_aromatic,178,5,2022-09-08,control,Control,30,10-30 cm,0.307692307692308,100,30.7692307692308,Condensed aromatic formulae (%),Van Krevelen class fractions,9
vk_frac_condensed_aromatic,179,5,2022-11-01,control,Control,30,10-30 cm,0.0729166666666667,100,7.29166666666667,Condensed aromatic formulae (%),Van Krevelen class fractions,9
vk_frac_condensed_aromatic,112,1,2022-11-16,control,Control,30,10-30 cm,0.102102102102102,100,10.2102102102102,Condensed aromatic formulae (%),Van Krevelen class fractions,9
vk_frac_condensed_aromatic,113,1,2023-01-12,control,Control,30,10-30 cm,0.120622568093385,100,12.0622568093385,Condensed aromatic formulae (%),Van Krevelen class fractions,9
vk_frac_condensed_aromatic,180,5,2023-01-12,control,Control,30,10-30 cm,0.0607142857142857,100,6.07142857142857,Condensed aromatic formulae (%),Van Krevelen class fractions,9
vk_frac_condensed_aromatic,181,5,2023-02-07,control,Control,30,10-30 cm,0.0614525139664804,100,6.14525139664804,Condensed aromatic formulae (%),Van Krevelen class fractions,9
vk_frac_condensed_aromatic,182,5,2023-05-02,control,Control,30,10-30 cm,0.0488798370672098,100,4.88798370672098,Condensed aromatic formulae (%),Van Krevelen class fractions,9
vk_frac_condensed_aromatic,114,1,2023-05-30,control,Control,30,10-30 cm,0.09375,100,9.375,Condensed aromatic formulae (%),Van Krevelen class fractions,9
vk_frac_condensed_aromatic,147,3,2023-05-30,control,Control,30,10-30 cm,0.123355263157895,100,12.3355263157895,Condensed aromatic formulae (%),Van Krevelen class fractions,9
vk_frac_condensed_aromatic,115,1,2023-08-22,control,Control,30,10-30 cm,0.102459016393443,100,10.2459016393443,Condensed aromatic formulae (%),Van Krevelen class fractions,9
vk_frac_condensed_aromatic,183,5,2023-10-03,control,Control,30,10-30 cm,0.0723076923076923,100,7.23076923076923,Condensed aromatic formulae (%),Van Krevelen class fractions,9
vk_frac_condensed_aromatic,116,1,2023-12-12,control,Control,30,10-30 cm,0.145383104125737,100,14.5383104125737,Condensed aromatic formulae (%),Van Krevelen class fractions,9
vk_frac_condensed_aromatic,184,5,2024-04-30,control,Control,30,10-30 cm,0.0729166666666667,100,7.29166666666667,Condensed aromatic formulae (%),Van Krevelen class fractions,9
vk_frac_condensed_aromatic,148,4,2017-05-31,warmed,Warmed,30,10-30 cm,0.131313131313131,100,13.1313131313131,Condensed aromatic formulae (%),Van Krevelen class fractions,9
vk_frac_condensed_aromatic,149,4,2017-11-22,warmed,Warmed,30,10-30 cm,0.139240506329114,100,13.9240506329114,Condensed aromatic formulae (%),Van Krevelen class fractions,9
vk_frac_condensed_aromatic,150,4,2017-12-06,warmed,Warmed,30,10-30 cm,0.0923694779116466,100,9.23694779116466,Condensed aromatic formulae (%),Van Krevelen class fractions,9
vk_frac_condensed_aromatic,185,6,2017-12-06,warmed,Warmed,30,10-30 cm,0.032319391634981,100,3.2319391634981,Condensed aromatic formulae (%),Van Krevelen class fractions,9
vk_frac_condensed_aromatic,152,4,2018-01-30,warmed,Warmed,30,10-30 cm,0.0823970037453183,100,8.23970037453183,Condensed aromatic formulae (%),Van Krevelen class fractions,9
vk_frac_condensed_aromatic,153,4,2018-02-27,warmed,Warmed,30,10-30 cm,0.0952380952380952,100,9.52380952380952,Condensed aromatic formulae (%),Van Krevelen class fractions,9
vk_frac_condensed_aromatic,154,4,2018-05-09,warmed,Warmed,30,10-30 cm,0.0942028985507246,100,9.42028985507246,Condensed aromatic formulae (%),Van Krevelen class fractions,9
vk_frac_condensed_aromatic,155,4,2018-11-07,warmed,Warmed,30,10-30 cm,0.0851063829787234,100,8.51063829787234,Condensed aromatic formulae (%),Van Krevelen class fractions,9
vk_frac_condensed_aromatic,156,4,2019-09-10,warmed,Warmed,30,10-30 cm,0.0563106796116505,100,5.63106796116505,Condensed aromatic formulae (%),Van Krevelen class fractions,9
vk_frac_condensed_aromatic,157,4,2019-12-03,warmed,Warmed,30,10-30 cm,0.0584070796460177,100,5.84070796460177,Condensed aromatic formulae (%),Van Krevelen class fractions,9
vk_frac_condensed_aromatic,158,4,2020-01-14,warmed,Warmed,30,10-30 cm,0.0766355140186916,100,7.66355140186916,Condensed aromatic formulae (%),Van Krevelen class fractions,9
vk_frac_condensed_aromatic,117,2,2020-02-25,warmed,Warmed,30,10-30 cm,0.102517985611511,100,10.2517985611511,Condensed aromatic formulae (%),Van Krevelen class fractions,9
vk_frac_condensed_aromatic,159,4,2020-02-25,warmed,Warmed,30,10-30 cm,0.0524691358024691,100,5.24691358024691,Condensed aromatic formulae (%),Van Krevelen class fractions,9
vk_frac_condensed_aromatic,160,4,2020-03-10,warmed,Warmed,30,10-30 cm,0.0788643533123028,100,7.88643533123028,Condensed aromatic formulae (%),Van Krevelen class fractions,9
vk_frac_condensed_aromatic,161,4,2020-07-28,warmed,Warmed,30,10-30 cm,0.0836501901140684,100,8.36501901140684,Condensed aromatic formulae (%),Van Krevelen class fractions,9
vk_frac_condensed_aromatic,162,4,2020-09-09,warmed,Warmed,30,10-30 cm,0.0833333333333333,100,8.33333333333333,Condensed aromatic formulae (%),Van Krevelen class fractions,9
vk_frac_condensed_aromatic,186,6,2020-09-09,warmed,Warmed,30,10-30 cm,0.0781144781144781,100,7.81144781144781,Condensed aromatic formulae (%),Van Krevelen class fractions,9
vk_frac_condensed_aromatic,163,4,2020-10-06,warmed,Warmed,30,10-30 cm,0.102974828375286,100,10.2974828375286,Condensed aromatic formulae (%),Van Krevelen class fractions,9
vk_frac_condensed_aromatic,187,6,2020-10-06,warmed,Warmed,30,10-30 cm,0.00469483568075117,100,0.469483568075117,Condensed aromatic formulae (%),Van Krevelen class fractions,9
vk_frac_condensed_aromatic,164,4,2020-11-05,warmed,Warmed,30,10-30 cm,0.0794392523364486,100,7.94392523364486,Condensed aromatic formulae (%),Van Krevelen class fractions,9
vk_frac_condensed_aromatic,165,4,2020-12-29,warmed,Warmed,30,10-30 cm,0.103448275862069,100,10.3448275862069,Condensed aromatic formulae (%),Van Krevelen class fractions,9
vk_frac_condensed_aromatic,166,4,2021-02-09,warmed,Warmed,30,10-30 cm,0.0815602836879433,100,8.15602836879433,Condensed aromatic formulae (%),Van Krevelen class fractions,9
vk_frac_condensed_aromatic,188,6,2021-02-23,warmed,Warmed,30,10-30 cm,0.018756169792695,100,1.8756169792695,Condensed aromatic formulae (%),Van Krevelen class fractions,9
vk_frac_condensed_aromatic,167,4,2021-06-03,warmed,Warmed,30,10-30 cm,0.113636363636364,100,11.3636363636364,Condensed aromatic formulae (%),Van Krevelen class fractions,9
vk_frac_condensed_aromatic,118,2,2021-09-21,warmed,Warmed,30,10-30 cm,0.0817438692098093,100,8.17438692098093,Condensed aromatic formulae (%),Van Krevelen class fractions,9
vk_frac_condensed_aromatic,168,4,2021-12-15,warmed,Warmed,30,10-30 cm,0.0769230769230769,100,7.69230769230769,Condensed aromatic formulae (%),Van Krevelen class fractions,9
vk_frac_condensed_aromatic,119,2,2022-08-23,warmed,Warmed,30,10-30 cm,0.0842105263157895,100,8.42105263157895,Condensed aromatic formulae (%),Van Krevelen class fractions,9
vk_frac_condensed_aromatic,189,6,2022-08-23,warmed,Warmed,30,10-30 cm,0.0945945945945946,100,9.45945945945946,Condensed aromatic formulae (%),Van Krevelen class fractions,9
vk_frac_condensed_aromatic,120,2,2022-09-08,warmed,Warmed,30,10-30 cm,0,100,0,Condensed aromatic formulae (%),Van Krevelen class fractions,9
vk_frac_condensed_aromatic,190,6,2022-09-08,warmed,Warmed,30,10-30 cm,0.101694915254237,100,10.1694915254237,Condensed aromatic formulae (%),Van Krevelen class fractions,9
vk_frac_condensed_aromatic,191,6,2022-11-01,warmed,Warmed,30,10-30 cm,0.107142857142857,100,10.7142857142857,Condensed aromatic formulae (%),Van Krevelen class fractions,9
vk_frac_condensed_aromatic,121,2,2022-11-16,warmed,Warmed,30,10-30 cm,0.0704225352112676,100,7.04225352112676,Condensed aromatic formulae (%),Van Krevelen class fractions,9
vk_frac_condensed_aromatic,122,2,2023-01-12,warmed,Warmed,30,10-30 cm,0.105504587155963,100,10.5504587155963,Condensed aromatic formulae (%),Van Krevelen class fractions,9
vk_frac_condensed_aromatic,192,6,2023-01-12,warmed,Warmed,30,10-30 cm,0.109195402298851,100,10.9195402298851,Condensed aromatic formulae (%),Van Krevelen class fractions,9
vk_frac_condensed_aromatic,193,6,2023-02-07,warmed,Warmed,30,10-30 cm,0.122033898305085,100,12.2033898305085,Condensed aromatic formulae (%),Van Krevelen class fractions,9
vk_frac_condensed_aromatic,194,6,2023-05-02,warmed,Warmed,30,10-30 cm,0.104265402843602,100,10.4265402843602,Condensed aromatic formulae (%),Van Krevelen class fractions,9
vk_frac_condensed_aromatic,123,2,2023-05-30,warmed,Warmed,30,10-30 cm,0.153846153846154,100,15.3846153846154,Condensed aromatic formulae (%),Van Krevelen class fractions,9
vk_frac_condensed_aromatic,169,4,2023-05-30,warmed,Warmed,30,10-30 cm,0.0909090909090909,100,9.09090909090909,Condensed aromatic formulae (%),Van Krevelen class fractions,9
vk_frac_condensed_aromatic,124,2,2023-08-22,warmed,Warmed,30,10-30 cm,0.137662337662338,100,13.7662337662338,Condensed aromatic formulae (%),Van Krevelen class fractions,9
vk_frac_condensed_aromatic,195,6,2023-10-03,warmed,Warmed,30,10-30 cm,0.111111111111111,100,11.1111111111111,Condensed aromatic formulae (%),Van Krevelen class fractions,9
vk_frac_condensed_aromatic,125,2,2023-12-12,warmed,Warmed,30,10-30 cm,0.167816091954023,100,16.7816091954023,Condensed aromatic formulae (%),Van Krevelen class fractions,9
vk_frac_condensed_aromatic,196,6,2024-04-30,warmed,Warmed,30,10-30 cm,0.0942307692307692,100,9.42307692307692,Condensed aromatic formulae (%),Van Krevelen class fractions,9
vk_frac_lignin_like,1,1,2017-05-31,control,Control,10,0-10 cm,0.638036809815951,100,63.8036809815951,Lignin-like formulae (%),Van Krevelen class fractions,10
vk_frac_lignin_like,70,5,2017-05-31,control,Control,10,0-10 cm,0.522776572668113,100,52.2776572668113,Lignin-like formulae (%),Van Krevelen class fractions,10
vk_frac_lignin_like,26,3,2017-10-20,control,Control,10,0-10 cm,0.365030674846626,100,36.5030674846626,Lignin-like formulae (%),Van Krevelen class fractions,10
vk_frac_lignin_like,2,1,2017-12-06,control,Control,10,0-10 cm,0.648148148148148,100,64.8148148148148,Lignin-like formulae (%),Van Krevelen class fractions,10
vk_frac_lignin_like,27,3,2017-12-06,control,Control,10,0-10 cm,0.603193376700177,100,60.3193376700178,Lignin-like formulae (%),Van Krevelen class fractions,10
vk_frac_lignin_like,28,3,2018-01-17,control,Control,10,0-10 cm,0.453900709219858,100,45.3900709219858,Lignin-like formulae (%),Van Krevelen class fractions,10
vk_frac_lignin_like,29,3,2018-01-30,control,Control,10,0-10 cm,0.496062992125984,100,49.6062992125984,Lignin-like formulae (%),Van Krevelen class fractions,10
vk_frac_lignin_like,30,3,2018-02-13,control,Control,10,0-10 cm,0.316666666666667,100,31.6666666666667,Lignin-like formulae (%),Van Krevelen class fractions,10
vk_frac_lignin_like,31,3,2018-02-27,control,Control,10,0-10 cm,0.276422764227642,100,27.6422764227642,Lignin-like formulae (%),Van Krevelen class fractions,10
vk_frac_lignin_like,3,1,2018-05-09,control,Control,10,0-10 cm,0.554307116104869,100,55.4307116104869,Lignin-like formulae (%),Van Krevelen class fractions,10
vk_frac_lignin_like,32,3,2018-05-09,control,Control,10,0-10 cm,0.252380952380952,100,25.2380952380952,Lignin-like formulae (%),Van Krevelen class fractions,10
vk_frac_lignin_like,4,1,2018-05-22,control,Control,10,0-10 cm,0.691860465116279,100,69.1860465116279,Lignin-like formulae (%),Van Krevelen class fractions,10
vk_frac_lignin_like,33,3,2018-05-22,control,Control,10,0-10 cm,0.283018867924528,100,28.3018867924528,Lignin-like formulae (%),Van Krevelen class fractions,10
vk_frac_lignin_like,5,1,2018-10-10,control,Control,10,0-10 cm,0.679611650485437,100,67.9611650485437,Lignin-like formulae (%),Van Krevelen class fractions,10
vk_frac_lignin_like,71,5,2018-10-10,control,Control,10,0-10 cm,0.509933774834437,100,50.9933774834437,Lignin-like formulae (%),Van Krevelen class fractions,10
vk_frac_lignin_like,34,3,2018-10-23,control,Control,10,0-10 cm,0.481481481481482,100,48.1481481481482,Lignin-like formulae (%),Van Krevelen class fractions,10
vk_frac_lignin_like,72,5,2018-10-23,control,Control,10,0-10 cm,0.486222222222222,100,48.6222222222222,Lignin-like formulae (%),Van Krevelen class fractions,10
vk_frac_lignin_like,6,1,2018-11-07,control,Control,10,0-10 cm,0.594405594405594,100,59.4405594405594,Lignin-like formulae (%),Van Krevelen class fractions,10
vk_frac_lignin_like,35,3,2018-11-07,control,Control,10,0-10 cm,0.166666666666667,100,16.6666666666667,Lignin-like formulae (%),Van Krevelen class fractions,10
vk_frac_lignin_like,7,1,2019-09-10,control,Control,10,0-10 cm,0.575704225352113,100,57.5704225352113,Lignin-like formulae (%),Van Krevelen class fractions,10
vk_frac_lignin_like,73,5,2019-09-10,control,Control,10,0-10 cm,0.564968152866242,100,56.4968152866242,Lignin-like formulae (%),Van Krevelen class fractions,10
vk_frac_lignin_like,36,3,2019-11-05,control,Control,10,0-10 cm,0.236363636363636,100,23.6363636363636,Lignin-like formulae (%),Van Krevelen class fractions,10
vk_frac_lignin_like,8,1,2019-12-03,control,Control,10,0-10 cm,0.715789473684211,100,71.5789473684211,Lignin-like formulae (%),Van Krevelen class fractions,10
vk_frac_lignin_like,37,3,2019-12-17,control,Control,10,0-10 cm,0.240963855421687,100,24.0963855421687,Lignin-like formulae (%),Van Krevelen class fractions,10
vk_frac_lignin_like,74,5,2019-12-17,control,Control,10,0-10 cm,0.485074626865672,100,48.5074626865672,Lignin-like formulae (%),Van Krevelen class fractions,10
vk_frac_lignin_like,38,3,2019-12-31,control,Control,10,0-10 cm,0.192708333333333,100,19.2708333333333,Lignin-like formulae (%),Van Krevelen class fractions,10
vk_frac_lignin_like,9,1,2020-01-28,control,Control,10,0-10 cm,0.674958540630183,100,67.4958540630183,Lignin-like formulae (%),Van Krevelen class fractions,10
vk_frac_lignin_like,39,3,2020-01-28,control,Control,10,0-10 cm,0.181818181818182,100,18.1818181818182,Lignin-like formulae (%),Van Krevelen class fractions,10
vk_frac_lignin_like,75,5,2020-01-28,control,Control,10,0-10 cm,0.554054054054054,100,55.4054054054054,Lignin-like formulae (%),Van Krevelen class fractions,10
vk_frac_lignin_like,76,5,2020-02-25,control,Control,10,0-10 cm,0.523224043715847,100,52.3224043715847,Lignin-like formulae (%),Van Krevelen class fractions,10
vk_frac_lignin_like,40,3,2020-03-10,control,Control,10,0-10 cm,0.232558139534884,100,23.2558139534884,Lignin-like formulae (%),Van Krevelen class fractions,10
vk_frac_lignin_like,77,5,2020-03-10,control,Control,10,0-10 cm,0.545323741007194,100,54.5323741007194,Lignin-like formulae (%),Van Krevelen class fractions,10
vk_frac_lignin_like,78,5,2020-07-28,control,Control,10,0-10 cm,0.575532900834106,100,57.5532900834106,Lignin-like formulae (%),Van Krevelen class fractions,10
vk_frac_lignin_like,79,5,2020-09-09,control,Control,10,0-10 cm,0.564334085778781,100,56.4334085778781,Lignin-like formulae (%),Van Krevelen class fractions,10
vk_frac_lignin_like,80,5,2020-10-06,control,Control,10,0-10 cm,0.506702412868633,100,50.6702412868633,Lignin-like formulae (%),Van Krevelen class fractions,10
vk_frac_lignin_like,81,5,2020-11-05,control,Control,10,0-10 cm,0.493939393939394,100,49.3939393939394,Lignin-like formulae (%),Van Krevelen class fractions,10
vk_frac_lignin_like,82,5,2021-02-09,control,Control,10,0-10 cm,0.447702834799609,100,44.7702834799609,Lignin-like formulae (%),Van Krevelen class fractions,10
vk_frac_lignin_like,83,5,2021-02-23,control,Control,10,0-10 cm,0.459667852906287,100,45.9667852906287,Lignin-like formulae (%),Van Krevelen class fractions,10
vk_frac_lignin_like,84,5,2021-06-03,control,Control,10,0-10 cm,0.482931726907631,100,48.2931726907631,Lignin-like formulae (%),Van Krevelen class fractions,10
vk_frac_lignin_like,10,1,2021-12-15,control,Control,10,0-10 cm,0.492857142857143,100,49.2857142857143,Lignin-like formulae (%),Van Krevelen class fractions,10
vk_frac_lignin_like,41,3,2021-12-15,control,Control,10,0-10 cm,0.286231884057971,100,28.6231884057971,Lignin-like formulae (%),Van Krevelen class fractions,10
vk_frac_lignin_like,85,5,2021-12-15,control,Control,10,0-10 cm,0.444918872758326,100,44.4918872758326,Lignin-like formulae (%),Van Krevelen class fractions,10
vk_frac_lignin_like,11,1,2022-08-23,control,Control,10,0-10 cm,0.432203389830509,100,43.2203389830509,Lignin-like formulae (%),Van Krevelen class fractions,10
vk_frac_lignin_like,86,5,2022-08-23,control,Control,10,0-10 cm,0.498015873015873,100,49.8015873015873,Lignin-like formulae (%),Van Krevelen class fractions,10
vk_frac_lignin_like,12,1,2022-09-08,control,Control,10,0-10 cm,0.626297577854671,100,62.6297577854671,Lignin-like formulae (%),Van Krevelen class fractions,10
vk_frac_lignin_like,42,3,2022-09-08,control,Control,10,0-10 cm,0.198019801980198,100,19.8019801980198,Lignin-like formulae (%),Van Krevelen class fractions,10
vk_frac_lignin_like,87,5,2022-09-08,control,Control,10,0-10 cm,0.520408163265306,100,52.0408163265306,Lignin-like formulae (%),Van Krevelen class fractions,10
vk_frac_lignin_like,13,1,2022-11-16,control,Control,10,0-10 cm,0.485868102288022,100,48.5868102288022,Lignin-like formulae (%),Van Krevelen class fractions,10
vk_frac_lignin_like,43,3,2022-11-16,control,Control,10,0-10 cm,0.294840294840295,100,29.4840294840295,Lignin-like formulae (%),Van Krevelen class fractions,10
vk_frac_lignin_like,88,5,2022-11-16,control,Control,10,0-10 cm,0.459911894273128,100,45.9911894273128,Lignin-like formulae (%),Van Krevelen class fractions,10
vk_frac_lignin_like,44,3,2023-05-30,control,Control,10,0-10 cm,0.255555555555556,100,25.5555555555556,Lignin-like formulae (%),Van Krevelen class fractions,10
vk_frac_lignin_like,45,3,2023-12-27,control,Control,10,0-10 cm,0.272727272727273,100,27.2727272727273,Lignin-like formulae (%),Van Krevelen class fractions,10
vk_frac_lignin_like,46,3,2024-04-16,control,Control,10,0-10 cm,0.266932270916335,100,26.6932270916335,Lignin-like formulae (%),Van Krevelen class fractions,10
vk_frac_lignin_like,47,3,2024-04-30,control,Control,10,0-10 cm,0.277397260273973,100,27.7397260273973,Lignin-like formulae (%),Van Krevelen class fractions,10
vk_frac_lignin_like,14,2,2017-05-31,warmed,Warmed,10,0-10 cm,0.604872881355932,100,60.4872881355932,Lignin-like formulae (%),Van Krevelen class fractions,10
vk_frac_lignin_like,89,6,2017-05-31,warmed,Warmed,10,0-10 cm,0.513178294573643,100,51.3178294573643,Lignin-like formulae (%),Van Krevelen class fractions,10
vk_frac_lignin_like,48,4,2017-10-20,warmed,Warmed,10,0-10 cm,0.578659370725034,100,57.8659370725034,Lignin-like formulae (%),Van Krevelen class fractions,10
vk_frac_lignin_like,15,2,2017-12-06,warmed,Warmed,10,0-10 cm,0.451697127937337,100,45.1697127937337,Lignin-like formulae (%),Van Krevelen class fractions,10
vk_frac_lignin_like,49,4,2017-12-06,warmed,Warmed,10,0-10 cm,0.670722977809592,100,67.0722977809592,Lignin-like formulae (%),Van Krevelen class fractions,10
vk_frac_lignin_like,50,4,2018-01-17,warmed,Warmed,10,0-10 cm,0.593394077448747,100,59.3394077448747,Lignin-like formulae (%),Van Krevelen class fractions,10
vk_frac_lignin_like,51,4,2018-01-30,warmed,Warmed,10,0-10 cm,0.680149812734082,100,68.0149812734083,Lignin-like formulae (%),Van Krevelen class fractions,10
vk_frac_lignin_like,52,4,2018-02-13,warmed,Warmed,10,0-10 cm,0.581861958266453,100,58.1861958266453,Lignin-like formulae (%),Van Krevelen class fractions,10
vk_frac_lignin_like,53,4,2018-02-27,warmed,Warmed,10,0-10 cm,0.629858657243816,100,62.9858657243816,Lignin-like formulae (%),Van Krevelen class fractions,10
vk_frac_lignin_like,16,2,2018-05-09,warmed,Warmed,10,0-10 cm,0.468134414831981,100,46.8134414831982,Lignin-like formulae (%),Van Krevelen class fractions,10
vk_frac_lignin_like,54,4,2018-05-09,warmed,Warmed,10,0-10 cm,0.603096984515077,100,60.3096984515078,Lignin-like formulae (%),Van Krevelen class fractions,10
vk_frac_lignin_like,17,2,2018-05-22,warmed,Warmed,10,0-10 cm,0.438839848675914,100,43.8839848675914,Lignin-like formulae (%),Van Krevelen class fractions,10
vk_frac_lignin_like,55,4,2018-05-22,warmed,Warmed,10,0-10 cm,0.573082489146165,100,57.3082489146165,Lignin-like formulae (%),Van Krevelen class fractions,10
vk_frac_lignin_like,18,2,2018-10-10,warmed,Warmed,10,0-10 cm,0.437923250564334,100,43.7923250564334,Lignin-like formulae (%),Van Krevelen class fractions,10
vk_frac_lignin_like,90,6,2018-10-10,warmed,Warmed,10,0-10 cm,0.420249653259362,100,42.0249653259362,Lignin-like formulae (%),Van Krevelen class fractions,10
vk_frac_lignin_like,56,4,2018-10-23,warmed,Warmed,10,0-10 cm,0.615983393876492,100,61.5983393876492,Lignin-like formulae (%),Van Krevelen class fractions,10
vk_frac_lignin_like,91,6,2018-10-23,warmed,Warmed,10,0-10 cm,0.456617002629273,100,45.6617002629273,Lignin-like formulae (%),Van Krevelen class fractions,10
vk_frac_lignin_like,19,2,2018-11-07,warmed,Warmed,10,0-10 cm,0.496842105263158,100,49.6842105263158,Lignin-like formulae (%),Van Krevelen class fractions,10
vk_frac_lignin_like,57,4,2018-11-07,warmed,Warmed,10,0-10 cm,0.599038461538462,100,59.9038461538462,Lignin-like formulae (%),Van Krevelen class fractions,10
vk_frac_lignin_like,20,2,2019-09-10,warmed,Warmed,10,0-10 cm,0.52514367816092,100,52.514367816092,Lignin-like formulae (%),Van Krevelen class fractions,10
vk_frac_lignin_like,92,6,2019-09-10,warmed,Warmed,10,0-10 cm,0.453333333333333,100,45.3333333333333,Lignin-like formulae (%),Van Krevelen class fractions,10
vk_frac_lignin_like,58,4,2019-11-05,warmed,Warmed,10,0-10 cm,0.650335570469799,100,65.0335570469799,Lignin-like formulae (%),Van Krevelen class fractions,10
vk_frac_lignin_like,21,2,2019-12-03,warmed,Warmed,10,0-10 cm,0.410611303344867,100,41.0611303344867,Lignin-like formulae (%),Van Krevelen class fractions,10
vk_frac_lignin_like,59,4,2019-12-17,warmed,Warmed,10,0-10 cm,0.597684515195369,100,59.7684515195369,Lignin-like formulae (%),Van Krevelen class fractions,10
vk_frac_lignin_like,93,6,2019-12-17,warmed,Warmed,10,0-10 cm,0.408432147562582,100,40.8432147562582,Lignin-like formulae (%),Van Krevelen class fractions,10
vk_frac_lignin_like,60,4,2019-12-31,warmed,Warmed,10,0-10 cm,0.587294117647059,100,58.7294117647059,Lignin-like formulae (%),Van Krevelen class fractions,10
vk_frac_lignin_like,22,2,2020-01-28,warmed,Warmed,10,0-10 cm,0.425614489003881,100,42.5614489003881,Lignin-like formulae (%),Van Krevelen class fractions,10
vk_frac_lignin_like,61,4,2020-01-28,warmed,Warmed,10,0-10 cm,0.633240223463687,100,63.3240223463687,Lignin-like formulae (%),Van Krevelen class fractions,10
vk_frac_lignin_like,94,6,2020-01-28,warmed,Warmed,10,0-10 cm,0.587010824313072,100,58.7010824313073,Lignin-like formulae (%),Van Krevelen class fractions,10
vk_frac_lignin_like,95,6,2020-02-25,warmed,Warmed,10,0-10 cm,0.493670886075949,100,49.3670886075949,Lignin-like formulae (%),Van Krevelen class fractions,10
vk_frac_lignin_like,62,4,2020-03-10,warmed,Warmed,10,0-10 cm,0.556603773584906,100,55.6603773584906,Lignin-like formulae (%),Van Krevelen class fractions,10
vk_frac_lignin_like,96,6,2020-03-10,warmed,Warmed,10,0-10 cm,0.478651685393258,100,47.8651685393259,Lignin-like formulae (%),Van Krevelen class fractions,10
vk_frac_lignin_like,97,6,2020-07-28,warmed,Warmed,10,0-10 cm,0.481338481338481,100,48.1338481338481,Lignin-like formulae (%),Van Krevelen class fractions,10
vk_frac_lignin_like,98,6,2020-09-09,warmed,Warmed,10,0-10 cm,0.464197530864198,100,46.4197530864198,Lignin-like formulae (%),Van Krevelen class fractions,10
vk_frac_lignin_like,99,6,2020-10-06,warmed,Warmed,10,0-10 cm,0.407754010695187,100,40.7754010695187,Lignin-like formulae (%),Van Krevelen class fractions,10
vk_frac_lignin_like,100,6,2020-11-05,warmed,Warmed,10,0-10 cm,0.541793776693106,100,54.1793776693106,Lignin-like formulae (%),Van Krevelen class fractions,10
vk_frac_lignin_like,101,6,2021-02-09,warmed,Warmed,10,0-10 cm,0.405144694533762,100,40.5144694533762,Lignin-like formulae (%),Van Krevelen class fractions,10
vk_frac_lignin_like,102,6,2021-02-23,warmed,Warmed,10,0-10 cm,0.424479166666667,100,42.4479166666667,Lignin-like formulae (%),Van Krevelen class fractions,10
vk_frac_lignin_like,103,6,2021-06-03,warmed,Warmed,10,0-10 cm,0.420595533498759,100,42.0595533498759,Lignin-like formulae (%),Van Krevelen class fractions,10
vk_frac_lignin_like,23,2,2021-12-15,warmed,Warmed,10,0-10 cm,0.344322344322344,100,34.4322344322344,Lignin-like formulae (%),Van Krevelen class fractions,10
vk_frac_lignin_like,63,4,2021-12-15,warmed,Warmed,10,0-10 cm,0.328282828282828,100,32.8282828282828,Lignin-like formulae (%),Van Krevelen class fractions,10
vk_frac_lignin_like,104,6,2021-12-15,warmed,Warmed,10,0-10 cm,0.264550264550265,100,26.4550264550265,Lignin-like formulae (%),Van Krevelen class fractions,10
vk_frac_lignin_like,24,2,2022-08-23,warmed,Warmed,10,0-10 cm,0.415316642120766,100,41.5316642120766,Lignin-like formulae (%),Van Krevelen class fractions,10
vk_frac_lignin_like,105,6,2022-08-23,warmed,Warmed,10,0-10 cm,0.310344827586207,100,31.0344827586207,Lignin-like formulae (%),Van Krevelen class fractions,10
vk_frac_lignin_like,64,4,2022-09-08,warmed,Warmed,10,0-10 cm,0.375586854460094,100,37.5586854460094,Lignin-like formulae (%),Van Krevelen class fractions,10
vk_frac_lignin_like,106,6,2022-09-08,warmed,Warmed,10,0-10 cm,0.125,100,12.5,Lignin-like formulae (%),Van Krevelen class fractions,10
vk_frac_lignin_like,25,2,2022-11-16,warmed,Warmed,10,0-10 cm,0.336492890995261,100,33.6492890995261,Lignin-like formulae (%),Van Krevelen class fractions,10
vk_frac_lignin_like,65,4,2022-11-16,warmed,Warmed,10,0-10 cm,0.374485596707819,100,37.4485596707819,Lignin-like formulae (%),Van Krevelen class fractions,10
vk_frac_lignin_like,107,6,2022-11-16,warmed,Warmed,10,0-10 cm,0.321100917431193,100,32.1100917431193,Lignin-like formulae (%),Van Krevelen class fractions,10
vk_frac_lignin_like,66,4,2023-05-30,warmed,Warmed,10,0-10 cm,0.333333333333333,100,33.3333333333333,Lignin-like formulae (%),Van Krevelen class fractions,10
vk_frac_lignin_like,67,4,2023-12-27,warmed,Warmed,10,0-10 cm,0.342696629213483,100,34.2696629213483,Lignin-like formulae (%),Van Krevelen class fractions,10
vk_frac_lignin_like,68,4,2024-04-16,warmed,Warmed,10,0-10 cm,0.304347826086957,100,30.4347826086957,Lignin-like formulae (%),Van Krevelen class fractions,10
vk_frac_lignin_like,69,4,2024-04-30,warmed,Warmed,10,0-10 cm,0.340836012861736,100,34.0836012861736,Lignin-like formulae (%),Van Krevelen class fractions,10
vk_frac_lignin_like,126,3,2017-05-31,control,Control,30,10-30 cm,0.226415094339623,100,22.6415094339623,Lignin-like formulae (%),Van Krevelen class fractions,10
vk_frac_lignin_like,127,3,2017-11-22,control,Control,30,10-30 cm,0.2,100,20,Lignin-like formulae (%),Van Krevelen class fractions,10
vk_frac_lignin_like,128,3,2017-12-06,control,Control,30,10-30 cm,0.272727272727273,100,27.2727272727273,Lignin-like formulae (%),Van Krevelen class fractions,10
vk_frac_lignin_like,170,5,2017-12-06,control,Control,30,10-30 cm,0.206896551724138,100,20.6896551724138,Lignin-like formulae (%),Van Krevelen class fractions,10
vk_frac_lignin_like,129,3,2018-01-03,control,Control,30,10-30 cm,0.268817204301075,100,26.8817204301075,Lignin-like formulae (%),Van Krevelen class fractions,10
vk_frac_lignin_like,130,3,2018-01-30,control,Control,30,10-30 cm,0.152173913043478,100,15.2173913043478,Lignin-like formulae (%),Van Krevelen class fractions,10
vk_frac_lignin_like,131,3,2018-02-27,control,Control,30,10-30 cm,0.152542372881356,100,15.2542372881356,Lignin-like formulae (%),Van Krevelen class fractions,10
vk_frac_lignin_like,171,5,2018-03-27,control,Control,30,10-30 cm,0.205128205128205,100,20.5128205128205,Lignin-like formulae (%),Van Krevelen class fractions,10
vk_frac_lignin_like,132,3,2018-05-09,control,Control,30,10-30 cm,0.265486725663717,100,26.5486725663717,Lignin-like formulae (%),Van Krevelen class fractions,10
vk_frac_lignin_like,172,5,2018-05-09,control,Control,30,10-30 cm,0.320634920634921,100,32.0634920634921,Lignin-like formulae (%),Van Krevelen class fractions,10
vk_frac_lignin_like,133,3,2018-11-07,control,Control,30,10-30 cm,0.252669039145908,100,25.2669039145908,Lignin-like formulae (%),Van Krevelen class fractions,10
vk_frac_lignin_like,134,3,2019-09-10,control,Control,30,10-30 cm,0.173913043478261,100,17.3913043478261,Lignin-like formulae (%),Van Krevelen class fractions,10
vk_frac_lignin_like,135,3,2019-12-03,control,Control,30,10-30 cm,0.166666666666667,100,16.6666666666667,Lignin-like formulae (%),Van Krevelen class fractions,10
vk_frac_lignin_like,136,3,2020-01-14,control,Control,30,10-30 cm,0.220472440944882,100,22.0472440944882,Lignin-like formulae (%),Van Krevelen class fractions,10
vk_frac_lignin_like,108,1,2020-02-25,control,Control,30,10-30 cm,0.164021164021164,100,16.4021164021164,Lignin-like formulae (%),Van Krevelen class fractions,10
vk_frac_lignin_like,137,3,2020-02-25,control,Control,30,10-30 cm,0.244318181818182,100,24.4318181818182,Lignin-like formulae (%),Van Krevelen class fractions,10
vk_frac_lignin_like,138,3,2020-03-10,control,Control,30,10-30 cm,0.152542372881356,100,15.2542372881356,Lignin-like formulae (%),Van Krevelen class fractions,10
vk_frac_lignin_like,139,3,2020-07-28,control,Control,30,10-30 cm,0.154639175257732,100,15.4639175257732,Lignin-like formulae (%),Van Krevelen class fractions,10
vk_frac_lignin_like,173,5,2020-07-28,control,Control,30,10-30 cm,0.288409703504043,100,28.8409703504043,Lignin-like formulae (%),Van Krevelen class fractions,10
vk_frac_lignin_like,140,3,2020-09-09,control,Control,30,10-30 cm,0.194736842105263,100,19.4736842105263,Lignin-like formulae (%),Van Krevelen class fractions,10
vk_frac_lignin_like,141,3,2020-10-06,control,Control,30,10-30 cm,0.197452229299363,100,19.7452229299363,Lignin-like formulae (%),Van Krevelen class fractions,10
vk_frac_lignin_like,174,5,2020-10-06,control,Control,30,10-30 cm,0.237931034482759,100,23.7931034482759,Lignin-like formulae (%),Van Krevelen class fractions,10
vk_frac_lignin_like,142,3,2020-11-05,control,Control,30,10-30 cm,0.222222222222222,100,22.2222222222222,Lignin-like formulae (%),Van Krevelen class fractions,10
vk_frac_lignin_like,175,5,2020-11-05,control,Control,30,10-30 cm,0.274193548387097,100,27.4193548387097,Lignin-like formulae (%),Van Krevelen class fractions,10
vk_frac_lignin_like,143,3,2020-12-29,control,Control,30,10-30 cm,0.215767634854772,100,21.5767634854772,Lignin-like formulae (%),Van Krevelen class fractions,10
vk_frac_lignin_like,144,3,2021-02-09,control,Control,30,10-30 cm,0.224299065420561,100,22.4299065420561,Lignin-like formulae (%),Van Krevelen class fractions,10
vk_frac_lignin_like,176,5,2021-02-23,control,Control,30,10-30 cm,0.223076923076923,100,22.3076923076923,Lignin-like formulae (%),Van Krevelen class fractions,10
vk_frac_lignin_like,145,3,2021-06-03,control,Control,30,10-30 cm,0.242290748898678,100,24.2290748898678,Lignin-like formulae (%),Van Krevelen class fractions,10
vk_frac_lignin_like,109,1,2021-09-21,control,Control,30,10-30 cm,0.25,100,25,Lignin-like formulae (%),Van Krevelen class fractions,10
vk_frac_lignin_like,146,3,2021-12-15,control,Control,30,10-30 cm,0.0862068965517242,100,8.62068965517242,Lignin-like formulae (%),Van Krevelen class fractions,10
vk_frac_lignin_like,110,1,2022-08-23,control,Control,30,10-30 cm,0.102040816326531,100,10.2040816326531,Lignin-like formulae (%),Van Krevelen class fractions,10
vk_frac_lignin_like,177,5,2022-08-23,control,Control,30,10-30 cm,0.214285714285714,100,21.4285714285714,Lignin-like formulae (%),Van Krevelen class fractions,10
vk_frac_lignin_like,111,1,2022-09-08,control,Control,30,10-30 cm,0.206106870229008,100,20.6106870229008,Lignin-like formulae (%),Van Krevelen class fractions,10
vk_frac_lignin_like,178,5,2022-09-08,control,Control,30,10-30 cm,0.153846153846154,100,15.3846153846154,Lignin-like formulae (%),Van Krevelen class fractions,10
vk_frac_lignin_like,179,5,2022-11-01,control,Control,30,10-30 cm,0.15625,100,15.625,Lignin-like formulae (%),Van Krevelen class fractions,10
vk_frac_lignin_like,112,1,2022-11-16,control,Control,30,10-30 cm,0.216216216216216,100,21.6216216216216,Lignin-like formulae (%),Van Krevelen class fractions,10
vk_frac_lignin_like,113,1,2023-01-12,control,Control,30,10-30 cm,0.233463035019455,100,23.3463035019455,Lignin-like formulae (%),Van Krevelen class fractions,10
vk_frac_lignin_like,180,5,2023-01-12,control,Control,30,10-30 cm,0.346428571428571,100,34.6428571428571,Lignin-like formulae (%),Van Krevelen class fractions,10
vk_frac_lignin_like,181,5,2023-02-07,control,Control,30,10-30 cm,0.365921787709497,100,36.5921787709497,Lignin-like formulae (%),Van Krevelen class fractions,10
vk_frac_lignin_like,182,5,2023-05-02,control,Control,30,10-30 cm,0.474541751527495,100,47.4541751527495,Lignin-like formulae (%),Van Krevelen class fractions,10
vk_frac_lignin_like,114,1,2023-05-30,control,Control,30,10-30 cm,0.2375,100,23.75,Lignin-like formulae (%),Van Krevelen class fractions,10
vk_frac_lignin_like,147,3,2023-05-30,control,Control,30,10-30 cm,0.361842105263158,100,36.1842105263158,Lignin-like formulae (%),Van Krevelen class fractions,10
vk_frac_lignin_like,115,1,2023-08-22,control,Control,30,10-30 cm,0.327868852459016,100,32.7868852459016,Lignin-like formulae (%),Van Krevelen class fractions,10
vk_frac_lignin_like,183,5,2023-10-03,control,Control,30,10-30 cm,0.447692307692308,100,44.7692307692308,Lignin-like formulae (%),Van Krevelen class fractions,10
vk_frac_lignin_like,116,1,2023-12-12,control,Control,30,10-30 cm,0.324165029469548,100,32.4165029469548,Lignin-like formulae (%),Van Krevelen class fractions,10
vk_frac_lignin_like,184,5,2024-04-30,control,Control,30,10-30 cm,0.43125,100,43.125,Lignin-like formulae (%),Van Krevelen class fractions,10
vk_frac_lignin_like,148,4,2017-05-31,warmed,Warmed,30,10-30 cm,0.101010101010101,100,10.1010101010101,Lignin-like formulae (%),Van Krevelen class fractions,10
vk_frac_lignin_like,149,4,2017-11-22,warmed,Warmed,30,10-30 cm,0.232067510548523,100,23.2067510548523,Lignin-like formulae (%),Van Krevelen class fractions,10
vk_frac_lignin_like,150,4,2017-12-06,warmed,Warmed,30,10-30 cm,0.293172690763052,100,29.3172690763052,Lignin-like formulae (%),Van Krevelen class fractions,10
vk_frac_lignin_like,185,6,2017-12-06,warmed,Warmed,30,10-30 cm,0.581749049429658,100,58.1749049429658,Lignin-like formulae (%),Van Krevelen class fractions,10
vk_frac_lignin_like,152,4,2018-01-30,warmed,Warmed,30,10-30 cm,0.389513108614232,100,38.9513108614232,Lignin-like formulae (%),Van Krevelen class fractions,10
vk_frac_lignin_like,153,4,2018-02-27,warmed,Warmed,30,10-30 cm,0.301587301587302,100,30.1587301587302,Lignin-like formulae (%),Van Krevelen class fractions,10
vk_frac_lignin_like,154,4,2018-05-09,warmed,Warmed,30,10-30 cm,0.381159420289855,100,38.1159420289855,Lignin-like formulae (%),Van Krevelen class fractions,10
vk_frac_lignin_like,155,4,2018-11-07,warmed,Warmed,30,10-30 cm,0.36436170212766,100,36.436170212766,Lignin-like formulae (%),Van Krevelen class fractions,10
vk_frac_lignin_like,156,4,2019-09-10,warmed,Warmed,30,10-30 cm,0.415533980582524,100,41.5533980582524,Lignin-like formulae (%),Van Krevelen class fractions,10
vk_frac_lignin_like,157,4,2019-12-03,warmed,Warmed,30,10-30 cm,0.433628318584071,100,43.3628318584071,Lignin-like formulae (%),Van Krevelen class fractions,10
vk_frac_lignin_like,158,4,2020-01-14,warmed,Warmed,30,10-30 cm,0.381308411214953,100,38.1308411214953,Lignin-like formulae (%),Van Krevelen class fractions,10
vk_frac_lignin_like,117,2,2020-02-25,warmed,Warmed,30,10-30 cm,0.267985611510791,100,26.7985611510791,Lignin-like formulae (%),Van Krevelen class fractions,10
vk_frac_lignin_like,159,4,2020-02-25,warmed,Warmed,30,10-30 cm,0.373456790123457,100,37.3456790123457,Lignin-like formulae (%),Van Krevelen class fractions,10
vk_frac_lignin_like,160,4,2020-03-10,warmed,Warmed,30,10-30 cm,0.372239747634069,100,37.2239747634069,Lignin-like formulae (%),Van Krevelen class fractions,10
vk_frac_lignin_like,161,4,2020-07-28,warmed,Warmed,30,10-30 cm,0.349809885931559,100,34.9809885931559,Lignin-like formulae (%),Van Krevelen class fractions,10
vk_frac_lignin_like,162,4,2020-09-09,warmed,Warmed,30,10-30 cm,0.288461538461538,100,28.8461538461538,Lignin-like formulae (%),Van Krevelen class fractions,10
vk_frac_lignin_like,186,6,2020-09-09,warmed,Warmed,30,10-30 cm,0.496296296296296,100,49.6296296296296,Lignin-like formulae (%),Van Krevelen class fractions,10
vk_frac_lignin_like,163,4,2020-10-06,warmed,Warmed,30,10-30 cm,0.393592677345538,100,39.3592677345538,Lignin-like formulae (%),Van Krevelen class fractions,10
vk_frac_lignin_like,187,6,2020-10-06,warmed,Warmed,30,10-30 cm,0.669014084507042,100,66.9014084507042,Lignin-like formulae (%),Van Krevelen class fractions,10
vk_frac_lignin_like,164,4,2020-11-05,warmed,Warmed,30,10-30 cm,0.406542056074766,100,40.6542056074766,Lignin-like formulae (%),Van Krevelen class fractions,10
vk_frac_lignin_like,165,4,2020-12-29,warmed,Warmed,30,10-30 cm,0.379310344827586,100,37.9310344827586,Lignin-like formulae (%),Van Krevelen class fractions,10
vk_frac_lignin_like,166,4,2021-02-09,warmed,Warmed,30,10-30 cm,0.365248226950355,100,36.5248226950355,Lignin-like formulae (%),Van Krevelen class fractions,10
vk_frac_lignin_like,188,6,2021-02-23,warmed,Warmed,30,10-30 cm,0.618953603158934,100,61.8953603158934,Lignin-like formulae (%),Van Krevelen class fractions,10
vk_frac_lignin_like,167,4,2021-06-03,warmed,Warmed,30,10-30 cm,0.242424242424242,100,24.2424242424242,Lignin-like formulae (%),Van Krevelen class fractions,10
vk_frac_lignin_like,118,2,2021-09-21,warmed,Warmed,30,10-30 cm,0.35558583106267,100,35.558583106267,Lignin-like formulae (%),Van Krevelen class fractions,10
vk_frac_lignin_like,168,4,2021-12-15,warmed,Warmed,30,10-30 cm,0.411764705882353,100,41.1764705882353,Lignin-like formulae (%),Van Krevelen class fractions,10
vk_frac_lignin_like,119,2,2022-08-23,warmed,Warmed,30,10-30 cm,0.242105263157895,100,24.2105263157895,Lignin-like formulae (%),Van Krevelen class fractions,10
vk_frac_lignin_like,189,6,2022-08-23,warmed,Warmed,30,10-30 cm,0.202702702702703,100,20.2702702702703,Lignin-like formulae (%),Van Krevelen class fractions,10
vk_frac_lignin_like,120,2,2022-09-08,warmed,Warmed,30,10-30 cm,0.375,100,37.5,Lignin-like formulae (%),Van Krevelen class fractions,10
vk_frac_lignin_like,190,6,2022-09-08,warmed,Warmed,30,10-30 cm,0.292372881355932,100,29.2372881355932,Lignin-like formulae (%),Van Krevelen class fractions,10
vk_frac_lignin_like,191,6,2022-11-01,warmed,Warmed,30,10-30 cm,0.193877551020408,100,19.3877551020408,Lignin-like formulae (%),Van Krevelen class fractions,10
vk_frac_lignin_like,121,2,2022-11-16,warmed,Warmed,30,10-30 cm,0.232394366197183,100,23.2394366197183,Lignin-like formulae (%),Van Krevelen class fractions,10
vk_frac_lignin_like,122,2,2023-01-12,warmed,Warmed,30,10-30 cm,0.215596330275229,100,21.5596330275229,Lignin-like formulae (%),Van Krevelen class fractions,10
vk_frac_lignin_like,192,6,2023-01-12,warmed,Warmed,30,10-30 cm,0.201149425287356,100,20.1149425287356,Lignin-like formulae (%),Van Krevelen class fractions,10
vk_frac_lignin_like,193,6,2023-02-07,warmed,Warmed,30,10-30 cm,0.28135593220339,100,28.135593220339,Lignin-like formulae (%),Van Krevelen class fractions,10
vk_frac_lignin_like,194,6,2023-05-02,warmed,Warmed,30,10-30 cm,0.279620853080569,100,27.9620853080569,Lignin-like formulae (%),Van Krevelen class fractions,10
vk_frac_lignin_like,123,2,2023-05-30,warmed,Warmed,30,10-30 cm,0.205128205128205,100,20.5128205128205,Lignin-like formulae (%),Van Krevelen class fractions,10
vk_frac_lignin_like,169,4,2023-05-30,warmed,Warmed,30,10-30 cm,0.315508021390374,100,31.5508021390374,Lignin-like formulae (%),Van Krevelen class fractions,10
vk_frac_lignin_like,124,2,2023-08-22,warmed,Warmed,30,10-30 cm,0.314285714285714,100,31.4285714285714,Lignin-like formulae (%),Van Krevelen class fractions,10
vk_frac_lignin_like,195,6,2023-10-03,warmed,Warmed,30,10-30 cm,0.304909560723514,100,30.4909560723514,Lignin-like formulae (%),Van Krevelen class fractions,10
vk_frac_lignin_like,125,2,2023-12-12,warmed,Warmed,30,10-30 cm,0.248275862068966,100,24.8275862068966,Lignin-like formulae (%),Van Krevelen class fractions,10
vk_frac_lignin_like,196,6,2024-04-30,warmed,Warmed,30,10-30 cm,0.421153846153846,100,42.1153846153846,Lignin-like formulae (%),Van Krevelen class fractions,10
vk_frac_lipid,1,1,2017-05-31,control,Control,10,0-10 cm,0.0245398773006135,100,2.45398773006135,Lipid formulae (%),Van Krevelen class fractions,11
vk_frac_lipid,70,5,2017-05-31,control,Control,10,0-10 cm,0.0151843817787419,100,1.51843817787419,Lipid formulae (%),Van Krevelen class fractions,11
vk_frac_lipid,26,3,2017-10-20,control,Control,10,0-10 cm,0.0613496932515337,100,6.13496932515337,Lipid formulae (%),Van Krevelen class fractions,11
vk_frac_lipid,2,1,2017-12-06,control,Control,10,0-10 cm,0.0277777777777778,100,2.77777777777778,Lipid formulae (%),Van Krevelen class fractions,11
vk_frac_lipid,27,3,2017-12-06,control,Control,10,0-10 cm,0.0307510348905973,100,3.07510348905973,Lipid formulae (%),Van Krevelen class fractions,11
vk_frac_lipid,28,3,2018-01-17,control,Control,10,0-10 cm,0.0638297872340426,100,6.38297872340426,Lipid formulae (%),Van Krevelen class fractions,11
vk_frac_lipid,29,3,2018-01-30,control,Control,10,0-10 cm,0.047244094488189,100,4.7244094488189,Lipid formulae (%),Van Krevelen class fractions,11
vk_frac_lipid,30,3,2018-02-13,control,Control,10,0-10 cm,0.0333333333333333,100,3.33333333333333,Lipid formulae (%),Van Krevelen class fractions,11
vk_frac_lipid,31,3,2018-02-27,control,Control,10,0-10 cm,0.0813008130081301,100,8.13008130081301,Lipid formulae (%),Van Krevelen class fractions,11
vk_frac_lipid,3,1,2018-05-09,control,Control,10,0-10 cm,0.0430711610486891,100,4.30711610486891,Lipid formulae (%),Van Krevelen class fractions,11
vk_frac_lipid,32,3,2018-05-09,control,Control,10,0-10 cm,0.0904761904761905,100,9.04761904761905,Lipid formulae (%),Van Krevelen class fractions,11
vk_frac_lipid,4,1,2018-05-22,control,Control,10,0-10 cm,0.0406976744186047,100,4.06976744186047,Lipid formulae (%),Van Krevelen class fractions,11
vk_frac_lipid,33,3,2018-05-22,control,Control,10,0-10 cm,0.132075471698113,100,13.2075471698113,Lipid formulae (%),Van Krevelen class fractions,11
vk_frac_lipid,5,1,2018-10-10,control,Control,10,0-10 cm,0.0242718446601942,100,2.42718446601942,Lipid formulae (%),Van Krevelen class fractions,11
vk_frac_lipid,71,5,2018-10-10,control,Control,10,0-10 cm,0.033112582781457,100,3.3112582781457,Lipid formulae (%),Van Krevelen class fractions,11
vk_frac_lipid,34,3,2018-10-23,control,Control,10,0-10 cm,0.0462962962962963,100,4.62962962962963,Lipid formulae (%),Van Krevelen class fractions,11
vk_frac_lipid,72,5,2018-10-23,control,Control,10,0-10 cm,0.0604444444444444,100,6.04444444444444,Lipid formulae (%),Van Krevelen class fractions,11
vk_frac_lipid,6,1,2018-11-07,control,Control,10,0-10 cm,0.027972027972028,100,2.7972027972028,Lipid formulae (%),Van Krevelen class fractions,11
vk_frac_lipid,35,3,2018-11-07,control,Control,10,0-10 cm,0.222222222222222,100,22.2222222222222,Lipid formulae (%),Van Krevelen class fractions,11
vk_frac_lipid,7,1,2019-09-10,control,Control,10,0-10 cm,0.051056338028169,100,5.1056338028169,Lipid formulae (%),Van Krevelen class fractions,11
vk_frac_lipid,73,5,2019-09-10,control,Control,10,0-10 cm,0.0503184713375796,100,5.03184713375796,Lipid formulae (%),Van Krevelen class fractions,11
vk_frac_lipid,36,3,2019-11-05,control,Control,10,0-10 cm,0.127272727272727,100,12.7272727272727,Lipid formulae (%),Van Krevelen class fractions,11
vk_frac_lipid,8,1,2019-12-03,control,Control,10,0-10 cm,0.0245614035087719,100,2.45614035087719,Lipid formulae (%),Van Krevelen class fractions,11
vk_frac_lipid,37,3,2019-12-17,control,Control,10,0-10 cm,0.192771084337349,100,19.2771084337349,Lipid formulae (%),Van Krevelen class fractions,11
vk_frac_lipid,74,5,2019-12-17,control,Control,10,0-10 cm,0.0223880597014925,100,2.23880597014925,Lipid formulae (%),Van Krevelen class fractions,11
vk_frac_lipid,38,3,2019-12-31,control,Control,10,0-10 cm,0.140625,100,14.0625,Lipid formulae (%),Van Krevelen class fractions,11
vk_frac_lipid,9,1,2020-01-28,control,Control,10,0-10 cm,0.0348258706467662,100,3.48258706467662,Lipid formulae (%),Van Krevelen class fractions,11
vk_frac_lipid,39,3,2020-01-28,control,Control,10,0-10 cm,0.153846153846154,100,15.3846153846154,Lipid formulae (%),Van Krevelen class fractions,11
vk_frac_lipid,75,5,2020-01-28,control,Control,10,0-10 cm,0.0108108108108108,100,1.08108108108108,Lipid formulae (%),Van Krevelen class fractions,11
vk_frac_lipid,76,5,2020-02-25,control,Control,10,0-10 cm,0.0423497267759563,100,4.23497267759563,Lipid formulae (%),Van Krevelen class fractions,11
vk_frac_lipid,40,3,2020-03-10,control,Control,10,0-10 cm,0.116279069767442,100,11.6279069767442,Lipid formulae (%),Van Krevelen class fractions,11
vk_frac_lipid,77,5,2020-03-10,control,Control,10,0-10 cm,0.023021582733813,100,2.3021582733813,Lipid formulae (%),Van Krevelen class fractions,11
vk_frac_lipid,78,5,2020-07-28,control,Control,10,0-10 cm,0.0194624652455978,100,1.94624652455978,Lipid formulae (%),Van Krevelen class fractions,11
vk_frac_lipid,79,5,2020-09-09,control,Control,10,0-10 cm,0.0304740406320542,100,3.04740406320542,Lipid formulae (%),Van Krevelen class fractions,11
vk_frac_lipid,80,5,2020-10-06,control,Control,10,0-10 cm,0.0375335120643432,100,3.75335120643432,Lipid formulae (%),Van Krevelen class fractions,11
vk_frac_lipid,81,5,2020-11-05,control,Control,10,0-10 cm,0.0386363636363636,100,3.86363636363636,Lipid formulae (%),Van Krevelen class fractions,11
vk_frac_lipid,82,5,2021-02-09,control,Control,10,0-10 cm,0.0596285434995112,100,5.96285434995112,Lipid formulae (%),Van Krevelen class fractions,11
vk_frac_lipid,83,5,2021-02-23,control,Control,10,0-10 cm,0.0604982206405694,100,6.04982206405694,Lipid formulae (%),Van Krevelen class fractions,11
vk_frac_lipid,84,5,2021-06-03,control,Control,10,0-10 cm,0.0401606425702811,100,4.01606425702811,Lipid formulae (%),Van Krevelen class fractions,11
vk_frac_lipid,10,1,2021-12-15,control,Control,10,0-10 cm,0.025,100,2.5,Lipid formulae (%),Van Krevelen class fractions,11
vk_frac_lipid,41,3,2021-12-15,control,Control,10,0-10 cm,0.246376811594203,100,24.6376811594203,Lipid formulae (%),Van Krevelen class fractions,11
vk_frac_lipid,85,5,2021-12-15,control,Control,10,0-10 cm,0.0644748078565329,100,6.44748078565329,Lipid formulae (%),Van Krevelen class fractions,11
vk_frac_lipid,11,1,2022-08-23,control,Control,10,0-10 cm,0.0564971751412429,100,5.64971751412429,Lipid formulae (%),Van Krevelen class fractions,11
vk_frac_lipid,86,5,2022-08-23,control,Control,10,0-10 cm,0.0357142857142857,100,3.57142857142857,Lipid formulae (%),Van Krevelen class fractions,11
vk_frac_lipid,12,1,2022-09-08,control,Control,10,0-10 cm,0.0173010380622837,100,1.73010380622837,Lipid formulae (%),Van Krevelen class fractions,11
vk_frac_lipid,42,3,2022-09-08,control,Control,10,0-10 cm,0.0891089108910891,100,8.91089108910891,Lipid formulae (%),Van Krevelen class fractions,11
vk_frac_lipid,87,5,2022-09-08,control,Control,10,0-10 cm,0.0136054421768707,100,1.36054421768707,Lipid formulae (%),Van Krevelen class fractions,11
vk_frac_lipid,13,1,2022-11-16,control,Control,10,0-10 cm,0.082099596231494,100,8.2099596231494,Lipid formulae (%),Van Krevelen class fractions,11
vk_frac_lipid,43,3,2022-11-16,control,Control,10,0-10 cm,0.223587223587224,100,22.3587223587224,Lipid formulae (%),Van Krevelen class fractions,11
vk_frac_lipid,88,5,2022-11-16,control,Control,10,0-10 cm,0.0431718061674009,100,4.31718061674009,Lipid formulae (%),Van Krevelen class fractions,11
vk_frac_lipid,44,3,2023-05-30,control,Control,10,0-10 cm,0.0666666666666667,100,6.66666666666667,Lipid formulae (%),Van Krevelen class fractions,11
vk_frac_lipid,45,3,2023-12-27,control,Control,10,0-10 cm,0.12396694214876,100,12.396694214876,Lipid formulae (%),Van Krevelen class fractions,11
vk_frac_lipid,46,3,2024-04-16,control,Control,10,0-10 cm,0.155378486055777,100,15.5378486055777,Lipid formulae (%),Van Krevelen class fractions,11
vk_frac_lipid,47,3,2024-04-30,control,Control,10,0-10 cm,0.0445205479452055,100,4.45205479452055,Lipid formulae (%),Van Krevelen class fractions,11
vk_frac_lipid,14,2,2017-05-31,warmed,Warmed,10,0-10 cm,0.0349576271186441,100,3.49576271186441,Lipid formulae (%),Van Krevelen class fractions,11
vk_frac_lipid,89,6,2017-05-31,warmed,Warmed,10,0-10 cm,0.0310077519379845,100,3.10077519379845,Lipid formulae (%),Van Krevelen class fractions,11
vk_frac_lipid,48,4,2017-10-20,warmed,Warmed,10,0-10 cm,0.0177838577291382,100,1.77838577291382,Lipid formulae (%),Van Krevelen class fractions,11
vk_frac_lipid,15,2,2017-12-06,warmed,Warmed,10,0-10 cm,0.0496083550913838,100,4.96083550913838,Lipid formulae (%),Van Krevelen class fractions,11
vk_frac_lipid,49,4,2017-12-06,warmed,Warmed,10,0-10 cm,0.015748031496063,100,1.5748031496063,Lipid formulae (%),Van Krevelen class fractions,11
vk_frac_lipid,50,4,2018-01-17,warmed,Warmed,10,0-10 cm,0.010250569476082,100,1.0250569476082,Lipid formulae (%),Van Krevelen class fractions,11
vk_frac_lipid,51,4,2018-01-30,warmed,Warmed,10,0-10 cm,0.0322097378277154,100,3.22097378277154,Lipid formulae (%),Van Krevelen class fractions,11
vk_frac_lipid,52,4,2018-02-13,warmed,Warmed,10,0-10 cm,0.0192616372391653,100,1.92616372391653,Lipid formulae (%),Van Krevelen class fractions,11
vk_frac_lipid,53,4,2018-02-27,warmed,Warmed,10,0-10 cm,0.0300353356890459,100,3.00353356890459,Lipid formulae (%),Van Krevelen class fractions,11
vk_frac_lipid,16,2,2018-05-09,warmed,Warmed,10,0-10 cm,0.0486674391657011,100,4.86674391657011,Lipid formulae (%),Van Krevelen class fractions,11
vk_frac_lipid,54,4,2018-05-09,warmed,Warmed,10,0-10 cm,0.0228198859005705,100,2.28198859005705,Lipid formulae (%),Van Krevelen class fractions,11
vk_frac_lipid,17,2,2018-05-22,warmed,Warmed,10,0-10 cm,0.0239596469104666,100,2.39596469104666,Lipid formulae (%),Van Krevelen class fractions,11
vk_frac_lipid,55,4,2018-05-22,warmed,Warmed,10,0-10 cm,0.0426917510853835,100,4.26917510853835,Lipid formulae (%),Van Krevelen class fractions,11
vk_frac_lipid,18,2,2018-10-10,warmed,Warmed,10,0-10 cm,0.0406320541760722,100,4.06320541760722,Lipid formulae (%),Van Krevelen class fractions,11
vk_frac_lipid,90,6,2018-10-10,warmed,Warmed,10,0-10 cm,0.0332871012482663,100,3.32871012482663,Lipid formulae (%),Van Krevelen class fractions,11
vk_frac_lipid,56,4,2018-10-23,warmed,Warmed,10,0-10 cm,0.0280228334198236,100,2.80228334198236,Lipid formulae (%),Van Krevelen class fractions,11
vk_frac_lipid,91,6,2018-10-23,warmed,Warmed,10,0-10 cm,0.0569675723049956,100,5.69675723049956,Lipid formulae (%),Van Krevelen class fractions,11
vk_frac_lipid,19,2,2018-11-07,warmed,Warmed,10,0-10 cm,0.0515789473684211,100,5.15789473684211,Lipid formulae (%),Van Krevelen class fractions,11
vk_frac_lipid,57,4,2018-11-07,warmed,Warmed,10,0-10 cm,0.0182692307692308,100,1.82692307692308,Lipid formulae (%),Van Krevelen class fractions,11
vk_frac_lipid,20,2,2019-09-10,warmed,Warmed,10,0-10 cm,0.0668103448275862,100,6.68103448275862,Lipid formulae (%),Van Krevelen class fractions,11
vk_frac_lipid,92,6,2019-09-10,warmed,Warmed,10,0-10 cm,0.0545454545454545,100,5.45454545454545,Lipid formulae (%),Van Krevelen class fractions,11
vk_frac_lipid,58,4,2019-11-05,warmed,Warmed,10,0-10 cm,0.0214765100671141,100,2.14765100671141,Lipid formulae (%),Van Krevelen class fractions,11
vk_frac_lipid,21,2,2019-12-03,warmed,Warmed,10,0-10 cm,0.0980392156862745,100,9.80392156862745,Lipid formulae (%),Van Krevelen class fractions,11
vk_frac_lipid,59,4,2019-12-17,warmed,Warmed,10,0-10 cm,0.0282199710564399,100,2.82199710564399,Lipid formulae (%),Van Krevelen class fractions,11
vk_frac_lipid,93,6,2019-12-17,warmed,Warmed,10,0-10 cm,0.0474308300395257,100,4.74308300395257,Lipid formulae (%),Van Krevelen class fractions,11
vk_frac_lipid,60,4,2019-12-31,warmed,Warmed,10,0-10 cm,0.0329411764705882,100,3.29411764705882,Lipid formulae (%),Van Krevelen class fractions,11
vk_frac_lipid,22,2,2020-01-28,warmed,Warmed,10,0-10 cm,0.0672703751617076,100,6.72703751617076,Lipid formulae (%),Van Krevelen class fractions,11
vk_frac_lipid,61,4,2020-01-28,warmed,Warmed,10,0-10 cm,0.0298882681564246,100,2.98882681564246,Lipid formulae (%),Van Krevelen class fractions,11
vk_frac_lipid,94,6,2020-01-28,warmed,Warmed,10,0-10 cm,0.0241465445462115,100,2.41465445462115,Lipid formulae (%),Van Krevelen class fractions,11
vk_frac_lipid,95,6,2020-02-25,warmed,Warmed,10,0-10 cm,0.0354430379746835,100,3.54430379746835,Lipid formulae (%),Van Krevelen class fractions,11
vk_frac_lipid,62,4,2020-03-10,warmed,Warmed,10,0-10 cm,0.0415094339622642,100,4.15094339622642,Lipid formulae (%),Van Krevelen class fractions,11
vk_frac_lipid,96,6,2020-03-10,warmed,Warmed,10,0-10 cm,0.0621722846441948,100,6.21722846441948,Lipid formulae (%),Van Krevelen class fractions,11
vk_frac_lipid,97,6,2020-07-28,warmed,Warmed,10,0-10 cm,0.036036036036036,100,3.6036036036036,Lipid formulae (%),Van Krevelen class fractions,11
vk_frac_lipid,98,6,2020-09-09,warmed,Warmed,10,0-10 cm,0.0345679012345679,100,3.45679012345679,Lipid formulae (%),Van Krevelen class fractions,11
vk_frac_lipid,99,6,2020-10-06,warmed,Warmed,10,0-10 cm,0.0588235294117647,100,5.88235294117647,Lipid formulae (%),Van Krevelen class fractions,11
vk_frac_lipid,100,6,2020-11-05,warmed,Warmed,10,0-10 cm,0.0292861500915192,100,2.92861500915192,Lipid formulae (%),Van Krevelen class fractions,11
vk_frac_lipid,101,6,2021-02-09,warmed,Warmed,10,0-10 cm,0.0385852090032154,100,3.85852090032154,Lipid formulae (%),Van Krevelen class fractions,11
vk_frac_lipid,102,6,2021-02-23,warmed,Warmed,10,0-10 cm,0.0520833333333333,100,5.20833333333333,Lipid formulae (%),Van Krevelen class fractions,11
vk_frac_lipid,103,6,2021-06-03,warmed,Warmed,10,0-10 cm,0.0595533498759305,100,5.95533498759305,Lipid formulae (%),Van Krevelen class fractions,11
vk_frac_lipid,23,2,2021-12-15,warmed,Warmed,10,0-10 cm,0.0622710622710623,100,6.22710622710623,Lipid formulae (%),Van Krevelen class fractions,11
vk_frac_lipid,63,4,2021-12-15,warmed,Warmed,10,0-10 cm,0.0656565656565657,100,6.56565656565657,Lipid formulae (%),Van Krevelen class fractions,11
vk_frac_lipid,104,6,2021-12-15,warmed,Warmed,10,0-10 cm,0.0687830687830688,100,6.87830687830688,Lipid formulae (%),Van Krevelen class fractions,11
vk_frac_lipid,24,2,2022-08-23,warmed,Warmed,10,0-10 cm,0.0397643593519882,100,3.97643593519882,Lipid formulae (%),Van Krevelen class fractions,11
vk_frac_lipid,105,6,2022-08-23,warmed,Warmed,10,0-10 cm,0.0306513409961686,100,3.06513409961686,Lipid formulae (%),Van Krevelen class fractions,11
vk_frac_lipid,64,4,2022-09-08,warmed,Warmed,10,0-10 cm,0.0140845070422535,100,1.40845070422535,Lipid formulae (%),Van Krevelen class fractions,11
vk_frac_lipid,106,6,2022-09-08,warmed,Warmed,10,0-10 cm,0.0277777777777778,100,2.77777777777778,Lipid formulae (%),Van Krevelen class fractions,11
vk_frac_lipid,25,2,2022-11-16,warmed,Warmed,10,0-10 cm,0.042654028436019,100,4.2654028436019,Lipid formulae (%),Van Krevelen class fractions,11
vk_frac_lipid,65,4,2022-11-16,warmed,Warmed,10,0-10 cm,0.0164609053497942,100,1.64609053497942,Lipid formulae (%),Van Krevelen class fractions,11
vk_frac_lipid,107,6,2022-11-16,warmed,Warmed,10,0-10 cm,0.0660550458715596,100,6.60550458715596,Lipid formulae (%),Van Krevelen class fractions,11
vk_frac_lipid,66,4,2023-05-30,warmed,Warmed,10,0-10 cm,0.0365853658536585,100,3.65853658536585,Lipid formulae (%),Van Krevelen class fractions,11
vk_frac_lipid,67,4,2023-12-27,warmed,Warmed,10,0-10 cm,0.0692883895131086,100,6.92883895131086,Lipid formulae (%),Van Krevelen class fractions,11
vk_frac_lipid,68,4,2024-04-16,warmed,Warmed,10,0-10 cm,0.0391304347826087,100,3.91304347826087,Lipid formulae (%),Van Krevelen class fractions,11
vk_frac_lipid,69,4,2024-04-30,warmed,Warmed,10,0-10 cm,0.0771704180064309,100,7.71704180064309,Lipid formulae (%),Van Krevelen class fractions,11
vk_frac_lipid,126,3,2017-05-31,control,Control,30,10-30 cm,0.0943396226415094,100,9.43396226415094,Lipid formulae (%),Van Krevelen class fractions,11
vk_frac_lipid,127,3,2017-11-22,control,Control,30,10-30 cm,0.0666666666666667,100,6.66666666666667,Lipid formulae (%),Van Krevelen class fractions,11
vk_frac_lipid,128,3,2017-12-06,control,Control,30,10-30 cm,0.0909090909090909,100,9.09090909090909,Lipid formulae (%),Van Krevelen class fractions,11
vk_frac_lipid,170,5,2017-12-06,control,Control,30,10-30 cm,0.103448275862069,100,10.3448275862069,Lipid formulae (%),Van Krevelen class fractions,11
vk_frac_lipid,129,3,2018-01-03,control,Control,30,10-30 cm,0.268817204301075,100,26.8817204301075,Lipid formulae (%),Van Krevelen class fractions,11
vk_frac_lipid,130,3,2018-01-30,control,Control,30,10-30 cm,0.0760869565217391,100,7.60869565217391,Lipid formulae (%),Van Krevelen class fractions,11
vk_frac_lipid,131,3,2018-02-27,control,Control,30,10-30 cm,0.23728813559322,100,23.728813559322,Lipid formulae (%),Van Krevelen class fractions,11
vk_frac_lipid,171,5,2018-03-27,control,Control,30,10-30 cm,0.0897435897435897,100,8.97435897435897,Lipid formulae (%),Van Krevelen class fractions,11
vk_frac_lipid,132,3,2018-05-09,control,Control,30,10-30 cm,0.0884955752212389,100,8.84955752212389,Lipid formulae (%),Van Krevelen class fractions,11
vk_frac_lipid,172,5,2018-05-09,control,Control,30,10-30 cm,0.13968253968254,100,13.968253968254,Lipid formulae (%),Van Krevelen class fractions,11
vk_frac_lipid,133,3,2018-11-07,control,Control,30,10-30 cm,0.0711743772241993,100,7.11743772241993,Lipid formulae (%),Van Krevelen class fractions,11
vk_frac_lipid,134,3,2019-09-10,control,Control,30,10-30 cm,0.139130434782609,100,13.9130434782609,Lipid formulae (%),Van Krevelen class fractions,11
vk_frac_lipid,135,3,2019-12-03,control,Control,30,10-30 cm,0.0952380952380952,100,9.52380952380952,Lipid formulae (%),Van Krevelen class fractions,11
vk_frac_lipid,136,3,2020-01-14,control,Control,30,10-30 cm,0.062992125984252,100,6.2992125984252,Lipid formulae (%),Van Krevelen class fractions,11
vk_frac_lipid,108,1,2020-02-25,control,Control,30,10-30 cm,0.238095238095238,100,23.8095238095238,Lipid formulae (%),Van Krevelen class fractions,11
vk_frac_lipid,137,3,2020-02-25,control,Control,30,10-30 cm,0.0681818181818182,100,6.81818181818182,Lipid formulae (%),Van Krevelen class fractions,11
vk_frac_lipid,138,3,2020-03-10,control,Control,30,10-30 cm,0.110169491525424,100,11.0169491525424,Lipid formulae (%),Van Krevelen class fractions,11
vk_frac_lipid,139,3,2020-07-28,control,Control,30,10-30 cm,0.175257731958763,100,17.5257731958763,Lipid formulae (%),Van Krevelen class fractions,11
vk_frac_lipid,173,5,2020-07-28,control,Control,30,10-30 cm,0.148247978436658,100,14.8247978436658,Lipid formulae (%),Van Krevelen class fractions,11
vk_frac_lipid,140,3,2020-09-09,control,Control,30,10-30 cm,0.0789473684210526,100,7.89473684210526,Lipid formulae (%),Van Krevelen class fractions,11
vk_frac_lipid,141,3,2020-10-06,control,Control,30,10-30 cm,0.114649681528662,100,11.4649681528662,Lipid formulae (%),Van Krevelen class fractions,11
vk_frac_lipid,174,5,2020-10-06,control,Control,30,10-30 cm,0.155172413793103,100,15.5172413793103,Lipid formulae (%),Van Krevelen class fractions,11
vk_frac_lipid,142,3,2020-11-05,control,Control,30,10-30 cm,0.072463768115942,100,7.2463768115942,Lipid formulae (%),Van Krevelen class fractions,11
vk_frac_lipid,175,5,2020-11-05,control,Control,30,10-30 cm,0.145161290322581,100,14.5161290322581,Lipid formulae (%),Van Krevelen class fractions,11
vk_frac_lipid,143,3,2020-12-29,control,Control,30,10-30 cm,0.116182572614108,100,11.6182572614108,Lipid formulae (%),Van Krevelen class fractions,11
vk_frac_lipid,144,3,2021-02-09,control,Control,30,10-30 cm,0.191588785046729,100,19.1588785046729,Lipid formulae (%),Van Krevelen class fractions,11
vk_frac_lipid,176,5,2021-02-23,control,Control,30,10-30 cm,0.0846153846153846,100,8.46153846153846,Lipid formulae (%),Van Krevelen class fractions,11
vk_frac_lipid,145,3,2021-06-03,control,Control,30,10-30 cm,0.198237885462555,100,19.8237885462555,Lipid formulae (%),Van Krevelen class fractions,11
vk_frac_lipid,109,1,2021-09-21,control,Control,30,10-30 cm,0.375,100,37.5,Lipid formulae (%),Van Krevelen class fractions,11
vk_frac_lipid,146,3,2021-12-15,control,Control,30,10-30 cm,0.155172413793103,100,15.5172413793103,Lipid formulae (%),Van Krevelen class fractions,11
vk_frac_lipid,110,1,2022-08-23,control,Control,30,10-30 cm,0.102040816326531,100,10.2040816326531,Lipid formulae (%),Van Krevelen class fractions,11
vk_frac_lipid,177,5,2022-08-23,control,Control,30,10-30 cm,0.214285714285714,100,21.4285714285714,Lipid formulae (%),Van Krevelen class fractions,11
vk_frac_lipid,111,1,2022-09-08,control,Control,30,10-30 cm,0.099236641221374,100,9.9236641221374,Lipid formulae (%),Van Krevelen class fractions,11
vk_frac_lipid,178,5,2022-09-08,control,Control,30,10-30 cm,0.0769230769230769,100,7.69230769230769,Lipid formulae (%),Van Krevelen class fractions,11
vk_frac_lipid,179,5,2022-11-01,control,Control,30,10-30 cm,0.197916666666667,100,19.7916666666667,Lipid formulae (%),Van Krevelen class fractions,11
vk_frac_lipid,112,1,2022-11-16,control,Control,30,10-30 cm,0.141141141141141,100,14.1141141141141,Lipid formulae (%),Van Krevelen class fractions,11
vk_frac_lipid,113,1,2023-01-12,control,Control,30,10-30 cm,0.105058365758755,100,10.5058365758755,Lipid formulae (%),Van Krevelen class fractions,11
vk_frac_lipid,180,5,2023-01-12,control,Control,30,10-30 cm,0.0428571428571429,100,4.28571428571429,Lipid formulae (%),Van Krevelen class fractions,11
vk_frac_lipid,181,5,2023-02-07,control,Control,30,10-30 cm,0.0307262569832402,100,3.07262569832402,Lipid formulae (%),Van Krevelen class fractions,11
vk_frac_lipid,182,5,2023-05-02,control,Control,30,10-30 cm,0.0325865580448065,100,3.25865580448065,Lipid formulae (%),Van Krevelen class fractions,11
vk_frac_lipid,114,1,2023-05-30,control,Control,30,10-30 cm,0.0875,100,8.75,Lipid formulae (%),Van Krevelen class fractions,11
vk_frac_lipid,147,3,2023-05-30,control,Control,30,10-30 cm,0.0575657894736842,100,5.75657894736842,Lipid formulae (%),Van Krevelen class fractions,11
vk_frac_lipid,115,1,2023-08-22,control,Control,30,10-30 cm,0.0983606557377049,100,9.83606557377049,Lipid formulae (%),Van Krevelen class fractions,11
vk_frac_lipid,183,5,2023-10-03,control,Control,30,10-30 cm,0.0323076923076923,100,3.23076923076923,Lipid formulae (%),Van Krevelen class fractions,11
vk_frac_lipid,116,1,2023-12-12,control,Control,30,10-30 cm,0.0667976424361493,100,6.67976424361493,Lipid formulae (%),Van Krevelen class fractions,11
vk_frac_lipid,184,5,2024-04-30,control,Control,30,10-30 cm,0.0416666666666667,100,4.16666666666667,Lipid formulae (%),Van Krevelen class fractions,11
vk_frac_lipid,148,4,2017-05-31,warmed,Warmed,30,10-30 cm,0.0606060606060606,100,6.06060606060606,Lipid formulae (%),Van Krevelen class fractions,11
vk_frac_lipid,149,4,2017-11-22,warmed,Warmed,30,10-30 cm,0.0506329113924051,100,5.06329113924051,Lipid formulae (%),Van Krevelen class fractions,11
vk_frac_lipid,150,4,2017-12-06,warmed,Warmed,30,10-30 cm,0.0803212851405623,100,8.03212851405623,Lipid formulae (%),Van Krevelen class fractions,11
vk_frac_lipid,185,6,2017-12-06,warmed,Warmed,30,10-30 cm,0.0532319391634981,100,5.32319391634981,Lipid formulae (%),Van Krevelen class fractions,11
vk_frac_lipid,152,4,2018-01-30,warmed,Warmed,30,10-30 cm,0.0449438202247191,100,4.49438202247191,Lipid formulae (%),Van Krevelen class fractions,11
vk_frac_lipid,153,4,2018-02-27,warmed,Warmed,30,10-30 cm,0,100,0,Lipid formulae (%),Van Krevelen class fractions,11
vk_frac_lipid,154,4,2018-05-09,warmed,Warmed,30,10-30 cm,0.0942028985507246,100,9.42028985507246,Lipid formulae (%),Van Krevelen class fractions,11
vk_frac_lipid,155,4,2018-11-07,warmed,Warmed,30,10-30 cm,0.0691489361702128,100,6.91489361702128,Lipid formulae (%),Van Krevelen class fractions,11
vk_frac_lipid,156,4,2019-09-10,warmed,Warmed,30,10-30 cm,0.0660194174757282,100,6.60194174757282,Lipid formulae (%),Van Krevelen class fractions,11
vk_frac_lipid,157,4,2019-12-03,warmed,Warmed,30,10-30 cm,0.0283185840707965,100,2.83185840707965,Lipid formulae (%),Van Krevelen class fractions,11
vk_frac_lipid,158,4,2020-01-14,warmed,Warmed,30,10-30 cm,0.0785046728971963,100,7.85046728971963,Lipid formulae (%),Van Krevelen class fractions,11
vk_frac_lipid,117,2,2020-02-25,warmed,Warmed,30,10-30 cm,0.140287769784173,100,14.0287769784173,Lipid formulae (%),Van Krevelen class fractions,11
vk_frac_lipid,159,4,2020-02-25,warmed,Warmed,30,10-30 cm,0.058641975308642,100,5.8641975308642,Lipid formulae (%),Van Krevelen class fractions,11
vk_frac_lipid,160,4,2020-03-10,warmed,Warmed,30,10-30 cm,0.0946372239747634,100,9.46372239747634,Lipid formulae (%),Van Krevelen class fractions,11
vk_frac_lipid,161,4,2020-07-28,warmed,Warmed,30,10-30 cm,0.0304182509505703,100,3.04182509505703,Lipid formulae (%),Van Krevelen class fractions,11
vk_frac_lipid,162,4,2020-09-09,warmed,Warmed,30,10-30 cm,0.0384615384615385,100,3.84615384615385,Lipid formulae (%),Van Krevelen class fractions,11
vk_frac_lipid,186,6,2020-09-09,warmed,Warmed,30,10-30 cm,0.0552188552188552,100,5.52188552188552,Lipid formulae (%),Van Krevelen class fractions,11
vk_frac_lipid,163,4,2020-10-06,warmed,Warmed,30,10-30 cm,0.0366132723112128,100,3.66132723112128,Lipid formulae (%),Van Krevelen class fractions,11
vk_frac_lipid,187,6,2020-10-06,warmed,Warmed,30,10-30 cm,0.039906103286385,100,3.9906103286385,Lipid formulae (%),Van Krevelen class fractions,11
vk_frac_lipid,164,4,2020-11-05,warmed,Warmed,30,10-30 cm,0.0186915887850467,100,1.86915887850467,Lipid formulae (%),Van Krevelen class fractions,11
vk_frac_lipid,165,4,2020-12-29,warmed,Warmed,30,10-30 cm,0.0574712643678161,100,5.74712643678161,Lipid formulae (%),Van Krevelen class fractions,11
vk_frac_lipid,166,4,2021-02-09,warmed,Warmed,30,10-30 cm,0.049645390070922,100,4.9645390070922,Lipid formulae (%),Van Krevelen class fractions,11
vk_frac_lipid,188,6,2021-02-23,warmed,Warmed,30,10-30 cm,0.0217176702862784,100,2.17176702862784,Lipid formulae (%),Van Krevelen class fractions,11
vk_frac_lipid,167,4,2021-06-03,warmed,Warmed,30,10-30 cm,0.0227272727272727,100,2.27272727272727,Lipid formulae (%),Van Krevelen class fractions,11
vk_frac_lipid,118,2,2021-09-21,warmed,Warmed,30,10-30 cm,0.0694822888283379,100,6.94822888283379,Lipid formulae (%),Van Krevelen class fractions,11
vk_frac_lipid,168,4,2021-12-15,warmed,Warmed,30,10-30 cm,0.0339366515837104,100,3.39366515837104,Lipid formulae (%),Van Krevelen class fractions,11
vk_frac_lipid,119,2,2022-08-23,warmed,Warmed,30,10-30 cm,0.0736842105263158,100,7.36842105263158,Lipid formulae (%),Van Krevelen class fractions,11
vk_frac_lipid,189,6,2022-08-23,warmed,Warmed,30,10-30 cm,0.0540540540540541,100,5.40540540540541,Lipid formulae (%),Van Krevelen class fractions,11
vk_frac_lipid,120,2,2022-09-08,warmed,Warmed,30,10-30 cm,0,100,0,Lipid formulae (%),Van Krevelen class fractions,11
vk_frac_lipid,190,6,2022-09-08,warmed,Warmed,30,10-30 cm,0.0423728813559322,100,4.23728813559322,Lipid formulae (%),Van Krevelen class fractions,11
vk_frac_lipid,191,6,2022-11-01,warmed,Warmed,30,10-30 cm,0.188775510204082,100,18.8775510204082,Lipid formulae (%),Van Krevelen class fractions,11
vk_frac_lipid,121,2,2022-11-16,warmed,Warmed,30,10-30 cm,0.105633802816901,100,10.5633802816901,Lipid formulae (%),Van Krevelen class fractions,11
vk_frac_lipid,122,2,2023-01-12,warmed,Warmed,30,10-30 cm,0.128440366972477,100,12.8440366972477,Lipid formulae (%),Van Krevelen class fractions,11
vk_frac_lipid,192,6,2023-01-12,warmed,Warmed,30,10-30 cm,0.103448275862069,100,10.3448275862069,Lipid formulae (%),Van Krevelen class fractions,11
vk_frac_lipid,193,6,2023-02-07,warmed,Warmed,30,10-30 cm,0.132203389830508,100,13.2203389830508,Lipid formulae (%),Van Krevelen class fractions,11
vk_frac_lipid,194,6,2023-05-02,warmed,Warmed,30,10-30 cm,0.0995260663507109,100,9.95260663507109,Lipid formulae (%),Van Krevelen class fractions,11
vk_frac_lipid,123,2,2023-05-30,warmed,Warmed,30,10-30 cm,0.082051282051282,100,8.2051282051282,Lipid formulae (%),Van Krevelen class fractions,11
vk_frac_lipid,169,4,2023-05-30,warmed,Warmed,30,10-30 cm,0.0267379679144385,100,2.67379679144385,Lipid formulae (%),Van Krevelen class fractions,11
vk_frac_lipid,124,2,2023-08-22,warmed,Warmed,30,10-30 cm,0.0935064935064935,100,9.35064935064935,Lipid formulae (%),Van Krevelen class fractions,11
vk_frac_lipid,195,6,2023-10-03,warmed,Warmed,30,10-30 cm,0.0465116279069768,100,4.65116279069768,Lipid formulae (%),Van Krevelen class fractions,11
vk_frac_lipid,125,2,2023-12-12,warmed,Warmed,30,10-30 cm,0.124137931034483,100,12.4137931034483,Lipid formulae (%),Van Krevelen class fractions,11
vk_frac_lipid,196,6,2024-04-30,warmed,Warmed,30,10-30 cm,0.0403846153846154,100,4.03846153846154,Lipid formulae (%),Van Krevelen class fractions,11
vk_frac_other,1,1,2017-05-31,control,Control,10,0-10 cm,0.00613496932515337,100,0.613496932515337,Other formulae (%),Van Krevelen class fractions,12
vk_frac_other,70,5,2017-05-31,control,Control,10,0-10 cm,0.0151843817787419,100,1.51843817787419,Other formulae (%),Van Krevelen class fractions,12
vk_frac_other,26,3,2017-10-20,control,Control,10,0-10 cm,0.00306748466257669,100,0.306748466257669,Other formulae (%),Van Krevelen class fractions,12
vk_frac_other,2,1,2017-12-06,control,Control,10,0-10 cm,0.00925925925925926,100,0.925925925925926,Other formulae (%),Van Krevelen class fractions,12
vk_frac_other,27,3,2017-12-06,control,Control,10,0-10 cm,0.101714961561206,100,10.1714961561206,Other formulae (%),Van Krevelen class fractions,12
vk_frac_other,28,3,2018-01-17,control,Control,10,0-10 cm,0.00709219858156028,100,0.709219858156028,Other formulae (%),Van Krevelen class fractions,12
vk_frac_other,29,3,2018-01-30,control,Control,10,0-10 cm,0.0236220472440945,100,2.36220472440945,Other formulae (%),Van Krevelen class fractions,12
vk_frac_other,30,3,2018-02-13,control,Control,10,0-10 cm,0,100,0,Other formulae (%),Van Krevelen class fractions,12
vk_frac_other,31,3,2018-02-27,control,Control,10,0-10 cm,0,100,0,Other formulae (%),Van Krevelen class fractions,12
vk_frac_other,3,1,2018-05-09,control,Control,10,0-10 cm,0.0149812734082397,100,1.49812734082397,Other formulae (%),Van Krevelen class fractions,12
vk_frac_other,32,3,2018-05-09,control,Control,10,0-10 cm,0,100,0,Other formulae (%),Van Krevelen class fractions,12
vk_frac_other,4,1,2018-05-22,control,Control,10,0-10 cm,0,100,0,Other formulae (%),Van Krevelen class fractions,12
vk_frac_other,33,3,2018-05-22,control,Control,10,0-10 cm,0,100,0,Other formulae (%),Van Krevelen class fractions,12
vk_frac_other,5,1,2018-10-10,control,Control,10,0-10 cm,0,100,0,Other formulae (%),Van Krevelen class fractions,12
vk_frac_other,71,5,2018-10-10,control,Control,10,0-10 cm,0,100,0,Other formulae (%),Van Krevelen class fractions,12
vk_frac_other,34,3,2018-10-23,control,Control,10,0-10 cm,0,100,0,Other formulae (%),Van Krevelen class fractions,12
vk_frac_other,72,5,2018-10-23,control,Control,10,0-10 cm,0.008,100,0.8,Other formulae (%),Van Krevelen class fractions,12
vk_frac_other,6,1,2018-11-07,control,Control,10,0-10 cm,0.00699300699300699,100,0.699300699300699,Other formulae (%),Van Krevelen class fractions,12
vk_frac_other,35,3,2018-11-07,control,Control,10,0-10 cm,0,100,0,Other formulae (%),Van Krevelen class fractions,12
vk_frac_other,7,1,2019-09-10,control,Control,10,0-10 cm,0.0105633802816901,100,1.05633802816901,Other formulae (%),Van Krevelen class fractions,12
vk_frac_other,73,5,2019-09-10,control,Control,10,0-10 cm,0.0312101910828026,100,3.12101910828026,Other formulae (%),Van Krevelen class fractions,12
vk_frac_other,36,3,2019-11-05,control,Control,10,0-10 cm,0,100,0,Other formulae (%),Van Krevelen class fractions,12
vk_frac_other,8,1,2019-12-03,control,Control,10,0-10 cm,0.00350877192982456,100,0.350877192982456,Other formulae (%),Van Krevelen class fractions,12
vk_frac_other,37,3,2019-12-17,control,Control,10,0-10 cm,0,100,0,Other formulae (%),Van Krevelen class fractions,12
vk_frac_other,74,5,2019-12-17,control,Control,10,0-10 cm,0.00932835820895522,100,0.932835820895522,Other formulae (%),Van Krevelen class fractions,12
vk_frac_other,38,3,2019-12-31,control,Control,10,0-10 cm,0.00520833333333333,100,0.520833333333333,Other formulae (%),Van Krevelen class fractions,12
vk_frac_other,9,1,2020-01-28,control,Control,10,0-10 cm,0.0713101160862355,100,7.13101160862355,Other formulae (%),Van Krevelen class fractions,12
vk_frac_other,39,3,2020-01-28,control,Control,10,0-10 cm,0,100,0,Other formulae (%),Van Krevelen class fractions,12
vk_frac_other,75,5,2020-01-28,control,Control,10,0-10 cm,0.00540540540540541,100,0.540540540540541,Other formulae (%),Van Krevelen class fractions,12
vk_frac_other,76,5,2020-02-25,control,Control,10,0-10 cm,0.0218579234972678,100,2.18579234972678,Other formulae (%),Van Krevelen class fractions,12
vk_frac_other,40,3,2020-03-10,control,Control,10,0-10 cm,0,100,0,Other formulae (%),Van Krevelen class fractions,12
vk_frac_other,77,5,2020-03-10,control,Control,10,0-10 cm,0.0201438848920863,100,2.01438848920863,Other formulae (%),Van Krevelen class fractions,12
vk_frac_other,78,5,2020-07-28,control,Control,10,0-10 cm,0.0324374420759963,100,3.24374420759963,Other formulae (%),Van Krevelen class fractions,12
vk_frac_other,79,5,2020-09-09,control,Control,10,0-10 cm,0.0293453724604966,100,2.93453724604966,Other formulae (%),Van Krevelen class fractions,12
vk_frac_other,80,5,2020-10-06,control,Control,10,0-10 cm,0.0134048257372654,100,1.34048257372654,Other formulae (%),Van Krevelen class fractions,12
vk_frac_other,81,5,2020-11-05,control,Control,10,0-10 cm,0.0265151515151515,100,2.65151515151515,Other formulae (%),Van Krevelen class fractions,12
vk_frac_other,82,5,2021-02-09,control,Control,10,0-10 cm,0.0127077223851417,100,1.27077223851417,Other formulae (%),Van Krevelen class fractions,12
vk_frac_other,83,5,2021-02-23,control,Control,10,0-10 cm,0.0183867141162515,100,1.83867141162515,Other formulae (%),Van Krevelen class fractions,12
vk_frac_other,84,5,2021-06-03,control,Control,10,0-10 cm,0.00903614457831325,100,0.903614457831325,Other formulae (%),Van Krevelen class fractions,12
vk_frac_other,10,1,2021-12-15,control,Control,10,0-10 cm,0,100,0,Other formulae (%),Van Krevelen class fractions,12
vk_frac_other,41,3,2021-12-15,control,Control,10,0-10 cm,0,100,0,Other formulae (%),Van Krevelen class fractions,12
vk_frac_other,85,5,2021-12-15,control,Control,10,0-10 cm,0.0123825789923143,100,1.23825789923143,Other formulae (%),Van Krevelen class fractions,12
vk_frac_other,11,1,2022-08-23,control,Control,10,0-10 cm,0.00564971751412429,100,0.564971751412429,Other formulae (%),Van Krevelen class fractions,12
vk_frac_other,86,5,2022-08-23,control,Control,10,0-10 cm,0.0109126984126984,100,1.09126984126984,Other formulae (%),Van Krevelen class fractions,12
vk_frac_other,12,1,2022-09-08,control,Control,10,0-10 cm,0.0069204152249135,100,0.69204152249135,Other formulae (%),Van Krevelen class fractions,12
vk_frac_other,42,3,2022-09-08,control,Control,10,0-10 cm,0,100,0,Other formulae (%),Van Krevelen class fractions,12
vk_frac_other,87,5,2022-09-08,control,Control,10,0-10 cm,0.00340136054421769,100,0.340136054421769,Other formulae (%),Van Krevelen class fractions,12
vk_frac_other,13,1,2022-11-16,control,Control,10,0-10 cm,0,100,0,Other formulae (%),Van Krevelen class fractions,12
vk_frac_other,43,3,2022-11-16,control,Control,10,0-10 cm,0,100,0,Other formulae (%),Van Krevelen class fractions,12
vk_frac_other,88,5,2022-11-16,control,Control,10,0-10 cm,0.00969162995594714,100,0.969162995594714,Other formulae (%),Van Krevelen class fractions,12
vk_frac_other,44,3,2023-05-30,control,Control,10,0-10 cm,0,100,0,Other formulae (%),Van Krevelen class fractions,12
vk_frac_other,45,3,2023-12-27,control,Control,10,0-10 cm,0,100,0,Other formulae (%),Van Krevelen class fractions,12
vk_frac_other,46,3,2024-04-16,control,Control,10,0-10 cm,0.00398406374501992,100,0.398406374501992,Other formulae (%),Van Krevelen class fractions,12
vk_frac_other,47,3,2024-04-30,control,Control,10,0-10 cm,0.00342465753424658,100,0.342465753424658,Other formulae (%),Van Krevelen class fractions,12
vk_frac_other,14,2,2017-05-31,warmed,Warmed,10,0-10 cm,0.0815677966101695,100,8.15677966101695,Other formulae (%),Van Krevelen class fractions,12
vk_frac_other,89,6,2017-05-31,warmed,Warmed,10,0-10 cm,0.0635658914728682,100,6.35658914728682,Other formulae (%),Van Krevelen class fractions,12
vk_frac_other,48,4,2017-10-20,warmed,Warmed,10,0-10 cm,0.0218878248974008,100,2.18878248974008,Other formulae (%),Van Krevelen class fractions,12
vk_frac_other,15,2,2017-12-06,warmed,Warmed,10,0-10 cm,0,100,0,Other formulae (%),Van Krevelen class fractions,12
vk_frac_other,49,4,2017-12-06,warmed,Warmed,10,0-10 cm,0.0608446671438797,100,6.08446671438797,Other formulae (%),Van Krevelen class fractions,12
vk_frac_other,50,4,2018-01-17,warmed,Warmed,10,0-10 cm,0.0341685649202734,100,3.41685649202734,Other formulae (%),Van Krevelen class fractions,12
vk_frac_other,51,4,2018-01-30,warmed,Warmed,10,0-10 cm,0.0404494382022472,100,4.04494382022472,Other formulae (%),Van Krevelen class fractions,12
vk_frac_other,52,4,2018-02-13,warmed,Warmed,10,0-10 cm,0.0296950240770466,100,2.96950240770466,Other formulae (%),Van Krevelen class fractions,12
vk_frac_other,53,4,2018-02-27,warmed,Warmed,10,0-10 cm,0.0282685512367491,100,2.82685512367491,Other formulae (%),Van Krevelen class fractions,12
vk_frac_other,16,2,2018-05-09,warmed,Warmed,10,0-10 cm,0.0417149478563152,100,4.17149478563152,Other formulae (%),Van Krevelen class fractions,12
vk_frac_other,54,4,2018-05-09,warmed,Warmed,10,0-10 cm,0.0814995925020375,100,8.14995925020375,Other formulae (%),Van Krevelen class fractions,12
vk_frac_other,17,2,2018-05-22,warmed,Warmed,10,0-10 cm,0.00378310214375788,100,0.378310214375788,Other formulae (%),Van Krevelen class fractions,12
vk_frac_other,55,4,2018-05-22,warmed,Warmed,10,0-10 cm,0.040520984081042,100,4.0520984081042,Other formulae (%),Van Krevelen class fractions,12
vk_frac_other,18,2,2018-10-10,warmed,Warmed,10,0-10 cm,0.00225733634311512,100,0.225733634311512,Other formulae (%),Van Krevelen class fractions,12
vk_frac_other,90,6,2018-10-10,warmed,Warmed,10,0-10 cm,0.00277392510402219,100,0.277392510402219,Other formulae (%),Van Krevelen class fractions,12
vk_frac_other,56,4,2018-10-23,warmed,Warmed,10,0-10 cm,0.0591593149974053,100,5.91593149974053,Other formulae (%),Van Krevelen class fractions,12
vk_frac_other,91,6,2018-10-23,warmed,Warmed,10,0-10 cm,0.007011393514461,100,0.7011393514461,Other formulae (%),Van Krevelen class fractions,12
vk_frac_other,19,2,2018-11-07,warmed,Warmed,10,0-10 cm,0.00105263157894737,100,0.105263157894737,Other formulae (%),Van Krevelen class fractions,12
vk_frac_other,57,4,2018-11-07,warmed,Warmed,10,0-10 cm,0.0519230769230769,100,5.19230769230769,Other formulae (%),Van Krevelen class fractions,12
vk_frac_other,20,2,2019-09-10,warmed,Warmed,10,0-10 cm,0.0150862068965517,100,1.50862068965517,Other formulae (%),Van Krevelen class fractions,12
vk_frac_other,92,6,2019-09-10,warmed,Warmed,10,0-10 cm,0.00727272727272727,100,0.727272727272727,Other formulae (%),Van Krevelen class fractions,12
vk_frac_other,58,4,2019-11-05,warmed,Warmed,10,0-10 cm,0.0691275167785235,100,6.91275167785235,Other formulae (%),Van Krevelen class fractions,12
vk_frac_other,21,2,2019-12-03,warmed,Warmed,10,0-10 cm,0.00922722029988466,100,0.922722029988466,Other formulae (%),Van Krevelen class fractions,12
vk_frac_other,59,4,2019-12-17,warmed,Warmed,10,0-10 cm,0.0767004341534009,100,7.67004341534009,Other formulae (%),Van Krevelen class fractions,12
vk_frac_other,93,6,2019-12-17,warmed,Warmed,10,0-10 cm,0.00263504611330698,100,0.263504611330698,Other formulae (%),Van Krevelen class fractions,12
vk_frac_other,60,4,2019-12-31,warmed,Warmed,10,0-10 cm,0.064,100,6.4,Other formulae (%),Van Krevelen class fractions,12
vk_frac_other,22,2,2020-01-28,warmed,Warmed,10,0-10 cm,0.00905562742561449,100,0.905562742561449,Other formulae (%),Van Krevelen class fractions,12
vk_frac_other,61,4,2020-01-28,warmed,Warmed,10,0-10 cm,0.082122905027933,100,8.2122905027933,Other formulae (%),Van Krevelen class fractions,12
vk_frac_other,94,6,2020-01-28,warmed,Warmed,10,0-10 cm,0.108243130724396,100,10.8243130724396,Other formulae (%),Van Krevelen class fractions,12
vk_frac_other,95,6,2020-02-25,warmed,Warmed,10,0-10 cm,0.00506329113924051,100,0.506329113924051,Other formulae (%),Van Krevelen class fractions,12
vk_frac_other,62,4,2020-03-10,warmed,Warmed,10,0-10 cm,0.069811320754717,100,6.9811320754717,Other formulae (%),Van Krevelen class fractions,12
vk_frac_other,96,6,2020-03-10,warmed,Warmed,10,0-10 cm,0.0329588014981273,100,3.29588014981273,Other formulae (%),Van Krevelen class fractions,12
vk_frac_other,97,6,2020-07-28,warmed,Warmed,10,0-10 cm,0.0128700128700129,100,1.28700128700129,Other formulae (%),Van Krevelen class fractions,12
vk_frac_other,98,6,2020-09-09,warmed,Warmed,10,0-10 cm,0.0160493827160494,100,1.60493827160494,Other formulae (%),Van Krevelen class fractions,12
vk_frac_other,99,6,2020-10-06,warmed,Warmed,10,0-10 cm,0.00401069518716578,100,0.401069518716578,Other formulae (%),Van Krevelen class fractions,12
vk_frac_other,100,6,2020-11-05,warmed,Warmed,10,0-10 cm,0.0640634533251983,100,6.40634533251983,Other formulae (%),Van Krevelen class fractions,12
vk_frac_other,101,6,2021-02-09,warmed,Warmed,10,0-10 cm,0.00321543408360129,100,0.321543408360129,Other formulae (%),Van Krevelen class fractions,12
vk_frac_other,102,6,2021-02-23,warmed,Warmed,10,0-10 cm,0.0130208333333333,100,1.30208333333333,Other formulae (%),Van Krevelen class fractions,12
vk_frac_other,103,6,2021-06-03,warmed,Warmed,10,0-10 cm,0.00496277915632754,100,0.496277915632754,Other formulae (%),Van Krevelen class fractions,12
vk_frac_other,23,2,2021-12-15,warmed,Warmed,10,0-10 cm,0,100,0,Other formulae (%),Van Krevelen class fractions,12
vk_frac_other,63,4,2021-12-15,warmed,Warmed,10,0-10 cm,0.00505050505050505,100,0.505050505050505,Other formulae (%),Van Krevelen class fractions,12
vk_frac_other,104,6,2021-12-15,warmed,Warmed,10,0-10 cm,0,100,0,Other formulae (%),Van Krevelen class fractions,12
vk_frac_other,24,2,2022-08-23,warmed,Warmed,10,0-10 cm,0.00441826215022091,100,0.441826215022091,Other formulae (%),Van Krevelen class fractions,12
vk_frac_other,105,6,2022-08-23,warmed,Warmed,10,0-10 cm,0,100,0,Other formulae (%),Van Krevelen class fractions,12
vk_frac_other,64,4,2022-09-08,warmed,Warmed,10,0-10 cm,0,100,0,Other formulae (%),Van Krevelen class fractions,12
vk_frac_other,106,6,2022-09-08,warmed,Warmed,10,0-10 cm,0,100,0,Other formulae (%),Van Krevelen class fractions,12
vk_frac_other,25,2,2022-11-16,warmed,Warmed,10,0-10 cm,0,100,0,Other formulae (%),Van Krevelen class fractions,12
vk_frac_other,65,4,2022-11-16,warmed,Warmed,10,0-10 cm,0,100,0,Other formulae (%),Van Krevelen class fractions,12
vk_frac_other,107,6,2022-11-16,warmed,Warmed,10,0-10 cm,0.0018348623853211,100,0.18348623853211,Other formulae (%),Van Krevelen class fractions,12
vk_frac_other,66,4,2023-05-30,warmed,Warmed,10,0-10 cm,0,100,0,Other formulae (%),Van Krevelen class fractions,12
vk_frac_other,67,4,2023-12-27,warmed,Warmed,10,0-10 cm,0,100,0,Other formulae (%),Van Krevelen class fractions,12
vk_frac_other,68,4,2024-04-16,warmed,Warmed,10,0-10 cm,0,100,0,Other formulae (%),Van Krevelen class fractions,12
vk_frac_other,69,4,2024-04-30,warmed,Warmed,10,0-10 cm,0,100,0,Other formulae (%),Van Krevelen class fractions,12
vk_frac_other,126,3,2017-05-31,control,Control,30,10-30 cm,0,100,0,Other formulae (%),Van Krevelen class fractions,12
vk_frac_other,127,3,2017-11-22,control,Control,30,10-30 cm,0,100,0,Other formulae (%),Van Krevelen class fractions,12
vk_frac_other,128,3,2017-12-06,control,Control,30,10-30 cm,0,100,0,Other formulae (%),Van Krevelen class fractions,12
vk_frac_other,170,5,2017-12-06,control,Control,30,10-30 cm,0,100,0,Other formulae (%),Van Krevelen class fractions,12
vk_frac_other,129,3,2018-01-03,control,Control,30,10-30 cm,0,100,0,Other formulae (%),Van Krevelen class fractions,12
vk_frac_other,130,3,2018-01-30,control,Control,30,10-30 cm,0,100,0,Other formulae (%),Van Krevelen class fractions,12
vk_frac_other,131,3,2018-02-27,control,Control,30,10-30 cm,0,100,0,Other formulae (%),Van Krevelen class fractions,12
vk_frac_other,171,5,2018-03-27,control,Control,30,10-30 cm,0,100,0,Other formulae (%),Van Krevelen class fractions,12
vk_frac_other,132,3,2018-05-09,control,Control,30,10-30 cm,0,100,0,Other formulae (%),Van Krevelen class fractions,12
vk_frac_other,172,5,2018-05-09,control,Control,30,10-30 cm,0,100,0,Other formulae (%),Van Krevelen class fractions,12
vk_frac_other,133,3,2018-11-07,control,Control,30,10-30 cm,0,100,0,Other formulae (%),Van Krevelen class fractions,12
vk_frac_other,134,3,2019-09-10,control,Control,30,10-30 cm,0,100,0,Other formulae (%),Van Krevelen class fractions,12
vk_frac_other,135,3,2019-12-03,control,Control,30,10-30 cm,0,100,0,Other formulae (%),Van Krevelen class fractions,12
vk_frac_other,136,3,2020-01-14,control,Control,30,10-30 cm,0,100,0,Other formulae (%),Van Krevelen class fractions,12
vk_frac_other,108,1,2020-02-25,control,Control,30,10-30 cm,0,100,0,Other formulae (%),Van Krevelen class fractions,12
vk_frac_other,137,3,2020-02-25,control,Control,30,10-30 cm,0,100,0,Other formulae (%),Van Krevelen class fractions,12
vk_frac_other,138,3,2020-03-10,control,Control,30,10-30 cm,0,100,0,Other formulae (%),Van Krevelen class fractions,12
vk_frac_other,139,3,2020-07-28,control,Control,30,10-30 cm,0,100,0,Other formulae (%),Van Krevelen class fractions,12
vk_frac_other,173,5,2020-07-28,control,Control,30,10-30 cm,0,100,0,Other formulae (%),Van Krevelen class fractions,12
vk_frac_other,140,3,2020-09-09,control,Control,30,10-30 cm,0,100,0,Other formulae (%),Van Krevelen class fractions,12
vk_frac_other,141,3,2020-10-06,control,Control,30,10-30 cm,0,100,0,Other formulae (%),Van Krevelen class fractions,12
vk_frac_other,174,5,2020-10-06,control,Control,30,10-30 cm,0,100,0,Other formulae (%),Van Krevelen class fractions,12
vk_frac_other,142,3,2020-11-05,control,Control,30,10-30 cm,0,100,0,Other formulae (%),Van Krevelen class fractions,12
vk_frac_other,175,5,2020-11-05,control,Control,30,10-30 cm,0,100,0,Other formulae (%),Van Krevelen class fractions,12
vk_frac_other,143,3,2020-12-29,control,Control,30,10-30 cm,0.004149377593361,100,0.4149377593361,Other formulae (%),Van Krevelen class fractions,12
vk_frac_other,144,3,2021-02-09,control,Control,30,10-30 cm,0,100,0,Other formulae (%),Van Krevelen class fractions,12
vk_frac_other,176,5,2021-02-23,control,Control,30,10-30 cm,0,100,0,Other formulae (%),Van Krevelen class fractions,12
vk_frac_other,145,3,2021-06-03,control,Control,30,10-30 cm,0,100,0,Other formulae (%),Van Krevelen class fractions,12
vk_frac_other,109,1,2021-09-21,control,Control,30,10-30 cm,0,100,0,Other formulae (%),Van Krevelen class fractions,12
vk_frac_other,146,3,2021-12-15,control,Control,30,10-30 cm,0,100,0,Other formulae (%),Van Krevelen class fractions,12
vk_frac_other,110,1,2022-08-23,control,Control,30,10-30 cm,0,100,0,Other formulae (%),Van Krevelen class fractions,12
vk_frac_other,177,5,2022-08-23,control,Control,30,10-30 cm,0,100,0,Other formulae (%),Van Krevelen class fractions,12
vk_frac_other,111,1,2022-09-08,control,Control,30,10-30 cm,0,100,0,Other formulae (%),Van Krevelen class fractions,12
vk_frac_other,178,5,2022-09-08,control,Control,30,10-30 cm,0,100,0,Other formulae (%),Van Krevelen class fractions,12
vk_frac_other,179,5,2022-11-01,control,Control,30,10-30 cm,0,100,0,Other formulae (%),Van Krevelen class fractions,12
vk_frac_other,112,1,2022-11-16,control,Control,30,10-30 cm,0.00600600600600601,100,0.600600600600601,Other formulae (%),Van Krevelen class fractions,12
vk_frac_other,113,1,2023-01-12,control,Control,30,10-30 cm,0,100,0,Other formulae (%),Van Krevelen class fractions,12
vk_frac_other,180,5,2023-01-12,control,Control,30,10-30 cm,0,100,0,Other formulae (%),Van Krevelen class fractions,12
vk_frac_other,181,5,2023-02-07,control,Control,30,10-30 cm,0,100,0,Other formulae (%),Van Krevelen class fractions,12
vk_frac_other,182,5,2023-05-02,control,Control,30,10-30 cm,0.00407331975560081,100,0.407331975560081,Other formulae (%),Van Krevelen class fractions,12
vk_frac_other,114,1,2023-05-30,control,Control,30,10-30 cm,0,100,0,Other formulae (%),Van Krevelen class fractions,12
vk_frac_other,147,3,2023-05-30,control,Control,30,10-30 cm,0,100,0,Other formulae (%),Van Krevelen class fractions,12
vk_frac_other,115,1,2023-08-22,control,Control,30,10-30 cm,0.00819672131147541,100,0.819672131147541,Other formulae (%),Van Krevelen class fractions,12
vk_frac_other,183,5,2023-10-03,control,Control,30,10-30 cm,0,100,0,Other formulae (%),Van Krevelen class fractions,12
vk_frac_other,116,1,2023-12-12,control,Control,30,10-30 cm,0.00196463654223969,100,0.196463654223969,Other formulae (%),Van Krevelen class fractions,12
vk_frac_other,184,5,2024-04-30,control,Control,30,10-30 cm,0.00416666666666667,100,0.416666666666667,Other formulae (%),Van Krevelen class fractions,12
vk_frac_other,148,4,2017-05-31,warmed,Warmed,30,10-30 cm,0,100,0,Other formulae (%),Van Krevelen class fractions,12
vk_frac_other,149,4,2017-11-22,warmed,Warmed,30,10-30 cm,0,100,0,Other formulae (%),Van Krevelen class fractions,12
vk_frac_other,150,4,2017-12-06,warmed,Warmed,30,10-30 cm,0,100,0,Other formulae (%),Van Krevelen class fractions,12
vk_frac_other,185,6,2017-12-06,warmed,Warmed,30,10-30 cm,0.0608365019011407,100,6.08365019011407,Other formulae (%),Van Krevelen class fractions,12
vk_frac_other,152,4,2018-01-30,warmed,Warmed,30,10-30 cm,0.0112359550561798,100,1.12359550561798,Other formulae (%),Van Krevelen class fractions,12
vk_frac_other,153,4,2018-02-27,warmed,Warmed,30,10-30 cm,0,100,0,Other formulae (%),Van Krevelen class fractions,12
vk_frac_other,154,4,2018-05-09,warmed,Warmed,30,10-30 cm,0,100,0,Other formulae (%),Van Krevelen class fractions,12
vk_frac_other,155,4,2018-11-07,warmed,Warmed,30,10-30 cm,0.00531914893617021,100,0.531914893617021,Other formulae (%),Van Krevelen class fractions,12
vk_frac_other,156,4,2019-09-10,warmed,Warmed,30,10-30 cm,0.00194174757281553,100,0.194174757281553,Other formulae (%),Van Krevelen class fractions,12
vk_frac_other,157,4,2019-12-03,warmed,Warmed,30,10-30 cm,0,100,0,Other formulae (%),Van Krevelen class fractions,12
vk_frac_other,158,4,2020-01-14,warmed,Warmed,30,10-30 cm,0.00373831775700935,100,0.373831775700935,Other formulae (%),Van Krevelen class fractions,12
vk_frac_other,117,2,2020-02-25,warmed,Warmed,30,10-30 cm,0.00179856115107914,100,0.179856115107914,Other formulae (%),Van Krevelen class fractions,12
vk_frac_other,159,4,2020-02-25,warmed,Warmed,30,10-30 cm,0,100,0,Other formulae (%),Van Krevelen class fractions,12
vk_frac_other,160,4,2020-03-10,warmed,Warmed,30,10-30 cm,0.00157728706624606,100,0.157728706624606,Other formulae (%),Van Krevelen class fractions,12
vk_frac_other,161,4,2020-07-28,warmed,Warmed,30,10-30 cm,0,100,0,Other formulae (%),Van Krevelen class fractions,12
vk_frac_other,162,4,2020-09-09,warmed,Warmed,30,10-30 cm,0,100,0,Other formulae (%),Van Krevelen class fractions,12
vk_frac_other,186,6,2020-09-09,warmed,Warmed,30,10-30 cm,0.028956228956229,100,2.8956228956229,Other formulae (%),Van Krevelen class fractions,12
vk_frac_other,163,4,2020-10-06,warmed,Warmed,30,10-30 cm,0,100,0,Other formulae (%),Van Krevelen class fractions,12
vk_frac_other,187,6,2020-10-06,warmed,Warmed,30,10-30 cm,0.0563380281690141,100,5.63380281690141,Other formulae (%),Van Krevelen class fractions,12
vk_frac_other,164,4,2020-11-05,warmed,Warmed,30,10-30 cm,0,100,0,Other formulae (%),Van Krevelen class fractions,12
vk_frac_other,165,4,2020-12-29,warmed,Warmed,30,10-30 cm,0,100,0,Other formulae (%),Van Krevelen class fractions,12
vk_frac_other,166,4,2021-02-09,warmed,Warmed,30,10-30 cm,0,100,0,Other formulae (%),Van Krevelen class fractions,12
vk_frac_other,188,6,2021-02-23,warmed,Warmed,30,10-30 cm,0.106614017769003,100,10.6614017769003,Other formulae (%),Van Krevelen class fractions,12
vk_frac_other,167,4,2021-06-03,warmed,Warmed,30,10-30 cm,0,100,0,Other formulae (%),Van Krevelen class fractions,12
vk_frac_other,118,2,2021-09-21,warmed,Warmed,30,10-30 cm,0.00272479564032698,100,0.272479564032698,Other formulae (%),Van Krevelen class fractions,12
vk_frac_other,168,4,2021-12-15,warmed,Warmed,30,10-30 cm,0.00452488687782806,100,0.452488687782806,Other formulae (%),Van Krevelen class fractions,12
vk_frac_other,119,2,2022-08-23,warmed,Warmed,30,10-30 cm,0,100,0,Other formulae (%),Van Krevelen class fractions,12
vk_frac_other,189,6,2022-08-23,warmed,Warmed,30,10-30 cm,0,100,0,Other formulae (%),Van Krevelen class fractions,12
vk_frac_other,120,2,2022-09-08,warmed,Warmed,30,10-30 cm,0,100,0,Other formulae (%),Van Krevelen class fractions,12
vk_frac_other,190,6,2022-09-08,warmed,Warmed,30,10-30 cm,0,100,0,Other formulae (%),Van Krevelen class fractions,12
vk_frac_other,191,6,2022-11-01,warmed,Warmed,30,10-30 cm,0,100,0,Other formulae (%),Van Krevelen class fractions,12
vk_frac_other,121,2,2022-11-16,warmed,Warmed,30,10-30 cm,0.00704225352112676,100,0.704225352112676,Other formulae (%),Van Krevelen class fractions,12
vk_frac_other,122,2,2023-01-12,warmed,Warmed,30,10-30 cm,0.00458715596330275,100,0.458715596330275,Other formulae (%),Van Krevelen class fractions,12
vk_frac_other,192,6,2023-01-12,warmed,Warmed,30,10-30 cm,0,100,0,Other formulae (%),Van Krevelen class fractions,12
vk_frac_other,193,6,2023-02-07,warmed,Warmed,30,10-30 cm,0,100,0,Other formulae (%),Van Krevelen class fractions,12
vk_frac_other,194,6,2023-05-02,warmed,Warmed,30,10-30 cm,0.004739336492891,100,0.4739336492891,Other formulae (%),Van Krevelen class fractions,12
vk_frac_other,123,2,2023-05-30,warmed,Warmed,30,10-30 cm,0,100,0,Other formulae (%),Van Krevelen class fractions,12
vk_frac_other,169,4,2023-05-30,warmed,Warmed,30,10-30 cm,0,100,0,Other formulae (%),Van Krevelen class fractions,12
vk_frac_other,124,2,2023-08-22,warmed,Warmed,30,10-30 cm,0,100,0,Other formulae (%),Van Krevelen class fractions,12
vk_frac_other,195,6,2023-10-03,warmed,Warmed,30,10-30 cm,0,100,0,Other formulae (%),Van Krevelen class fractions,12
vk_frac_other,125,2,2023-12-12,warmed,Warmed,30,10-30 cm,0,100,0,Other formulae (%),Van Krevelen class fractions,12
vk_frac_other,196,6,2024-04-30,warmed,Warmed,30,10-30 cm,0,100,0,Other formulae (%),Van Krevelen class fractions,12
