sample_id,sample_num,plot,treatment,date,depth_cm,sample_run_n,total_peak_area_mean,formula_detected_n_mean,cue_wmean,nosc_wmean,lambda_wmean,h_to_c_wmean,o_to_c_wmean,richness,shannon_classes,evenness,mean_nosc_pa,mean_hc,mean_oc,frac_labile,frac_aromatic,frac_lignin,year,doy,date_num,doy_sin,doy_cos,depth_group,flux_mean7d,flux_sd7d,vwc_mean7d,vwc_sd7d,temperature_mean7d,temperature_sd7d,temp_20_30_mean7d,temp_20_30_sd7d,temp_40_50_mean7d,temp_40_50_sd7d,vwc_20_30_mean7d,vwc_20_30_sd7d,vwc_40_50_mean7d,vwc_40_50_sd7d,flux_mean30d,flux_sd30d,vwc_mean30d,vwc_sd30d,temperature_mean30d,temperature_sd30d,temp_20_30_mean30d,temp_20_30_sd30d,temp_40_50_mean30d,temp_40_50_sd30d,vwc_20_30_mean30d,vwc_20_30_sd30d,vwc_40_50_mean30d,vwc_40_50_sd30d,flux_mean90d,flux_sd90d,vwc_mean90d,vwc_sd90d,temperature_mean90d,temperature_sd90d,temp_20_30_mean90d,temp_20_30_sd90d,temp_40_50_mean90d,temp_40_50_sd90d,vwc_20_30_mean90d,vwc_20_30_sd90d,vwc_40_50_mean90d,vwc_40_50_sd90d,npoc_ug_mL_lysimiter_surface_chemistry_mean180d,npoc_ug_mL_lysimiter_surface_chemistry_last365d,npoc_ug_mL_lysimiter_surface_chemistry_days_since365d,tn_ug_mL_lysimiter_surface_chemistry_mean180d,tn_ug_mL_lysimiter_surface_chemistry_last365d,tn_ug_mL_lysimiter_surface_chemistry_days_since365d,po4_ugP_mL_lysimiter_surface_chemistry_mean180d,po4_ugP_mL_lysimiter_surface_chemistry_last365d,po4_ugP_mL_lysimiter_surface_chemistry_days_since365d,no3_ugN_mL_lysimiter_surface_chemistry_mean180d,no3_ugN_mL_lysimiter_surface_chemistry_last365d,no3_ugN_mL_lysimiter_surface_chemistry_days_since365d,nh4_ugN_mL_lysimiter_surface_chemistry_mean180d,nh4_ugN_mL_lysimiter_surface_chemistry_last365d,nh4_ugN_mL_lysimiter_surface_chemistry_days_since365d,npoc_mg_l_10cm_pwchemistry_mean180d,npoc_mg_l_10cm_pwchemistry_last365d,npoc_mg_l_10cm_pwchemistry_days_since365d,tdn_mg_l_10cm_pwchemistry_mean180d,tdn_mg_l_10cm_pwchemistry_last365d,tdn_mg_l_10cm_pwchemistry_days_since365d,npoc_mg_l_30cm_pwchemistry_mean180d,npoc_mg_l_30cm_pwchemistry_last365d,npoc_mg_l_30cm_pwchemistry_days_since365d,tdn_mg_l_30cm_pwchemistry_mean180d,tdn_mg_l_30cm_pwchemistry_last365d,tdn_mg_l_30cm_pwchemistry_days_since365d,tfvol_ml_plotmean_throughfall_mean180d,tfvol_ml_plotmean_throughfall_last365d,tfvol_ml_plotmean_throughfall_days_since365d,npoc_mgC_L_plotmean_throughfall_mean180d,npoc_mgC_L_plotmean_throughfall_last365d,npoc_mgC_L_plotmean_throughfall_days_since365d,tdn_mgN_L_plotmean_throughfall_mean180d,tdn_mgN_L_plotmean_throughfall_last365d,tdn_mgN_L_plotmean_throughfall_days_since365d,litterfall_mean_g_m2_mean180d,litterfall_mean_g_m2_last365d,litterfall_mean_g_m2_days_since365d,rootstock_g_m2_0_10_minirhizotron_mean180d,rootstock_g_m2_0_10_minirhizotron_last365d,rootstock_g_m2_0_10_minirhizotron_days_since365d,rootgrowth_g_m2_day_0_10_minirhizotron_mean180d,rootgrowth_g_m2_day_0_10_minirhizotron_last365d,rootgrowth_g_m2_day_0_10_minirhizotron_days_since365d,rootmortality_g_m2_day_0_10_minirhizotron_mean180d,rootmortality_g_m2_day_0_10_minirhizotron_last365d,rootmortality_g_m2_day_0_10_minirhizotron_days_since365d,rootstock_g_m2_10_20_minirhizotron_mean180d,rootstock_g_m2_10_20_minirhizotron_last365d,rootstock_g_m2_10_20_minirhizotron_days_since365d,rootgrowth_g_m2_day_10_20_minirhizotron_mean180d,rootgrowth_g_m2_day_10_20_minirhizotron_last365d,rootgrowth_g_m2_day_10_20_minirhizotron_days_since365d,rootmortality_g_m2_day_10_20_minirhizotron_mean180d,rootmortality_g_m2_day_10_20_minirhizotron_last365d,rootmortality_g_m2_day_10_20_minirhizotron_days_since365d,rootstock_g_m2_20_30_minirhizotron_mean180d,rootstock_g_m2_20_30_minirhizotron_last365d,rootstock_g_m2_20_30_minirhizotron_days_since365d,rootgrowth_g_m2_day_20_30_minirhizotron_mean180d,rootgrowth_g_m2_day_20_30_minirhizotron_last365d,rootgrowth_g_m2_day_20_30_minirhizotron_days_since365d,rootmortality_g_m2_day_20_30_minirhizotron_mean180d,rootmortality_g_m2_day_20_30_minirhizotron_last365d,rootmortality_g_m2_day_20_30_minirhizotron_days_since365d,cv_fold
1,1,1,control,2017-05-31,10,2,9902666344.73466,276.5,0.547208178172705,-0.545602629877936,0.0424801174699765,1.24404533230283,0.330467729536626,163,1.03425548589226,0.577228977245392,-0.388599443603992,1.14100532911123,0.360781817814691,0.0736196319018405,0.282208588957055,0.638036809815951,2017,151,17317,0.517585510253189,-0.855631485848871,surface,,,,,,,,,,,,,,,,,,,,,,,,,,,,,6.27713839732578,2.00375861197355,0.378047218169082,0.0500072273952444,22.5007909371429,0.679876736839529,22.7227396686825,0.376909726963743,22.8265979909971,0.294250190914136,0.41254036666932,0.0197884395552376,0.41254036666932,0.0197884395552376,,,,,,,,,,,,,,,,1.72358181818182,1.5964,0,0.463272727272727,0.1502,0,1.14521666666667,1.1836,0,0.6109,0.3634,0,,,,,,,,,,28.6998966942149,39.84375,1,122.842804467171,139.933097280829,8,0.616121185366469,1.08411473834027,8,0.361159969469545,0.00301495830399949,8,0,0,8,0,0,8,0,0,8,14.9399108561454,15.4171065773076,8,0.012637449029728,0,8,0,0,8,2
2,2,1,control,2017-12-06,10,2,19830518948.834,699,0.538561811832524,-0.458893915926904,0.0385815526721517,1.18424215228174,0.348682890344048,432,1.02759307697559,0.573510616030571,-0.403394058224192,1.15872099143547,0.359691216533092,0.0833333333333333,0.259259259259259,0.648148148148148,2017,340,17506,-0.420831008595656,0.907139053400504,surface,,,,,,,,,,,,,,,,,,,,,,,,,,,,,,,,,,,,,,,,,,,,,,,,,,,,,,,,,,1.91371428571429,1.5582,0,1.17565714285714,0.2582,0,1.27846666666667,1.0842,0,1.209,2.812,0,,,,,,,,,,28.9561377617598,1.23273705959113,1,145.770609093161,134.551986782988,31,2.15870938989436,5.10037288130555,31,0.393092449715533,0.23279552233533,31,6.64356146990805,4.58559813305343,31,0.52945516060876,0.74387656535986,31,0.0450392074218159,0,31,13.1156642668531,5.9508272267664,31,0.247762875221747,0.36661138693525,31,0.0128176639151166,0.128176639151167,31,3
3,3,1,control,2018-05-09,10,2,13372861310.8305,802.5,0.539875480669829,-0.471272145355976,0.037801135706209,1.1667886779195,0.328526830923473,534,1.23624968428535,0.689964085870276,-0.411312764108134,1.13647314814659,0.339909502940581,0.116104868913858,0.314606741573034,0.554307116104869,2018,129,17660,0.797101592787194,-0.603845220877104,surface,,,,,,,,,,,,,,,,,,,,,,,,,,,,,,,,,,,,,,,,,,,9.104,5.732,1,1.535425,0.474,1,0.41520636125,2.22336867,1,1.7011442975,4.73138128,1,0.784979606,0.039777142,1,1.71889090909091,0.8818,0,0.269627272727273,0.1012,0,1.28344,1.596,0,1.15466,0.1864,0,,,,,,,,,,2.52556498306864,1.39475723140496,113,316.475521986623,537.148910598275,7,7.59186769556166,2.21851426756651,7,0.996578162574531,1.50503433023207,7,713.083848467807,929.840555223188,7,5.35119535824612,0.980946051975622,7,0.0994968983128211,0.0910269891787396,7,123.245923233543,177.720796302361,7,2.29158189737619,0.141190681313946,7,0.0549762039241911,0.655527805257165,7,2
4,4,1,control,2018-05-22,10,3,13528684427.1674,246,0.549635465727677,-0.56898203542009,0.0409560901548869,1.25526937970418,0.325187536532916,172,0.876276716080861,0.544461336042214,-0.401566510771441,1.14480965543383,0.357072167217379,0.0523255813953488,0.255813953488372,0.691860465116279,2018,142,17673,0.643336520404492,-0.765583517007675,surface,,,,,,,,,,,,,,,,,,,,,,,,,,,,,,,,,,,,,,,,,,,8.67488888888889,5.242,0,1.44295555555556,0.7032,0,0.369072321111111,0,0,1.64170274,1.16617028,0,0.715213283555556,0.157082704,0,1.60861818181818,0.8818,13,0.2222,0.1012,13,1.26584,1.596,13,0.834,0.1864,13,,,,,,,,,,2.51696303586501,1.39475723140496,126,349.953342657661,555.597389574936,6,7.69356895993242,4.36197837306776,6,1.0548913109438,0.754866747936902,6,788.851600480479,932.224754985228,6,5.1320066517987,0.401187892486248,6,0.102410487374974,0.0349630687458359,6,137.056477315883,178.923254330444,6,2.20896122671808,0.293536949843334,6,0.0563631923018262,0.0166438605316212,6,3
5,5,1,control,2018-10-10,10,2,13882927195.8027,324,0.547783011662214,-0.550029871208958,0.0389511083059221,1.24094750879433,0.326277197775688,206,0.931754914760018,0.578931878988012,-0.426837569068144,1.18848923961396,0.362084779791827,0.0776699029126214,0.242718446601942,0.679611650485437,2018,283,17814,-0.987872659635043,0.155266249859996,surface,3.83822073329569,0.393357942960187,0.433192978194993,0.0178564252717194,24.9557984908715,0.426452288591629,25.3005565223038,0.126662569662678,25.435428188594,0.0702951694279548,0.425549820871447,0.00589681634858905,0.425549820871447,0.00589681634858905,4.23441390095946,0.61615037709562,0.42777535602778,0.0166809558429511,24.8658676201657,0.392035188187843,25.4184681464624,0.218046527137553,25.5685589499352,0.184904922213594,0.422061250009758,0.00976648727838133,0.422061250009758,0.00976648727838133,4.23441390095946,0.61615037709562,0.42777535602778,0.0166809558429511,24.8658676201657,0.392035188187843,25.4184681464624,0.218046527137553,25.5685589499352,0.184904922213594,0.422061250009758,0.00976648727838133,0.422061250009758,0.00976648727838133,5.59353846153846,5.212,29,0.818230769230769,0.7708,29,0.219294871538462,0.07448869,29,0.937998851769231,0.283705011,29,0.407665199153846,0,29,1.53956666666667,0.8818,154,0.1168,0.1012,154,3.03005,1.596,154,0.216533333333333,0.1864,154,,,,,,,,,,6.49841697823262,7.58458161157025,84,567.465013675351,612.59030445974,105,8.42114356548971,14.6421493278524,105,3.00739573341764,9.66350887347111,105,933.471852266871,947.935765198779,105,1.85091211445247,4.55945424656015,105,0.362503045672319,1.07528166486737,105,182.100969604643,188.087615585649,105,0.586462003740491,1.2675382036282,105,0.137431999573445,0.152420331651885,105,2
6,6,1,control,2018-11-07,10,2,11949625931.1092,424.5,0.544076590870285,-0.51382618944704,0.0366751528109065,1.17598346428839,0.311000486244199,286,1.10323353706303,0.615726360602596,-0.434799802768483,1.15352499537689,0.339995573572565,0.0909090909090909,0.307692307692308,0.594405594405594,2018,311,17842,-0.803547648533912,0.595240435904367,surface,3.31726512339561,1.98412367674073,0.411650648614909,0.0424050736847627,23.8275485937381,0.462778754877279,24.3180138632566,0.32473748787636,24.5333937070897,0.278880659325503,0.414897564513557,0.0283775815971829,0.414897564513557,0.0283775815971829,3.64750249734703,1.27667825114811,0.430029003956694,0.0275752500203291,24.2892703625475,0.521119764715211,24.8087413829393,0.372002184567129,24.9835884813515,0.327272733354913,0.419044932102354,0.01757137822634,0.419044932102354,0.01757137822634,3.83532322483177,1.16261107528787,0.428562359056249,0.0247868195883751,24.442621554429,0.542260913969912,24.9815643201844,0.434825540554504,25.1527968011603,0.399769324171254,0.419520989708397,0.0156634179854395,0.419520989708397,0.0156634179854395,5.80876923076923,5.212,57,0.835,0.7708,57,0.0590987830769231,0.07448869,57,0.473352621230769,0.283705011,57,0.445704905615385,0,57,1.71943333333333,0.8818,182,0.13025,0.1012,182,3.02148333333333,1.596,182,0.228516666666667,0.1864,182,,,,,,,,,,7.30632814155541,7.58458161157025,112,580.105650736192,612.59030445974,133,9.37401297594921,14.6421493278524,133,3.99545397991555,9.66350887347111,133,936.298432152072,947.935765198779,133,1.63383487748943,4.55945424656015,133,0.501579458381945,1.07528166486737,133,182.120851009037,188.087615585649,133,0.497929110501795,1.2675382036282,133,0.0422660480458764,0.152420331651885,133,2
7,7,1,control,2019-09-10,10,4,23164943646.0711,759,0.539399204339074,-0.466663591012126,0.0368478593781669,1.1718669001494,0.335339674940545,568,1.19460096281005,0.66671949183264,-0.432016965631344,1.1415742039547,0.334149027678319,0.119718309859155,0.294014084507042,0.575704225352113,2019,253,18149,-0.935834897334994,-0.352438710884603,surface,,,,,,,,,,,,,,,,,,,,,,,,,,,,,14.8194891932386,9.90818367402976,0.306448723601433,0.0402173529490659,25.2841154226426,0.540599734612364,25.2389425327388,0.234982794240703,25.1926329301713,0.224721862387481,0.364324525771305,0.0401632859363621,0.364324525771305,0.0401632859363621,7.25569230769231,8.31,0,1.19361538461538,0.64,0,0.0550554030769231,0.01533472,0,0.563585294769231,0.11158052,0,0.548048652307692,0.12779532,0,3.4867,5.336,42,0.4396,0.4884,42,1.04824,0.7832,0,0.30072,0.4006,0,,,,,,,,,,13.8561466942149,10.6098915289256,0,,,,,,,,,,,,,,,,,,,,,,,,,,,,4
8,8,1,control,2019-12-03,10,2,22333085313.7217,463,0.53621893092898,-0.432418922262138,0.0379357905567534,1.16586199053029,0.3529660212276,285,0.842139299188871,0.470006891913729,-0.38042659789746,1.14937284999973,0.375015606951208,0.0491228070175439,0.231578947368421,0.715789473684211,2019,337,18233,-0.46706492487743,0.884223023874204,surface,3.98465537981859,0.594509674375658,0.387169603117914,0.0372356617229236,23.4055997562358,0.508133127709388,23.7932623781179,0.248682981856081,23.9693868197279,0.211473887213884,0.41344578489229,0.0191142262567243,0.41344578489229,0.0191142262567243,4.54916261219769,0.710647656368737,0.378419999109753,0.029684182715026,23.6511441499975,0.645480282815722,24.1103367228047,0.383877021388953,24.3230038988866,0.334162767419795,0.410371806124075,0.0143776100651325,0.410371806124075,0.0143776100651325,4.54916261219769,0.710647656368737,0.378419999109753,0.029684182715026,23.6511441499975,0.645480282815722,24.1103367228047,0.383877021388953,24.3230038988866,0.334162767419795,0.410371806124075,0.0143776100651325,0.410371806124075,0.0143776100651325,7.98230769230769,6.566,41,0.932307692307692,0.834,41,0.0341561776923077,0.03322421,41,0.400022064538462,0.587602954,41,0.197171621538462,0.06237312,41,3.65588,5.336,126,0.50252,0.4884,126,1.05631428571429,1.8086,56,0.339085714285714,0.5002,56,,,,,,,,,,11.6571513116071,13.9332318399304,41,,,,,,,,,,,,,,,,,,,,,,,,,,,,5
9,9,1,control,2020-01-28,10,3,44816560646.1898,1009.33333333333,0.526317762810074,-0.332649573254177,0.0405281986009453,1.17415932261401,0.40866238038717,603,1.05098164933711,0.586564026805398,-0.309126187446995,1.13288110019671,0.399328541045965,0.0630182421227197,0.190713101160862,0.674958540630183,2020,28,18289,0.463257922567492,0.88622350294858,surface,2.73894825011764,0.439249147423095,0.431167050527009,0.00961962012015134,22.4675351625729,0.248970904020366,22.8778994908714,0.0840875056197942,23.0705525983437,0.0564156519653792,0.429966810031997,0.00678662436185692,0.429966810031997,0.00678662436185692,2.58725482692885,0.384109636127064,0.41686331878809,0.0204569072142752,22.5622540812639,0.53730924530455,23.1107509813832,0.354166037381919,23.3592452385381,0.324534815769853,0.427995309393376,0.00837122373334335,0.427995309393376,0.00837122373334335,3.56203637866586,0.994319877651129,0.400449137578993,0.0283924042734965,23.1613624935825,0.711297164624943,23.6306774740203,0.526638651926401,23.8466576451172,0.490869159260982,0.420272375885092,0.0131429057050812,0.420272375885092,0.0131429057050812,8.17923076923077,6.566,97,1.02335384615385,0.834,97,0.0459773230769231,0.03322421,97,0.581575942307692,0.587602954,97,0.133201606153846,0.06237312,97,2.51785714285714,5.336,182,0.369114285714286,0.4884,182,0.87516,1.8086,112,0.37716,0.5002,112,,,,,,,,,,11.9795443043798,13.9332318399304,97,,,,,,,,,,,,,,,,,,,,,,,,,,,,4
10,10,1,control,2021-12-15,10,2,20527934206.5997,532.5,0.546636873688872,-0.539587225939646,0.0350146030441016,1.07100894199224,0.231687850460885,280,1.16147951002586,0.72166779535425,-0.474290158421361,1.07008251772827,0.268099124861696,0.0714285714285714,0.435714285714286,0.492857142857143,2021,349,18976,-0.27591294500296,0.961182629254084,surface,3.59345906641604,0.424638299661977,0.382259035588972,0.0103275778237745,23.2274915068922,0.284035718520903,23.5993399373434,0.0794179832846623,23.7648307362155,0.0446624910526235,0.419176099216792,0.00539197523036155,0.419176099216792,0.00539197523036155,3.73179056175793,0.458895668659698,0.382368515685362,0.00903951998827243,23.2008111215222,0.26074375612602,23.6011967568226,0.0693701696877182,23.7767679589757,0.0457115315426582,0.41872431580498,0.004941765593703,0.41872431580498,0.004941765593703,3.73179056175793,0.458895668659698,0.382368515685362,0.00903951998827243,23.2008111215222,0.26074375612602,23.6011967568226,0.0693701696877182,23.7767679589757,0.0457115315426582,0.41872431580498,0.004941765593703,0.41872431580498,0.004941765593703,12.8270769230769,7.978,14,2.33058461538462,2.32,14,0.112307692307692,0.198,14,1.39524546792308,1.565319274,14,0.123615384615385,0.098,14,2.63374285714286,2.064,57,0.316257142857143,0.3132,57,1.12196363636364,0.7505,43,0.691845454545455,0.8105,43,,,,,,,,,,15.813930387794,16.073347107438,84,,,,,,,,,,,,,,,,,,,,,,,,,,,,5
11,11,1,control,2022-08-23,10,2,14131671688.7919,606.5,0.545881308231189,-0.53101669011027,0.0332703775617159,1.02430330614605,0.214508733110686,354,1.21460162650792,0.677882074780499,-0.496581372942867,1.0348622750064,0.245126064527353,0.0819209039548023,0.480225988700565,0.432203389830509,2022,235,19227,-0.78393381668292,-0.620844401650647,surface,,,,,,,,,,,,,,,,,,,,,,,,,,,,,2.70301990031746,0.391191123467286,0.221381588928571,0.045728839364353,25.360260911746,1.01116161826055,24.6110808369841,0.250627507822378,17.074539,11.0264270736502,0.25664594612381,0.0143492071261794,0.25664594612381,0.0143492071261794,13.0196666666667,18.9,14,4.1341,4.901,14,0.048,0.073,182,0.565603816,0.90518035,182,0.061,0.071,182,1.04545,0.8499,0,0.1889,0.2626,0,1.262075,0.673,0,0.686725,0.5947,0,,,,,,,,,,23.2302631578947,16.073347107438,335,,,,,,,,,,,,,,,,,,,,,,,,,,,,5
12,12,1,control,2022-09-08,10,2,32548151632.478,529,0.543233252289479,-0.502637527368922,0.0355303434155902,1.10170089028706,0.274526592441019,289,0.929230120112099,0.518613204546055,-0.461204660410384,1.10837503474318,0.308184183959695,0.0346020761245675,0.332179930795848,0.626297577854671,2022,251,19243,-0.923157872964704,-0.384421047268855,surface,,,,,,,,,,,,,,,,,,,,,,,,,,,,,2.48572799691358,0.45319726688107,0.176817164351852,0.00725140001673439,25.9948950987654,0.677489609060886,24.8520590246914,0.090461461862138,16.4998,12.37485,0.244023136388889,0.0051855553293337,0.244023136388889,0.0051855553293337,13.8478461538462,17.59,2,4.408,3.896,2,,0.073,198,,0.90518035,198,,0.071,198,1.08595,1.322,0,0.28355,0.3045,0,1.15276,0.7155,0,0.64322,0.4692,0,,,,,,,,,,23.8889368705457,16.073347107438,351,,,,,,,,,,,,,,,,,,,,,,,,,,,,3
13,13,1,control,2022-11-16,10,3,22845965065.8828,1090.66666666667,0.541946859415214,-0.491170297425757,0.0338238309798486,1.04840334758349,0.249243510333793,743,1.21950845907346,0.757723208613301,-0.528367726324329,1.10368683447025,0.263056708993543,0.123822341857335,0.390309555854643,0.485868102288022,2022,320,19312,-0.702147949404698,0.712031078778713,surface,,,,,,,,,,,,,,,,,,,,,,,,,,,,,,,,,,,,,,,,,,,11.9636923076923,5.212,1,3.73106923076923,0.4381,1,,0.073,267,,0.90518035,267,,0.071,267,1.1504,0.6619,0,1.11588,0.2745,0,1.0554875,0.4463,0,0.5164625,0.2907,0,,,,,,,,,,20.8200410202504,23.1126033057851,85,,,,,,,,,,,,,,,,,,,,,,,,,,,,3
14,14,2,warmed,2017-05-31,10,2,48317162917.8819,1725.5,0.532498219471447,-0.395284518280281,0.0429826436833466,1.19602168708735,0.378248143604677,944,1.23109211380864,0.687085590980038,-0.283018626109613,1.14179275861815,0.406442126878686,0.115466101694915,0.198093220338983,0.604872881355932,2017,151,17317,0.517585510253189,-0.855631485848871,surface,10.110989702381,2.62150224884058,0.269706671809524,0.0699015350981931,29.3077102380952,0.462033352420589,,,,,,,,,5.54040617934783,2.88313383920886,0.327065339860507,0.0642945503491045,28.7490569794686,1.32506400535194,,,,,,,,,5.43941807992917,3.374276390153,0.315271575035133,0.0596078603052795,27.9165877678512,1.16724180988829,25.8002922490916,0.427831631683932,25.6236593613238,0.289465726544422,0.395331457453262,0.0275663073274047,0.395331457453262,0.0275663073274047,,,,,,,,,,,,,,,,3.15011111111111,2.508,246,1.02691111111111,0.4306,246,1.58076,1.3128,246,0.38348,0.1935,246,,,,,,,,,,28.6998966942149,39.84375,1,114.857910858758,118.639296112531,93,0.644046061942782,0.449912864436066,93,0.302108148430441,0.0235038305907038,93,0,0,93,0,0,93,0,0,93,0.984349656764755,0.916084096097455,93,0.00509767622579834,0,93,0,0,93,5
15,15,2,warmed,2017-12-06,10,2,16653797491.9926,763,0.555171630807131,-0.626442126376677,0.0377156167640399,1.16313457567906,0.23712248299366,383,1.23121099112741,0.764994400601226,-0.517532183794162,1.08898170701938,0.255260975348103,0.107049608355091,0.441253263707572,0.451697127937337,2017,340,17506,-0.420831008595656,0.907139053400504,surface,,,,,,,,,,,,,,,,,,,,,,,,,,,,,,,,,,,,,,,,,,,,,,,,,,,,,,,,,,1.6678,1.2136,0,2.965,2.918,0,3.38333333333333,4.078,0,2.59273333333333,3.486,0,,,,,,,,,,28.9561377617598,1.23273705959113,1,255.004197653172,275.037917135918,31,2.12735105954603,1.19013226582026,31,0.380660585558746,0.91139033451703,31,77.3215168991781,83.625596144078,31,0.693250688212918,0,31,0.00625770940407025,0.0625770940407025,31,1.03183604123081,0,31,0.039664465301614,0,31,0.00313446260063776,0,31,4
16,16,2,warmed,2018-05-09,10,3,34576163017.1222,1333.33333333333,0.552345731941222,-0.591019107631911,0.0344577024103588,1.1374839043504,0.264249707117933,863,1.29713202634683,0.723943167944115,-0.420588565466819,1.04489661629535,0.291941468240253,0.0776361529548088,0.412514484356895,0.468134414831981,2018,129,17660,0.797101592787194,-0.603845220877104,surface,,,,,,,,,,,,,,,,,,,,,,,,,,,,,,,,,,,,,,,,,,,5.814,4.854,15,0.9284,0.7252,15,0.036641705,0.0579035,1,0.87197625,0.10276274,1,0.53154751375,0.048630392,1,1.52986666666667,1.2996,0,1.25186666666667,0.1049,0,2.28717142857143,0.7376,0,2.29648571428571,0.4508,0,,,,,,,,,,2.52556498306864,1.39475723140496,113,387.11555541261,486.397498470482,7,3.77074546505399,2.88921404898901,7,0.493386097163196,0.446870739787314,7,336.206213585957,523.041904069088,7,3.15858241922231,0.081031499281702,7,0.00458890500857754,0,7,37.0624801713379,77.1260044315358,7,0.714468049307587,0.277091315588919,7,0,0,7,2
17,17,2,warmed,2018-05-22,10,2,34909239133.1803,1544,0.556255100232157,-0.636067707322139,0.033041640394039,1.07037574544178,0.190479357590917,793,1.14638116927542,0.639807512650854,-0.473101061653318,1.00318735580449,0.2237302845921,0.0517023959646911,0.505674653215637,0.438839848675914,2018,142,17673,0.643336520404492,-0.765583517007675,surface,,,,,,,,,,,,,,,,,,,,,,,,,,,,,,,,,,,,,,,,,,,5.814,4.854,28,0.9284,0.7252,28,0.0548079977777778,0.20013834,0,0.799788564444445,0.22228708,0,0.485513687666667,0.117243079,0,1.49366666666667,1.2996,13,1.00643333333333,0.1049,13,2.14788571428571,0.7376,13,1.95108571428571,0.4508,13,,,,,,,,,,2.51696303586501,1.39475723140496,126,406.418498409949,504.624702279998,6,3.9126364712618,3.99732446548111,6,0.431314463717363,0.653654365557648,6,372.434140874001,525.655099079296,6,3.07457819796604,0.300528325209192,6,0.00458890500857754,0,6,43.3609431591571,77.6867963662978,6,0.697070121324149,0.102745062521962,6,0,0,6,2
18,18,2,warmed,2018-10-10,10,3,26916979062.5344,733,0.571648528271285,-0.785167561695877,0.031418823642692,1.20136128691892,0.205395799670112,443,1.1322767017452,0.631935659440394,-0.523250572141448,1.04890993251436,0.240891388752363,0.0632054176072235,0.496613995485327,0.437923250564334,2018,283,17814,-0.987872659635043,0.155266249859996,surface,26.2682980580651,5.21836651611706,0.434146419727555,0.00983713062608377,25.9532730383023,0.372258957717396,26.3098709744965,0.163979636531681,26.2061731648786,0.0909679962147341,0.444400985154338,0.00562129353848734,0.444400985154338,0.00562129353848734,23.7681246629981,4.77715405061931,0.430463992585236,0.0123056431819777,25.8315701035197,0.357273261673711,26.2889365330742,0.15063069705222,26.1988779736697,0.08996281333981,0.442487233977642,0.00773975534112921,0.442487233977642,0.00773975534112921,23.7681246629981,4.77715405061931,0.430463992585236,0.0123056431819777,25.8315701035197,0.357273261673711,26.2889365330742,0.15063069705222,26.1988779736697,0.08996281333981,0.442487233977642,0.00773975534112921,0.442487233977642,0.00773975534112921,5.65509090909091,4.722,29,1.12347272727273,1.0798,29,0.122764920769231,0.09642487,29,0.291557448846154,0.370263366,29,0.608152484846154,0.73504,29,1.54555,1.2996,154,0.1399,0.1049,154,1.5034,0.7376,154,0.52635,0.4508,154,,,,,,,,,,6.49841697823262,7.58458161157025,84,523.897376003021,574.162424888633,105,3.18298900429384,3.37721665593609,105,0.533376374448567,0.415617017724483,105,531.842622218604,546.973421712701,105,1.12160092976198,1.24017583754393,105,0.0565363054798789,0,105,73.8554646510215,65.8011268521086,105,0.450208699670645,0.613042115239829,105,0.257225017698497,0,105,5
19,19,2,warmed,2018-11-07,10,2,50169998386.4317,1843,0.558828461310226,-0.66453336049415,0.033045384642363,1.13779759338067,0.204808348221262,950,1.22682584673492,0.68470454199049,-0.54764555263887,1.09554679300642,0.232763716060944,0.127368421052632,0.374736842105263,0.496842105263158,2018,311,17842,-0.803547648533912,0.595240435904367,surface,30.9520871338866,9.55409146957096,0.414321823981213,0.0402322572465507,24.5119240231116,0.464585192900608,25.1460453385711,0.286997804237873,25.3427273996318,0.199137796938522,0.431841479445823,0.0225597803281867,0.431841479445823,0.0225597803281867,35.9708249287128,19.5706914669985,0.421732842724735,0.0315981996756038,25.1589650385459,0.578936819235013,25.7825017331563,0.464446775558066,25.8547932128845,0.352200349271429,0.437369478940344,0.0144711629963606,0.437369478940344,0.0144711629963606,32.6146059566412,17.505428843076,0.423662920216228,0.0274911692225525,25.339322049617,0.595378476596765,25.9165152296071,0.450314136399027,25.9467143735678,0.332982327844439,0.438626490984944,0.0130313358081205,0.438626490984944,0.0130313358081205,5.93166666666667,4.722,57,1.12756666666667,1.0798,57,0.124262597692308,0.09642487,57,0.271895584076923,0.370263366,57,0.695853078384615,0.73504,57,1.98485,1.2996,182,0.209625,0.1049,182,1.91724,0.7376,182,0.4599,0.4508,182,,,,,,,,,,7.30632814155541,7.58458161157025,112,545.871430456292,574.162424888633,133,3.52450472371763,3.37721665593609,133,0.454414963083307,0.415617017724483,133,536.394090343071,546.973421712701,133,0.89503527117632,1.24017583754393,133,0.0848044582198183,0,133,72.6339192051776,65.8011268521086,133,0.478362031841417,0.613042115239829,133,0.385837526547746,0,133,3
20,20,2,warmed,2019-09-10,10,2,60757515690.7615,2447.5,0.540800093076966,-0.483948519174745,0.0414199338294624,1.17784678411893,0.299940068129078,1392,1.34661708659818,0.751561305925927,-0.477822637657129,1.17062636810221,0.297710947694713,0.201867816091954,0.257902298850575,0.52514367816092,2019,253,18149,-0.935834897334994,-0.352438710884603,surface,,,,,,,,,,,,,,,,,,,,,,,,,,,,,8.14173929292929,0.125241176091681,0.231222234343434,0.0105005271792939,25.6065126262626,0.645419390585982,26.1852673737374,0.118179229558901,25.9882448989899,0.00248600930171871,0.386803672727273,0.00686223694675952,0.386803672727273,0.00686223694675952,10.9,6.566,0,2.65365,0.5966,0,0.34950462,0.05033376,0,2.16177357866667,0.156358965,0,0.8475786,0.39721608,0,3.22956666666667,1.807,28,0.3546,0.256,28,2.3578,1.4576,0,0.5112,0.6426,0,,,,,,,,,,13.8561466942149,13.5674070247934,251,,,,,,,,,,,,,,,,,,,,,,,,,,,,1
21,21,2,warmed,2019-12-03,10,2,18486560058.673,1347,0.560620244021415,-0.673997598008687,0.0285265736066443,1.08872963321458,0.194832208730237,867,1.3137324356236,0.733208032766585,-0.570328960753471,1.07837007090578,0.229635640385615,0.129181084198385,0.450980392156863,0.410611303344867,2019,337,18233,-0.46706492487743,0.884223023874204,surface,2.17448105952381,0.437759389407017,0.369363203095238,0.0327083256571915,24.1722239444444,0.48748628312776,24.5145946706349,0.244235987570846,24.594412265873,0.156995190470385,0.435542033611111,0.00883048764993447,0.435542033611111,0.00883048764993447,2.35801799137248,0.399802048014648,0.364069972774465,0.0286498747124141,24.4591210815767,0.543025416805541,24.7616349455461,0.332579396261319,24.852832514184,0.246439936964913,0.431047622722604,0.00867234757530538,0.431047622722604,0.00867234757530538,2.35801799137248,0.399802048014648,0.364069972774465,0.0286498747124141,24.4591210815767,0.543025416805541,24.7616349455461,0.332579396261319,24.852832514184,0.246439936964913,0.431047622722604,0.00867234757530538,0.431047622722604,0.00867234757530538,9.21766666666667,8.1,41,1.84893333333333,1.015,41,0.230774584166667,0.04598939,41,1.377834203,0.484125103,41,0.33659137,0.25319328,41,2.44545714285714,1.807,112,0.500414285714286,0.256,112,1.08473333333333,1.4576,84,0.264766666666667,0.6426,84,,,,,,,,,,11.6571513116071,13.5674070247934,335,,,,,,,,,,,,,,,,,,,,,,,,,,,,5
22,22,2,warmed,2020-01-28,10,3,38852196755.9842,1304,0.556390398053935,-0.636411163292926,0.0320004325889546,1.08614524140483,0.198439593540709,773,1.2644177914729,0.705685005821484,-0.535486153720046,1.06463602824626,0.230184782758697,0.102199223803364,0.463130659767141,0.425614489003881,2020,28,18289,0.463257922567492,0.88622350294858,surface,1.9229787805383,0.303944587274505,0.413491040942029,0.0108693694583556,23.1309133540373,0.193258307563717,23.6753226216356,0.106078342227109,23.8027257608696,0.0469664747334924,0.445378660817805,0.00617109962008172,0.445378660817805,0.00617109962008172,1.93346730116691,0.328660392085664,0.404611766812107,0.0140673261600284,23.1489839636707,0.510840610114282,23.8308295106919,0.341740429561225,24.0070754662528,0.278888979489177,0.44435666793429,0.00669548310813184,0.44435666793429,0.00669548310813184,2.0994979538312,0.384945932019987,0.386083675859264,0.0264197276410399,23.8241622449319,0.731027012362227,24.3327449475012,0.494273036933739,24.4478672607809,0.42289254061606,0.43875067885452,0.00943323710672366,0.43875067885452,0.00943323710672366,8.647,8.1,97,1.07061666666667,1.015,97,0.0604399325,0.04598939,97,0.526037810166667,0.484125103,97,0.39118701,0.25319328,97,1.8966,1.807,168,0.35531,0.256,168,1.25231428571429,1.4576,140,0.311571428571429,0.6426,140,,,,,,,,,,11.9795443043798,8.20777376033058,168,,,,,,,,,,,,,,,,,,,,,,,,,,,,1
23,23,2,warmed,2021-12-15,10,2,11657273519.1761,531,0.570008479141532,-0.769059654053768,0.0302560050861952,1.15431777160263,0.184029508934096,273,1.26123024099759,0.783646409254841,-0.580952277032461,1.05881577488138,0.213433240582353,0.120879120879121,0.534798534798535,0.344322344322344,2021,349,18976,-0.27591294500296,0.961182629254084,surface,,,,,,,,,,,,,,,,,,,,,,,,,,,,,,,,,,,,,,,,,,,5.91630769230769,4.332,1,1.27952307692308,0.7438,1,0.0356153846153846,0.013,1,0.825700995,0.534002845,1,0.0263846153846154,0.049,1,2.326275,1.075,0,0.790025,1.44,0,2.38958888888889,0.5631,0,0.620733333333333,0.5828,0,,,,,,,,,,15.813930387794,16.073347107438,84,,,,,,,,,,,,,,,,,,,,,,,,,,,,3
24,24,2,warmed,2022-08-23,10,3,39071678872.5503,1128.33333333333,0.558008120003713,-0.647984908759802,0.0322776145784557,1.11446188922171,0.221039402275487,679,1.18988086665763,0.664085156011633,-0.51164721887148,1.01875884128796,0.230865279247857,0.069219440353461,0.511045655375552,0.415316642120766,2022,235,19227,-0.78393381668292,-0.620844401650647,surface,,,,,,,,,,,,,,,,,,,,,,,,,,,,,7.51689604761905,1.50093288766505,0.229849625988889,0.061449228192577,27.7224013377778,0.935239912782828,26.9800769080952,0.39393873327682,18.1764015,11.7251596172661,0.277190212177778,0.0205196355560489,0.277190212177778,0.0205196355560489,8.34308333333333,6.507,14,1.49025833333333,1.517,14,0.241,0.033,182,0.064005356,0.255887522,182,0.052,0.067,182,1.82005,0.9521,0,0.7353,1.274,0,2.0176,0.6738,0,0.440766666666667,0.6268,0,,,,,,,,,,23.2302631578947,16.073347107438,335,,,,,,,,,,,,,,,,,,,,,,,,,,,,3
25,25,2,warmed,2022-11-16,10,2,12183364809.585,388,0.575503651285729,-0.824774215149242,0.03096964819749,1.21124738806267,0.19188431652521,211,1.16991201358063,0.726907204398624,-0.563867681099082,1.02594020527063,0.207802558085511,0.0900473933649289,0.57345971563981,0.336492890995261,2022,320,19312,-0.702147949404698,0.712031078778713,surface,,,,,,,,,,,,,,,,,,,,,,,,,,,,,,,,,,,,,,,,,,,6.36992307692308,4.038,1,1.13533076923077,0.5704,1,,0.033,267,,0.255887522,267,,0.067,267,0.871975,0.6333,0,1.957725,2.717,0,1.19566666666667,0.4624,0,0.53205,0.4942,0,,,,,,,,,,20.8200410202504,23.1126033057851,85,,,,,,,,,,,,,,,,,,,,,,,,,,,,5
26,26,3,control,2017-10-20,10,3,16176508919.4159,559,0.565727284482303,-0.729030477162555,0.0376777034307019,1.20705740070031,0.219464502244872,326,1.3306247415645,0.742635808219153,-0.551874981065233,1.08611240721997,0.23148949141557,0.141104294478528,0.49079754601227,0.365030674846626,2017,293,17459,-0.946713918146386,0.32207570102061,surface,,,,,,,,,,,,,,,,,,,,,,,,,,,,,5.76516555018055,3.24424742663239,0.382773625543737,0.0242392027450097,25.6838622530205,0.329787914521079,,,,,,,,,,,,,,,,,,,,,,,,1.66706666666667,2.232,0,0.380466666666667,0.7554,0,1.08285454545455,1.5542,0,0.146927272727273,0.2094,0,,,,,,,,,,31.9511019283747,33.5180785123967,59,576.273507260396,335.313199876391,29,3.05888914481831,0.536682199950405,29,1.96775391009904,1.50572579727419,29,0,0,29,0,0,29,0,0,29,0.221693039959437,0,29,0,0,29,0.00249244772637868,0,29,5
27,27,3,control,2017-12-06,10,2,62603160191.1062,2743,0.521966039733152,-0.286032854860158,0.0432074488979375,1.17181933210416,0.427759759187914,1691,1.21069051917977,0.675699244219073,-0.190244149031229,1.08413655643833,0.411295492713163,0.0703725606150207,0.224719101123596,0.603193376700177,2017,340,17506,-0.420831008595656,0.907139053400504,surface,,,,,,,,,,,,,,,,,,,,,,,,,,,,,,,,,,,,,,,,,,,,,,,,,,,,,,,,,,1.83611428571429,3.788,0,0.645371428571429,1.0154,0,1.09248888888889,0.8906,0,0.292044444444444,0.9706,0,,,,,,,,,,28.9561377617598,1.23273705959113,1,523.788164580186,371.664752185537,31,3.99547117686054,4.92463765939077,31,1.83206629950331,0.273447511004424,31,28.2871582491435,79.275084849777,31,1.2579226954186,8.01525687394095,31,0.00620633296399535,0,31,1.95242953865607,0,31,0.296709446048681,0,31,0,0,31,4
28,28,3,control,2018-01-17,10,3,19861384370.6969,284.333333333333,0.593212200689914,-1.00008792783516,0.0340121064197264,1.41176236274507,0.21286517158268,141,1.23109165841006,0.68708533681725,-0.512316265567959,1.09052156966777,0.263838318228226,0.099290780141844,0.439716312056738,0.453900709219858,2018,17,17548,0.288290640709518,0.957542952811672,surface,,,,,,,,,,,,,,,,,,,,,,,,,,,,,,,,,,,,,,,,,,,,,,,,,,,,,,,,,,1.906425,1.9898,0,0.7644875,0.4612,0,1.1826,1.4938,0,0.3468625,0.171,0,,,,,,,,,,19.2128895327161,1.39475723140496,1,500.88551661422,552.173731799451,28,4.92821272295912,9.07639575236507,28,1.87076612708409,0.456846093359902,28,49.8708321080883,107.64571969251,28,1.34621518251626,0.785407724295646,28,0.00620633296399535,0,28,4.98051976323358,15.3501333160104,28,0.339516740540483,0.239241396002606,28,0.00842506599420665,0,28,5
29,29,3,control,2018-01-30,10,3,32765454246.464,1128.66666666667,0.554721296233821,-0.616385756613694,0.0362016547843226,1.16859987530042,0.265948686022252,635,1.20358773778127,0.671735106442501,-0.459527062042587,1.07930447668647,0.289649201847256,0.0771653543307087,0.403149606299213,0.496062992125984,2018,30,17561,0.493468141677237,0.869763872065065,surface,,,,,,,,,,,,,,,,,,,,,,,,,,,,,,,,,,,,,,,,,,,9.678,9.678,0,0.5692,0.5692,0,0.15975811,0.15975811,0,0.0294066,0.0294066,0,0,0,0,1.9295,1.9898,13,0.786725,0.4612,13,1.174225,1.4938,13,0.3465625,0.171,13,,,,,,,,,,15.0180263601743,1.39475723140496,14,499.665235303871,620.64117754319,12,5.56355421284973,7.84078364292102,12,1.44410594112734,3.96870070228602,12,60.8970096771957,110.261775691074,12,1.37303916230773,0.268239797914708,12,0.00620633296399535,0,12,6.47359665621006,14.9307689297647,12,0.339516740540483,0,12,0.00842506599420665,0,12,2
30,30,3,control,2018-02-13,10,2,11394888718.6543,151.5,0.588229424006819,-0.953089207280244,0.0380950293067096,1.41075651445749,0.215917809186179,60,1.10589359179402,0.687130322487232,-0.533852423324399,1.02072426250802,0.210161190711178,0.0833333333333333,0.6,0.316666666666667,2018,44,17575,0.686675980345155,0.726963615332308,surface,,,,,,,,,,,,,,,,,,,,,,,,,,,,,,,,,,,,,,,,,,,10.45,11.222,0,0.6693,0.7694,0,0.21761635,0.27547459,0,2.51607715,5.0027477,0,0.0414683675,0.082936735,0,1.97335,1.9898,27,0.8617,0.4612,27,1.181825,1.4938,27,0.4547875,0.171,27,,,,,,,,,,6.64874507327942,1.39475723140496,28,497.846960997999,650.399113583237,13,5.9411683958253,6.7874287744585,13,1.54070839955072,1.08672082535556,13,72.2490422142323,113.520325370366,13,1.45802770322826,0.849885409205249,13,0.0107843342647459,0.0457800130075051,13,7.97702770367927,15.0343104746921,13,0.342570713493763,0.0305397295327992,13,0.00842506599420665,0,13,4
31,31,3,control,2018-02-27,10,2,9197601804.12475,298,0.590077486155727,-0.970241121897996,0.0345725241668503,1.35599729616128,0.190089325509271,123,1.28857935571678,0.800639369659152,-0.589196694465334,1.00828455986373,0.182138588455439,0.113821138211382,0.609756097560976,0.276422764227642,2018,58,17589,0.840248069607847,0.542202159272985,surface,,,,,,,,,,,,,,,,,,,,,,,,,,,,,,,,,,,,,,,,,,,9.838,8.614,0,0.669133333333333,0.6688,0,0.145077566666667,0,0,3.48347193333333,5.4182615,0,0.0379535423333333,0.030923892,0,1.9527,1.9898,41,0.8269125,0.4612,41,1.189325,1.4938,41,0.4657,0.171,41,,,,,,,,,,2.19021496702204,1.39475723140496,42,525.871542074887,672.961906711705,12,7.33286395329205,4.21213044253871,12,1.65389488280546,0.274370069178572,12,86.5403745207049,113.938791774932,12,1.38230182043962,0.0738013051988095,12,0.01205732965436,0,12,10.2250617582586,15.0343104746921,12,0.377454711298433,0,12,0.00765915090382423,0,12,2
32,32,3,control,2018-05-09,10,2,15451229437.0984,488,0.592910288358928,-0.997029292453821,0.0334373725156908,1.39499529158883,0.188255384730975,210,1.28717541566651,0.799767052659895,-0.583173129961382,1.02485706534501,0.184420796644248,0.133333333333333,0.614285714285714,0.252380952380952,2018,129,17660,0.797101592787194,-0.603845220877104,surface,,,,,,,,,,,,,,,,,,,,,,,,,,,,,,,,,,,,,,,,,,,8.47942857142857,5.602,1,0.915142857142857,0.5394,1,0.14747264375,0.44904931,1,2.08956634125,0.27153316,1,0.335677167375,0.134949579,1,1.63274,0.5476,0,0.62524,0.111,0,1.06602,0.444,0,0.40167,0.0645,0,,,,,,,,,,2.52556498306864,1.39475723140496,113,697.269658765852,1008.56708408171,7,10.6944889169496,12.3260490811295,7,2.08637563158992,5.83624047690448,7,142.782158483846,266.257370788381,7,2.39142737243911,4.78568583942608,7,0.0536937460837101,0.163377415177549,7,18.1564444650385,36.8420524581883,7,0.630578132783398,0.589457364968288,7,0.0101928111857225,0,7,3
33,33,3,control,2018-05-22,10,3,9606885877.59857,142,0.590449993292468,-0.98474010380878,0.0385324695093758,1.4360208541563,0.210925923285657,53,1.51317994528063,0.940191562277857,-0.626206225208024,1.08263634596625,0.158824848261525,0.207547169811321,0.509433962264151,0.283018867924528,2018,142,17673,0.643336520404492,-0.765583517007675,surface,,,,,,,,,,,,,,,,,,,,,,,,,,,,,,,,,,,,,,,,,,,9.87375,19.634,0,1.21675,3.328,0,0.166315705555556,0.3170602,0,1.98594081888889,1.15693664,0,0.385429720222222,0.783450143,0,1.58266,0.5476,13,0.44598,0.111,13,1.04726,0.444,13,0.34231,0.0645,13,,,,,,,,,,2.51696303586501,1.39475723140496,126,748.071667121001,1061.93270704779,6,10.5415867028884,7.18852342917659,6,2.11664925834398,0.573004802566723,6,157.534892714927,276.651679872933,6,2.31045618638394,2.58116768942442,6,0.0754270672357096,0.260799853823995,6,20.8512290317599,37.6910861103959,6,0.563446040671898,0.17784412678485,6,0.0101928111857225,0,6,3
34,34,3,control,2018-10-23,10,3,14817542406.7468,194.333333333333,0.569890303114441,-0.773475040097301,0.0363597378263452,1.28003799652046,0.233631671778456,108,1.21048274143498,0.752115214935045,-0.480966864511532,1.14103516466491,0.296589275751935,0.12962962962963,0.388888888888889,0.481481481481482,2018,296,17827,-0.928839430255807,0.370482540482096,surface,0.441312576138148,1.3951149940163,0.474595556966684,0.0049045403970423,24.7131377317286,0.327038245623056,25.0833235072388,0.0831238570772706,25.1606612625153,0.0585310379375463,0.462575292454213,0.00428937829848574,0.462575292454213,0.00428937829848574,1.37873185595956,1.02052373450352,0.46836845911715,0.00808251618445156,24.933775889546,0.44320611142694,25.2563717329316,0.279042030269194,25.3644321216388,0.256026009589132,0.461196703596607,0.00400575296043372,0.461196703596607,0.00400575296043372,1.37873185595956,1.02052373450352,0.46836845911715,0.00808251618445156,24.933775889546,0.44320611142694,25.2563717329316,0.279042030269194,25.3644321216388,0.256026009589132,0.461196703596607,0.00400575296043372,0.461196703596607,0.00400575296043372,20.3756923076923,30.06,42,1.90552307692308,3.306,42,0.158126645384615,0.29959568,42,0.441675949230769,0.641370665,42,0.219566762615385,0.0814675,42,2.47124444444444,0.5476,167,0.376355555555556,0.111,167,1.21666,0.444,167,0.20602,0.0645,167,,,,,,,,,,6.87303983894893,7.58458161157025,97,1059.1045615026,1076.39492901836,118,10.1077764354004,9.10123253000498,118,3.73821022875249,4.80282692162177,118,289.422564917669,311.654543222873,118,3.78141487271228,3.5459242637068,118,0.64365550615715,1.69485033032175,118,38.7362109210096,40.8134025820222,118,0.329184055860054,0.380663311915662,118,0.000997305442151844,0,118,1
35,35,3,control,2018-11-07,10,2,9708002051.56999,60,0.608340501570876,-1.15931064840088,0.0343678987225273,1.57938638098527,0.206843420525631,18,1.45935941234753,0.906750984969906,-0.83802278984964,1.56594430225818,0.265222458630163,0.611111111111111,0.222222222222222,0.166666666666667,2018,311,17842,-0.803547648533912,0.595240435904367,surface,1.8107930929399,0.890387350803462,0.46693996855806,0.0194211453892698,23.9397647143175,0.403535250228051,24.3369812478355,0.295068566653242,24.5337676949325,0.232046964773003,0.459610185127642,0.0099505600526527,0.459610185127642,0.0099505600526527,1.33058785829111,1.00570992295402,0.468226092978192,0.0130693835018323,24.4505974642041,0.547034562903824,24.8564048366849,0.385270789972245,24.9962349985134,0.325833050030303,0.459180279376736,0.00760499811776657,0.459180279376736,0.00760499811776657,1.46319743505971,0.909679545442908,0.466519353333711,0.0118030838777105,24.6274806303935,0.593493771559912,25.024415467681,0.436178865924668,25.1578936213922,0.38842954362429,0.459338984231407,0.00663318040651423,0.459338984231407,0.00663318040651423,20.3195384615385,30.06,57,1.90004615384615,3.306,57,0.126094815384615,0.29959568,57,0.427775531923077,0.641370665,57,0.209186025769231,0.0814675,57,2.55655555555556,0.5476,182,0.379188888888889,0.111,182,1.2894,0.444,182,0.20749,0.0645,182,,,,,,,,,,7.30632814155541,7.58458161157025,112,1071.73893085783,1076.39492901836,133,9.55320827396815,9.10123253000498,133,3.21370266671449,4.80282692162177,133,295.213863449991,311.654543222873,133,3.53034713103383,3.5459242637068,133,0.76372502890205,1.69485033032175,133,39.209750536715,40.8134025820222,133,0.264115728582996,0.380663311915662,133,0.00124663180268981,0,133,4
36,36,3,control,2019-11-05,10,2,7837670699.30883,162.5,0.625039071798589,-1.31400845015885,0.0291004222157324,1.5656637497592,0.16671156773752,55,1.11706966752508,0.805795434832961,-0.581581761595171,0.951511773058392,0.156308171016363,0.127272727272727,0.636363636363636,0.236363636363636,2019,309,18205,-0.823547234955601,0.567247698802723,surface,2.64279714285714,,0.460220221428572,,24.7041192857143,,24.2450671428571,,24.3840421428571,,0.460338921428571,,0.460338921428571,,2.64279714285714,,0.460220221428572,,24.7041192857143,,24.2450671428571,,24.3840421428571,,0.460338921428571,,0.460338921428571,,2.64279714285714,,0.460220221428572,,24.7041192857143,,24.2450671428571,,24.3840421428571,,0.460338921428571,,0.460338921428571,,20.7252307692308,22.76,13,3.12507692307692,3.416,13,0.264701829230769,0.09231464,13,2.39709120515385,2.586795035,13,0.373597310769231,0,13,2.351075,5.164,14,0.4235,0.8184,14,4.61842,4.414,14,0.31197,0.3618,14,,,,,,,,,,12.7021138998561,13.9332318399304,13,,,,,,,,,,,,,,,,,,,,,,,,,,,,4
37,37,3,control,2019-12-17,10,2,9407977703.20454,596.5,0.592178099160952,-0.989296434881053,0.0284221670221884,1.32523340463313,0.170216642066799,332,1.36913708406038,0.850692700527794,-0.690188507669201,1.07115991110181,0.163599243251485,0.216867469879518,0.542168674698795,0.240963855421687,2019,351,18247,-0.242686844582595,0.970104682736117,surface,1.90769421713251,0.251821321859978,0.471973674249482,0.00417706090423118,23.2032126164596,0.228149343490611,23.5569272722567,0.091182764701609,23.7578701397516,0.0483865486790827,0.466150897851967,0.00179747113049225,0.466150897851967,0.00179747113049225,2.41536031797399,0.474180428615971,0.457426679636254,0.0126888382041632,23.3257267799227,0.459884686925796,23.7465316398488,0.249649890429909,23.9458834807877,0.197057078123324,0.455367850103253,0.0102072296372877,0.455367850103253,0.0102072296372877,2.47502107272257,0.428558306284837,0.454056410165945,0.0143526772257001,23.5302848269356,0.570708081114408,23.9314131400186,0.37216459376089,24.1162999803203,0.31840073337748,0.45411823830107,0.0103120762493683,0.45411823830107,0.0103120762493683,21.0604615384615,22.76,55,3.85744615384615,3.416,55,0.225441186153846,0.09231464,55,3.26981519738462,2.586795035,55,0.233816916923077,0,55,1.8094,5.164,56,0.9630375,0.8184,56,4.19689090909091,4.414,56,0.512254545454545,0.3618,56,,,,,,,,,,12.0827674866999,13.9332318399304,55,,,,,,,,,,,,,,,,,,,,,,,,,,,,5
38,38,3,control,2019-12-31,10,2,14066289414.5528,515,0.585179090405434,-0.917481449922955,0.0305427415500184,1.24262960739382,0.167383648662195,192,1.32632196139545,0.740234380883093,-0.6390764255372,1.03089882486971,0.164985989257553,0.171875,0.630208333333333,0.192708333333333,2019,365,18261,-0.00430059270298197,0.999990752408443,surface,2.17177058455433,0.238159396815762,0.468057945772283,0.00685010533807799,23.4847541224054,0.395013113650396,23.6841513369963,0.113719085746384,23.7826943040293,0.0655823444215352,0.46024876759768,0.00540726529858058,0.46024876759768,0.00540726529858058,2.2997454703936,0.441060543036391,0.466193714671745,0.00781855025867314,23.2979592876796,0.388668429531994,23.6380979949368,0.178000381568663,23.8000757868822,0.124303623964296,0.460891815549362,0.0056802250954214,0.460891815549362,0.0056802250954214,2.43717248922136,0.420230607808883,0.45759038624342,0.014151762605468,23.4653632850597,0.546156620700766,23.8460299818089,0.363012032230406,24.0239862374031,0.322685433080473,0.455779916654324,0.00963631967488277,0.455779916654324,0.00963631967488277,21.2783076923077,22.76,69,4.17206153846154,3.416,69,0.14069277,0.09231464,69,3.72848156315385,2.586795035,69,0.244185286153846,0,69,1.66271111111111,5.164,70,1.04101111111111,0.8184,70,3.8918,4.414,70,0.578733333333333,0.3618,70,,,,,,,,,,11.7442151897146,13.9332318399304,69,,,,,,,,,,,,,,,,,,,,,,,,,,,,3
39,39,3,control,2020-01-28,10,2,11929488456.7084,391,0.600285740108268,-1.06733572889366,0.0346223132919352,1.42644407133704,0.192757008785115,143,1.37015431660697,0.851324742645561,-0.649285432146859,1.08072346049486,0.181159998592894,0.223776223776224,0.594405594405594,0.181818181818182,2020,28,18289,0.463257922567492,0.88622350294858,surface,2.95632023966602,1.08609577051628,0.483943107303396,0.00414105317859444,22.4662420348258,0.297627887159567,22.8638548440008,0.109960650835691,23.0599959223492,0.055980796449811,0.463403329001423,0.00345509381909167,0.463403329001423,0.00345509381909167,2.03183871527029,0.798190396204467,0.480395241567075,0.00568903941994005,22.5953372556723,0.517536788468175,23.07056274836,0.350126045536193,23.308786893921,0.302990288511033,0.463537102700475,0.00455331864907562,0.463537102700475,0.00455331864907562,2.30306722659286,0.610410129652585,0.465204602798673,0.0162355167009509,23.1612207098263,0.683625794932029,23.5783920950656,0.520459967114075,23.7780790570542,0.469866857830066,0.458274406091891,0.00903901083561459,0.458274406091891,0.00903901083561459,20.0083076923077,22.76,97,4.19364615384615,3.416,97,0.0829309176923077,0.09231464,97,4.06301730484615,2.586795035,97,0.159134455384615,0,97,1.45452,5.164,98,1.11002,0.8184,98,1.75576666666667,4.414,98,0.766875,0.3618,98,,,,,,,,,,11.9795443043798,13.9332318399304,97,,,,,,,,,,,,,,,,,,,,,,,,,,,,1
40,40,3,control,2020-03-10,10,2,8222528719.07481,446,0.597803679183357,-1.04496628975163,0.0287905577215782,1.33697194069106,0.156564607434797,172,1.37317223515227,0.853199880867413,-0.653666251201886,1.05920217567692,0.166456783176818,0.186046511627907,0.581395348837209,0.232558139534884,2020,70,18331,0.933541891117921,0.358468321512481,surface,2.06693293333333,0.476575245856254,0.471114964,0.0108393715902847,22.3323868833333,0.197442426068491,22.67814275,0.080532695712371,22.8407660166667,0.0370659859253664,0.4539370575,0.00997716172087531,0.4539370575,0.00997716172087531,1.88367120718375,1.10608911563908,0.471965175238415,0.0104314306824967,22.2426728886205,0.400111363463353,22.6887712597066,0.193261675003705,22.8909355691537,0.161604870644494,0.453590499473072,0.0086004309327695,0.453590499473072,0.0086004309327695,2.1366950450228,0.877048538040289,0.473977006331886,0.00928364241972285,22.5971604407747,0.559089087174597,23.0189716584435,0.405531017812996,23.2241613203439,0.376562528207753,0.458511002570881,0.00822892101243179,0.458511002570881,0.00822892101243179,21.1235,22.76,139,5.01818333333333,3.416,139,0.0728307023076923,0.09231464,139,4.54799018884615,2.586795035,139,0.544689276923077,0,139,1.3033,5.164,140,1.09645,0.8184,140,1.18225,4.414,140,1.00043333333333,0.3618,140,,,,,,,,,,13.3406916050457,13.9332318399304,139,,,,,,,,,,,,,,,,,,,,,,,,,,,,2
41,41,3,control,2021-12-15,10,3,6773733162.22577,374.333333333333,0.606134660725233,-1.12661905264278,0.0277151183268187,1.4302574697792,0.164883614573192,276,1.39548328846745,0.867062517718952,-0.776997867971875,1.13119759115065,0.144628004588314,0.27536231884058,0.438405797101449,0.286231884057971,2021,349,18976,-0.27591294500296,0.961182629254084,surface,2.47321806704261,0.19778100982238,0.424340367606516,0.00672873900785019,23.1129427005013,0.307690798139328,23.4722056234336,0.102618429493673,23.5798631798246,0.0536476784904146,0.456140485181704,0.00399036862974789,0.456140485181704,0.00399036862974789,2.55737406477051,0.240353058938708,0.422257994880826,0.00717411572867564,23.0763786534202,0.288086679573296,23.4649741212564,0.0906251980931429,23.5881897332979,0.0496668227395721,0.454963318020113,0.00417122492933964,0.454963318020113,0.00417122492933964,2.55737406477051,0.240353058938708,0.422257994880826,0.00717411572867564,23.0763786534202,0.288086679573296,23.4649741212564,0.0906251980931429,23.5881897332979,0.0496668227395721,0.454963318020113,0.00417122492933964,0.454963318020113,0.00417122492933964,10.2618181818182,5.158,14,1.98587272727273,0.8126,14,0.0371818181818182,0.013,14,1.39185484327273,0.474817976,14,0.0407272727272727,0.049,14,1.45001818181818,0.9619,43,1.08763636363636,1.288,43,1.480125,1.572,43,0.357833333333333,0.4164,43,,,,,,,,,,15.813930387794,16.073347107438,84,,,,,,,,,,,,,,,,,,,,,,,,,,,,4
42,42,3,control,2022-09-08,10,2,10035127739.3258,297.5,0.594017256014828,-1.01022271890412,0.0381250697451892,1.40799469619457,0.212393865010254,101,1.4213298899336,0.883121914149513,-0.634009004828006,1.05913272912077,0.176968983500091,0.207920792079208,0.594059405940594,0.198019801980198,2022,251,19243,-0.923157872964704,-0.384421047268855,surface,,,,,,,,,,,,,,,,,,,,,,,,,,,,,3.16790265432099,0.52817137535601,0.317125046388889,0.0595266171340202,25.2847241944444,0.523547040591339,25.0255703858025,0.0962198198172266,16.5405333333333,12.4054,0.356408981851852,0.0262279277248658,0.356408981851852,0.0262279277248658,13.3086153846154,6.95,2,3.73146153846154,2.995,2,,0.018,184,,2.774190309,184,,0.057,184,2.29422857142857,1.137,0,0.678342857142857,0.8459,0,1.90153333333333,2.413,0,0.495933333333333,0.7648,0,,,,,,,,,,23.8889368705457,11.9805010330579,185,,,,,,,,,,,,,,,,,,,,,,,,,,,,1
43,43,3,control,2022-11-16,10,2,8256594711.75624,623.5,0.580907255985676,-0.87564154256939,0.0247987794638701,1.21015289839864,0.164884249192971,407,1.40956721489222,0.875813353222429,-0.740700273232085,1.12343255459232,0.161952742345003,0.255528255528256,0.44963144963145,0.294840294840295,2022,320,19312,-0.702147949404698,0.712031078778713,surface,,,,,,,,,,,,,,,,,,,,,,,,,,,,,,,,,,,,,,,,,,,10.5180769230769,7.355,1,3.52221538461538,0.646,1,,0.018,253,,2.774190309,253,,0.057,253,2.16082222222222,0.4248,0,0.850077777777778,1.091,0,1.79406666666667,0.7992,0,0.5468,0.2966,0,,,,,,,,,,20.8200410202504,11.9805010330579,254,,,,,,,,,,,,,,,,,,,,,,,,,,,,1
44,44,3,control,2023-05-30,10,2,16481951007.9446,410,0.59027410533056,-0.98000158384851,0.0278123981158466,1.29076972962608,0.132343395874701,180,1.32730315100251,0.824699816468911,-0.616872297119507,1.05076614346713,0.142933814376134,0.138888888888889,0.605555555555556,0.255555555555556,2023,150,19507,0.53222713884744,-0.846601602097627,surface,,,,,,,,,,,,,,,3.58870465314338,0.926694062269241,0.427055154691009,0.0167154507311251,24.462544275825,0.400434940501458,24.2345074864562,0.183141705263071,24.0001236684312,0.198385473875297,0.429921176169615,0.010736814295008,0.429921176169615,0.010736814295008,2.67992653557174,0.790201287356034,0.390029187769352,0.0516316247394824,22.8745511653034,1.24054380722603,22.9234312506115,0.978510548440783,22.8761497188291,0.826464292909417,0.402444685417239,0.0328675954192332,0.402444685417239,0.0328675954192332,14.23,8.459,0,4.36605384615385,2.157,0,,,,,,,,,,1.39636,2.652,138,1.3558,1.331,138,0,0.7992,195,0.02662,0.2966,195,,,,,,,,,,18.5211379529561,24.5637913223141,168,,,,,,,,,,,,,,,,,,,,,,,,,,,,1
45,45,3,control,2023-12-27,10,2,8032497947.29659,297,0.603165611672357,-1.09615828674203,0.0284062872603606,1.39332195514781,0.165056509092157,121,1.3753047189094,0.854524867523098,-0.640834740541875,1.01847710851511,0.152356408507488,0.165289256198347,0.56198347107438,0.272727272727273,2023,361,19718,-0.0730451882110474,0.997328632136475,surface,2.994147,0.0571087720757502,0.4530766675,0.0159711981280245,23.16929725,0.266883665976631,23.026962625,0.0235022848629919,23.347671875,0.106895983762398,0.43494214625,0.0173675095144649,0.43494214625,0.0173675095144649,2.73162021740363,0.340869775822166,0.448811295898526,0.00944641212130402,23.2529587723923,0.62296742627383,23.8168503392857,0.404325936275156,24.0268699101474,0.352218315615667,0.427603373545918,0.0158295837277659,0.427603373545918,0.0158295837277659,3.15849691306492,0.891447867037816,0.429667427827896,0.0303014073584785,24.7132144033811,1.11413083843956,25.0029418641967,0.867296497761759,25.0465649100512,0.740192121792981,0.422125324372307,0.0219122562296353,0.422125324372307,0.0219122562296353,8.04569230769231,8.188,0,1.64645384615385,1.039,0,,,,,,,,,,1.91581111111111,2.652,349,0.701444444444444,1.331,349,1.9147,1.6634,0,0.6045,0.4454,0,2625,2310,62,13.3385714285714,10.65,62,0.546557142857143,0.6373,62,17.7499309900626,13.0730888429752,43,,,,,,,,,,,,,,,,,,,,,,,,,,,,5
46,46,3,control,2024-04-16,10,3,13694220820.1118,420.666666666667,0.597834207557168,-1.04999289493926,0.0273499813625145,1.31264348274232,0.130984820619272,251,1.36848291854096,0.763764859091575,-0.747032284050099,1.08219744943518,0.127816570594021,0.191235059760956,0.537848605577689,0.266932270916335,2024,107,19829,0.963807423136731,-0.266599420679294,surface,,,,,,,,,,,,,,,,,,,,,,,,,,,,,,,,,,,,,,,,,,,19.0597692307692,9.248,0,1.74744615384615,1.4,0,,,,,,,,,,2.26102222222222,0.9611,0,0.440388888888889,0.137,0,1.9147,1.6634,111,0.6045,0.4454,111,2252.30769230769,1700,4,12.4392307692308,9.267,4,1.16016923076923,0.9311,4,16.397121030883,9.29080578512397,98,,,,,,,,,,,,,,,,,,,,,,,,,,,,5
47,47,3,control,2024-04-30,10,2,20398687059.3851,600,0.572996626944012,-0.808527904593544,0.0307699881225481,1.14627506176795,0.135022035898877,292,1.23627737703223,0.689979541486592,-0.534597316433,0.970763427348319,0.141865291925424,0.0856164383561644,0.633561643835616,0.277397260273973,2024,121,19843,0.872404056804961,-0.488785394288993,surface,,,,,,,,,,,,,,,,,,,,,,,,,,,,,,,,,,,,,,,,,,,19.186,6.454,0,1.7967,1.203,0,,,,,,,,,,2.31218888888889,1.232,0,0.448322222222222,0.277,0,1.7211,1.7788,0,0.475,0.5046,0,2528.46153846154,5900,5,11.9587692307692,4.404,5,1.1373,0.34,5,16.3551997245179,9.29080578512397,112,,,,,,,,,,,,,,,,,,,,,,,,,,,,1
48,48,4,warmed,2017-10-20,10,2,76223049945.0917,1490.5,0.542413868664079,-0.491667304858055,0.0371678640548326,1.16853740827536,0.331755681653446,731,1.03751621234722,0.579048823330185,-0.397183813183837,1.08202806243334,0.322274600854291,0.0478796169630643,0.351573187414501,0.578659370725034,2017,293,17459,-0.946713918146386,0.32207570102061,surface,,,,,,,,,,,,,,,,,,,,,,,,,,,,,17.1279607748231,4.24722785477212,0.315795362421154,0.0411543983767541,27.9224489454594,1.19408572797823,,,,,,,,,,,,,,,,,,,,,,,,3.6275,2.042,0,1.12325,1.873,0,1.5269,1.7152,0,0.49472,2.81,0,,,,,,,,,,31.9511019283747,33.5180785123967,59,648.492631846472,473.10971140514,29,1.72659297876866,0.127825423675203,29,5.766599021456,0.53255368727729,29,73.273880746889,47.3188947565926,29,0.0628105583682364,0,29,0.0670331091048558,0,29,4.45572769352432,0,29,0.0464441994731034,0,29,0.100978219608937,0,29,2
49,49,4,warmed,2017-12-06,10,2,104027611973.134,2333.5,0.525298662008608,-0.319622425812327,0.0413359083268725,1.19384889178763,0.424152999499227,1397,0.996762465777014,0.556303724297576,-0.253616689101179,1.10061968479502,0.387205972493032,0.0422333571939871,0.226198997852541,0.670722977809592,2017,340,17506,-0.420831008595656,0.907139053400504,surface,,,,,,,,,,,,,,,,,,,,,,,,,,,,,,,,,,,,,,,,,,,,,,,,,,,,,,,,,,2.662,2.952,0,1.22275,1.5928,0,1.5263,0.7832,0,1.000125,1.561,0,,,,,,,,,,28.9561377617598,1.23273705959113,1,537.210934778634,530.130552027448,31,3.17953270024461,2.64049840439697,31,4.93309926382475,0,31,62.7586204736569,47.3188947565926,31,0.0489353093263517,0,31,0.0835058783350334,0,31,0.638353628063524,0,31,0.00669047458120318,0,31,0.0159452052703689,0,31,1
50,50,4,warmed,2018-01-17,10,2,83059942216.066,1790.5,0.533240347158672,-0.399762830834294,0.0385063960931446,1.12758754538747,0.349096027851577,878,1.01759403368538,0.56793004371496,-0.329805262203309,1.05658320961457,0.339305156188006,0.0273348519362187,0.345102505694761,0.593394077448747,2018,17,17548,0.288290640709518,0.957542952811672,surface,,,,,,,,,,,,,,,,,,,,,,,,,,,,,,,,,,,,,,,,,,,,,,,,,,,,,,,,,,2.7084,2.952,0,1.01636,0.3426,0,1.55602857142857,1.4556,0,1.46628571428571,0.7824,0,,,,,,,,,,19.2128895327161,1.39475723140496,1,541.440187062102,603.410744416604,28,2.44935369494912,1.32766717442246,28,0.846351887601546,0.296633410291316,28,56.4274152952126,49.3699297875479,28,0.195132963967997,0.678303841367723,28,0.0835058783350334,0,28,0,0,28,0,0,28,0,0,28,1
51,51,4,warmed,2018-01-30,10,2,97364009061.3555,2403,0.52965717939402,-0.365482263078178,0.042738309255992,1.23874336371956,0.422876456015844,1335,1.0534548876455,0.587944367387301,-0.361804217769494,1.17957785441456,0.371667772954534,0.106367041198502,0.173033707865169,0.680149812734082,2018,30,17561,0.493468141677237,0.869763872065065,surface,,,,,,,,,,,,,,,,,,,,,,,,,,,,,,,,,,,,,,,,,,,22.08,22.08,0,2.214,2.214,0,0.60574871,0.60574871,0,0.16329438,0.16329438,0,0.732543955,0.732543955,0,2.731,2.952,13,0.925966666666667,0.3426,13,1.527925,1.4556,13,1.33005,0.7824,13,,,,,,,,,,15.0180263601743,1.39475723140496,14,550.236605261752,623.35981168768,12,2.55455635967046,2.42160823023439,12,0.417226093016487,0.190949362509921,12,53.4151973416034,55.4179311331716,12,0.195132963967997,0,12,0.0835058783350334,0,12,0,0,12,0,0,12,0,0,12,1
52,52,4,warmed,2018-02-13,10,2,83711515488.2296,2390.5,0.534159024714743,-0.409845404862114,0.039027544864835,1.16160216509404,0.362802473872568,1246,1.11010233734179,0.619559911029829,-0.355446873040486,1.09391728698471,0.338738587766987,0.07223113964687,0.316211878009631,0.581861958266453,2018,44,17575,0.686675980345155,0.726963615332308,surface,,,,,,,,,,,,,,,,,,,,,,,,,,,,,,,,,,,,,,,,,,,20.555,19.03,0,2.166,2.118,0,0.327004585,0.04826046,0,0.14174922,0.12020406,0,0.9754550025,1.21836605,0,2.69571428571429,2.952,27,0.842771428571429,0.3426,27,1.5445,1.4556,27,1.40955,0.7824,27,,,,,,,,,,6.64874507327942,1.39475723140496,28,551.954704786918,560.567552401508,13,3.6276590504332,11.3457136352171,13,1.56266694551004,11.4544085249355,13,52.6869413388597,60.9963319809025,13,0.308537901495243,1.13404937527246,13,0.0164727692301776,0,13,0,0,13,0,0,13,0,0,13,2
53,53,4,warmed,2018-02-27,10,2,81797759918.4402,2097,0.5338911038457,-0.407796888704723,0.041208538116974,1.21214187506648,0.389495525375102,1132,1.09264427092566,0.609816378643949,-0.367675801311078,1.13532902841995,0.351180040465763,0.0918727915194346,0.25,0.629858657243816,2018,58,17589,0.840248069607847,0.542202159272985,surface,,,,,,,,,,,,,,,,,,,,,,,,,,,,,,,,,,,,,,,,,,,19.5086666666667,17.416,0,1.91533333333333,1.414,0,0.237304223333333,0.0579035,0,1.31493448,3.661305,0,0.807427695,0.47137308,0,2.624,2.952,41,0.7736,0.3426,41,1.502075,1.4556,41,1.410475,0.7824,41,,,,,,,,,,2.19021496702204,1.39475723140496,42,570.222052439817,583.030693059164,12,5.04216411093291,2.96993304241651,12,1.25128801326125,0.0334097878209754,12,59.3939461862115,83.2754293360453,12,1.24522198447073,2.89619206220749,12,0.0598263362685676,0,12,0,0,12,0,0,12,0,0,12,4
54,54,4,warmed,2018-05-09,10,2,75481611868.2909,2303,0.53043774013365,-0.37148261475739,0.0420949025039447,1.20200792125084,0.403885049277249,1227,1.16423621997923,0.649772606186265,-0.253833433890426,1.08801011828381,0.390970258063096,0.0668296658516707,0.248573757131214,0.603096984515077,2018,129,17660,0.797101592787194,-0.603845220877104,surface,,,,,,,,,,,,,,,,,,,,,,,,,,,,,,,,,,,,,,,,,,,16.60975,12.988,1,1.79585,0.8904,1,0.18650247875,0.08261379,1,1.94894569875,0.19150828,1,0.605847435375,0,1,2.93111111111111,2.292,0,0.582511111111111,0.2318,0,1.28783636363636,0.752,0,0.905563636363636,0.0634,0,,,,,,,,,,2.52556498306864,1.39475723140496,113,635.258771997472,762.068524757555,7,5.47195284087404,2.80047026946184,7,1.19464374032393,0.0246823636481368,7,75.7556709040771,93.1100523680708,7,1.5477470231438,0.87142785586858,7,0.36100605497402,0.155035826063219,7,0,0,7,0,0,7,0,0,7,1
55,55,4,warmed,2018-05-22,10,3,75168444595.8078,2216,0.535995041987773,-0.427894710007129,0.0391556306852646,1.18347980774093,0.366068264205242,1382,1.21183139151699,0.676335977194015,-0.363739031019671,1.10780137224618,0.338596708386893,0.0984081041968162,0.287988422575977,0.573082489146165,2018,142,17673,0.643336520404492,-0.765583517007675,surface,,,,,,,,,,,,,,,,,,,,,,,,,,,,,,,,,,,,,,,,,,,16.1557777777778,12.524,0,1.68942222222222,0.838,0,0.18808454,0.20074103,0,1.73239617666667,0,0,0.538531053666667,0,0,2.83784444444444,2.292,13,0.515777777777778,0.2318,13,1.14172727272727,0.752,13,0.668027272727273,0.0634,13,,,,,,,,,,2.51696303586501,1.39475723140496,126,646.314800344644,664.939849281461,6,5.9867676224555,8.23770281266787,6,1.17164538580068,0.448674976309975,6,79.6850837387411,95.8276383253212,6,1.55883370574235,0.411272461282761,6,0.36100605497402,0,6,0,0,6,0,0,6,0,0,6,2
56,56,4,warmed,2018-10-23,10,2,86783732440.7394,3359,0.529040500555198,-0.357573375785225,0.0406036211010107,1.17993430319123,0.396480484018853,1927,1.16927106434042,0.652582606327274,-0.286700411796047,1.11563244459288,0.374426115237001,0.101193565127141,0.223663725998962,0.615983393876492,2018,296,17827,-0.928839430255807,0.370482540482096,surface,5.8248855836465,2.32896083377049,0.430284578080363,0.0099858414405043,25.5153390095169,0.35190021524162,26.1045665544044,0.0889775923522441,26.0763847306749,0.0535119330277186,0.436488955521774,0.00634537488294535,0.436488955521774,0.00634537488294535,7.00086469899232,2.19976762964725,0.424527442681555,0.0119396009025926,25.7029575632738,0.405346472523547,26.1990119432583,0.132576232466792,26.1582219341781,0.0889260537437425,0.439814306627422,0.00809006237083302,0.439814306627422,0.00809006237083302,7.00086469899232,2.19976762964725,0.424527442681555,0.0119396009025926,25.7029575632738,0.405346472523547,26.1990119432583,0.132576232466792,26.1582219341781,0.0889260537437425,0.439814306627422,0.00809006237083302,0.439814306627422,0.00809006237083302,13.3101538461538,11.916,42,1.02083076923077,0.9258,42,0.102367577692308,0.12985143,42,0.127623079153846,0.108138537,42,0.0730598076923077,0.10626,42,2.92855,2.292,167,0.28315,0.2318,167,5.84622222222222,0.752,167,0.259044444444444,0.0634,167,,,,,,,,,,6.87303983894893,7.58458161157025,97,762.61302323774,843.474692816626,118,8.52673788986829,2.30218451215513,118,1.40376900383348,0,118,97.7544518722548,102.612623266421,118,1.31851407095994,2.02575723997084,118,0.331599592408129,0,118,0,0,118,0,0,118,0,0,118,3
57,57,4,warmed,2018-11-07,10,2,78714888561.8683,2061,0.537095902704551,-0.439254787704228,0.0393008188761122,1.19747007710039,0.37150385001987,1040,1.11670894710825,0.623247130145968,-0.342736628912428,1.11191257622022,0.361313849350207,0.0692307692307692,0.279807692307692,0.599038461538462,2018,311,17842,-0.803547648533912,0.595240435904367,surface,9.77317017598344,1.88053650489782,0.429166741459627,0.0225340038254378,24.5390898498965,0.426630516455815,25.2590059886128,0.199644112423465,25.4067961982402,0.144025766443509,0.43084355007764,0.0247866567767025,0.43084355007764,0.0247866567767025,8.50787437621113,2.93041090154946,0.427570973719246,0.0153301069933529,25.1760956267034,0.634829188921702,25.8324311648319,0.455175422347076,25.8747475186601,0.356864222084705,0.435062571062819,0.0165176678203897,0.435062571062819,0.0165176678203897,7.91703453990464,2.6146221307688,0.423989404746816,0.0148017833021012,25.3917474432772,0.654682090045658,25.9634064292393,0.420820212116085,25.9740428655988,0.326774122733046,0.436010219741768,0.0144163632429902,0.436010219741768,0.0144163632429902,13.3444615384615,11.916,57,1.03375384615385,0.9258,57,0.09814192,0.12985143,57,0.125086786692308,0.108138537,57,0.0785213461538462,0.10626,57,2.9453,2.292,182,0.32515,0.2318,182,5.88822222222222,0.752,182,0.270444444444444,0.0634,182,,,,,,,,,,7.30632814155541,7.58458161157025,112,762.749147857787,843.474692816626,133,9.9583047949699,2.30218451215513,133,1.74854066387982,0,133,98.9155517483009,102.612623266421,133,1.43028562473278,2.02575723997084,133,0.375740533994357,0,133,0,0,133,0,0,133,0,0,133,3
58,58,4,warmed,2019-11-05,10,2,81735158433.3019,2553.5,0.526022698782523,-0.327014607822193,0.0416503056646782,1.19339461167465,0.421107424055362,1490,1.07861492892114,0.601986453787705,-0.254367417387892,1.11446601459512,0.395190418816446,0.0711409395973154,0.209395973154362,0.650335570469799,2019,309,18205,-0.823547234955601,0.567247698802723,surface,3.999835,,0.331836907142857,,25.6289771428571,,25.2298371428571,,25.3471871428572,,0.426165928571429,,0.426165928571429,,3.999835,,0.331836907142857,,25.6289771428571,,25.2298371428571,,25.3471871428572,,0.426165928571429,,0.426165928571429,,3.999835,,0.331836907142857,,25.6289771428571,,25.2298371428571,,25.3471871428572,,0.426165928571429,,0.426165928571429,,28.2861538461538,17.644,13,3.72876923076923,1.9062,13,0.367626903846154,0.14419892,13,1.72132161469231,0.636237544,13,0.704858095384615,0.29982024,13,9.584,5.444,28,1.06855,0.6652,28,2.308675,1.2586,40,0.28335,0.5198,40,,,,,,,,,,12.7021138998561,15.6083419421488,222,,,,,,,,,,,,,,,,,,,,,,,,,,,,1
59,59,4,warmed,2019-12-17,10,2,70878528923.8483,2528.5,0.529988236079331,-0.366280409600489,0.040173455111151,1.16602091117206,0.390533195149473,1382,1.19495909449452,0.66691936893145,-0.254666395325811,1.08819087488073,0.388675794177611,0.0817655571635311,0.243849493487699,0.597684515195369,2019,351,18247,-0.242686844582595,0.970104682736117,surface,3.34118267857143,0.161515187907213,0.330796519642857,0.0255403538882584,24.7071523809524,0.251584369607894,25.2015166071429,0.070900708761749,25.3159420238095,0.0404070832656103,0.414542767857143,0.0258254982754667,0.414542767857143,0.0258254982754667,4.23767654229895,0.946922690785057,0.286771163209648,0.0551994010737428,24.8274494751421,0.543887504603222,25.2388693850526,0.210655659978282,25.3569623896277,0.139790517526367,0.398116462383916,0.0271234047153863,0.398116462383916,0.0271234047153863,4.49256676822003,0.95273989254188,0.287239418713963,0.0512973725338631,24.9176609361818,0.515305924849261,25.3133621355463,0.226322376992868,25.4192285985462,0.162933426883598,0.398261128220807,0.024323022192606,0.398261128220807,0.024323022192606,22.8798461538462,17.644,55,3.12224615384615,1.9062,55,0.233218048461538,0.14419892,55,1.34333648376923,0.636237544,55,0.724600966153846,0.29982024,55,8.248,5.444,70,1.011,0.6652,70,0.96955,1.2586,82,0.2367,0.5198,82,,,,,,,,,,12.0827674866999,15.6083419421488,264,,,,,,,,,,,,,,,,,,,,,,,,,,,,1
60,60,4,warmed,2019-12-31,10,2,84433257307.6714,3778.5,0.528753388275015,-0.354019792394479,0.0393145443817006,1.13399745938837,0.372621633874637,2125,1.24178089091868,0.693051111069988,-0.268662448309494,1.09726097913108,0.374048876519972,0.107294117647059,0.241411764705882,0.587294117647059,2019,365,18261,-0.00430059270298197,0.999990752408443,surface,3.42708475,0.400812261518716,0.314521679880952,0.0177925176537275,25.4918093174603,0.589119681258578,25.2891524484127,0.176033006161371,25.3455058769841,0.0694838570073375,0.410746761825397,0.011375824970904,0.410746761825397,0.011375824970904,3.66578813529412,0.45155347104423,0.312884508826797,0.0259199347160348,25.006105308878,0.530609582905123,25.2605185427015,0.157697019350222,25.3461604889434,0.103357107424645,0.409420502832789,0.0164166490984235,0.409420502832789,0.0164166490984235,4.26840079883265,0.935515251514551,0.293963649000592,0.0464553315040848,24.9735570332404,0.53817705982552,25.2988146236967,0.207942275709533,25.4006431878896,0.147384497615164,0.401430743136359,0.0222464393313219,0.401430743136359,0.0222464393313219,20.3804615384615,17.644,69,2.67807692307692,1.9062,69,0.140789341538462,0.14419892,69,1.31805389153846,0.636237544,69,0.509072861538462,0.29982024,69,7.23133333333333,5.444,84,1.0373,0.6652,84,0.941111111111111,1.2586,96,0.233666666666667,0.5198,96,,,,,,,,,,11.7442151897146,15.6083419421488,278,,,,,,,,,,,,,,,,,,,,,,,,,,,,3
61,61,4,warmed,2020-01-28,10,2,122068599730.448,5576.5,0.508084568211448,-0.142751849367227,0.0436098293268251,1.13027846217376,0.477005527038415,3580,1.21688901953209,0.679158693134388,-0.163040391440619,1.06182819710299,0.401814037946551,0.0812849162011173,0.203351955307263,0.633240223463687,2020,28,18289,0.463257922567492,0.88622350294858,surface,2.55032827355072,0.339505670446988,0.357146804632505,0.0210080205448638,24.4322753804348,0.188692066253628,24.6856882427536,0.0858632219430868,24.7922089518634,0.0475804666745369,0.434786340916149,0.00904881412809503,0.434786340916149,0.00904881412809503,2.80960167100197,0.401954478191017,0.341407881105379,0.0231545215813014,24.5193862189253,0.683839201115257,24.8863928244696,0.369136299202149,25.0293689168097,0.308720551745906,0.42431471910217,0.0154652219788847,0.42431471910217,0.0154652219788847,3.78147346859043,1.06101560538477,0.309928936190531,0.0462709797572391,24.7947995681859,0.61659256173499,25.15117812688,0.337966107930032,25.2702231819294,0.281650388724343,0.409152291403972,0.0230572373155268,0.409152291403972,0.0230572373155268,17.3587692307692,17.644,97,1.9342,1.9062,97,0.118404098461538,0.14419892,97,0.751762803923077,0.636237544,97,0.149885861538462,0.29982024,97,6.21815,5.444,112,0.984275,0.6652,112,0.8939,1.2586,124,0.2141,0.5198,124,,,,,,,,,,11.9795443043798,15.6083419421488,306,,,,,,,,,,,,,,,,,,,,,,,,,,,,3
62,62,4,warmed,2020-03-10,10,2,105604192640.03,7220.5,0.519168025234809,-0.255963142023956,0.0399791036978698,1.09529122110423,0.399976625731701,4770,1.34782526542781,0.752235603369513,-0.222981209146539,1.04784123914466,0.365497791227899,0.10062893081761,0.272955974842767,0.556603773584906,2020,70,18331,0.933541891117921,0.358468321512481,surface,2.86680739166667,0.860724227107573,0.262244331166667,0.0769696412482622,23.7730132666667,0.520906501608802,24.1838489583333,0.338971082161395,24.385662375,0.257117727887866,0.39199667625,0.0357335625147985,0.39199667625,0.0357335625147985,3.3611048270202,0.666727472048447,0.235195713080808,0.0563790562995663,24.1925259556678,0.458266598084613,24.5103679356061,0.270703641900509,24.6595298449776,0.218429841741915,0.367388754328002,0.0378742667349281,0.367388754328002,0.0378742667349281,3.22892152778941,0.59248512648376,0.294909136520877,0.0591929077914374,24.5253246394047,0.593960491190264,24.8174835030791,0.372971314848916,24.9468587837452,0.330584666026561,0.399968215063923,0.0345926551999708,0.399968215063923,0.0345926551999708,14.7786153846154,17.644,139,1.74716923076923,1.9062,139,0.0934881861538462,0.14419892,139,0.655191149076923,0.636237544,139,0.142300233846154,0.29982024,139,5.56168888888889,5.444,154,0.876088888888889,0.6652,154,0.742266666666667,1.2586,166,0.2126,0.5198,166,,,,,,,,,,13.3406916050457,15.6083419421488,348,,,,,,,,,,,,,,,,,,,,,,,,,,,,3
63,63,4,warmed,2021-12-15,10,3,23412300409.2734,480.333333333333,0.562312006285058,-0.695338015993181,0.0354425980787582,1.158101616461,0.209216640780082,198,1.25264749347551,0.699115877431467,-0.570658001656008,1.06540744405928,0.216801868058104,0.126262626262626,0.540404040404041,0.328282828282828,2021,349,18976,-0.27591294500296,0.961182629254084,surface,2.03255663847118,0.312694760036379,0.415416269392231,0.00666673443622746,25.2814108803258,0.594135272262568,25.5809826848371,0.24537744091651,25.674866660401,0.146329825989613,0.422655522399749,0.00595870611865276,0.422655522399749,0.00595870611865276,2.14463772277917,0.356984475187034,0.41080051389237,0.0109441294038909,25.2401045537455,0.522254935337137,25.5493479413812,0.221752599808977,25.6619864303119,0.129343375996492,0.420716811072821,0.00655412466458836,0.420716811072821,0.00655412466458836,2.14463772277917,0.356984475187034,0.41080051389237,0.0109441294038909,25.2401045537455,0.522254935337137,25.5493479413812,0.221752599808977,25.6619864303119,0.129343375996492,0.420716811072821,0.00655412466458836,0.420716811072821,0.00655412466458836,13.6425,8.756,14,1.40085,0.9568,14,0.0465,0.058,14,0.63975426575,0.53427065,14,0.0781666666666667,0.062,14,1.8982,1.004,43,1.21148571428571,1.497,43,1.69945714285714,3.146,57,0.560257142857143,0.66,57,,,,,,,,,,15.813930387794,16.073347107438,84,,,,,,,,,,,,,,,,,,,,,,,,,,,,3
64,64,4,warmed,2022-09-08,10,2,30070911705.5449,595,0.567462698820901,-0.745928093994736,0.0352204674015257,1.20503590933261,0.212395934458465,213,1.06460314794731,0.6614751272618,-0.551259436957311,1.03981538286093,0.215970235371011,0.0751173708920188,0.549295774647887,0.375586854460094,2022,251,19243,-0.923157872964704,-0.384421047268855,surface,,,,,,,,,,,,,,,,,,,,,,,,,,,,,2.74958038888889,0.0809431766155477,0.12528391375,0.0130409829081282,27.3452836111111,0.792333274175282,25.7598089027778,0.403277003314496,25.0835,0,0.265362285555556,0.011933016814751,0.265362285555556,0.011933016814751,12.0874615384615,14.26,2,2.44088461538462,2.955,2,,0.099,184,,1.218110302,184,,0.072,184,1.469,1.361,0,0.65415,0.8277,0,1.703,0.8234,0,0.88645,0.7199,0,,,,,,,,,,23.8889368705457,11.9805010330579,185,,,,,,,,,,,,,,,,,,,,,,,,,,,,4
65,65,4,warmed,2022-11-16,10,2,21713838338.8088,643,0.566190565893503,-0.732024653556595,0.0353063959533423,1.18895258001131,0.219582938298511,243,1.19985445660914,0.7455114902783,-0.478968382646196,1.0503445433786,0.258909988314364,0.0987654320987654,0.526748971193416,0.374485596707819,2022,320,19312,-0.702147949404698,0.712031078778713,surface,,,,,,,,,,,,,,,,,,,,,,,,,,,,,,,,,,,,,,,,,,,10.5893076923077,6.21,1,2.22733846153846,0.4399,1,,0.099,253,,1.218110302,253,,0.072,253,1.4522,1.2638,0,0.6652,0.7016,0,0.89676,0.7028,0,1.24318,2.612,0,,,,,,,,,,20.8200410202504,11.9805010330579,254,,,,,,,,,,,,,,,,,,,,,,,,,,,,3
66,66,4,warmed,2023-05-30,10,2,20553761284.4527,755,0.567087919003138,-0.740977198747113,0.0333846589075103,1.15974172159881,0.190013584625936,246,1.19694124492498,0.743701410087163,-0.571443510308798,1.03978719677717,0.20586013951361,0.0975609756097561,0.569105691056911,0.333333333333333,2023,150,19507,0.53222713884744,-0.846601602097627,surface,,,,,,,,,,,,,,,2.62494814896152,0.360013257072516,0.308025140061641,0.0368733651692786,24.6134033097356,0.387579371346737,24.4221829704185,0.183423905548092,24.5080648664204,0.177980105327847,0.397460019258972,0.0188658671047668,0.397460019258972,0.0188658671047668,2.1687293760355,0.429702288836059,0.224113092341979,0.0831830312996091,24.206090866386,0.936945112534323,23.8533746297288,0.54661273039345,24.05823072808,0.43558032359308,0.337474716069783,0.0594756289022749,0.337474716069783,0.0594756289022749,12.5175384615385,7.834,0,3.22161538461539,1.292,0,,,,,,,,,,0.584,1.2638,195,0.7821,0.7016,195,1.03995,0.801,138,1.241575,0.6183,138,,,,,,,,,,18.5211379529561,24.5637913223141,168,,,,,,,,,,,,,,,,,,,,,,,,,,,,5
67,67,4,warmed,2023-12-27,10,3,28698880660.1092,1086,0.567733153778224,-0.74654193935084,0.0336953765465912,1.17478939170867,0.202462780451976,534,1.33860261470407,0.831720568008478,-0.535307648133049,1.07513220457498,0.242508067712709,0.162921348314607,0.49438202247191,0.342696629213483,2023,361,19718,-0.0730451882110474,0.997328632136475,surface,,,,,,,,,,,,,,,,,,,,,,,,,,,,,2.656758406,0.37792189958523,0.315074068911111,0.0639943142557238,26.0367094666667,0.721184316451705,26.1611109022222,0.478114630329493,26.3714147766667,0.401581392756913,0.393807762322222,0.0331340541491008,0.393807762322222,0.0331340541491008,11.3591538461538,7.74,0,2.04433846153846,1.953,0,,,,,,,,,,2.4724,0.5738,0,0.968214285714286,0.6126,0,1.56942714285714,0.801,349,0.821014285714286,0.6183,349,6828.33333333333,4690,6,3.84783333333333,1.889,6,0.284383333333333,0.2911,6,17.7499309900626,15.4806301652893,1,,,,,,,,,,,,,,,,,,,,,,,,,,,,5
68,68,4,warmed,2024-04-16,10,3,19709021913.4281,554.666666666667,0.571924463909128,-0.788074574796189,0.0340978988853699,1.19242214916747,0.192333496023707,230,1.29307795750435,0.803434508106439,-0.514216594334392,1.03169804570472,0.227225781661129,0.126086956521739,0.569565217391304,0.304347826086957,2024,107,19829,0.963807423136731,-0.266599420679294,surface,,,,,,,,,,,,,,,,,,,,,,,,,,,,,,,,,,,,,,,,,,,8.29446153846154,8.918,0,1.65784615384615,0.998,0,,,,,,,,,,1.91235,0.9523,0,0.988116666666667,0.4537,0,1.86893333333333,0.8703,0,1.30811666666667,0.7665,0,4660.38461538462,1360,4,2.919,4.036,4,0.437946153846154,0.7228,4,16.397121030883,9.29080578512397,98,,,,,,,,,,,,,,,,,,,,,,,,,,,,1
69,69,4,warmed,2024-04-30,10,3,22109965959.1874,729,0.569649793739993,-0.76748756382769,0.0322563637737685,1.18435274271335,0.189250798652398,311,1.29984705963225,0.807640387734105,-0.579598478946774,1.06845422753518,0.212756967785091,0.141479099678457,0.517684887459807,0.340836012861736,2024,121,19843,0.872404056804961,-0.488785394288993,surface,,,,,,,,,,,,,,,,,,,,,,,,,,,,,,,,,,,,,,,,,,,8.25761538461538,7.395,0,1.69511538461538,1.033,0,,,,,,,,,,1.67915,0.7608,0,0.974966666666667,0.5509,0,1.80252,0.8703,14,1.4447,0.7665,14,4725,7320,5,2.59653846153846,1.212,5,0.429461538461538,0.2285,5,16.3551997245179,9.29080578512397,112,,,,,,,,,,,,,,,,,,,,,,,,,,,,3
70,70,5,control,2017-05-31,10,3,30637853204.4671,829.666666666667,0.549337439814555,-0.562424295249822,0.0375178309171056,1.16942282292516,0.291482439544352,461,1.12629355125047,0.628596399569029,-0.400810628031344,1.04875056352914,0.302624139036957,0.0433839479392625,0.418655097613883,0.522776572668113,2017,151,17317,0.517585510253189,-0.855631485848871,surface,14.4930356547619,1.54675937658895,0.203193998214286,0.0288751797798168,24.8087052976191,0.265948208045039,,,,,,,,,11.3011729221014,2.77685689070159,0.248940548843599,0.0440362079527542,24.4260463949275,0.641555939713306,,,,,,,,,9.00143873209606,3.37896799827363,0.223451859086768,0.0632282328035072,23.3729475602605,1.18300629908691,22.680863862593,0.373012859989446,22.775393885646,0.264562623132425,0.444214841725892,0.0179122923618417,0.444214841725892,0.0179122923618417,,,,,,,,,,,,,,,,1.69247142857143,0.9936,35,0.835264285714286,0.2004,35,1.65828,1.403,35,0.72224,0.4398,35,,,,,,,,,,28.6998966942149,39.84375,1,412.00424554969,477.487444538612,48,2.92781956186583,5.70927989695173,48,0.708048821135411,1.36735143023175,48,548.360335989074,541.042563687737,48,0.13677833628833,0.00395553644843803,48,0.131090581926661,0.179467716281392,48,12.6585884533393,12.6585884533393,48,0,0,48,0,0,48,1
71,71,5,control,2018-10-10,10,2,28944989406.1396,321,0.59882650330211,-1.05476644617792,0.0334164489414127,1.4590628329458,0.204317733306894,151,1.0032350211508,0.7236810949302,-0.467919180870329,1.05206717756322,0.277329280232401,0.033112582781457,0.456953642384106,0.509933774834437,2018,283,17814,-0.987872659635043,0.155266249859996,surface,5.1424057444543,0.848156108973389,0.45525250416297,0.00640934793545504,25.1607215216159,0.339548463348633,25.3491523183476,0.15821906575412,25.4415148931529,0.0639848916299721,0.472317011690328,0.00355935525845198,0.472317011690328,0.00355935525845198,5.53326563167332,1.26933238634623,0.450199104106588,0.0115014371253676,25.1142494871631,0.340856573360946,25.4588476667966,0.22546554975262,25.5774780650477,0.178714219123327,0.470140543909817,0.00540950022805638,0.470140543909817,0.00540950022805638,5.53326563167332,1.26933238634623,0.450199104106588,0.0115014371253676,25.1142494871631,0.340856573360946,25.4588476667966,0.22546554975262,25.5774780650477,0.178714219123327,0.470140543909817,0.00540950022805638,0.470140543909817,0.00540950022805638,14.0883076923077,23.28,29,0.868012307692308,1.3724,29,0.0443911623076923,0.08650136,29,0.0774583171538462,0.012597712,29,0.0419314423076923,0,29,6.13636363636364,1.7392,154,0.267654545454545,0.169,154,1.32402,0.713,154,0.15526,0.1165,154,,,,,,,,,,6.49841697823262,7.58458161157025,84,3450.7702066607,3909.03062504058,105,16.1131339452443,23.0364764170682,105,2.17038796877445,1.91313120673883,105,335.852310149893,368.766426822281,105,1.97307957114192,0.943180698020289,105,0.157062058438544,0.0214259087813601,105,0,0,105,0,0,105,0,0,105,5
72,72,5,control,2018-10-23,10,3,50431119247.3083,1974.66666666667,0.553196774857477,-0.603886384847414,0.0345700150310974,1.15031204584485,0.250874127320251,1125,1.2744919007508,0.711307473262518,-0.509964138646522,1.09708293642184,0.258902817615776,0.129777777777778,0.376,0.486222222222222,2018,296,17827,-0.928839430255807,0.370482540482096,surface,5.83798428773683,1.52051838132584,0.460320371538398,0.00646018256644299,24.8779467380865,0.237274930839581,25.0970848502227,0.0688492179891031,25.1685083980331,0.0374675547941484,0.47142989879604,0.00342875487721793,0.47142989879604,0.00342875487721793,5.18971218731794,1.47677676866003,0.454288423193971,0.0107602530804456,24.9461025127419,0.340932291569705,25.2737610891022,0.268413680047134,25.3904127083508,0.249441866124156,0.470896947147273,0.00475752415190978,0.470896947147273,0.00475752415190978,5.18971218731794,1.47677676866003,0.454288423193971,0.0107602530804456,24.9461025127419,0.340932291569705,25.2737610891022,0.268413680047134,25.3904127083508,0.249441866124156,0.470896947147273,0.00475752415190978,0.470896947147273,0.00475752415190978,15.1846153846154,23.28,42,0.95332,1.3724,42,0.04606327,0.08650136,42,0.0685785711538462,0.012597712,42,0.0446476923076923,0,42,5.89543636363636,1.7392,167,0.275536363636364,0.169,167,1.36986,0.713,167,0.16553,0.1165,167,,,,,,,,,,6.87303983894893,7.58458161157025,97,3558.70561512934,3909.03062504058,118,19.1777623621285,23.0364764170682,118,1.26854289360215,1.91313120673883,118,344.437198380933,368.766426822281,118,2.2672661647403,0.943180698020289,118,0.188474470126252,0.0214259087813601,118,0,0,118,0,0,118,0,0,118,2
73,73,5,control,2019-09-10,10,4,76820687232.6093,2241.25,0.536499314520562,-0.432803416379262,0.0378151658681383,1.17977905664297,0.360281877437695,1570,1.22835412142772,0.685557488336829,-0.406934343554849,1.1110392469724,0.319374890382,0.108917197452229,0.294904458598726,0.564968152866242,2019,253,18149,-0.935834897334994,-0.352438710884603,surface,,,,,,,,,,,,,,,,,,,,,,,,,,,,,3.424191561206,0.577276938367795,0.415037882091097,0.0249257860559272,25.7054547826087,0.339950440949445,25.6028160828157,0.224007964018729,25.3594289787785,0.183470275584053,0.454592048938923,0.0146703280889111,0.454592048938923,0.0146703280889111,16.9898461538462,9.644,0,1.8592,0.8382,0,0.110518055384615,0.0285776,0,1.13503095238462,0.526267859,0,0.480252356923077,0,0,3.322,6.652,42,1.04972,2.286,42,3.1426,1.1048,42,0.14995,0.1265,42,,,,,,,,,,13.8561466942149,15.6083419421488,166,,,,,,,,,,,,,,,,,,,,,,,,,,,,5
74,74,5,control,2019-12-17,10,3,35838415580.5515,1050.33333333333,0.561071109930466,-0.678431275649455,0.0332049388950825,1.17233948495579,0.240759514774645,536,1.09208972004606,0.60950687790508,-0.448535268646629,1.03973666776068,0.276991310434168,0.0447761194029851,0.460820895522388,0.485074626865672,2019,351,18247,-0.242686844582595,0.970104682736117,surface,2.02211175595238,0.616163917396042,0.438615863095238,0.00740776859327979,23.410345952381,0.171418973562118,23.7962729166667,0.0664168738403811,23.9601923809524,0.0443104431493286,0.477484643452381,0.00366233133930154,0.477484643452381,0.00366233133930154,2.68467762519841,0.61108865514617,0.414892227732804,0.0199355479345157,23.5856149013228,0.39909430164485,23.9831650099206,0.245216688793501,24.1392444822751,0.218661582298058,0.466096662481481,0.0100398748937852,0.466096662481481,0.0100398748937852,2.79123986484063,0.553146632842643,0.413585270635964,0.017800136582271,23.7977361558172,0.523070492161207,24.182509825449,0.383758145039905,24.3282104359101,0.348625061023656,0.464484710537179,0.00944544186889425,0.464484710537179,0.00944544186889425,16.8610769230769,15.81,55,1.81172307692308,1.1804,55,0.0832683323076923,0.02231204,55,1.17018133369231,0.537933585,55,0.592206470769231,0,55,3.55882857142857,6.652,140,0.803885714285714,2.286,140,1.91931111111111,1.1048,140,0.201333333333333,0.1265,140,,,,,,,,,,12.0827674866999,15.6083419421488,264,,,,,,,,,,,,,,,,,,,,,,,,,,,,3
75,75,5,control,2020-01-28,10,2,34010148261.5922,862,0.564314278857127,-0.710303624310925,0.0340524002359199,1.21947108652476,0.249866297631147,370,0.960237230468424,0.535918602334567,-0.409628099161373,1.05639285522614,0.308369530753758,0.0243243243243243,0.416216216216216,0.554054054054054,2020,28,18289,0.463257922567492,0.88622350294858,surface,1.46962876501035,0.258515721842957,0.455523719021739,0.00770110893499606,22.6320395056936,0.261906578136355,23.0615157194617,0.116155005180175,23.2208894435818,0.0627530793250968,0.476321492753623,0.00411073261010623,0.476321492753623,0.00411073261010623,1.87270915444481,0.397798848104096,0.449339449441193,0.00879169698751492,22.7967315133073,0.497516533099373,23.3018260704945,0.335688381966228,23.4987998943372,0.294976916091304,0.475498251581,0.00539978783908648,0.475498251581,0.00539978783908648,2.4633852720829,0.641738156378758,0.428681236278092,0.0214527851209765,23.3962068152212,0.671126583358707,23.8182291692579,0.527107973942305,23.9784142400892,0.48643147031829,0.469210976610795,0.00910341030922945,0.469210976610795,0.00910341030922945,15.8106153846154,15.81,97,1.69132307692308,1.1804,97,0.0479140069230769,0.02231204,97,1.07401195123077,0.537933585,97,0.802812683076923,0,97,2.327925,6.652,182,0.56835,2.286,182,1.75614,1.1048,182,0.2251,0.1265,182,,,,,,,,,,11.9795443043798,15.6083419421488,306,,,,,,,,,,,,,,,,,,,,,,,,,,,,1
76,76,5,control,2020-02-25,10,3,43633604455.2541,1337,0.55778357367231,-0.646242317990083,0.0341868252408307,1.19665398173546,0.265664174016677,732,1.20573252099459,0.672932132745505,-0.478440498841957,1.09625002533608,0.291750083726194,0.0846994535519126,0.370218579234973,0.523224043715847,2020,56,18317,0.821100117812889,0.570784194356904,surface,1.24025761309524,0.325614535723903,0.438036648809524,0.0164734848615625,22.2987066504329,0.370437923862927,22.9254630898268,0.23185810857919,23.1405946699134,0.183003804714415,0.47052370698052,0.00613309940791356,0.47052370698052,0.00613309940791356,1.33113696646825,0.356562137357905,0.435940882533644,0.0139312214270492,22.6112788266124,0.345087260134776,23.0523230636097,0.174149542510132,23.2053704717203,0.119646677157733,0.466751048873439,0.0068746462221186,0.466751048873439,0.0068746462221186,1.99788509248306,0.726188879196543,0.436191264404292,0.0160032893974193,22.9977111668511,0.551003654794662,23.4313296050342,0.41958279916945,23.5878535019344,0.386511659375309,0.470519413855011,0.00751062001284791,0.470519413855011,0.00751062001284791,15.1756923076923,15.81,125,1.72455384615385,1.1804,125,0.0511729376923077,0.02231204,125,1.14510261576923,0.537933585,125,0.58778432,0,125,2.26044444444444,6.652,210,0.523511111111111,2.286,210,1.66441818181818,1.1048,210,0.230427272727273,0.1265,210,,,,,,,,,,13.2610766177602,15.6083419421488,334,,,,,,,,,,,,,,,,,,,,,,,,,,,,1
77,77,5,control,2020-03-10,10,2,45613052023.6502,1543,0.550949447013731,-0.577998423609051,0.0357204806813027,1.16081146178913,0.279291938984384,695,1.1029263359039,0.615554908371196,-0.448661982010686,1.07558088733508,0.295983794420518,0.0503597122302158,0.384172661870504,0.545323741007194,2020,70,18331,0.933541891117921,0.358468321512481,surface,1.52916153768116,0.353140147091871,0.433007396753623,0.0201854235122163,22.6457645630435,0.29692563278962,23.0252501811594,0.107561657752359,23.1192958956522,0.0508102873542517,0.46723897976087,0.00815913650131786,0.46723897976087,0.00815913650131786,1.29578528858025,0.300221661236755,0.433797352190016,0.0153532926160487,22.5720752724955,0.335564264320308,23.0085804595472,0.184172232613422,23.149667246145,0.155277179526561,0.467394675551042,0.00691535558303216,0.467394675551042,0.00691535558303216,1.76575738601506,0.601625201562265,0.439072976569006,0.0133852687454716,22.8491987239381,0.500251881117564,23.2806408518262,0.37360649798606,23.4370273771846,0.354417049411613,0.470977078709649,0.00713605232598085,0.470977078709649,0.00713605232598085,16.0984615384615,15.81,139,1.77887692307692,1.1804,139,0.05761591,0.02231204,139,1.13169706415385,0.537933585,139,0.63678432,0,139,2.1566,6.652,224,0.494711111111111,2.286,224,1.66154545454545,1.1048,224,0.225836363636364,0.1265,224,,,,,,,,,,13.3406916050457,15.6083419421488,348,,,,,,,,,,,,,,,,,,,,,,,,,,,,2
78,78,5,control,2020-07-28,10,2,79943553161.552,2215.5,0.539611183432725,-0.463883640398828,0.0363920000751335,1.14612018242316,0.329445615886449,1079,1.07591235278769,0.600478117328562,-0.381151925975785,1.07028493421283,0.320320145627103,0.0491195551436515,0.342910101946247,0.575532900834106,2020,210,18471,-0.453703086031344,-0.891152910406309,surface,3.3038306547619,0.506131597445627,0.423435404761905,0.0143028487828497,25.71364625,0.282273645653464,25.7897726190476,0.115623286461456,25.6786560714286,0.0821392033559064,0.460225319642857,0.00659698193566141,0.460225319642857,0.00659698193566141,3.5593847962963,0.664230831558304,0.41390766337963,0.0176933724169794,25.698798162037,0.358315744719233,25.867969787037,0.188991600845805,25.7625201527778,0.120233154582431,0.457018172037037,0.010114903099157,0.457018172037037,0.010114903099157,2.85060209303371,1.10110039552284,0.428187467817093,0.0267468695126474,25.3435051663326,0.586178894854217,25.4623955298078,0.586034886955171,25.3386612563213,0.591104588587679,0.457818941782814,0.0100000571241691,0.457818941782814,0.0100000571241691,22.0598333333333,24.24,42,2.12031666666667,2.196,42,0.0657616183333333,0.058,42,0.974180542,1.427401982,42,0.456,0,42,1.8682,6.652,364,0.212275,2.286,364,1.27177777777778,1.1048,364,0.227333333333333,0.1265,364,,,,,,,,,,16.9446064551477,13.3606663223141,99,,,,,,,,,,,,,,,,,,,,,,,,,,,,2
79,79,5,control,2020-09-09,10,2,64809607434.8034,1859,0.541746788980132,-0.485135517789607,0.0359503575468163,1.14528750279995,0.317680670893555,886,1.09022638393258,0.608466930219312,-0.400050812785564,1.08313512470919,0.320029069690771,0.0586907449209932,0.347629796839729,0.564334085778781,2020,253,18514,-0.935834897334994,-0.352438710884603,surface,2.414659625,0.391058780440236,0.453386895238095,0.0112351423443014,25.767215,0.278405037035227,26.0139297619048,0.125338439473978,25.9896180357143,0.075332068349797,0.46763099702381,0.00507184554160834,0.46763099702381,0.00507184554160834,2.56009737125425,0.264857011667311,0.444837750029921,0.0142235735796322,25.892092522925,0.31967085738375,26.0307281559684,0.152117327795769,25.9433722208775,0.100102602786637,0.463028136038235,0.00588676330163646,0.463028136038235,0.00588676330163646,3.1004671782162,0.676736118265385,0.428309758737624,0.0212637507247359,25.7929120116289,0.356931206132185,25.9505016903267,0.180803810730664,25.8486185335936,0.134496040022335,0.459573230562151,0.00843559703356261,0.459573230562151,0.00843559703356261,23.2393333333333,24.24,85,2.09785,2.196,85,0.05533437,0.058,85,1.00630208075,1.427401982,85,0.2255,0,85,2.24106666666667,1.8782,349,0.518033333333333,0.6054,349,1.56974285714286,0.8526,85,0.2389,0.2738,85,,,,,,,,,,20.7633006198347,13.3606663223141,142,,,,,,,,,,,,,,,,,,,,,,,,,,,,2
80,80,5,control,2020-10-06,10,3,47266357061.0845,1414,0.553676400295321,-0.605173011881223,0.0344260188105076,1.16775562642459,0.269326980782341,746,1.15907860390783,0.646894085849142,-0.471651626426407,1.06438363599561,0.278319465239662,0.0670241286863271,0.412868632707775,0.506702412868633,2020,280,18541,-0.994566756970634,0.104100748935426,surface,1.63237938690476,0.111706728785517,0.461657027976191,0.00541362790942662,24.8495851190476,0.37296356526542,25.2988633333333,0.136300155761854,25.4056774404762,0.0950912362888832,0.47339857202381,0.00194114247567117,0.47339857202381,0.00194114247567117,2.17354028085389,0.508433122925988,0.44419278969671,0.0220501670329698,25.1953610144441,0.405951436836173,25.6313434309306,0.260977992466589,25.6860603490949,0.203370803044298,0.462196267236431,0.0107933147985194,0.462196267236431,0.0107933147985194,2.69669811929307,0.642847405168129,0.435859416989824,0.0202161772751246,25.5761205229369,0.474848309987799,25.8317279329633,0.264301569275897,25.7877914567322,0.183706699898616,0.461303135335537,0.00793145375738391,0.461303135335537,0.00793145375738391,24.2869230769231,24.24,112,2.16158461538462,2.196,112,0.0697959015384615,0.058,112,1.01264037130769,1.427401982,112,0.219076923076923,0,112,2.4652,3.1376,0,1.016425,2.5116,0,1.670575,0.8526,112,0.2886375,0.2738,112,,,,,,,,,,20.7265695578345,13.3606663223141,169,,,,,,,,,,,,,,,,,,,,,,,,,,,,1
81,81,5,control,2020-11-05,10,2,55924266591.5247,2784.5,0.543714160154499,-0.504839195564516,0.0336754114763095,1.06692817708958,0.262233785593926,1320,1.25286497328249,0.699237255222801,-0.443095078793492,1.05681739768027,0.280209502964677,0.0863636363636364,0.393181818181818,0.493939393939394,2020,310,18571,-0.813667830445599,0.581330079815204,surface,,,,,,,,,,,,,,,1.6582337303719,0.332829344068449,0.454099289152893,0.0133214910030769,24.8416361518595,0.378585929893886,25.1827282070707,0.140757019133565,25.1750913113276,0.117379720860589,0.46153346765873,0.00376983397014235,0.46153346765873,0.00376983397014235,2.20848531385643,0.562804991744851,0.445876027799948,0.0180745604772755,25.3525843639179,0.571011839792318,25.7603720556812,0.346633347742616,25.7391655276597,0.279000987573766,0.461714804171226,0.00829267180592367,0.461714804171226,0.00829267180592367,26.2249230769231,26.62,1,2.26984615384615,2.19,1,0.0819423215384615,0.165,1,1.01215314423077,0.093540122,1,0.233,0.342,1,2.0832,0.9306,0,0.993916666666667,1.3366,0,1.12862222222222,0.7406,0,0.215855555555556,0.2592,0,,,,,,,,,,20.4357088784421,13.3606663223141,199,,,,,,,,,,,,,,,,,,,,,,,,,,,,2
82,82,5,control,2021-02-09,10,3,44218984908.6843,1646.66666666667,0.547047677463244,-0.538469506257101,0.0331423735990998,1.06268785390396,0.237374678953278,1023,1.2842912066824,0.716776570035771,-0.486639518493949,1.06412179365715,0.261338605136796,0.105571847507331,0.434017595307918,0.447702834799609,2021,40,18667,0.635068313486744,0.772455977519174,surface,2.00278385843685,0.256904948933745,0.463025526423396,0.0105910228904727,22.0765638522257,0.194340336611055,22.637249681677,0.0442773351751743,22.8049480266563,0.0268876749933896,0.469442894241719,0.00456733092698957,0.469442894241719,0.00456733092698957,1.93896745187198,0.2839479535108,0.458987832705314,0.0133412647820171,22.0882509266304,0.393258565325302,22.6430827663044,0.173345005146357,22.8596079966787,0.133032844619928,0.463905432291667,0.00680526013155262,0.463905432291667,0.00680526013155262,1.69946064705083,0.502882178536996,0.462865890896221,0.0161443969736389,22.3722862322651,0.591471433263173,23.0051706907311,0.501351925899763,23.2745751693382,0.491742879125347,0.467210040647696,0.00667907441223652,0.467210040647696,0.00667907441223652,24.9781538461538,26.06,84,2.38184615384615,1.7986,84,0.0743846153846154,0.034,84,0.996618149153846,0.495595882,84,0.149230769230769,0,84,1.51867272727273,0.9306,96,1.25538181818182,1.3366,96,1.0616,0.7406,96,0.26286,0.2592,96,,,,,,,,,,16.262314091411,13.3606663223141,295,,,,,,,,,,,,,,,,,,,,,,,,,,,,4
83,83,5,control,2021-02-23,10,4,52802875491.3104,2198.5,0.544050389300951,-0.509071612458615,0.0340415503959299,1.07949515051789,0.264700679873978,1686,1.34367982167007,0.749921987156548,-0.476998850055294,1.07716268309619,0.268481897177113,0.129893238434164,0.392052194543298,0.459667852906287,2021,54,18681,0.800980330978291,0.598690662517721,surface,1.44604582359307,0.137886829470365,0.473263395227273,0.00748081266371255,21.9798841688312,0.161330433268299,22.4462279664502,0.0581310253031502,22.6591736807359,0.0267290542360492,0.468036680248918,0.00341608933630918,0.468036680248918,0.00341608933630918,1.74564028432148,0.292814213454388,0.466033437425011,0.0137298887153276,21.9099601632466,0.309286572944117,22.4888294306983,0.134880993216469,22.7241647305171,0.101888454750065,0.466845921849748,0.0070850201063264,0.466845921849748,0.0070850201063264,1.69849594545,0.470443206527236,0.464039812332137,0.0155350235483752,22.2459452114529,0.500196050088004,22.8709014574027,0.440830099717932,23.1399565367726,0.450822010147025,0.467281978171227,0.0063076635505864,0.467281978171227,0.0063076635505864,25.0282857142857,26.06,98,2.37985714285714,1.7986,98,0.0727142857142857,0.034,98,0.989213416785714,0.495595882,98,0.141,0,98,1.48921666666667,0.9306,110,1.24593333333333,1.3366,110,1.04829090909091,0.7406,110,0.258545454545455,0.2592,110,,,,,,,,,,15.856632639191,13.3606663223141,309,,,,,,,,,,,,,,,,,,,,,,,,,,,,2
84,84,5,control,2021-06-03,10,2,55200623634.8896,2166.5,0.552325286696878,-0.592128991470151,0.0324450471756914,1.09328718703911,0.23203585033794,996,1.19649700009267,0.667777690388408,-0.506229997455514,1.05897671218542,0.250271539820038,0.0803212851405623,0.427710843373494,0.482931726907631,2021,154,18781,0.472759209286278,-0.881191653407483,surface,1.37007537946429,0.0814513749681325,0.446308713541667,0.010601448989981,24.7670270386905,0.169751486722217,24.50120125,0.0572004671647505,24.4400047470238,0.0109780236848819,0.461475060267857,0.00659184750602288,0.461475060267857,0.00659184750602288,1.38458963575873,0.202746403633363,0.435433457659272,0.0215295246338291,24.545115787595,0.247126532345592,24.4339268955161,0.171168700120797,24.3006678459042,0.169008734960162,0.451030098443887,0.0148744211057049,0.451030098443887,0.0148744211057049,1.39393556091852,0.191333222509686,0.434699085000474,0.0203001187281663,24.3060025004883,0.691135079499215,24.2019989328822,0.647954788663378,24.0901108234996,0.5911017649516,0.451061170802753,0.0139067606560396,0.451061170802753,0.0139067606560396,22.5515384615385,16.41,1,2.51892307692308,2.03,1,0.0596666666666667,0.059,28,1.22326927683333,2.43869944,28,0.145583333333333,0,28,1.36471111111111,1.0728,0,1.57795555555556,2.16,0,1.17545454545455,2.282,0,0.268581818181818,0.3026,0,,,,,,,,,,15.5991636204704,29.084194214876,2,,,,,,,,,,,,,,,,,,,,,,,,,,,,3
85,85,5,control,2021-12-15,10,3,59874438614.1932,3505.66666666667,0.546042887904827,-0.530062103078038,0.0334459707096913,1.07826129746424,0.250585796127394,2342,1.37403805093085,0.76686523751027,-0.491220082567184,1.07049423378533,0.248623859693026,0.141759180187874,0.400939368061486,0.444918872758326,2021,349,18976,-0.27591294500296,0.961182629254084,surface,,,,,,,,,,,,,,,0.391225,2.94509267257416,0.4826833,0.00148492424049174,22.882065,1.04745848817507,23.561685,0.009920708140046,23.839235,0.0127349931291699,0.4733211,0.000595525331115321,0.4733211,0.000595525331115321,0.391225,2.94509267257416,0.4826833,0.00148492424049174,22.882065,1.04745848817507,23.561685,0.009920708140046,23.839235,0.0127349931291699,0.4733211,0.000595525331115321,0.4733211,0.000595525331115321,21.2006153846154,15.05,1,1.59390769230769,0.8944,1,0.0536923076923077,0.043,1,0.518460004615385,0.225625575,1,0.0268461538461538,0.06,1,2.33204,1.386,0,1.38328,0.3594,0,1.03051666666667,0.592,0,0.17395,0.0986,0,,,,,,,,,,15.813930387794,16.073347107438,84,,,,,,,,,,,,,,,,,,,,,,,,,,,,2
86,86,5,control,2022-08-23,10,2,44906172925.4707,2237,0.550798205991563,-0.576842382759933,0.0335865080146664,1.07571223847227,0.232944238184617,1008,1.22794260712164,0.68532781782963,-0.511347091731356,1.08030440424039,0.263515500172885,0.0972222222222222,0.393849206349206,0.498015873015873,2022,235,19227,-0.78393381668292,-0.620844401650647,surface,,,,,,,,,,,,,,,,,,,,,,,,,,,,,3.80555049958592,0.414501416155997,0.298167994469203,0.0880676889507764,24.9679028948844,0.428186547736127,24.9306243998016,0.240294386988037,15.42051875,11.7997700592864,0.386972473534075,0.0286146750072358,0.386972473534075,0.0286146750072358,11.3304166666667,15.43,14,1.43565833333333,2.255,14,0.181,0.884,182,1.19641811,1.274617123,182,0.076,0.336,182,2.87033333333333,1.277,0,1.27905,0.3705,0,1.39255,0.6553,0,0.175726666666667,0.2622,0,,,,,,,,,,23.2302631578947,16.073347107438,335,,,,,,,,,,,,,,,,,,,,,,,,,,,,4
87,87,5,control,2022-09-08,10,3,35930941162.1841,501.333333333333,0.549791391696594,-0.567395950344578,0.0355562014237581,1.1441042040217,0.272699550417579,294,0.939144401725649,0.524146470469198,-0.44151202287904,1.03816981089069,0.279864094070934,0.0204081632653061,0.45578231292517,0.520408163265306,2022,251,19243,-0.923157872964704,-0.384421047268855,surface,,,,,,,,,,,,,,,,,,,,,,,,,,,,,3.53672107712215,0.459441733960978,0.249399820976536,0.0220532623447822,24.9888850838701,0.434189305509671,25.0843867746914,0.0851152695232898,16.5924666666667,12.44435,0.364332446543977,0.0145762387058841,0.364332446543977,0.0145762387058841,10.1778461538462,5.972,2,1.28350769230769,0.6357,2,,0.884,198,,1.274617123,198,,0.336,198,2.92833333333333,1.494,0,1.37006666666667,0.8108,0,1.39638333333333,1.277,0,0.242675,0.5007,0,,,,,,,,,,23.8889368705457,16.073347107438,351,,,,,,,,,,,,,,,,,,,,,,,,,,,,4
88,88,5,control,2022-11-16,10,2,48236507040.2028,2450,0.550988710370112,-0.577515932786934,0.0327626186359504,1.08324802485431,0.237416326464756,1135,1.23305197663125,0.68817941124792,-0.479070082422155,1.03765422902685,0.252933280167026,0.0845814977973568,0.445814977973568,0.459911894273128,2022,320,19312,-0.702147949404698,0.712031078778713,surface,,,,,,,,,,,,,,,,,,,,,,,,,,,,,,,,,,,,,,,,,,,7.84784615384615,5.404,1,0.985269230769231,0.3313,1,,0.884,267,,1.274617123,267,,0.336,267,2.5238875,0.7201,0,1.4905125,0.443,0,1.02498888888889,0.4089,0,0.286722222222222,0.1765,0,,,,,,,,,,20.8200410202504,23.1126033057851,85,,,,,,,,,,,,,,,,,,,,,,,,,,,,3
89,89,6,warmed,2017-05-31,10,2,31561523662.0812,1337,0.55098983908556,-0.577917679855562,0.0365613246355502,1.14008015440705,0.262867789755309,645,1.24520835648764,0.694964016026164,-0.347294797075855,1.05120253119813,0.333415187018446,0.0573643410852713,0.365891472868217,0.513178294573643,2017,151,17317,0.517585510253189,-0.855631485848871,surface,31.7425255904318,5.34533434678642,0.226556169870674,0.055700112154484,28.3991130582668,0.672568546420528,,,,,,,,,39.3670742598529,13.5379049490257,0.29324042915463,0.0730988604985587,28.075859587696,1.12126695292165,,,,,,,,,35.8767705111466,12.8684097527844,0.278957819220155,0.0731074477293657,26.6314545833452,1.39954953715445,25.0125778208632,0.541028322276079,24.8540184705946,0.42482482270652,0.400006136505092,0.0243097461420627,0.400006136505092,0.0243097461420627,,,,,,,,,,,,,,,,1.64855,1.1888,15,0.27615,0.0874,15,0.974169230769231,0.956,15,0.152830769230769,0.132,15,,,,,,,,,,28.6998966942149,34.4134814049587,15,592.70836276442,487.82152772411,93,4.09847274789044,3.18781435702887,93,0.949795218752594,0.441590983932407,93,75.7719323204825,62.5140800334545,93,0.268475669332562,0.00990131452368855,93,0,0,93,0,0,93,0,0,93,0,0,93,4
90,90,6,warmed,2018-10-10,10,2,37448405259.9083,1632,0.561090795477621,-0.682880420057955,0.033422594276677,1.128306626142,0.199745095644452,721,1.23519208960085,0.689373831038275,-0.476308859996864,1.03268471197836,0.240306059878742,0.087378640776699,0.489597780859917,0.420249653259362,2018,283,17814,-0.987872659635043,0.155266249859996,surface,12.8088172681321,2.41023483145735,0.461070906131125,0.00687990827227723,26.12949124075,0.493982155578618,26.6201635808573,0.210695798000827,26.3304271010681,0.152625877997337,0.421849671831786,0.0101123472578635,0.421849671831786,0.0101123472578635,10.3634947654209,5.23321791432743,0.458785612622575,0.0088646160882285,25.8672374370172,0.558193671812189,26.5127640440504,0.282067592043773,26.2367941804754,0.211823728589475,0.421613916014805,0.0106004054049189,0.421613916014805,0.0106004054049189,10.3634947654209,5.23321791432743,0.458785612622575,0.0088646160882285,25.8672374370172,0.558193671812189,26.5127640440504,0.282067592043773,26.2367941804754,0.211823728589475,0.421613916014805,0.0106004054049189,0.421613916014805,0.0106004054049189,25.0792307692308,53.42,29,0.759430769230769,0.407,29,0.0453171053846154,0.03270549,29,1.22596489792308,0,29,0.537717636692308,0.05060875,29,2.605225,2.272,154,0.45535,1.0438,154,4.01733333333333,0.6892,154,0.678555555555556,0.4466,154,,,,,,,,,,6.49841697823262,7.58458161157025,84,1369.89585025146,1443.79297523297,105,7.50737856232904,5.85134432704209,105,2.56481795283777,1.67648466889821,105,126.183348546226,106.248587411746,105,0.208206658123841,0.00406533289958625,105,0.489688596713852,0.460656763253453,105,88.8580858273769,67.7123665902075,105,0.106305537585532,0,105,0.392662146040082,0.969243156180595,105,3
91,91,6,warmed,2018-10-23,10,2,45389879508.9781,2202.5,0.550505487098806,-0.580625252583686,0.0351086899481246,1.08553943086703,0.215738367041432,1141,1.27429737659719,0.711198907265266,-0.494651235679961,1.05774720103331,0.236749131859206,0.101665205959684,0.434706397896582,0.456617002629273,2018,296,17827,-0.928839430255807,0.370482540482096,surface,9.53756192989331,2.56438156775768,0.472321603963714,0.00580220446193785,25.4598584597817,0.381746570493118,25.9415959659566,0.240023061508899,25.867235101496,0.163716205414109,0.420490751722344,0.00886873872636815,0.420490751722344,0.00886873872636815,10.4309996635981,4.81939315931769,0.463846616845249,0.0105399159926892,25.6941407939882,0.5035057264523,26.3120395310079,0.338226121563413,26.1212138126994,0.238212480823769,0.422698498195494,0.00963829302806365,0.422698498195494,0.00963829302806365,10.4309996635981,4.81939315931769,0.463846616845249,0.0105399159926892,25.6941407939882,0.5035057264523,26.3120395310079,0.338226121563413,26.1212138126994,0.238212480823769,0.422698498195494,0.00963829302806365,0.422698498195494,0.00963829302806365,25.2255384615385,53.42,42,0.736892307692308,0.407,42,0.0459781638461539,0.03270549,42,1.19507450992308,0,42,0.499308553615385,0.05060875,42,2.56708888888889,2.272,167,0.459688888888889,1.0438,167,4.22946666666667,0.6892,167,0.658,0.4466,167,,,,,,,,,,6.87303983894893,7.58458161157025,97,1377.41019259091,1443.79297523297,118,8.62324044812618,5.85134432704209,118,2.92609136186542,1.67648466889821,118,124.122717827004,106.248587411746,118,0.217139883683312,0.00406533289958625,118,0.523304431932294,0.460656763253453,118,87.2232785643837,67.7123665902075,118,0.100157122610253,0,118,0.471194575248098,0.969243156180595,118,5
92,92,6,warmed,2019-09-10,10,2,28588588604.4131,1632.5,0.555985730775771,-0.627745042098758,0.0317989579212489,1.08235452246924,0.21536949024621,825,1.21574352455024,0.678519380212358,-0.504598377466625,1.04538772626483,0.247217872806388,0.0812121212121212,0.458181818181818,0.453333333333333,2019,253,18149,-0.935834897334994,-0.352438710884603,surface,,,,,,,,,,,,,,,,,,,,,,,,,,,,,14.2451991827551,10.7769302146327,0.33078938734735,0.0335625709533351,26.5449842334811,0.650723905518373,26.8700598621223,0.213649121118507,26.5247282428284,0.175936160248618,0.377641208611757,0.0176873023343362,0.377641208611757,0.0176873023343362,44.0093846153846,6.346,0,1.16916923076923,0.7002,0,0.0694460861538462,0.03519904,0,0.268193050692308,0.14857141,0,0.911966261538461,2.5775436,0,1.98454545454545,1.295,42,0.417690909090909,0.3856,42,8.346,19.054,42,0.718866666666667,0.8244,42,,,,,,,,,,13.8561466942149,15.6083419421488,166,,,,,,,,,,,,,,,,,,,,,,,,,,,,2
93,93,6,warmed,2019-12-17,10,2,29243052570.7047,1549,0.558307676126732,-0.65129326591996,0.0308438314043658,1.06967895770261,0.193298858879567,759,1.1855872881426,0.661688864216463,-0.528513609019494,1.0219624699861,0.222283715949976,0.0711462450592885,0.517786561264822,0.408432147562582,2019,351,18247,-0.242686844582595,0.970104682736117,surface,1.97425747619048,0.713540356186679,0.458533319047619,0.004344354154857,24.7595302976191,0.190611690188607,25.3099892261905,0.0731062497868347,25.1090151785714,0.0554708755575311,0.432179386309524,0.00644402517440195,0.432179386309524,0.00644402517440195,2.62656179612376,0.893252411517196,0.44134602418355,0.0184970723743422,24.5633732264547,0.440702211983756,25.1863190653713,0.20889617673209,25.0341695294267,0.146306056532807,0.420757516812338,0.0116757733393403,0.420757516812338,0.0116757733393403,2.60408645611144,0.81597849673313,0.440717540321987,0.0173386944099972,24.6430438249899,0.456379375024029,25.1934515101393,0.214359935371568,25.0543147099662,0.15124600133531,0.420684945373279,0.0108854206941158,0.420684945373279,0.0108854206941158,42.1967692307692,21.24,55,1.4398,2.044,55,0.0645624746153846,0.06781373,55,0.518091739076923,0.434455734,55,1.07205144,0.49225752,55,1.9658,1.0724,56,0.619345454545455,0.7242,56,11.026,19.054,140,0.8588,0.8244,140,,,,,,,,,,12.0827674866999,15.6083419421488,264,,,,,,,,,,,,,,,,,,,,,,,,,,,,4
94,94,6,warmed,2020-01-28,10,2,72612971043.0741,2263,0.527150937302968,-0.336940597445529,0.0398891434251401,1.13896379138273,0.39108438512039,1201,1.1781918189503,0.657561374271908,-0.243749216076545,1.0724607473864,0.392329889905819,0.0549542048293089,0.249791840133222,0.587010824313072,2020,28,18289,0.463257922567492,0.88622350294858,surface,1.50281550781103,0.405760816951249,0.469642218748824,0.00659225427507108,24.1273596108602,0.252178011870673,24.8443185062582,0.148963835013112,24.6740076731602,0.0990927696835307,0.431268434269716,0.00681098447311651,0.431268434269716,0.00681098447311651,1.52274971360489,0.296620157930243,0.462136972309472,0.00980595275810447,24.2199880806434,0.486688499777451,24.9254373713732,0.325226254301098,24.7903471539196,0.263178706214378,0.429716280595154,0.00695901148274833,0.429716280595154,0.00695901148274833,2.18762013409118,0.810687052928357,0.44915575264253,0.017110341002623,24.502879539118,0.504174399254303,25.1143772755173,0.29132637796536,24.9705147554419,0.23443379208133,0.42441721554197,0.00980840815856941,0.42441721554197,0.00980840815856941,12.4906153846154,21.24,97,1.46901538461538,2.044,97,0.0650235246153846,0.06781373,97,0.642590845153846,0.434455734,97,1.08194168307692,0.49225752,97,1.84401818181818,1.0724,98,0.680527272727273,0.7242,98,1.963,19.054,182,0.7593,0.8244,182,,,,,,,,,,11.9795443043798,15.6083419421488,306,,,,,,,,,,,,,,,,,,,,,,,,,,,,1
95,95,6,warmed,2020-02-25,10,2,38006825304.1324,864.5,0.56578046011538,-0.726975031745315,0.03102628206113,1.14739600122069,0.19271904630056,395,1.09054215520211,0.608643165520396,-0.543833574440026,1.05783038527975,0.239371619485082,0.0556962025316456,0.445569620253165,0.493670886075949,2020,56,18317,0.821100117812889,0.570784194356904,surface,1.93466766459627,0.546387746439046,0.446890205864389,0.0164746833037827,23.7828722184265,0.425220985729181,24.6348561076605,0.231592800810597,24.5066543328157,0.17456422310713,0.408777130362319,0.0139706220074148,0.408777130362319,0.0139706220074148,2.11074589540435,0.518540680441571,0.447035622119032,0.0164580044104303,24.0663468362538,0.328294694884176,24.7471467228888,0.162402525632512,24.5755157265152,0.116519194140309,0.40732125441742,0.0129745048468517,0.40732125441742,0.0129745048468517,2.02996119362127,0.643492594162526,0.451909585718526,0.0141384343824074,24.3203400613638,0.45978242100206,24.9809476428875,0.308285054311575,24.8199818965348,0.269021175345974,0.420186369101652,0.0135924324575044,0.420186369101652,0.0135924324575044,11.9793846153846,21.24,125,1.69050769230769,2.044,125,0.0606552230769231,0.06781373,125,0.823953156461539,0.434455734,125,0.970438455384615,0.49225752,125,1.805,1.0724,126,0.7038,0.7242,126,1.963,19.054,210,0.7593,0.8244,210,,,,,,,,,,13.2610766177602,15.6083419421488,334,,,,,,,,,,,,,,,,,,,,,,,,,,,,2
96,96,6,warmed,2020-03-10,10,3,39904763301.0676,1838,0.548098766049383,-0.550049527397925,0.0327023057858485,1.07455079375348,0.247347978554642,1335,1.31988726435911,0.736643108088474,-0.46290647781462,1.07010481468851,0.277231786703224,0.103370786516854,0.38501872659176,0.478651685393258,2020,70,18331,0.933541891117921,0.358468321512481,surface,1.92058714166667,0.715722895526435,0.4504542295,0.0151277677968384,24.0610757833333,0.468242756424877,24.3492610166667,0.368682630627294,24.2482943333333,0.26970414450079,0.415582699333333,0.0133360599486151,0.415582699333333,0.0133360599486151,2.05295616767311,0.545861955388041,0.444492371335212,0.0156633999937241,24.0762258590982,0.382287526937238,24.6705638550725,0.261425148472742,24.5086660152979,0.197888861390982,0.40810904756307,0.0131573753049525,0.40810904756307,0.0131573753049525,1.92867030236988,0.550904977518154,0.452532804166054,0.0142633198832307,24.2719568784244,0.467223737829277,24.9031391369204,0.343032283343015,24.7403086850653,0.299816622966929,0.419792719091358,0.0138416818362645,0.419792719091358,0.0138416818362645,12.3576923076923,21.24,139,1.74346153846154,2.044,139,0.0604600107692308,0.06781373,139,0.854244103769231,0.434455734,139,0.773088947692308,0.49225752,139,1.81467272727273,1.0724,140,0.7018,0.7242,140,0.928,19.054,224,0.6254,0.8244,224,,,,,,,,,,13.3406916050457,15.6083419421488,348,,,,,,,,,,,,,,,,,,,,,,,,,,,,3
97,97,6,warmed,2020-07-28,10,2,39593484492.2439,1663,0.551974189572091,-0.58728043993682,0.0329541952956019,1.07001519995486,0.225464228314693,777,1.19046027255749,0.664408528601427,-0.47302877667428,1.05088411470018,0.266742183802616,0.0669240669240669,0.438867438867439,0.481338481338481,2020,210,18471,-0.453703086031344,-0.891152910406309,surface,2.4573771652752,0.316079966090434,0.431929082799938,0.0140067282610998,27.1210471675943,0.330266121186868,27.3963056076067,0.166131850873015,27.0577979367656,0.118923365347635,0.419597291566172,0.00890351960241689,0.419597291566172,0.00890351960241689,3.08215739689755,0.94420957279837,0.421782083532949,0.0233352111114591,27.1078834270683,0.483357050109283,27.374002465849,0.162010256543046,27.0512944352453,0.111507740062236,0.410527867661736,0.0203587724801114,0.410527867661736,0.0203587724801114,3.4030574683404,1.06593221704405,0.419205689450572,0.0203813089160498,26.7171485630686,0.681311425526443,26.8967680559073,0.676572227931795,26.5676227581584,0.674611073729129,0.412621309727812,0.0178550882103571,0.412621309727812,0.0178550882103571,17.8061666666667,27.14,42,1.75633333333333,2.396,42,0.0440503166666667,0.068,42,0.682105192416667,0.616329168,42,0.63225,0.274,42,8.847325,1.0724,280,0.4652375,0.7242,280,4.092,19.054,364,0.5544,0.8244,364,,,,,,,,,,16.9446064551477,13.1650309917355,113,,,,,,,,,,,,,,,,,,,,,,,,,,,,1
98,98,6,warmed,2020-09-09,10,2,38917062010.2563,1650.5,0.553025383957589,-0.597913109671741,0.0324397485636182,1.08131395689949,0.228808833885575,810,1.19510063827465,0.666998366019261,-0.479848164961101,1.04077585707543,0.25839473779677,0.0617283950617284,0.458024691358025,0.464197530864198,2020,253,18514,-0.935834897334994,-0.352438710884603,surface,3.32400412060041,0.475333178786623,0.438597226578675,0.0107398635277483,26.6154588017598,0.446506824438169,26.6644109782609,0.420108377956946,26.4168235119048,0.306024930918513,0.425747323498965,0.00848615510651568,0.425747323498965,0.00848615510651568,3.34824518844328,0.594284078994771,0.413880837029699,0.0416046454422374,26.6962427289444,0.81017106863514,26.8618988562973,0.655884683626937,26.6432135863515,0.515175002060091,0.414335967035874,0.0182838182710295,0.414335967035874,0.0182838182710295,3.2190306783605,0.769499029943165,0.416126902791414,0.0331525336362917,26.9382386441933,0.65701381511149,27.1228106505255,0.508397549475413,26.8412531942495,0.403728329586873,0.411740220205009,0.0185666724367243,0.411740220205009,0.0185666724367243,18.0458333333333,27.14,85,1.46738333333333,2.396,85,0.0433262833333333,0.068,85,0.5488007215,0.616329168,85,0.203583333333333,0.274,85,11.492,1.0724,323,0.37635,0.7242,323,3.09106666666667,2.6552,0,0.492966666666667,0.3461,0,,,,,,,,,,20.7633006198347,13.1650309917355,156,,,,,,,,,,,,,,,,,,,,,,,,,,,,4
99,99,6,warmed,2020-10-06,10,2,25978096381.6722,1517.5,0.560017138836839,-0.667643621094868,0.0315555168205099,1.07991655545003,0.196381054102705,748,1.22003184824267,0.680912739235191,-0.54087770643238,1.03300542527228,0.223836066035054,0.0855614973262032,0.502673796791444,0.407754010695187,2020,280,18541,-0.994566756970634,0.104100748935426,surface,2.08632101190476,0.142253674064804,0.433479450595238,0.00378292646045273,26.2310419642857,0.327244607813011,26.8150179166667,0.0901019619987175,26.6949321428571,0.060403562280183,0.434402442261905,0.00206396945892781,0.434402442261905,0.00206396945892781,2.81077744756437,0.581509161287658,0.39864952635038,0.0547069902959542,26.6802120283365,0.455354066904948,27.0181993425365,0.201894684774252,26.8026302401072,0.132175400787448,0.414954461470645,0.0220552350955775,0.414954461470645,0.0220552350955775,3.00093439229057,0.631974002071522,0.410610179570528,0.0430066182733974,26.7917079136811,0.596594948142345,27.0563021576073,0.456470939665155,26.809065274461,0.359967307753068,0.414771556176305,0.0176826928114563,0.414771556176305,0.0176826928114563,18.014,27.14,112,1.60309230769231,2.396,112,0.0473542815384615,0.068,112,0.745223826076923,0.616329168,112,0.194615384615385,0.274,112,10.2093714285714,1.0724,350,0.355985714285714,0.7242,350,3.3773,4.236,0,0.628525,1.0352,0,,,,,,,,,,20.7265695578345,13.1650309917355,183,,,,,,,,,,,,,,,,,,,,,,,,,,,,5
100,100,6,warmed,2020-11-05,10,2,62099745468.7707,3065.5,0.534043458881425,-0.407259159034747,0.0378015532001149,1.09961275101466,0.329168280185574,1639,1.27710862910882,0.71276789716593,-0.304787741107853,1.06015508249113,0.346887083606243,0.0780964002440513,0.316046369737645,0.541793776693106,2020,310,18571,-0.813667830445599,0.581330079815204,surface,,,,,,,,,,,,,,,2.12430764634986,0.300650154851586,0.418817291546143,0.0228516880971243,26.4639931508265,0.404825639497338,26.9800288943002,0.123868464337931,26.7259077020202,0.122684209524526,0.413551991594517,0.0102373636600832,0.413551991594517,0.0102373636600832,2.81614585547618,0.711269907757853,0.407034689227042,0.0434981741486071,26.6405457651043,0.608381992612504,26.9582566933182,0.462757965795951,26.7341773091123,0.360655863552464,0.413038208336764,0.0193533108412832,0.413038208336764,0.0193533108412832,17.0296923076923,12.756,1,1.81126153846154,3.7,1,0.0552936446153846,0.113,1,1.04152951161538,3.024362881,1,0.169076923076923,0.019,1,8.6231,1.279,0,0.3814875,0.6848,0,3.0358,1.6698,0,0.62806,0.6262,0,,,,,,,,,,20.4357088784421,13.1650309917355,213,,,,,,,,,,,,,,,,,,,,,,,,,,,,5
101,101,6,warmed,2021-02-09,10,2,13399000050.7053,476,0.550479994553057,-0.57155006957645,0.0298682841008843,0.96341999819638,0.177941009778365,311,1.1140332732725,0.62175380814505,-0.493517188494161,1.00096681154664,0.235991487853036,0.0482315112540193,0.543408360128617,0.405144694533762,2021,40,18667,0.635068313486744,0.772455977519174,surface,1.76637962008282,0.190554710176753,0.416614584083851,0.0144421651195542,24.0160491977226,0.187216675500484,24.525243113354,0.0654162206237239,24.415044693323,0.0374193339078691,0.423035657906315,0.00650174869355428,0.423035657906315,0.00650174869355428,1.75872698085749,0.219157305938749,0.387907439269324,0.0405330557313866,23.9617205006039,0.278058813130058,24.4591896376812,0.159873650571072,24.3837929296498,0.113523336787965,0.407853819073068,0.0176224698094856,0.407853819073068,0.0176224698094856,1.74276943081753,0.227602978089356,0.414554548993512,0.0364977539691739,24.0843900388794,0.462626584402189,24.8230569509139,0.456326941402673,24.7929027381861,0.457271333969352,0.416051113229954,0.0147637326840317,0.416051113229954,0.0147637326840317,11.6410769230769,9.024,84,2.06330769230769,0.6446,84,0.0406923076923077,0.011,84,1.59183726953846,0.18404815,84,0.0253076923076923,0.011,84,2.77196363636364,1.279,96,0.668363636363636,0.6848,96,2.77431428571429,1.6698,96,0.805414285714286,0.6262,96,,,,,,,,,,16.262314091411,13.1650309917355,309,,,,,,,,,,,,,,,,,,,,,,,,,,,,5
102,102,6,warmed,2021-02-23,10,2,23796307591.7001,1470.5,0.55461551726729,-0.614323554427836,0.0319025561174581,1.0621265062796,0.212799503903395,768,1.23744351678466,0.690630376474464,-0.489894123462548,1.0270164220267,0.248832491472253,0.0755208333333333,0.486979166666667,0.424479166666667,2021,54,18681,0.800980330978291,0.598690662517721,surface,1.59987992045455,0.149371318981761,0.429270378419913,0.0142542598470339,24.0350964736652,0.113265650447131,24.5439450717893,0.0856900356029,24.4172446298701,0.0429314355622362,0.423372778614719,0.00917221386743535,0.423372778614719,0.00917221386743535,1.70960595775143,0.178194339620769,0.405008861292051,0.0440125432555807,23.9049771247621,0.276669298207565,24.4626008652906,0.155315377900042,24.3657317788922,0.100185110790574,0.416206991014987,0.0191971839743476,0.416206991014987,0.0191971839743476,1.73666931860818,0.219081517585633,0.415559858864844,0.0341112997573634,24.023048269958,0.404310547172469,24.7421408485239,0.393923751924599,24.6970552930812,0.401461915504379,0.416784513649155,0.0140986195827132,0.416784513649155,0.0140986195827132,11.4847142857143,9.024,98,2.01308571428571,0.6446,98,0.0387142857142857,0.011,98,1.54556622828571,0.18404815,98,0.0235,0.011,98,2.67063333333333,1.279,110,0.6395,0.6848,110,3.027275,1.6698,110,0.7567375,0.6262,110,,,,,,,,,,15.856632639191,13.1650309917355,323,,,,,,,,,,,,,,,,,,,,,,,,,,,,4
103,103,6,warmed,2021-06-03,10,2,30557898108.2971,1622,0.561313988554792,-0.682101707056421,0.0321022792636526,1.09198861943218,0.193730332576364,806,1.26144627240132,0.704026569450638,-0.559009405554992,1.06970215043669,0.232377067330196,0.107940446650124,0.466501240694789,0.420595533498759,2021,154,18781,0.472759209286278,-0.881191653407483,surface,2.20360526785714,0.237608779205988,0.297270706845238,0.0164946149213446,26.0963877529762,0.290360836443843,26.1725879613095,0.0393563274918889,25.9378216369048,0.0108757486569634,0.390170654315476,0.0101832699862977,0.390170654315476,0.0101832699862977,2.04376861233229,0.330565187672561,0.237519871305894,0.0439002211489852,26.5295625870058,0.678849692607216,26.068402601279,0.197756564606388,25.7766258702486,0.206858991765112,0.318119709162387,0.0550059853090795,0.318119709162387,0.0550059853090795,2.09277151148519,0.335698715303931,0.246428488434324,0.0476195302332444,26.3412472925653,0.816326746858789,25.8792680284339,0.544764662946721,25.5917371214213,0.53659241208335,0.325290277982366,0.0548728195320431,0.325290277982366,0.0548728195320431,13.4063076923077,14.084,1,2.62298461538462,0.6832,1,0.0266666666666667,0.021,28,2.16273067016667,3.564863327,28,0.0401666666666667,0.019,28,3.25186666666667,1.1772,0,0.758811111111111,0.1229,0,3.3866,1.6698,210,0.8117,0.6262,210,,,,,,,,,,15.5991636204704,29.084194214876,2,,,,,,,,,,,,,,,,,,,,,,,,,,,,1
104,104,6,warmed,2021-12-15,10,2,14516501191.3192,462.5,0.578656560371945,-0.852165891883124,0.0301220633853943,1.17656413795947,0.163797263433833,189,1.17013847264842,0.727047911328692,-0.587555794186129,0.985445188144702,0.174145970053199,0.0899470899470899,0.645502645502646,0.264550264550265,2021,349,18976,-0.27591294500296,0.961182629254084,surface,1.67468353884712,0.0741715589995183,0.41156583862782,0.00579945289899413,26.1613834116541,0.48709651312594,25.8670770081454,0.265686708950379,25.5932570457394,0.173851740470373,0.409512536184211,0.00606581942736432,0.409512536184211,0.00606581942736432,1.71275948223463,0.115574603009393,0.410184347720627,0.00580321569909549,26.1054774388623,0.441822933932722,25.8570591755272,0.235078243404232,25.5944715027468,0.151429703891341,0.409160818926103,0.00537246056178552,0.409160818926103,0.00537246056178552,1.71275948223463,0.115574603009393,0.410184347720627,0.00580321569909549,26.1054774388623,0.441822933932722,25.8570591755272,0.235078243404232,25.5944715027468,0.151429703891341,0.409160818926103,0.00537246056178552,0.409160818926103,0.00537246056178552,11.8491111111111,4.672,58,2.61757777777778,0.4776,58,0.0921538461538462,0.188,14,0.893644229923077,0.203263871,14,0.554846153846154,0.073,14,0.940557142857143,0.7492,43,0.167511428571429,0.1541,43,,4.798,295,,0.416,295,,,,,,,,,,15.813930387794,16.073347107438,84,,,,,,,,,,,,,,,,,,,,,,,,,,,,2
105,105,6,warmed,2022-08-23,10,2,16960708808.9912,553,0.571976132739057,-0.78718089123555,0.0307179570038061,1.11415944673514,0.15849088401149,261,1.05310939215692,0.65433365525993,-0.546668672749591,0.959024182587356,0.184073452647485,0.0421455938697318,0.647509578544061,0.310344827586207,2022,235,19227,-0.78393381668292,-0.620844401650647,surface,,,,,,,,,,,,,,,,,,,,,,,,,,,,,4.00438774635611,1.04100263202676,0.244879139801725,0.0642977968885742,27.9897608471774,1.37461446106467,26.8612530875017,0.465190375790208,18.111438,11.6833117775355,0.295866833379158,0.0401104575165445,0.295866833379158,0.0401104575165445,75.30725,6.915,14,0.743808333333333,0.5085,14,0.014,0.014,168,0.094535108,0.094535108,168,0.053,0.053,168,2.675,1.091,0,0.28448,0.2005,0,2.33396666666667,0.8368,0,0.3996,0.4027,0,,,,,,,,,,23.2302631578947,11.9805010330579,169,,,,,,,,,,,,,,,,,,,,,,,,,,,,1
106,106,6,warmed,2022-09-08,10,2,9423237933.04277,188,0.59705007770792,-1.03799591002356,0.0297584444493247,1.2857238575705,0.136230955843943,72,0.920643142239845,0.572027746536349,-0.650197811842274,0.912485281256611,0.10363433621045,0.0555555555555556,0.819444444444445,0.125,2022,251,19243,-0.923157872964704,-0.384421047268855,surface,,,,,,,,,,,,,,,,,,,,,,,,,,,,,4.36557854146538,1.47025208306712,0.198819325242888,0.0250033717061539,28.8097811826355,1.11350457109753,26.8167090327429,0.640883879868839,17.0160666666667,12.76205,0.301833951317767,0.0440708952936284,0.301833951317767,0.0440708952936284,69.9681538461539,4.308,2,0.737392307692308,0.5488,2,,0.014,184,,0.094535108,184,,0.053,184,2.5398,1.2,0,0.31032,0.3461,0,2.15268571428571,1.065,0,0.420528571428571,0.5461,0,,,,,,,,,,23.8889368705457,11.9805010330579,185,,,,,,,,,,,,,,,,,,,,,,,,,,,,1
107,107,6,warmed,2022-11-16,10,3,17737220629.5184,893.333333333333,0.568078821223877,-0.747641641458681,0.0298532540881933,1.10032508271394,0.164502136247073,545,1.24223380209259,0.693303885609035,-0.545909673539146,1.00091072493067,0.201320952573703,0.0972477064220184,0.579816513761468,0.321100917431193,2022,320,19312,-0.702147949404698,0.712031078778713,surface,,,,,,,,,,,,,,,,,,,,,,,,,,,,,,,,,,,,,,,,,,,57.7090769230769,7.723,1,0.8263,0.5179,1,,0.014,253,,0.094535108,253,,0.053,253,1.87503333333333,0.4079,0,0.322611111111111,0.3408,0,1.46072222222222,0.7924,0,0.485033333333333,0.4365,0,,,,,,,,,,20.8200410202504,11.9805010330579,254,,,,,,,,,,,,,,,,,,,,,,,,,,,,1
108,108,1,control,2020-02-25,30,3,11551653737.0181,380,0.58943573772891,-0.959803446079276,0.0308756424844744,1.27600534151803,0.160088328459564,189,1.34012205348131,0.832664648401704,-0.763067851377917,1.11135189129789,0.143274819838341,0.275132275132275,0.560846560846561,0.164021164021164,2020,56,18317,0.821100117812889,0.570784194356904,subsurface,3.00368567857143,0.494692787037475,0.303305549404762,0.0494561986805616,21.9475467857143,0.392968993002482,22.63886125,0.234698045938769,22.9426048214286,0.192445193401549,0.411122743452381,0.0155603616670286,0.411122743452381,0.0155603616670286,3.12357119650603,0.454387322070916,0.32173958556966,0.0536021960778501,22.3375657483615,0.359385746148784,22.8196900717586,0.174095202621297,23.0490250916101,0.126629256713312,0.401138671067194,0.0190490979431462,0.401138671067194,0.0190490979431462,3.13867726146923,0.621509899504934,0.379806347683584,0.0545046987657535,22.7588195892322,0.603998624073958,23.2336641342724,0.44739571974366,23.4531647561012,0.411136408931279,0.416477776991106,0.0176598229449072,0.416477776991106,0.0176598229449072,8.69969230769231,6.566,125,1.27463076923077,0.834,125,0.0536062630769231,0.03322421,125,0.844373770769231,0.587602954,125,0.143852138461538,0.06237312,125,2.3327,5.336,210,0.3407125,0.4884,210,0.8478,1.8086,140,0.39394,0.5002,140,,,,,,,,,,13.2610766177602,13.9332318399304,125,,,,,,,,,,,,,,,,,,,,,,,,,,,,5
109,109,1,control,2021-09-21,30,2,6711118231.78072,132,0.629247703241326,-1.35954116027692,0.0284465666118257,1.60952535589947,0.160650371889277,24,1.4335286453659,0.89070142705775,-0.929023282988013,1.28286515826519,0.147860940450028,0.416666666666667,0.333333333333333,0.25,2021,264,18891,-0.985423754291952,-0.170117678320491,subsurface,,,,,,,,,,,,,,,,,,,,,,,,,,,,,,,,,,,,,,,,,,,17.3848333333333,6.632,0,3.16371666666667,1.4728,0,0.108583333333333,0.113,0,2.06479049341667,0.848957784,0,0.188916666666667,0.155,0,4.04066666666667,1.674,39,0.2915,0.3054,39,1.03888571428571,0.871,39,0.497071428571429,0.6196,39,,,,,,,,,,16.2867896594534,29.084194214876,112,,,,,,,,,,,,,,,,,,,,,,,,,,,,5
110,110,1,control,2022-08-23,30,2,11237662323.5213,170.5,0.612607723672281,-1.19255242324546,0.0334373120199165,1.52495366479427,0.172257079243935,49,0.956567274794814,0.594348665086502,-0.652786371583604,0.943923566742559,0.110893735592903,0.122448979591837,0.775510204081633,0.102040816326531,2022,235,19227,-0.78393381668292,-0.620844401650647,subsurface,,,,,,,,,,,,,,,,,,,,,,,,,,,,,2.70301990031746,0.391191123467286,0.221381588928571,0.045728839364353,25.360260911746,1.01116161826055,24.6110808369841,0.250627507822378,17.074539,11.0264270736502,0.25664594612381,0.0143492071261794,0.25664594612381,0.0143492071261794,13.0196666666667,18.9,14,4.1341,4.901,14,0.048,0.073,182,0.565603816,0.90518035,182,0.061,0.071,182,1.04545,0.8499,0,0.1889,0.2626,0,1.262075,0.673,0,0.686725,0.5947,0,,,,,,,,,,23.2302631578947,16.073347107438,335,,,,,,,,,,,,,,,,,,,,,,,,,,,,1
111,111,1,control,2022-09-08,30,2,6714512821.48948,315.5,0.582772285226899,-0.896566927436358,0.0289732320370308,1.20160853251803,0.140531084762005,131,1.29259804865112,0.803136323970526,-0.707039462852119,1.04025900034127,0.133735033388791,0.16793893129771,0.625954198473283,0.206106870229008,2022,251,19243,-0.923157872964704,-0.384421047268855,subsurface,,,,,,,,,,,,,,,,,,,,,,,,,,,,,2.48572799691358,0.45319726688107,0.176817164351852,0.00725140001673439,25.9948950987654,0.677489609060886,24.8520590246914,0.090461461862138,16.4998,12.37485,0.244023136388889,0.0051855553293337,0.244023136388889,0.0051855553293337,13.8478461538462,17.59,2,4.408,3.896,2,,0.073,198,,0.90518035,198,,0.071,198,1.08595,1.322,0,0.28355,0.3045,0,1.15276,0.7155,0,0.64322,0.4692,0,,,,,,,,,,23.8889368705457,16.073347107438,351,,,,,,,,,,,,,,,,,,,,,,,,,,,,2
112,112,1,control,2022-11-16,30,3,10077057704.0009,526.666666666667,0.559885969831254,-0.665616332514873,0.0265183818564419,1.01025907757683,0.154802271165001,333,1.32994049381835,0.742253922280833,-0.612940607510384,1.01232396614453,0.169762303591929,0.174174174174174,0.603603603603604,0.216216216216216,2022,320,19312,-0.702147949404698,0.712031078778713,subsurface,,,,,,,,,,,,,,,,,,,,,,,,,,,,,,,,,,,,,,,,,,,11.9636923076923,5.212,1,3.73106923076923,0.4381,1,,0.073,267,,0.90518035,267,,0.071,267,1.1504,0.6619,0,1.11588,0.2745,0,1.0554875,0.4463,0,0.5164625,0.2907,0,,,,,,,,,,20.8200410202504,23.1126033057851,85,,,,,,,,,,,,,,,,,,,,,,,,,,,,4
113,113,1,control,2023-01-12,30,2,13018459484.328,715,0.58231037690285,-0.891373053516342,0.0313482154665638,1.21906613715393,0.160844763650483,257,1.33188645696772,0.827547584580869,-0.630781415416529,1.02237555179709,0.163099117145006,0.155642023346304,0.610894941634241,0.233463035019455,2023,12,19369,0.204966113969495,0.978769069864922,subsurface,,,,,,,,,,,,,,,,,,,,,,,,,,,,,,,,,,,,,,,,,,,12.0631538461538,16.16,2,4.03714615384615,11.6,2,,0.073,324,,0.90518035,324,,0.071,324,1.12723333333333,0.6619,57,1.03383333333333,0.2745,57,0.963711111111111,2.089,0,0.4414,0.3383,0,,,,,,,,,,19.6266804035943,24.5637913223141,30,,,,,,,,,,,,,,,,,,,,,,,,,,,,4
114,114,1,control,2023-05-30,30,2,14006360454.5495,469,0.567880568405457,-0.750808464080614,0.0257860403484706,1.0422585233994,0.124079211874589,160,1.29026474599753,0.80168656151895,-0.705393401231405,1.03345001085689,0.120702633507657,0.15,0.6125,0.2375,2023,150,19507,0.53222713884744,-0.846601602097627,subsurface,,,,,,,,,,,,,,,2.40760592380698,0.389635849862684,0.32336877484338,0.0227138173829703,24.7875560666304,0.280681986227469,24.1369468393456,0.17948043812783,24.0473625727532,0.192533045009708,0.380576303449679,0.0164675585100993,0.380576303449679,0.0164675585100993,2.10949169562376,0.580144740339207,0.275010091503341,0.0593324290095434,23.2969380038705,1.14658230771493,22.883475748165,0.914654310628096,22.9492869450545,0.797251354812045,0.325282392096846,0.0579590067293129,0.325282392096846,0.0579590067293129,13.66525,7.796,0,7.92203333333333,1.787,0,,,,,,,,,,0.85565,0.6619,195,0.44845,0.2745,195,0.89941,0.6993,125,0.196018,0.1677,125,,,,,,,,,,18.5211379529561,24.5637913223141,168,,,,,,,,,,,,,,,,,,,,,,,,,,,,3
115,115,1,control,2023-08-22,30,2,13769196284.5141,950.5,0.574583990397886,-0.820342841876427,0.0282849203324733,1.15261648852078,0.1426186949492,488,1.4004906101403,0.781628691904541,-0.5836081598139,1.05712574852521,0.175603070536192,0.157786885245902,0.506147540983607,0.327868852459016,2023,234,19591,-0.773138325570603,-0.634237439397805,subsurface,2.94551261785654,0.360463587535417,0.304992712377451,0.0282369278400214,26.3573607347704,0.523782067607615,26.15697367712,0.0585550947231075,26.081486075729,0.0406736434135263,0.375947246961622,0.0147157160102041,0.375947246961622,0.0147157160102041,3.47702256872699,1.04006054717121,0.288572164480335,0.055117464347112,26.3508736967338,0.402258836001353,25.9677003451722,0.213916074054066,25.8921713467012,0.184311708082441,0.347450145667515,0.0519086265742542,0.347450145667515,0.0519086265742542,3.02634487240697,0.924272239274466,0.278187662329395,0.0518767635974066,26.3626693875064,0.579899012381127,25.7579701590563,0.308725276168663,25.6179255127581,0.560033164192763,0.341316863031148,0.0472718342802951,0.341316863031148,0.0472718342802951,10.9460769230769,9.804,0,5.73895384615385,1.531,0,,,,,,,,,,1.25905,0.6619,279,0.28815,0.2745,279,1.21300625,0.6993,209,0.42296125,0.1677,209,4800,4800,12,6.515,6.515,12,0.8562,0.8562,12,20.4126867450731,24.5637913223141,252,,,,,,,,,,,,,,,,,,,,,,,,,,,,3
116,116,1,control,2023-12-12,30,2,17157471171.7368,1014,0.55873272851436,-0.664235877880281,0.0302750102608983,1.0261196387821,0.139393011642595,509,1.35181431321059,0.754461933326905,-0.498442897503735,0.996816925757578,0.180456222412462,0.115913555992141,0.557956777996071,0.324165029469548,2023,346,19703,-0.325127602999909,0.945670154846569,subsurface,1.8226005508109,0.378155638380465,0.352233513310904,0.0509063101109404,23.808638752588,0.441518941335941,24.1601783902692,0.0385183860437198,24.2931268629227,0.0279571105601193,0.384534817240338,0.0312138815988871,0.384534817240338,0.0312138815988871,2.18548551095658,0.510140634390359,0.360067861810647,0.0331356891223402,24.1899897098974,0.546779785039225,24.4816339811446,0.375640762876357,24.6160583201753,0.34505469575211,0.38995882645306,0.0188866135672038,0.38995882645306,0.0188866135672038,2.60619903796431,0.834168628412875,0.339180000698315,0.0516089916407641,25.4919712125737,0.889711926886033,25.4294247596033,0.630209701767157,25.4615197965742,0.563221626184753,0.378985624820488,0.0309124194526447,0.378985624820488,0.0309124194526447,11.5337692307692,5.351,28,3.03621538461539,0.8152,28,,,,,,,,,,2.8014,3.62,28,0.431466666666667,0.6884,28,1.29138,0.6993,321,0.31321,0.1677,321,4083.33333333333,3880,47,6.37933333333333,5.953,47,0.872,0.6104,47,17.730441956369,24.5637913223141,364,,,,,,,,,,,,,,,,,,,,,,,,,,,,5
117,117,2,warmed,2020-02-25,30,2,12316486143.0517,1002.5,0.576168051449308,-0.830687524148749,0.0284864730927603,1.16871913925397,0.159491399884004,556,1.37763163614582,0.768870855606164,-0.623612192821964,1.05114509398399,0.181275630620691,0.18705035971223,0.543165467625899,0.267985611510791,2020,56,18317,0.821100117812889,0.570784194356904,subsurface,2.58029523809524,0.278029946646342,0.358405116865079,0.0302746462261188,22.4927828769841,0.372957274302463,23.3822428174603,0.256911881419558,23.6226070039683,0.175589607240018,0.431134120436508,0.0115996867692684,0.431134120436508,0.0115996867692684,2.55700233501356,0.34421502705298,0.346999704912705,0.0367534089427378,22.9035894118146,0.366620773258345,23.5994584072485,0.197910568615734,23.7423304275574,0.117039244488017,0.427849707616535,0.0114488596848841,0.427849707616535,0.0114488596848841,2.17838111436582,0.423068132060835,0.37849795706436,0.0344758984900854,23.3482839518782,0.611119188975082,23.9777095966147,0.438653886702729,24.1068508799208,0.377987771759467,0.437281112999472,0.0110141461200968,0.437281112999472,0.0110141461200968,8.54307692307692,8.1,125,1.26086153846154,1.015,125,0.0526830961538462,0.04598939,125,0.672651019923077,0.484125103,125,0.355411409230769,0.25319328,125,1.445,1.807,196,0.30561,0.256,196,1.173325,1.4576,168,0.2859875,0.6426,168,,,,,,,,,,13.2610766177602,8.20777376033058,196,,,,,,,,,,,,,,,,,,,,,,,,,,,,4
118,118,2,warmed,2021-09-21,30,3,27349674704.1768,1132.33333333333,0.556672834936715,-0.639675410925525,0.0310959211488787,1.06431162465157,0.175971168462405,734,1.32078632539304,0.737144883605427,-0.548677278489247,1.06531729266262,0.214495858990485,0.137602179836512,0.504087193460491,0.35558583106267,2021,264,18891,-0.985423754291952,-0.170117678320491,subsurface,,,,,,,,,,,,,,,,,,,,,,,,,,,,,,,,,,,,,,,,,,,10.5873846153846,3.168,0,2.98366153846154,0.4894,0,0.0618333333333333,0.032,0,2.2418396745,0.358817533,0,0.0255833333333333,0,0,2.23671428571429,2.8,39,0.456085714285714,0.4936,39,2.25097142857143,1.7446,39,0.415257142857143,0.405,39,,,,,,,,,,16.2867896594534,29.084194214876,112,,,,,,,,,,,,,,,,,,,,,,,,,,,,5
119,119,2,warmed,2022-08-23,30,2,8414323324.7515,270,0.584140391520518,-0.912111363233429,0.0293769055766094,1.22730720190577,0.155944096270738,95,1.20288826838014,0.747396503516498,-0.619163271137676,0.98457400359227,0.144493721666843,0.115789473684211,0.642105263157895,0.242105263157895,2022,235,19227,-0.78393381668292,-0.620844401650647,subsurface,,,,,,,,,,,,,,,,,,,,,,,,,,,,,7.51689604761905,1.50093288766505,0.229849625988889,0.061449228192577,27.7224013377778,0.935239912782828,26.9800769080952,0.39393873327682,18.1764015,11.7251596172661,0.277190212177778,0.0205196355560489,0.277190212177778,0.0205196355560489,8.34308333333333,6.507,14,1.49025833333333,1.517,14,0.241,0.033,182,0.064005356,0.255887522,182,0.052,0.067,182,1.82005,0.9521,0,0.7353,1.274,0,2.0176,0.6738,0,0.440766666666667,0.6268,0,,,,,,,,,,23.2302631578947,16.073347107438,335,,,,,,,,,,,,,,,,,,,,,,,,,,,,1
120,120,2,warmed,2022-09-08,30,2,4207424686.00676,36.5,0.628066393732576,-1.35469601656838,0.0387932841496202,1.76220341141192,0.229358676324635,8,1.08219553003877,0.985056822321508,-0.43523033126294,1.54422715267824,0.370635086531826,0.375,0.25,0.375,2022,251,19243,-0.923157872964704,-0.384421047268855,subsurface,,,,,,,,,,,,,,,,,,,,,,,,,,,,,8.47566393518519,2.17371986463204,0.181577047654321,0.022971214278095,28.3062049197531,0.664844677388444,26.9755403333333,0.533113301456923,17.0700666666667,12.80255,0.264248336141975,0.0152022146431819,0.264248336141975,0.0152022146431819,8.00107692307692,6.738,2,1.46194615384615,0.8788,2,,0.033,198,,0.255887522,198,,0.067,198,0.93205,0.912,0,0.80645,0.3389,0,1.53793333333333,0.936,0,0.455066666666667,0.3236,0,,,,,,,,,,23.8889368705457,16.073347107438,351,,,,,,,,,,,,,,,,,,,,,,,,,,,,1
121,121,2,warmed,2022-11-16,30,3,29296756354.8458,499.333333333333,0.577882896302616,-0.84773110052838,0.0335181364977651,1.25716354087296,0.185535354031698,142,1.38837191363383,0.774865118604328,-0.609617382673849,1.09216314623301,0.202455520956482,0.211267605633803,0.549295774647887,0.232394366197183,2022,320,19312,-0.702147949404698,0.712031078778713,subsurface,,,,,,,,,,,,,,,,,,,,,,,,,,,,,,,,,,,,,,,,,,,6.36992307692308,4.038,1,1.13533076923077,0.5704,1,,0.033,267,,0.255887522,267,,0.067,267,0.871975,0.6333,0,1.957725,2.717,0,1.19566666666667,0.4624,0,0.53205,0.4942,0,,,,,,,,,,20.8200410202504,23.1126033057851,85,,,,,,,,,,,,,,,,,,,,,,,,,,,,2
122,122,2,warmed,2023-01-12,30,3,31255383874.1238,695,0.579013554697431,-0.859208487203244,0.0341740396520984,1.28010943161397,0.190403962396307,218,1.49993417496904,0.837129202177599,-0.655349717107023,1.14451454247966,0.205204150910625,0.270642201834862,0.509174311926605,0.215596330275229,2023,12,19369,0.204966113969495,0.978769069864922,subsurface,,,,,,,,,,,,,,,,,,,,,,,,,,,,,,,,,,,,,,,,,,,6.542,6.208,2,0.925307692307692,0.5926,2,,0.033,324,,0.255887522,324,,0.067,324,0.975914285714286,0.7727,15,1.96124285714286,1.866,15,1.23293,1.922,0,0.65574,1.077,0,,,,,,,,,,19.6266804035943,24.5637913223141,30,,,,,,,,,,,,,,,,,,,,,,,,,,,,3
123,123,2,warmed,2023-05-30,30,2,24344614061.1672,755,0.582909737828488,-0.899056267363705,0.0328338944651324,1.26985415741158,0.171401275022272,195,1.33700794890968,0.830729746441478,-0.566222000212443,0.984728789224908,0.171116979406319,0.143589743589744,0.651282051282051,0.205128205128205,2023,150,19507,0.53222713884744,-0.846601602097627,subsurface,,,,,,,,,,,,,,,23.4305672161172,8.1662629107524,0.366744776071429,0.037772954166192,27.3633493690476,0.752005729028525,24.4339679251701,0.163459148894167,24.34977325,0.164026871092164,0.399995373095238,0.0123961782919776,0.399995373095238,0.0123961782919776,19.4183123879132,7.66382739699358,0.241937108478128,0.0991790635633771,25.8944863515845,1.32950292009335,24.4418284087041,0.445288398072894,24.3283169467421,0.298722123918926,0.35260994804465,0.0503258347289306,0.35260994804465,0.0503258347289306,9.08738461538461,12.41,0,3.84312307692308,1.328,0,,,,,,,,,,1.64916666666667,0.7727,153,1.6292,1.866,153,1.25941666666667,1.922,138,0.689166666666667,1.077,138,,,,,,,,,,18.5211379529561,24.5637913223141,168,,,,,,,,,,,,,,,,,,,,,,,,,,,,4
124,124,2,warmed,2023-08-22,30,3,27533328255.5863,888,0.586702621952391,-0.93907510658497,0.032998829602841,1.33040430485516,0.182606708525072,385,1.45457198330611,0.903776388059748,-0.624881853822915,1.09191650888326,0.189369768132045,0.192207792207792,0.493506493506494,0.314285714285714,2023,234,19591,-0.773138325570603,-0.634237439397805,subsurface,3.25387588949275,0.346079554522501,0.363730993647343,0.0470543100100526,27.9719759547102,0.67029409893049,27.3555111618358,0.0982773206781936,26.9007633737923,0.0812354801069036,0.401498076292271,0.0166084859673071,0.401498076292271,0.0166084859673071,7.59817812300048,12.7411895207748,0.373585521559934,0.0507514172228985,27.366741231083,0.888515592451951,26.6590180376902,0.611029754848887,26.3027928490062,0.454198125478936,0.391740507628329,0.031421564427553,0.391740507628329,0.031421564427553,26.7152930353738,25.8347255899677,0.340958475273498,0.0656294100637573,27.3913837185136,0.819594227220793,26.5510200824557,0.490487080308184,26.1910861738591,0.367422302369508,0.376255930080492,0.0345292028724751,0.376255930080492,0.0345292028724751,11.9267692307692,14.39,0,2.8138,0.8654,0,,,,,,,,,,2.71,0.7727,237,1.0598,1.866,237,1.23871666666667,1.922,222,0.48065,1.077,222,1255,1255,12,3.497,3.497,12,0.3304,0.3304,12,20.4126867450731,24.5637913223141,252,,,,,,,,,,,,,,,,,,,,,,,,,,,,2
125,125,2,warmed,2023-12-12,30,4,33331622909.569,773,0.58120518726373,-0.884718243681892,0.0351103149639777,1.33553792907408,0.202031349202244,435,1.54632950080774,0.960788539191977,-0.613614077173571,1.11417845359149,0.203476705986283,0.266666666666667,0.485057471264368,0.248275862068966,2023,346,19703,-0.325127602999909,0.945670154846569,subsurface,2.30362502941177,0.594563633442526,0.324273760457516,0.0677651836184357,26.4717276372549,0.77254338115138,25.4485742026144,0.186258104713701,25.2667656633987,0.101632989759497,0.400409288823529,0.0350770993898694,0.400409288823529,0.0350770993898694,2.42912723813756,0.370636177421755,0.344002151945368,0.0498987902593123,26.6402759768369,0.755174178512658,25.8468943066047,0.502914107847503,25.7108148974526,0.438205937863765,0.403788966718457,0.0205161889948741,0.403788966718457,0.0205161889948741,2.69457229964824,0.431137274388455,0.328162213331537,0.071139922770809,27.7678074701446,0.961877112434913,27.1886831795561,1.01821627693164,26.8086031100219,0.828425026863045,0.390367119630051,0.0350092177180616,0.390367119630051,0.0350092177180616,16.9082307692308,11.17,28,1.62577692307692,1.09,28,,,,,,,,,,,0.7727,349,,1.866,349,1.40217142857143,1.922,334,0.693114285714286,1.077,334,2012.5,2210,47,12.5246666666667,11.72,47,0.8125,0.8017,47,17.730441956369,24.5637913223141,364,,,,,,,,,,,,,,,,,,,,,,,,,,,,4
126,126,3,control,2017-05-31,30,3,19896663310.3006,289,0.602886857062073,-1.09857625458921,0.0342872038739498,1.47156543205944,0.18550827228398,53,1.26643065277815,0.786877606768199,-0.636470645960003,1.11617322797872,0.171325807906562,0.207547169811321,0.566037735849057,0.226415094339623,2017,151,17317,0.517585510253189,-0.855631485848871,subsurface,15.0654370238095,5.23962466260348,0.275122084702381,0.0345995299588897,24.9208783928571,0.21478966731145,,,,,,,,,10.1274641080918,4.74663335933264,0.322792448885024,0.0456075851427853,24.5362407795894,0.6220231881969,,,,,,,,,7.85172342038879,3.54442477227359,0.354062252911919,0.0557612446623083,23.3712773018789,1.05206317722443,22.7388251244462,0.351088134584598,22.8472981621972,0.259801052889931,0.4225531472664,0.0171584826414366,0.4225531472664,0.0171584826414366,,,,,,,,,,,,,,,,1.67345714285714,1.4918,120,0.804114285714286,2.176,120,1.22097142857143,4.24,92,0.296928571428571,1.0184,92,,,,,,,,,,28.6998966942149,39.84375,1,528.834616976581,522.340674736393,93,4.55487651409048,8.5229345567275,93,1.81138175888918,0,93,0.990123909654247,4.24993249990462,93,0.0427744452477796,0.120692125556117,93,0.0175614430245929,0,93,1.10846519979719,1.10846519979719,93,0,0,93,0,0,93,2
127,127,3,control,2017-11-22,30,3,23547439997.6653,229,0.597068782446993,-1.04298850372924,0.0366089738573977,1.45736812293442,0.208907394579934,30,1.47852245949092,0.918657655612707,-0.522869755317081,1.02184657815175,0.192254853048264,0.2,0.6,0.2,2017,326,17492,-0.625049648610438,0.780584996507087,subsurface,,,,,,,,,,,,,,,,,,,,,,,,,,,,,6.41037397161836,2.78398037963798,0.382525447036775,0.0236108582778007,25.5907918879831,0.277908948988109,,,,,,,,,,,,,,,,,,,,,,,,1.5108,1.7164,0,0.5837,1.8978,0,1.06877777777778,0.9446,0,0.194388888888889,0.6694,0,,,,,,,,,,34.4719967532468,33.5180785123967,92,536.577840214856,371.664752185537,17,3.45498811868134,4.92463765939077,17,1.78039110492174,0.273447511004424,17,17.8893953949732,79.275084849777,17,1.15680787960274,8.01525687394095,17,0,0,17,0.535367130973915,0,17,0.098342923212285,0,17,0.00249244772637868,0,17,1
128,128,3,control,2017-12-06,30,3,24117139375.9113,141,0.598760398238225,-1.05558564218229,0.0354828959742576,1.50438007489584,0.203476023226661,11,1.46813993901621,0.912206632932989,-0.460492549432251,1.43392148695855,0.381275969098208,0.454545454545455,0.272727272727273,0.272727272727273,2017,340,17506,-0.420831008595656,0.907139053400504,subsurface,,,,,,,,,,,,,,,,,,,,,,,,,,,,,,,,,,,,,,,,,,,,,,,,,,,,,,,,,,1.83611428571429,3.788,0,0.645371428571429,1.0154,0,1.09248888888889,0.8906,0,0.292044444444444,0.9706,0,,,,,,,,,,28.9561377617598,1.23273705959113,1,523.788164580186,371.664752185537,31,3.99547117686054,4.92463765939077,31,1.83206629950331,0.273447511004424,31,28.2871582491435,79.275084849777,31,1.2579226954186,8.01525687394095,31,0.00620633296399535,0,31,1.95242953865607,0,31,0.296709446048681,0,31,0,0,31,5
129,129,3,control,2018-01-03,30,3,14968863264.5449,376.666666666667,0.575400471257375,-0.82327552484049,0.0326799927083194,1.20271371431133,0.171616097901413,93,1.5375389962632,0.955326691626048,-0.73311441187431,1.21295498692573,0.202228213026581,0.365591397849462,0.365591397849462,0.268817204301075,2018,3,17534,0.0515843668694084,0.998668640288,subsurface,,,,,,,,,,,,,,,,,,,,,,,,,,,,,,,,,,,,,,,,,,,,,,,,,,,,,,,,,,1.82835,1.774,0,0.7269,1.2976,0,1.095375,1.2464,0,0.3410125,0.344,0,,,,,,,,,,22.7630481808861,1.50451962809917,1,519.24834706649,552.173731799451,14,4.67050598296711,9.07639575236507,14,1.75948409050699,0.456846093359902,14,45.3371200982621,107.64571969251,14,1.22383198410569,0.785407724295646,14,0.00564212087635941,0,14,4.52774523930326,15.3501333160104,14,0.30865158230953,0.239241396002606,14,0.00765915090382423,0,14,5
130,130,3,control,2018-01-30,30,3,20025796572.7094,465.666666666667,0.586343394676741,-0.933340409661418,0.0343255990000527,1.30936513438138,0.181571922800833,92,1.4374527395487,0.893139603860029,-0.500362670807743,0.962932602635357,0.187552173124859,0.195652173913043,0.652173913043478,0.152173913043478,2018,30,17561,0.493468141677237,0.869763872065065,subsurface,,,,,,,,,,,,,,,,,,,,,,,,,,,,,,,,,,,,,,,,,,,9.678,9.678,0,0.5692,0.5692,0,0.15975811,0.15975811,0,0.0294066,0.0294066,0,0,0,0,1.9295,1.9898,13,0.786725,0.4612,13,1.174225,1.4938,13,0.3465625,0.171,13,,,,,,,,,,15.0180263601743,1.39475723140496,14,499.665235303871,620.64117754319,12,5.56355421284973,7.84078364292102,12,1.44410594112734,3.96870070228602,12,60.8970096771957,110.261775691074,12,1.37303916230773,0.268239797914708,12,0.00620633296399535,0,12,6.47359665621006,14.9307689297647,12,0.339516740540483,0,12,0.00842506599420665,0,12,2
131,131,3,control,2018-02-27,30,2,15911273436.955,478.5,0.594401628392972,-1.01335605142953,0.0321864801819719,1.34996714552805,0.165678303407289,59,1.53673178376001,0.954825142298202,-0.755513369139035,1.19174946231963,0.189348065049131,0.372881355932203,0.474576271186441,0.152542372881356,2018,58,17589,0.840248069607847,0.542202159272985,subsurface,,,,,,,,,,,,,,,,,,,,,,,,,,,,,,,,,,,,,,,,,,,9.838,8.614,0,0.669133333333333,0.6688,0,0.145077566666667,0,0,3.48347193333333,5.4182615,0,0.0379535423333333,0.030923892,0,1.9527,1.9898,41,0.8269125,0.4612,41,1.189325,1.4938,41,0.4657,0.171,41,,,,,,,,,,2.19021496702204,1.39475723140496,42,525.871542074887,672.961906711705,12,7.33286395329205,4.21213044253871,12,1.65389488280546,0.274370069178572,12,86.5403745207049,113.938791774932,12,1.38230182043962,0.0738013051988095,12,0.01205732965436,0,12,10.2250617582586,15.0343104746921,12,0.377454711298433,0,12,0.00765915090382423,0,12,3
132,132,3,control,2018-05-09,30,2,23291019334.2054,883,0.58061598948641,-0.875136219715732,0.0327395436887498,1.24495921345128,0.176301656763715,226,1.47822564339132,0.918473233400883,-0.637249834772541,1.09346268227407,0.201980916407467,0.212389380530973,0.52212389380531,0.265486725663717,2018,129,17660,0.797101592787194,-0.603845220877104,subsurface,,,,,,,,,,,,,,,,,,,,,,,,,,,,,,,,,,,,,,,,,,,8.47942857142857,5.602,1,0.915142857142857,0.5394,1,0.14747264375,0.44904931,1,2.08956634125,0.27153316,1,0.335677167375,0.134949579,1,1.63274,0.5476,0,0.62524,0.111,0,1.06602,0.444,0,0.40167,0.0645,0,,,,,,,,,,2.52556498306864,1.39475723140496,113,697.269658765852,1008.56708408171,7,10.6944889169496,12.3260490811295,7,2.08637563158992,5.83624047690448,7,142.782158483846,266.257370788381,7,2.39142737243911,4.78568583942608,7,0.0536937460837101,0.163377415177549,7,18.1564444650385,36.8420524581883,7,0.630578132783398,0.589457364968288,7,0.0101928111857225,0,7,2
133,133,3,control,2018-11-07,30,2,27797580933.4627,924,0.580996153408386,-0.878987807191206,0.0338536776739213,1.28290837388084,0.189642674671444,281,1.53226959419611,0.952052628037523,-0.571190415434055,1.07559775729346,0.222171516974203,0.241992882562278,0.505338078291815,0.252669039145908,2018,311,17842,-0.803547648533912,0.595240435904367,subsurface,1.8107930929399,0.890387350803462,0.46693996855806,0.0194211453892698,23.9397647143175,0.403535250228051,24.3369812478355,0.295068566653242,24.5337676949325,0.232046964773003,0.459610185127642,0.0099505600526527,0.459610185127642,0.0099505600526527,1.33058785829111,1.00570992295402,0.468226092978192,0.0130693835018323,24.4505974642041,0.547034562903824,24.8564048366849,0.385270789972245,24.9962349985134,0.325833050030303,0.459180279376736,0.00760499811776657,0.459180279376736,0.00760499811776657,1.46319743505971,0.909679545442908,0.466519353333711,0.0118030838777105,24.6274806303935,0.593493771559912,25.024415467681,0.436178865924668,25.1578936213922,0.38842954362429,0.459338984231407,0.00663318040651423,0.459338984231407,0.00663318040651423,20.3195384615385,30.06,57,1.90004615384615,3.306,57,0.126094815384615,0.29959568,57,0.427775531923077,0.641370665,57,0.209186025769231,0.0814675,57,2.55655555555556,0.5476,182,0.379188888888889,0.111,182,1.2894,0.444,182,0.20749,0.0645,182,,,,,,,,,,7.30632814155541,7.58458161157025,112,1071.73893085783,1076.39492901836,133,9.55320827396815,9.10123253000498,133,3.21370266671449,4.80282692162177,133,295.213863449991,311.654543222873,133,3.53034713103383,3.5459242637068,133,0.76372502890205,1.69485033032175,133,39.209750536715,40.8134025820222,133,0.264115728582996,0.380663311915662,133,0.00124663180268981,0,133,3
134,134,3,control,2019-09-10,30,3,23289665724.0836,513,0.582294761324314,-0.892678871567767,0.0324359116678189,1.26321894291212,0.171175936934735,115,1.44030706180008,0.894913093989302,-0.703439003856193,1.11010262309073,0.168666969920173,0.252173913043478,0.573913043478261,0.173913043478261,2019,253,18149,-0.935834897334994,-0.352438710884603,subsurface,,,,,,,,,,,,,,,,,,,,,,,,,,,,,20.1490552765885,5.45967517762992,0.320737255477187,0.0645182117869221,25.4498663905958,0.503407500069597,25.4077459715321,0.238176245148002,25.2455747563191,0.224934909071757,0.414779728666119,0.0242829061735989,0.414779728666119,0.0242829061735989,17.8073846153846,12.038,0,2.46310769230769,1.1852,0,0.328918492307692,0.02668576,0,1.71500573861538,0.604143416,0,0.311931243076923,0.11043084,0,2.7897,1.5116,28,0.283425,0.263,28,5.5546,26,42,0.2570375,0.459,42,,,,,,,,,,13.8561466942149,10.6098915289256,0,,,,,,,,,,,,,,,,,,,,,,,,,,,,3
135,135,3,control,2019-12-03,30,3,23294873647.4844,531,0.577572712896471,-0.844628211527612,0.0347953216819207,1.24950298579841,0.18658026403158,126,1.46536711046005,0.910483777683503,-0.558202811275619,0.996091939747293,0.178268126890318,0.198412698412698,0.634920634920635,0.166666666666667,2019,337,18233,-0.46706492487743,0.884223023874204,subsurface,2.68365502952999,0.553624862086703,0.456771027210884,0.0116360168102682,23.3995442426562,0.509362913778569,23.7401511100804,0.28641368653229,23.9116586065244,0.203571374413364,0.454802364121831,0.00996901119387105,0.454802364121831,0.00996901119387105,2.59432683702791,0.33544398530834,0.448996034363998,0.0135220674843256,23.6350446865407,0.631031098244652,24.0423912338506,0.388381113469908,24.2348763451326,0.314743264596807,0.45085534811433,0.0100599258952403,0.45085534811433,0.0100599258952403,2.59432683702791,0.33544398530834,0.448996034363998,0.0135220674843256,23.6350446865407,0.631031098244652,24.0423912338506,0.388381113469908,24.2348763451326,0.314743264596807,0.45085534811433,0.0100599258952403,0.45085534811433,0.0100599258952403,22.0035384615385,22.76,41,3.40852307692308,3.416,41,0.25353186,0.09231464,41,2.61862298161539,2.586795035,41,0.230360667692308,0,41,2.08186666666667,5.164,42,0.676,0.8184,42,4.198,4.414,42,0.416381818181818,0.3618,42,,,,,,,,,,11.6571513116071,13.9332318399304,41,,,,,,,,,,,,,,,,,,,,,,,,,,,,1
136,136,3,control,2020-01-14,30,2,23530993202.5059,589,0.590150590925753,-0.969323787339904,0.0342133423636865,1.35419317375691,0.191000551292923,127,1.45854671112743,0.906246025310496,-0.576170568202168,1.05535025264123,0.20913411747856,0.196850393700787,0.582677165354331,0.220472440944882,2020,14,18275,0.238512575194076,0.971139408877165,subsurface,1.7076974747336,0.394496387741696,0.478608536359474,0.00736524303371423,22.7592666433566,0.354984831013292,23.1643629528805,0.118913748770123,23.4044193061106,0.0560483744645048,0.460933044984183,0.0064077937145588,0.460933044984183,0.0064077937145588,2.05919331237064,0.451649301716519,0.473870232362795,0.00752985032712841,23.0523324090383,0.472957060942379,23.4554807452763,0.234745869585737,23.6442023168364,0.166203323306829,0.462283992006188,0.00505247643186157,0.462283992006188,0.00505247643186157,2.32190519440194,0.476074217312802,0.461825140478331,0.0155244136138338,23.3354247712752,0.587936447323542,23.7385231004607,0.403541496338211,23.9262646815599,0.357701022999743,0.457191502085545,0.00939442101905345,0.457191502085545,0.00939442101905345,21.1967692307692,22.76,83,4.32129230769231,3.416,83,0.114087226923077,0.09231464,83,3.94358205815385,2.586795035,83,0.221728061538462,0,83,1.52311111111111,5.164,84,1.14597777777778,0.8184,84,3.88181666666667,4.414,84,0.696425,0.3618,84,,,,,,,,,,11.8411657869642,13.9332318399304,83,,,,,,,,,,,,,,,,,,,,,,,,,,,,2
137,137,3,control,2020-02-25,30,2,24860757109.3226,715.5,0.580521021851866,-0.873563908151916,0.0342088059939522,1.26528006680097,0.187456134705911,176,1.47437839375468,0.916082802799673,-0.526195076614806,1.01144301474728,0.211300202664588,0.176136363636364,0.579545454545455,0.244318181818182,2020,56,18317,0.821100117812889,0.570784194356904,subsurface,2.12936288819876,0.208592246910617,0.472438822282609,0.0116773140720788,21.9609937008282,0.427684996335632,22.5717084912008,0.253609537840737,22.858729384058,0.197472909731185,0.453355679943064,0.0101333532448057,0.453355679943064,0.0101333532448057,2.61753955473552,0.572473260846821,0.473154380842011,0.0100746710805327,22.3247746387773,0.376518320730551,22.764231615531,0.186786689218073,22.9777882814517,0.126934304011947,0.453195322794118,0.00879938471217384,0.453195322794118,0.00879938471217384,2.31643955446539,0.657502159301219,0.472271206195089,0.0101930575046023,22.7607353592009,0.590633195289802,23.184972939609,0.453145069111446,23.3894456715205,0.409346578824224,0.458783918517622,0.0079208359281767,0.458783918517622,0.0079208359281767,19.8766666666667,22.76,125,4.37461666666667,3.416,125,0.0685158069230769,0.09231464,125,4.04684450638462,2.586795035,125,0.234799341538462,0,125,1.36616363636364,5.164,126,1.12352727272727,0.8184,126,1.1878,4.414,126,0.972866666666667,0.3618,126,,,,,,,,,,13.2610766177602,13.9332318399304,125,,,,,,,,,,,,,,,,,,,,,,,,,,,,4
138,138,3,control,2020-03-10,30,2,25134007224.9013,562.5,0.592148015194965,-0.990514805732989,0.0336432128747261,1.36880765337092,0.188506420766478,118,1.52384767741051,0.946819796922673,-0.620204925248282,1.04982644932488,0.189525467722657,0.254237288135593,0.593220338983051,0.152542372881356,2020,70,18331,0.933541891117921,0.358468321512481,subsurface,2.06693293333333,0.476575245856254,0.471114964,0.0108393715902847,22.3323868833333,0.197442426068491,22.67814275,0.080532695712371,22.8407660166667,0.0370659859253664,0.4539370575,0.00997716172087531,0.4539370575,0.00997716172087531,1.88367120718375,1.10608911563908,0.471965175238415,0.0104314306824967,22.2426728886205,0.400111363463353,22.6887712597066,0.193261675003705,22.8909355691537,0.161604870644494,0.453590499473072,0.0086004309327695,0.453590499473072,0.0086004309327695,2.1366950450228,0.877048538040289,0.473977006331886,0.00928364241972285,22.5971604407747,0.559089087174597,23.0189716584435,0.405531017812996,23.2241613203439,0.376562528207753,0.458511002570881,0.00822892101243179,0.458511002570881,0.00822892101243179,21.1235,22.76,139,5.01818333333333,3.416,139,0.0728307023076923,0.09231464,139,4.54799018884615,2.586795035,139,0.544689276923077,0,139,1.3033,5.164,140,1.09645,0.8184,140,1.18225,4.414,140,1.00043333333333,0.3618,140,,,,,,,,,,13.3406916050457,13.9332318399304,139,,,,,,,,,,,,,,,,,,,,,,,,,,,,1
139,139,3,control,2020-07-28,30,2,20396049477.1347,577.5,0.584675897300759,-0.915024927944598,0.0334059313956973,1.28887853756029,0.179526853922689,97,1.54199634083745,0.958096195525398,-0.681404553684031,1.05803782531253,0.167921359644493,0.278350515463918,0.567010309278351,0.154639175257732,2020,210,18471,-0.453703086031344,-0.891152910406309,subsurface,3.75523113095238,0.211272645936044,0.476684606547619,0.00461653835375793,25.64169125,0.340051703538104,25.5842789285714,0.134663592393242,25.4820442857143,0.0963494774957225,0.453076520833333,0.00601432932591453,0.453076520833333,0.00601432932591453,3.42473738949275,0.33335080597311,0.470040561956522,0.0105318119447985,25.6032411523752,0.40182282287334,25.6357605466989,0.190839757359434,25.5432085211353,0.116442661947777,0.450411115177134,0.0077866926657672,0.450411115177134,0.0077866926657672,3.02957033202983,0.609975685917634,0.462054778762439,0.0150640552026303,25.1480999709117,0.718347222775043,25.173853414097,0.665406261921507,25.0731723387086,0.656217591486412,0.449557737999,0.00895532913864195,0.449557737999,0.00895532913864195,21.8347272727273,20.82,42,7.91018181818182,8.922,42,0.071852575,0.065,42,6.15188891783333,9.444851357,42,1.09358333333333,0.05,42,1.4586,5.164,280,0.617355555555556,0.8184,280,1.49986666666667,4.414,280,0.576777777777778,0.3618,280,,,,,,,,,,16.9446064551477,13.1650309917355,113,,,,,,,,,,,,,,,,,,,,,,,,,,,,5
140,140,3,control,2020-09-09,30,2,23988281410.7399,764,0.574498107068881,-0.812793526829861,0.0331246099320634,1.18189613231342,0.171122195037458,190,1.41483050572447,0.879083619687259,-0.597782133652118,1.02746592496917,0.187559810520721,0.184210526315789,0.621052631578947,0.194736842105263,2020,253,18514,-0.935834897334994,-0.352438710884603,subsurface,4.59367470238095,0.413000983346575,0.468864567857143,0.0101060114681611,25.4557979166667,0.264927266490759,25.6740865476191,0.128848748493316,25.6892882738095,0.0889589389178683,0.453006305357143,0.00936839793866671,0.453006305357143,0.00936839793866671,5.00211971928901,0.869021485648307,0.454483020343599,0.0252057800475684,25.6862231829445,0.360118234687591,25.7464273829266,0.16175299821397,25.6895011042509,0.0985441594898377,0.439751804752185,0.0178658838594384,0.439751804752185,0.0178658838594384,4.37581236142213,1.14874058858342,0.461691672245023,0.0197681153241543,25.6519047106643,0.387054446438211,25.6997298804306,0.181313016642473,25.6207111711491,0.124604157188375,0.444028903145122,0.0145164921385499,0.444028903145122,0.0145164921385499,19.8208333333333,20.82,85,6.79941666666667,8.922,85,0.066106635,0.065,85,5.61346844783333,9.444851357,85,0.690083333333333,0.05,85,1.61357142857143,5.164,323,0.517828571428571,0.8184,323,1.63642857142857,4.414,323,0.242142857142857,0.3618,323,,,,,,,,,,20.7633006198347,13.1650309917355,156,,,,,,,,,,,,,,,,,,,,,,,,,,,,2
141,141,3,control,2020-10-06,30,2,15437807174.9462,581,0.554226616676389,-0.609283928730135,0.0281160341538846,0.961226530143884,0.151562725042033,157,1.39080423308441,0.864155257148735,-0.595900258424203,1.00215932160535,0.17083802203727,0.184713375796178,0.617834394904459,0.197452229299363,2020,280,18541,-0.994566756970634,0.104100748935426,subsurface,2.96165482142857,0.109451528553299,0.463226769047619,0.00468153285755662,24.6051122619048,0.465385352343226,24.9915596428571,0.153482277754243,25.1026452976191,0.10450036975826,0.461729181547619,0.00132971330527437,0.461729181547619,0.00132971330527437,3.65499016821946,0.670994967866651,0.439649040345249,0.0479776681848408,24.9214464459734,0.422993863095468,25.2838277162717,0.250407269179312,25.3559635878084,0.198968464514046,0.44181912496763,0.0246601614474437,0.44181912496763,0.0246601614474437,4.23676650791331,1.12389635675382,0.453423586170262,0.0344663853816208,25.3896167876473,0.530311272941023,25.5523565639196,0.291530607614294,25.5301172064099,0.205612471750589,0.442778056754409,0.0190489228046445,0.442778056754409,0.0190489228046445,20.4715384615385,20.82,112,6.43941538461538,8.922,112,0.0785366,0.065,112,5.32541848869231,9.444851357,112,0.263076923076923,0.05,112,1.529725,5.164,350,0.51755,0.8184,350,1.630125,4.414,350,0.246225,0.3618,350,,,,,,,,,,20.7265695578345,13.1650309917355,183,,,,,,,,,,,,,,,,,,,,,,,,,,,,2
142,142,3,control,2020-11-05,30,2,14318854340.2131,707.5,0.561942027657849,-0.688175058435557,0.0286261872808305,1.0202228289222,0.146326426316765,207,1.22950007761833,0.763931350268021,-0.594193473917519,0.976083086164012,0.159629255357506,0.120772946859903,0.657004830917875,0.222222222222222,2020,310,18571,-0.813667830445599,0.581330079815204,subsurface,,,,,,,,,,,,,,,3.98538051136364,0.306977553056712,0.452636512396694,0.0187848382131829,24.59108690427,0.431295379763086,24.8989813708514,0.158911917952532,24.8831371158009,0.142907126935368,0.428978414141414,0.00846168088113207,0.428978414141414,0.00846168088113207,4.30924889089589,1.00173290086079,0.447607164268549,0.0340464006727208,25.1146375758619,0.615338395729647,25.4526442108119,0.360705432159312,25.4519959456067,0.299093275511829,0.438034637309613,0.0205446928959423,0.438034637309613,0.0205446928959423,22.406,41.98,1,5.65649230769231,5.512,1,0.0687542723076923,0.083,1,4.78894056484615,3.536332075,1,0.249846153846154,0.012,1,1.40904444444444,0.6976,0,0.529977777777778,0.5994,0,1.04997777777778,0.6684,0,0.249744444444444,0.1463,0,,,,,,,,,,20.4357088784421,13.1650309917355,213,,,,,,,,,,,,,,,,,,,,,,,,,,,,1
143,143,3,control,2020-12-29,30,2,12458904150.3698,565,0.573971914879166,-0.807102263714946,0.0300982080786833,1.11739542337329,0.141718393309432,241,1.32077858954086,0.737140566144122,-0.616285922559594,1.00624379156116,0.157662708367314,0.149377593360996,0.630705394190871,0.215767634854772,2020,364,18625,-0.0215013727408138,0.999768818762748,subsurface,2.59896315344438,0.192216403862775,0.47707391187747,0.00506298828758429,22.351262008658,0.414923570060694,22.9826315905797,0.210479266199577,23.2474870819688,0.14254146327722,0.45578753127988,0.00530448015276492,0.45578753127988,0.00530448015276492,2.28959538012736,0.237502070944169,0.468380986605951,0.0146213486680603,22.435511968083,0.436421516731908,23.0227253874396,0.187983376549071,23.2944418958169,0.144022542647662,0.454348909116271,0.0106322915256677,0.454348909116271,0.0106322915256677,2.9302992780075,0.822902264764533,0.4629762721165,0.0167482311372955,23.4296396105605,1.10213244903801,23.6270710077163,0.846728924926224,23.8369529670356,0.745742385032365,0.452103592866228,0.0132483871510788,0.452103592866228,0.0132483871510788,23.5033846153846,18.41,42,4.04570769230769,1.8658,42,0.0606153846153846,0.016,42,3.43206285184615,0.964660936,42,0.0462307692307692,0,42,1.25077777777778,0.6976,54,0.573444444444444,0.5994,54,1.1052,0.6684,54,0.26139,0.1463,54,,,,,,,,,,19.5993293488808,13.1650309917355,267,,,,,,,,,,,,,,,,,,,,,,,,,,,,2
144,144,3,control,2021-02-09,30,3,12606621803.0866,531.666666666667,0.585302372234116,-0.922091805016928,0.0287282251550324,1.21091327256652,0.140727674084256,214,1.38215368137655,0.858780367169427,-0.750693412386368,1.10235802128939,0.144895712245039,0.247663551401869,0.52803738317757,0.224299065420561,2021,40,18667,0.635068313486744,0.772455977519174,subsurface,2.56561345238095,0.127887874929699,0.460365462797619,0.00965976450937125,21.9345424404762,0.205457621966708,22.4435299107143,0.0513644766115547,22.6048799404762,0.0206201607418049,0.453192940476191,0.00577311638605302,0.453192940476191,0.00577311638605302,2.89330121014493,0.470846545849113,0.452524806331522,0.0160266156258746,21.9496189142512,0.432517800098501,22.4196866416063,0.191691828224526,22.6244252548309,0.133760474192364,0.437334034571256,0.0135810773067733,0.437334034571256,0.0135810773067733,2.5739015218517,0.437734086937376,0.462421730107883,0.0161713745580066,22.1783290371366,0.611547480189434,22.7532057535544,0.490069724146004,23.0121833981088,0.473430891417559,0.446222061373268,0.013642950333906,0.446222061373268,0.013642950333906,25.802,18.41,84,4.12109230769231,1.8658,84,0.0524615384615385,0.016,84,2.95245949684615,0.964660936,84,0.0511538461538462,0,84,1.2476,0.6976,96,0.72836,0.5994,96,1.07069090909091,0.6684,96,0.338627272727273,0.1463,96,,,,,,,,,,16.262314091411,13.1650309917355,309,,,,,,,,,,,,,,,,,,,,,,,,,,,,1
145,145,3,control,2021-06-03,30,2,9693973230.04469,606,0.585142455836058,-0.920455383731819,0.0292775033195929,1.25644694138356,0.158056797933756,227,1.45635153715283,0.904882087032643,-0.702449668299798,1.11006164163742,0.171139755747323,0.268722466960352,0.488986784140969,0.242290748898678,2021,154,18781,0.472759209286278,-0.881191653407483,subsurface,3.70236251488095,0.249952809816413,0.39002414702381,0.0221222777857167,24.5625530208333,0.139826788613384,24.2039938690476,0.0577104258632167,24.1630765029762,0.0170807531663035,0.434640334375,0.00923389871239991,0.434640334375,0.00923389871239991,3.85873445449392,0.669831071167218,0.34296652004999,0.0708784872201227,24.2971803986292,0.243031229831435,24.1293858668316,0.166774205138963,24.0274720882292,0.16761401379034,0.393029955050505,0.0340844453046944,0.393029955050505,0.0340844453046944,3.84239555856181,0.627407448478724,0.351667096305315,0.0702105489665945,24.0703320791246,0.656075981595632,23.9097906369499,0.615103701131094,23.8248702068302,0.570324246298792,0.396601589662247,0.0332408048341993,0.396601589662247,0.0332408048341993,29.9333846153846,12.694,1,6.13076923076923,2.912,1,0.0308333333333333,0,28,5.10535657283333,8.441513727,28,0.0319166666666667,0,28,0.967755555555556,0.9034,0,0.780288888888889,0.7324,0,0.889888888888889,0.7046,0,0.447688888888889,0.3604,0,,,,,,,,,,15.5991636204704,29.084194214876,2,,,,,,,,,,,,,,,,,,,,,,,,,,,,3
146,146,3,control,2021-12-15,30,2,8926319781.34747,242,0.597856382470555,-1.04674620247275,0.031569875441324,1.33562361199411,0.151381901195009,58,1.38974741074623,0.863498616510399,-0.578893493495228,1.04118059901725,0.18286790765662,0.258620689655172,0.655172413793103,0.0862068965517242,2021,349,18976,-0.27591294500296,0.961182629254084,subsurface,2.47321806704261,0.19778100982238,0.424340367606516,0.00672873900785019,23.1129427005013,0.307690798139328,23.4722056234336,0.102618429493673,23.5798631798246,0.0536476784904146,0.456140485181704,0.00399036862974789,0.456140485181704,0.00399036862974789,2.55737406477051,0.240353058938708,0.422257994880826,0.00717411572867564,23.0763786534202,0.288086679573296,23.4649741212564,0.0906251980931429,23.5881897332979,0.0496668227395721,0.454963318020113,0.00417122492933964,0.454963318020113,0.00417122492933964,2.55737406477051,0.240353058938708,0.422257994880826,0.00717411572867564,23.0763786534202,0.288086679573296,23.4649741212564,0.0906251980931429,23.5881897332979,0.0496668227395721,0.454963318020113,0.00417122492933964,0.454963318020113,0.00417122492933964,10.2618181818182,5.158,14,1.98587272727273,0.8126,14,0.0371818181818182,0.013,14,1.39185484327273,0.474817976,14,0.0407272727272727,0.049,14,1.45001818181818,0.9619,43,1.08763636363636,1.288,43,1.480125,1.572,43,0.357833333333333,0.4164,43,,,,,,,,,,15.813930387794,16.073347107438,84,,,,,,,,,,,,,,,,,,,,,,,,,,,,5
147,147,3,control,2023-05-30,30,2,21762600028.2216,1088.5,0.566150288605514,-0.737206182295733,0.0289594665305459,1.07785823026555,0.133390084000596,608,1.32746620663071,0.82480112862699,-0.520987551654901,1.02945310741522,0.187429060156901,0.118421052631579,0.519736842105263,0.361842105263158,2023,150,19507,0.53222713884744,-0.846601602097627,subsurface,,,,,,,,,,,,,,,3.58870465314338,0.926694062269241,0.427055154691009,0.0167154507311251,24.462544275825,0.400434940501458,24.2345074864562,0.183141705263071,24.0001236684312,0.198385473875297,0.429921176169615,0.010736814295008,0.429921176169615,0.010736814295008,2.67992653557174,0.790201287356034,0.390029187769352,0.0516316247394824,22.8745511653034,1.24054380722603,22.9234312506115,0.978510548440783,22.8761497188291,0.826464292909417,0.402444685417239,0.0328675954192332,0.402444685417239,0.0328675954192332,14.23,8.459,0,4.36605384615385,2.157,0,,,,,,,,,,1.39636,2.652,138,1.3558,1.331,138,0,0.7992,195,0.02662,0.2966,195,,,,,,,,,,18.5211379529561,24.5637913223141,168,,,,,,,,,,,,,,,,,,,,,,,,,,,,2
148,148,4,warmed,2017-05-31,30,2,9346233722.15834,300.5,0.57187174861751,-0.791360793921013,0.0305168578141956,1.12017242074904,0.138697869808699,99,1.11997011738008,0.695876559591075,-0.60111475825186,0.938962468946081,0.126380220974058,0.121212121212121,0.777777777777778,0.101010101010101,2017,151,17317,0.517585510253189,-0.855631485848871,subsurface,17.7258620238095,1.61361088376196,0.203543778779762,0.038954930057201,28.7909213095238,0.471597119067859,,,,,,,,,16.9318679891304,2.91572976880515,0.253524174375483,0.0535291674444425,29.044145759058,0.783593823543309,,,,,,,,,16.2282133164598,2.89474683610614,0.259734411729451,0.0512726056835483,28.2365023386612,1.15097932631305,,,,,,,,,,,,,,,,,,,,,,,,3.5856,5.466,246,1.13002857142857,0.8028,246,1.59848888888889,1.3656,64,0.490677777777778,0.2318,64,,,,,,,,,,28.6998966942149,39.84375,1,867.164234941557,829.44423838218,68,4.66660133446266,1.5129479517339,68,1.03496485172703,0,68,75.7403214338859,73.1208263252785,68,0.0960754582017051,0.135799178904994,68,0,0,68,13.2823308617394,10.5363400488339,68,0.25916407178089,0,68,0.0921625351631513,0,68,5
149,149,4,warmed,2017-11-22,30,3,15879295464.4475,526.666666666667,0.561958963586176,-0.696010480511022,0.034460718220861,1.10852757357899,0.176184794394459,237,1.29814203777464,0.806580998089786,-0.527764042584495,0.984621835438741,0.175871029033874,0.122362869198312,0.645569620253165,0.232067510548523,2017,326,17492,-0.625049648610438,0.780584996507087,subsurface,,,,,,,,,,,,,,,,,,,,,,,,,,,,,16.1650553472222,4.04894340461352,0.315516430942361,0.0384843015562942,27.5508878402778,1.91349579934612,,,,,,,,,,,,,,,,,,,,,,,,3.2135,2.716,0,1.13755,0.7766,0,1.549925,2.454,0,0.839825,2.68,0,,,,,,,,,,34.4719967532468,33.5180785123967,92,564.771033987805,530.130552027448,17,2.12606029079085,2.64049840439697,17,5.4100085859103,0,17,66.3612782463038,47.3188947565926,17,0.0489353093263517,0,17,0.0670331091048558,0,17,1.1830406119902,0,17,0.00669047458120318,0,17,0.0364644449947309,0,17,3
150,150,4,warmed,2017-12-06,30,2,11141099472.0256,514.5,0.571003910411496,-0.781007488180601,0.0305778893784259,1.13099216326276,0.15640786131551,249,1.18935840149114,0.738989924558423,-0.571998565845337,0.992348006924048,0.184335105386364,0.0963855421686747,0.610441767068273,0.293172690763052,2017,340,17506,-0.420831008595656,0.907139053400504,subsurface,,,,,,,,,,,,,,,,,,,,,,,,,,,,,,,,,,,,,,,,,,,,,,,,,,,,,,,,,,2.662,2.952,0,1.22275,1.5928,0,1.5263,0.7832,0,1.000125,1.561,0,,,,,,,,,,28.9561377617598,1.23273705959113,1,537.210934778634,530.130552027448,31,3.17953270024461,2.64049840439697,31,4.93309926382475,0,31,62.7586204736569,47.3188947565926,31,0.0489353093263517,0,31,0.0835058783350334,0,31,0.638353628063524,0,31,0.00669047458120318,0,31,0.0159452052703689,0,31,5
151,151,4,warmed,2018-01-03,30,2,30705093219.7442,60,0.611363412259551,-1.18134142324832,0.0370001456297451,1.60731865465281,0.185112668703094,,,,,,,,,,2018,3,17534,0.0515843668694084,0.998668640288,subsurface,,,,,,,,,,,,,,,,,,,,,,,,,,,,,,,,,,,,,,,,,,,,,,,,,,,,,,,,,,2.7056,2.88,0,1.07756,0.4968,0,1.52117142857143,1.5064,0,1.37311428571429,1.949,0,,,,,,,,,,22.7630481808861,1.50451962809917,1,546.66379678075,603.410744416604,14,2.40874396009921,1.32766717442246,14,0.769410806910496,0.296633410291316,14,59.0740239655809,49.3699297875479,14,0.195456080173117,0.678303841367723,14,0.0759144348500304,0,14,0,0,14,0,0,14,0.0144956411548808,0,14,4
152,152,4,warmed,2018-01-30,30,3,17215875434.6934,545.666666666667,0.570061308602081,-0.769558590413458,0.0359241313160302,1.238881113911,0.213007105537297,267,1.2656014409378,0.706345613165956,-0.479454868214392,1.0400721813304,0.253351533095699,0.0898876404494382,0.50936329588015,0.389513108614232,2018,30,17561,0.493468141677237,0.869763872065065,subsurface,,,,,,,,,,,,,,,,,,,,,,,,,,,,,,,,,,,,,,,,,,,22.08,22.08,0,2.214,2.214,0,0.60574871,0.60574871,0,0.16329438,0.16329438,0,0.732543955,0.732543955,0,2.731,2.952,13,0.925966666666667,0.3426,13,1.527925,1.4556,13,1.33005,0.7824,13,,,,,,,,,,15.0180263601743,1.39475723140496,14,550.236605261752,623.35981168768,12,2.55455635967046,2.42160823023439,12,0.417226093016487,0.190949362509921,12,53.4151973416034,55.4179311331716,12,0.195132963967997,0,12,0.0835058783350334,0,12,0,0,12,0,0,12,0,0,12,4
153,153,4,warmed,2018-02-27,30,2,13765769296.9884,168.5,0.561999846888736,-0.687603070234482,0.0390209594098232,1.1826039171156,0.220037355477535,63,0.963787739290469,0.695225895971973,-0.411099911352201,0.911558623976051,0.214969019512818,0.0158730158730159,0.682539682539683,0.301587301587302,2018,58,17589,0.840248069607847,0.542202159272985,subsurface,,,,,,,,,,,,,,,,,,,,,,,,,,,,,,,,,,,,,,,,,,,19.5086666666667,17.416,0,1.91533333333333,1.414,0,0.237304223333333,0.0579035,0,1.31493448,3.661305,0,0.807427695,0.47137308,0,2.624,2.952,41,0.7736,0.3426,41,1.502075,1.4556,41,1.410475,0.7824,41,,,,,,,,,,2.19021496702204,1.39475723140496,42,570.222052439817,583.030693059164,12,5.04216411093291,2.96993304241651,12,1.25128801326125,0.0334097878209754,12,59.3939461862115,83.2754293360453,12,1.24522198447073,2.89619206220749,12,0.0598263362685676,0,12,0,0,12,0,0,12,0,0,12,3
154,154,4,warmed,2018-05-09,30,3,24849767827.5582,1192,0.561700098371995,-0.686292640846002,0.0321869337461468,1.11519382212599,0.193093033663975,690,1.28174326391861,0.796391867009095,-0.558086035546617,1.04890971136295,0.217739783699688,0.123188405797101,0.495652173913044,0.381159420289855,2018,129,17660,0.797101592787194,-0.603845220877104,subsurface,,,,,,,,,,,,,,,,,,,,,,,,,,,,,,,,,,,,,,,,,,,16.60975,12.988,1,1.79585,0.8904,1,0.18650247875,0.08261379,1,1.94894569875,0.19150828,1,0.605847435375,0,1,2.93111111111111,2.292,0,0.582511111111111,0.2318,0,1.28783636363636,0.752,0,0.905563636363636,0.0634,0,,,,,,,,,,2.52556498306864,1.39475723140496,113,635.258771997472,762.068524757555,7,5.47195284087404,2.80047026946184,7,1.19464374032393,0.0246823636481368,7,75.7556709040771,93.1100523680708,7,1.5477470231438,0.87142785586858,7,0.36100605497402,0.155035826063219,7,0,0,7,0,0,7,0,0,7,4
155,155,4,warmed,2018-11-07,30,2,19805114963.8009,829.5,0.553110829875153,-0.597692776356376,0.030062071389941,0.997069052325564,0.179312656524224,376,1.26054237065379,0.703522092279979,-0.514427233166665,1.03080128292945,0.234497226937173,0.101063829787234,0.529255319148936,0.36436170212766,2018,311,17842,-0.803547648533912,0.595240435904367,subsurface,9.77317017598344,1.88053650489782,0.429166741459627,0.0225340038254378,24.5390898498965,0.426630516455815,25.2590059886128,0.199644112423465,25.4067961982402,0.144025766443509,0.43084355007764,0.0247866567767025,0.43084355007764,0.0247866567767025,8.50787437621113,2.93041090154946,0.427570973719246,0.0153301069933529,25.1760956267034,0.634829188921702,25.8324311648319,0.455175422347076,25.8747475186601,0.356864222084705,0.435062571062819,0.0165176678203897,0.435062571062819,0.0165176678203897,7.91703453990464,2.6146221307688,0.423989404746816,0.0148017833021012,25.3917474432772,0.654682090045658,25.9634064292393,0.420820212116085,25.9740428655988,0.326774122733046,0.436010219741768,0.0144163632429902,0.436010219741768,0.0144163632429902,13.3444615384615,11.916,57,1.03375384615385,0.9258,57,0.09814192,0.12985143,57,0.125086786692308,0.108138537,57,0.0785213461538462,0.10626,57,2.9453,2.292,182,0.32515,0.2318,182,5.88822222222222,0.752,182,0.270444444444444,0.0634,182,,,,,,,,,,7.30632814155541,7.58458161157025,112,762.749147857787,843.474692816626,133,9.9583047949699,2.30218451215513,133,1.74854066387982,0,133,98.9155517483009,102.612623266421,133,1.43028562473278,2.02575723997084,133,0.375740533994357,0,133,0,0,133,0,0,133,0,0,133,4
156,156,4,warmed,2019-09-10,30,3,27580263655.8078,1074,0.559205862005094,-0.659524425309258,0.0315564664451739,1.07395012465441,0.187993870456188,515,1.1560965918881,0.645229793252429,-0.550391888244829,1.05188856957292,0.23029936914787,0.0854368932038835,0.497087378640777,0.415533980582524,2019,253,18149,-0.935834897334994,-0.352438710884603,subsurface,,,,,,,,,,,,,,,,,,,,,,,,,,,,,24.7629077540937,3.22137902277446,0.131380793328548,0.048247714237672,26.9302161075082,0.685619109397637,26.6605947227583,0.265897650716832,26.4566131652633,0.252433649932819,0.285860302141695,0.011665813625808,0.285860302141695,0.011665813625808,33.4489230769231,15.036,0,4.24629230769231,1.4918,0,0.404915729230769,0.08344096,0,1.706869521,0.583701082,0,1.09146463692308,0.12046968,0,5.868,5.868,0,1.1798,1.1798,0,2.9658,0.5288,0,0.2680125,0.1193,0,,,,,,,,,,13.8561466942149,15.6083419421488,166,,,,,,,,,,,,,,,,,,,,,,,,,,,,3
157,157,4,warmed,2019-12-03,30,2,35059051935.1823,1311,0.555544821062266,-0.622323228819573,0.031155275200119,1.04240469464741,0.19266166122054,565,1.05145278982056,0.65330435035568,-0.498148494581137,1.00694386461033,0.23609433218512,0.0442477876106195,0.52212389380531,0.433628318584071,2019,337,18233,-0.46706492487743,0.884223023874204,subsurface,4.00922587745098,0.932282159744919,0.289836539376751,0.0675073256142983,24.7966157682073,0.64583329494809,25.1624174964986,0.250672954918795,25.2754125756303,0.166342795077047,0.405178446267507,0.0269725343207231,0.405178446267507,0.0269725343207231,4.83788046667108,0.928813522022676,0.277163910937945,0.0554029308794105,24.9293259570971,0.56118670920122,25.3167512843158,0.257991906508955,25.4361144449708,0.185790660892714,0.394859844430852,0.0253266516289643,0.394859844430852,0.0253266516289643,4.83788046667108,0.928813522022676,0.277163910937945,0.0554029308794105,24.9293259570971,0.56118670920122,25.3167512843158,0.257991906508955,25.4361144449708,0.185790660892714,0.394859844430852,0.0253266516289643,0.394859844430852,0.0253266516289643,25.0309230769231,17.644,41,3.46029230769231,1.9062,41,0.347769717692308,0.14419892,41,1.583883797,0.636237544,41,0.739544713846154,0.29982024,41,9.584,5.444,56,1.06855,0.6652,56,2.210575,1.2586,68,0.271725,0.5198,68,,,,,,,,,,11.6571513116071,15.6083419421488,250,,,,,,,,,,,,,,,,,,,,,,,,,,,,5
158,158,4,warmed,2020-01-14,30,3,22406492859.2241,959,0.557514458433839,-0.642136371950245,0.0304571996080786,1.04183969018891,0.178568198561268,535,1.23748608682885,0.690654135268503,-0.551120923098747,1.04464243525741,0.223758208372308,0.102803738317757,0.51214953271028,0.381308411214953,2020,14,18275,0.238512575194076,0.971139408877165,subsurface,3.01689583957709,0.50717997101196,0.325201811188811,0.0214312163249086,24.3947496715784,0.478198396413908,24.9260364997503,0.0982528143959578,25.12034744672,0.0645351341464273,0.408000765605228,0.0152649077890256,0.408000765605228,0.0152649077890256,3.30080931643272,0.474182934334611,0.324757907434394,0.0198884960573516,24.9317306990124,0.601762586466712,25.1980024333153,0.210992839627701,25.3099582443715,0.131072890594057,0.414965569860624,0.0136191864171183,0.414965569860624,0.0136191864171183,4.0186927714992,0.99334506976673,0.301275669228623,0.0450248480962383,24.9274097121059,0.555688332573099,25.2655478203467,0.229192962907911,25.374916854253,0.161390155244115,0.404340426304884,0.0218928807459325,0.404340426304884,0.0218928807459325,18.8435384615385,17.644,83,2.07326153846154,1.9062,83,0.138222583076923,0.14419892,83,0.795590628153846,0.636237544,83,0.407431938461538,0.29982024,83,6.45502857142857,5.444,98,1.03797142857143,0.6652,98,0.924955555555556,1.2586,110,0.215222222222222,0.5198,110,,,,,,,,,,11.8411657869642,15.6083419421488,292,,,,,,,,,,,,,,,,,,,,,,,,,,,,3
159,159,4,warmed,2020-02-25,30,3,24246421969.9184,653,0.562427965102491,-0.691115808691198,0.0315319637486749,1.10030144203291,0.186833276830471,324,1.15557682257618,0.718000249433973,-0.543752394768545,1.0446048921575,0.227793691607062,0.0925925925925926,0.533950617283951,0.373456790123457,2020,56,18317,0.821100117812889,0.570784194356904,subsurface,3.44675952380952,0.692501057003406,0.214689583333333,0.0700065440594092,24.0779357142857,0.42993213721954,24.4991600595238,0.226304465951839,24.6860624404762,0.168058676434134,0.347941148214286,0.0441165960275346,0.347941148214286,0.0441165960275346,3.5057644472136,0.621026728781782,0.247803502310214,0.0614664410420914,24.4396785622843,0.38053592713027,24.6702133572291,0.172100325820197,24.7913450048309,0.117837694407213,0.370643845845411,0.0382449573956322,0.370643845845411,0.0382449573956322,3.38547344885508,0.638398098636654,0.297696740136352,0.0572297691693774,24.6360221559551,0.573571262499849,24.9490397229482,0.346790614722069,25.0684783303798,0.30213532121433,0.400154082093456,0.0338532976572551,0.400154082093456,0.0338532976572551,15.0766153846154,17.644,125,1.7684,1.9062,125,0.0964387430769231,0.14419892,125,0.667415875076923,0.636237544,125,0.151567132307692,0.29982024,125,5.81991111111111,5.444,140,0.9802,0.6652,140,0.731466666666667,1.2586,152,0.209066666666667,0.5198,152,,,,,,,,,,13.2610766177602,15.6083419421488,334,,,,,,,,,,,,,,,,,,,,,,,,,,,,4
160,160,4,warmed,2020-03-10,30,4,22745861638.5212,997,0.559745175097042,-0.664393685659447,0.0293474469365839,1.03434430060245,0.166421250797997,634,1.23886746919032,0.691425099443766,-0.592285464067005,1.04580499262742,0.205701756472572,0.113564668769716,0.512618296529969,0.372239747634069,2020,70,18331,0.933541891117921,0.358468321512481,subsurface,2.86680739166667,0.860724227107573,0.262244331166667,0.0769696412482622,23.7730132666667,0.520906501608802,24.1838489583333,0.338971082161395,24.385662375,0.257117727887866,0.39199667625,0.0357335625147985,0.39199667625,0.0357335625147985,3.3611048270202,0.666727472048447,0.235195713080808,0.0563790562995663,24.1925259556678,0.458266598084613,24.5103679356061,0.270703641900509,24.6595298449776,0.218429841741915,0.367388754328002,0.0378742667349281,0.367388754328002,0.0378742667349281,3.22892152778941,0.59248512648376,0.294909136520877,0.0591929077914374,24.5253246394047,0.593960491190264,24.8174835030791,0.372971314848916,24.9468587837452,0.330584666026561,0.399968215063923,0.0345926551999708,0.399968215063923,0.0345926551999708,14.7786153846154,17.644,139,1.74716923076923,1.9062,139,0.0934881861538462,0.14419892,139,0.655191149076923,0.636237544,139,0.142300233846154,0.29982024,139,5.56168888888889,5.444,154,0.876088888888889,0.6652,154,0.742266666666667,1.2586,166,0.2126,0.5198,166,,,,,,,,,,13.3406916050457,15.6083419421488,348,,,,,,,,,,,,,,,,,,,,,,,,,,,,3
161,161,4,warmed,2020-07-28,30,2,21456067068.2521,507.5,0.582659702613869,-0.891357268772864,0.0306455065960096,1.26096277651832,0.187909806759436,263,1.01543099058402,0.732478627240266,-0.501904078611227,0.964435732149765,0.212524828536125,0.0304182509505703,0.619771863117871,0.349809885931559,2020,210,18471,-0.453703086031344,-0.891152910406309,subsurface,4.62970839285714,0.0934739807393281,0.135677181547619,0.00236352695118069,26.3453673214286,0.317315319641272,26.2907561904762,0.12267573536154,26.2747776190476,0.0861861460411568,0.31140218452381,0.00889298255636232,0.31140218452381,0.00889298255636232,4.46798743565102,0.39687926169625,0.126756964955343,0.0353537275154854,26.2707305708132,0.4472494796804,26.3216076076375,0.157489073091487,26.3301442388831,0.0999748579666993,0.31120233044594,0.0418762297161461,0.31120233044594,0.0418762297161461,4.19947356500081,0.536005537022249,0.195120587479204,0.10571608133529,26.0025534576267,0.547979676739921,26.0484932417698,0.422313936754665,26.0273335553463,0.441610292562138,0.318574481409373,0.0429592292185915,0.318574481409373,0.0429592292185915,11.597,9.392,42,3.05075,3.38,42,0.058467805,0.052,42,1.97746000166667,3.418354158,42,0.174666666666667,0.159,42,3.089,5.444,294,0.5952,0.6652,294,0.86512,1.2586,306,0.13286,0.5198,306,,,,,,,,,,16.9446064551477,13.1650309917355,113,,,,,,,,,,,,,,,,,,,,,,,,,,,,4
162,162,4,warmed,2020-09-09,30,3,18806487398.625,290.333333333333,0.600846210095203,-1.07421648034805,0.030072850907321,1.39695839848097,0.179859436337244,156,1.06419014062853,0.661218511386414,-0.558661485166672,0.954591186669458,0.180237639698635,0.0512820512820513,0.66025641025641,0.288461538461538,2020,253,18514,-0.935834897334994,-0.352438710884603,subsurface,4.09989535714286,0.368342019635544,0.250077275,0.0194273032970779,26.293965952381,0.233193924016324,26.3982193452381,0.0712811495618735,26.4433883333333,0.0481049149182703,0.399611757142857,0.0138327431329552,0.399611757142857,0.0138327431329552,4.23738816100297,0.411881483798928,0.200405425598775,0.0553158892785584,26.4542893184589,0.414516937991648,26.3845066577509,0.189344411923053,26.3784900296633,0.138771515229446,0.358735525307224,0.0458530969441871,0.358735525307224,0.0458530969441871,4.39830911261646,0.41723669447302,0.161795579208255,0.0556808025545933,26.3524037796104,0.421209825784929,26.343756837524,0.167920671093219,26.3427178522832,0.120240468018402,0.334533505619599,0.047194436222639,0.334533505619599,0.047194436222639,12.8358333333333,9.392,85,3.03623333333333,3.38,85,0.06507095,0.052,85,1.9854684285,3.418354158,85,0.189,0.159,85,,5.444,337,,0.6652,337,1.02015,1.2586,349,0.12195,0.5198,349,,,,,,,,,,20.7633006198347,13.1650309917355,156,,,,,,,,,,,,,,,,,,,,,,,,,,,,1
163,163,4,warmed,2020-10-06,30,2,27305010803.9312,849.5,0.565514773884672,-0.726466044420984,0.0327362138511756,1.15220662425576,0.18651955721498,437,1.18849418362804,0.738452955809005,-0.495969337828664,1.01087017724166,0.218544168122678,0.0663615560640732,0.540045766590389,0.393592677345538,2020,280,18541,-0.994566756970634,0.104100748935426,subsurface,3.51196876858045,0.295100558482711,0.280752949268395,0.00824167280897458,25.7978467607302,0.389926161926906,25.984447460052,0.0995205111101831,26.1154475485414,0.0600492267493844,0.417112923195374,0.00454965536877216,0.417112923195374,0.00454965536877216,3.88980294998157,0.406789884211823,0.212125659474926,0.0596382933435333,26.0595364058664,0.380332193285048,26.1841219011844,0.159987494849435,26.2681546068515,0.115396384723788,0.361463648516843,0.0469822522045429,0.361463648516843,0.0469822522045429,4.21142026925862,0.447697449228309,0.184970820584547,0.0551738729449709,26.2338667772523,0.422711437478799,26.2769189685702,0.184034052135641,26.3071733884537,0.126607674988728,0.349885412348129,0.0426584556697587,0.349885412348129,0.0426584556697587,13.1273846153846,9.65,0,2.92452307692308,1.343,0,0.0669876969230769,0.038,0,1.93941186561538,1.033175355,0,0.138,0.103,0,,5.444,364,,0.6652,364,1.48724,3.3556,0,0.15864,0.3054,0,,,,,,,,,,20.7265695578345,13.1650309917355,183,,,,,,,,,,,,,,,,,,,,,,,,,,,,5
164,164,4,warmed,2020-11-05,30,2,20614163107.4669,405,0.588479297085639,-0.950016013532266,0.0306882140739251,1.31560171829598,0.194204947400591,214,0.989488376740248,0.713764987070213,-0.485744896643233,0.975032252826926,0.230475320728265,0.0186915887850467,0.574766355140187,0.406542056074766,2020,310,18571,-0.813667830445599,0.581330079815204,subsurface,,,,,,,,,,,,,,,3.82745098452385,0.295028687420607,0.26156023308709,0.0330539716024411,25.7071263378718,0.407813281967633,25.8232272564935,0.106714675473581,25.8747271735209,0.0932878238568665,0.359978752380952,0.0104435955425348,0.359978752380952,0.0104435955425348,4.05253663840307,0.457803076465743,0.213620306580221,0.059353787067552,26.1417569585662,0.491443318586577,26.2323414681388,0.24087205044839,26.2679948591114,0.192567635037157,0.356187798997147,0.0434749033002398,0.356187798997147,0.0434749033002398,14.0473846153846,17.05,1,2.85667692307692,4.348,1,0.0665131646153846,0.056,1,1.992052837,3.316656812,1,0.116846153846154,0.041,1,,3.544,240,,0.2428,240,1.35436666666667,0.69,0,0.161966666666667,0.1786,0,,,,,,,,,,20.4357088784421,13.1650309917355,213,,,,,,,,,,,,,,,,,,,,,,,,,,,,2
165,165,4,warmed,2020-12-29,30,3,24478226183.2645,474.666666666667,0.581531195482656,-0.880777852517918,0.0319837899718859,1.28713044808896,0.203630287730015,261,1.17756484870462,0.731662178209587,-0.528237244702685,1.01410957866252,0.220550309099072,0.0689655172413793,0.551724137931035,0.379310344827586,2020,364,18625,-0.0215013727408138,0.999768818762748,subsurface,2.4003610952381,0.36680906251913,0.354755451785714,0.01619282321623,23.504365952381,0.340393884449961,24.1451444047619,0.166876301520423,24.4140129166667,0.113985482524954,0.409417836904762,0.0143589939969124,0.409417836904762,0.0143589939969124,2.65426358888889,0.462215550494949,0.340908861111111,0.0288458178706074,23.5804506944444,0.38663761154243,24.2001831944445,0.163355876356457,24.4878229166667,0.151749713951069,0.40205913625,0.0203688799812761,0.40205913625,0.0203688799812761,3.06839808457812,0.635853888188558,0.314193103807537,0.0456904667632147,24.4508445885689,1.05032252518726,24.7277800793694,0.739488675945406,24.9616717280115,0.656346721689029,0.398132099183787,0.0235305261783677,0.398132099183787,0.0235305261783677,14.1938461538462,11.136,42,1.79532307692308,0.8572,42,0.0602307692307692,0.023,42,1.09316807392308,0.218765634,42,0.0606153846153846,0,42,2.3484,2.3484,0,0.9952,0.9952,0,1.343325,0.69,54,0.2249,0.1786,54,,,,,,,,,,19.5993293488808,13.1650309917355,267,,,,,,,,,,,,,,,,,,,,,,,,,,,,5
166,166,4,warmed,2021-02-09,30,2,15678268358.3443,578.5,0.581776162126942,-0.884030557886744,0.0308231527895177,1.26317465188776,0.182204494855828,282,1.13145869730403,0.703014815646306,-0.557362105387237,1.00967282138126,0.202102781248335,0.0638297872340426,0.570921985815603,0.365248226950355,2021,40,18667,0.635068313486744,0.772455977519174,subsurface,1.90122005357143,0.210730909143492,0.324649399107143,0.015442870447824,23.023879702381,0.260233277590609,23.6402826785714,0.0646935772681383,23.8388935416667,0.0321054855952941,0.404387865178571,0.0112633533042006,0.404387865178571,0.0112633533042006,2.48243264890442,0.543198311920421,0.252877982758368,0.0653472251739801,23.1970273993271,0.400535023530961,23.667568663216,0.156247188050972,23.8842398581349,0.114442789431671,0.353570844631211,0.0450182266717855,0.353570844631211,0.0450182266717855,2.55769308449957,0.496288880854888,0.305715150731026,0.0614110946455836,23.4122068763268,0.553861050491069,23.9769686537529,0.448329527653757,24.2437339756631,0.445808761391352,0.382195574279785,0.0386432082941462,0.382195574279785,0.0386432082941462,13.6281538461538,11.136,84,1.74193846153846,0.8572,84,0.0537692307692308,0.023,84,1.00835956884615,0.218765634,84,0.0616923076923077,0,84,2.3484,2.3484,42,0.9952,0.9952,42,1.271175,0.69,96,0.2833,0.1786,96,,,,,,,,,,16.262314091411,13.1650309917355,309,,,,,,,,,,,,,,,,,,,,,,,,,,,,2
167,167,4,warmed,2021-06-03,30,3,15815868921.7668,245.666666666667,0.60558743071662,-1.11826359188216,0.0304211616713671,1.42111140876624,0.175021431154888,132,1.06990528635131,0.664769531080075,-0.550173267233373,0.926101345920236,0.164245887448424,0.0454545454545455,0.712121212121212,0.242424242424242,2021,154,18781,0.472759209286278,-0.881191653407483,subsurface,3.18037873511905,0.223552147194294,0.21513994672619,0.0247735884015582,25.6679841815476,0.233577425384192,25.782103125,0.043653681839412,25.8168777976191,0.0171202035545468,0.367895301488095,0.0154961719719262,0.367895301488095,0.0154961719719262,3.8218931259691,0.668803741757665,0.131570445430044,0.0589992446440927,26.4469789979094,1.01358696944875,25.6801426920604,0.302503964440494,25.6307548927048,0.31416028313366,0.295508880955854,0.064099598269844,0.295508880955854,0.064099598269844,3.77063679772296,0.6442336030808,0.147124187320733,0.069384995434031,26.1642023523374,1.21772186408686,25.4240946124973,0.748161267736503,25.3912754790334,0.71092746299806,0.300996613197483,0.0616506399831223,0.300996613197483,0.0616506399831223,14.1349230769231,10.894,1,3.23563076923077,2.424,1,0.09325,0.114,28,2.6012887605,10.10493698,28,0.0849166666666667,0,28,1.6775,1.0066,0,2.3676,3.74,0,1.2591,0.7916,0,0.397133333333333,0.6762,0,,,,,,,,,,15.5991636204704,29.084194214876,2,,,,,,,,,,,,,,,,,,,,,,,,,,,,3
168,168,4,warmed,2021-12-15,30,2,24465788133.2155,831,0.565781498464346,-0.72301707646085,0.0309933940755035,1.13634513068225,0.198702356660772,442,1.05606015148217,0.656167065112186,-0.510747718106699,0.990763768422906,0.22245059727384,0.0339366515837104,0.549773755656109,0.411764705882353,2021,349,18976,-0.27591294500296,0.961182629254084,subsurface,2.03255663847118,0.312694760036379,0.415416269392231,0.00666673443622746,25.2814108803258,0.594135272262568,25.5809826848371,0.24537744091651,25.674866660401,0.146329825989613,0.422655522399749,0.00595870611865276,0.422655522399749,0.00595870611865276,2.14463772277917,0.356984475187034,0.41080051389237,0.0109441294038909,25.2401045537455,0.522254935337137,25.5493479413812,0.221752599808977,25.6619864303119,0.129343375996492,0.420716811072821,0.00655412466458836,0.420716811072821,0.00655412466458836,2.14463772277917,0.356984475187034,0.41080051389237,0.0109441294038909,25.2401045537455,0.522254935337137,25.5493479413812,0.221752599808977,25.6619864303119,0.129343375996492,0.420716811072821,0.00655412466458836,0.420716811072821,0.00655412466458836,13.6425,8.756,14,1.40085,0.9568,14,0.0465,0.058,14,0.63975426575,0.53427065,14,0.0781666666666667,0.062,14,1.8982,1.004,43,1.21148571428571,1.497,43,1.69945714285714,3.146,57,0.560257142857143,0.66,57,,,,,,,,,,15.813930387794,16.073347107438,84,,,,,,,,,,,,,,,,,,,,,,,,,,,,5
169,169,4,warmed,2023-05-30,30,2,12724128052.5546,399.5,0.590574617460407,-0.972555453197736,0.0302693665254454,1.32225531155316,0.177373854843438,187,1.05362480148888,0.65465389708348,-0.532300219730749,0.951241754462144,0.184797536608049,0.0374331550802139,0.647058823529412,0.315508021390374,2023,150,19507,0.53222713884744,-0.846601602097627,subsurface,,,,,,,,,,,,,,,2.62494814896152,0.360013257072516,0.308025140061641,0.0368733651692786,24.6134033097356,0.387579371346737,24.4221829704185,0.183423905548092,24.5080648664204,0.177980105327847,0.397460019258972,0.0188658671047668,0.397460019258972,0.0188658671047668,2.1687293760355,0.429702288836059,0.224113092341979,0.0831830312996091,24.206090866386,0.936945112534323,23.8533746297288,0.54661273039345,24.05823072808,0.43558032359308,0.337474716069783,0.0594756289022749,0.337474716069783,0.0594756289022749,12.5175384615385,7.834,0,3.22161538461539,1.292,0,,,,,,,,,,0.584,1.2638,195,0.7821,0.7016,195,1.03995,0.801,138,1.241575,0.6183,138,,,,,,,,,,18.5211379529561,24.5637913223141,168,,,,,,,,,,,,,,,,,,,,,,,,,,,,1
170,170,5,control,2017-12-06,30,2,14289010651.7644,280.5,0.604070360884919,-1.11038233078356,0.0354085494676481,1.54980192701734,0.203246384548007,87,1.36989348165593,0.851162676778327,-0.644340902287603,1.10693612608759,0.175816579201482,0.241379310344828,0.551724137931035,0.206896551724138,2017,340,17506,-0.420831008595656,0.907139053400504,subsurface,,,,,,,,,,,,,,,,,,,,,,,,,,,,,,,,,,,,,,,,,,,,,,,,,,,,,,,,,,1.7095,1.4894,0,2.4897,8.09,0,1.39175,1.0018,0,2.7065,5.212,0,,,,,,,,,,28.9561377617598,1.23273705959113,1,394.891143283124,125.636378029855,31,6.27093708098933,2.97081730614715,31,7.63787470849228,4.32864771470131,31,659.079881986374,806.075435068851,31,0.00113168076047355,0,31,0.689465247588288,0,31,10.4856226575115,8.3126568616837,31,0,0,31,0,0,31,4
171,171,5,control,2018-03-27,30,2,5869754843.94535,150.5,0.599460784471457,-1.06326727438036,0.0381604540959897,1.50664089927716,0.216236186678859,78,1.31023017947283,0.81409178282078,-0.633425063612576,1.03336346636405,0.148893803414514,0.166666666666667,0.628205128205128,0.205128205128205,2018,86,17617,0.99582703351006,0.0912607217293119,subsurface,,,,,,,,,,,,,,,,,,,,,,,,,,,,,,,,,,,,,,,,,,,17.8424,8.618,0,0.7674,1.0978,0,0.105506958,0.01089368,0,2.28574913,0.07762672,0,0.1677315976,0.572078799,0,1.9596,1.8216,69,2.80725,1.2232,69,1.01844444444444,1.3588,13,4.67317777777778,1.68,13,,,,,,,,,,2.28830800717135,1.39475723140496,70,739.13506800558,509.311129869339,40,17.1159840701494,2.61137172059604,40,3.44498412817454,2.2832382872342,40,442.849336251701,216.795680465976,40,0.927672437298492,0.650447166784824,40,3.61511314211818,0,40,5.28987254834417,0,40,0,0,40,0,0,40,3
172,172,5,control,2018-05-09,30,3,8535416100.85899,377.666666666667,0.569749415904446,-0.764906176935168,0.0304986652952554,1.16480725120156,0.171838113241194,315,1.27680864058465,0.793325813142808,-0.655913168806344,1.0589013932777,0.170243176455514,0.152380952380952,0.526984126984127,0.320634920634921,2018,129,17660,0.797101592787194,-0.603845220877104,subsurface,,,,,,,,,,,,,,,,,,,,,,,,,,,,,,,,,,,,,,,,,,,13.314,4.84,1,0.626575,0.3192,1,0.08554058875,0.01029099,1,2.39511005375,0.03581885,1,0.1048322485,0,1,2.13278181818182,1.7392,0,2.08913636363636,0.169,0,0.957636363636364,0.713,0,3.83966363636364,0.1165,0,,,,,,,,,,2.52556498306864,1.39475723140496,113,1405.42275168486,3128.74079050074,7,17.4595660829216,16.2611613125102,7,3.48864815924316,0.422936099524618,7,346.659789032805,321.001549147503,7,1.3954022595359,2.78419617977864,7,3.27944415641164,0,7,3.46360702570154,0,7,0,0,7,0,0,7,5
173,173,5,control,2020-07-28,30,2,8601513932.67912,673.5,0.5719204919984,-0.785855562427461,0.026227457715456,1.13347155750776,0.161868719462212,371,1.27496014205189,0.792177276427922,-0.643428232590152,1.04404572867775,0.177032069082153,0.159029649595687,0.55256064690027,0.288409703504043,2020,210,18471,-0.453703086031344,-0.891152910406309,subsurface,3.3038306547619,0.506131597445627,0.423435404761905,0.0143028487828497,25.71364625,0.282273645653464,25.7897726190476,0.115623286461456,25.6786560714286,0.0821392033559064,0.460225319642857,0.00659698193566141,0.460225319642857,0.00659698193566141,3.5593847962963,0.664230831558304,0.41390766337963,0.0176933724169794,25.698798162037,0.358315744719233,25.867969787037,0.188991600845805,25.7625201527778,0.120233154582431,0.457018172037037,0.010114903099157,0.457018172037037,0.010114903099157,2.85060209303371,1.10110039552284,0.428187467817093,0.0267468695126474,25.3435051663326,0.586178894854217,25.4623955298078,0.586034886955171,25.3386612563213,0.591104588587679,0.457818941782814,0.0100000571241691,0.457818941782814,0.0100000571241691,22.0598333333333,24.24,42,2.12031666666667,2.196,42,0.0657616183333333,0.058,42,0.974180542,1.427401982,42,0.456,0,42,1.8682,6.652,364,0.212275,2.286,364,1.27177777777778,1.1048,364,0.227333333333333,0.1265,364,,,,,,,,,,16.9446064551477,13.3606663223141,99,,,,,,,,,,,,,,,,,,,,,,,,,,,,4
174,174,5,control,2020-10-06,30,3,9374554376.5037,375.333333333333,0.583654151568248,-0.902739028703073,0.0285653065947533,1.23892392590509,0.161742521702123,290,1.31302180645984,0.81582631819207,-0.669995473087645,1.03099517831024,0.155313854211858,0.179310344827586,0.582758620689655,0.237931034482759,2020,280,18541,-0.994566756970634,0.104100748935426,subsurface,1.63237938690476,0.111706728785517,0.461657027976191,0.00541362790942662,24.8495851190476,0.37296356526542,25.2988633333333,0.136300155761854,25.4056774404762,0.0950912362888832,0.47339857202381,0.00194114247567117,0.47339857202381,0.00194114247567117,2.17354028085389,0.508433122925988,0.44419278969671,0.0220501670329698,25.1953610144441,0.405951436836173,25.6313434309306,0.260977992466589,25.6860603490949,0.203370803044298,0.462196267236431,0.0107933147985194,0.462196267236431,0.0107933147985194,2.69669811929307,0.642847405168129,0.435859416989824,0.0202161772751246,25.5761205229369,0.474848309987799,25.8317279329633,0.264301569275897,25.7877914567322,0.183706699898616,0.461303135335537,0.00793145375738391,0.461303135335537,0.00793145375738391,24.2869230769231,24.24,112,2.16158461538462,2.196,112,0.0697959015384615,0.058,112,1.01264037130769,1.427401982,112,0.219076923076923,0,112,2.4652,3.1376,0,1.016425,2.5116,0,1.670575,0.8526,112,0.2886375,0.2738,112,,,,,,,,,,20.7265695578345,13.3606663223141,169,,,,,,,,,,,,,,,,,,,,,,,,,,,,2
175,175,5,control,2020-11-05,30,3,8058991055.33307,245.666666666667,0.585897971864013,-0.925662400626014,0.0298429076318958,1.29168198082494,0.165731123611517,186,1.19406844943895,0.741916441891847,-0.713885569641208,1.05089195426477,0.1443693195903,0.155913978494624,0.56989247311828,0.274193548387097,2020,310,18571,-0.813667830445599,0.581330079815204,subsurface,,,,,,,,,,,,,,,1.6582337303719,0.332829344068449,0.454099289152893,0.0133214910030769,24.8416361518595,0.378585929893886,25.1827282070707,0.140757019133565,25.1750913113276,0.117379720860589,0.46153346765873,0.00376983397014235,0.46153346765873,0.00376983397014235,2.20848531385643,0.562804991744851,0.445876027799948,0.0180745604772755,25.3525843639179,0.571011839792318,25.7603720556812,0.346633347742616,25.7391655276597,0.279000987573766,0.461714804171226,0.00829267180592367,0.461714804171226,0.00829267180592367,26.2249230769231,26.62,1,2.26984615384615,2.19,1,0.0819423215384615,0.165,1,1.01215314423077,0.093540122,1,0.233,0.342,1,2.0832,0.9306,0,0.993916666666667,1.3366,0,1.12862222222222,0.7406,0,0.215855555555556,0.2592,0,,,,,,,,,,20.4357088784421,13.3606663223141,199,,,,,,,,,,,,,,,,,,,,,,,,,,,,5
176,176,5,control,2021-02-23,30,2,7209805665.21767,236,0.613510631124808,-1.19669273603624,0.0304184426156833,1.49874025262732,0.177394108023555,130,1.17705705791039,0.731346670049683,-0.611414787805335,0.994772181047101,0.165002511253273,0.115384615384615,0.661538461538462,0.223076923076923,2021,54,18681,0.800980330978291,0.598690662517721,subsurface,1.44604582359307,0.137886829470365,0.473263395227273,0.00748081266371255,21.9798841688312,0.161330433268299,22.4462279664502,0.0581310253031502,22.6591736807359,0.0267290542360492,0.468036680248918,0.00341608933630918,0.468036680248918,0.00341608933630918,1.74564028432148,0.292814213454388,0.466033437425011,0.0137298887153276,21.9099601632466,0.309286572944117,22.4888294306983,0.134880993216469,22.7241647305171,0.101888454750065,0.466845921849748,0.0070850201063264,0.466845921849748,0.0070850201063264,1.69849594545,0.470443206527236,0.464039812332137,0.0155350235483752,22.2459452114529,0.500196050088004,22.8709014574027,0.440830099717932,23.1399565367726,0.450822010147025,0.467281978171227,0.0063076635505864,0.467281978171227,0.0063076635505864,25.0282857142857,26.06,98,2.37985714285714,1.7986,98,0.0727142857142857,0.034,98,0.989213416785714,0.495595882,98,0.141,0,98,1.48921666666667,0.9306,110,1.24593333333333,1.3366,110,1.04829090909091,0.7406,110,0.258545454545455,0.2592,110,,,,,,,,,,15.856632639191,13.3606663223141,309,,,,,,,,,,,,,,,,,,,,,,,,,,,,1
177,177,5,control,2022-08-23,30,2,4838733835.25328,105,0.61330321869458,-1.19689157884276,0.0279346619256327,1.46097608005348,0.158791650614011,28,1.45505833665224,0.904078576384238,-0.72312522366713,1.10220883985858,0.168197603195599,0.285714285714286,0.5,0.214285714285714,2022,235,19227,-0.78393381668292,-0.620844401650647,subsurface,,,,,,,,,,,,,,,,,,,,,,,,,,,,,3.80555049958592,0.414501416155997,0.298167994469203,0.0880676889507764,24.9679028948844,0.428186547736127,24.9306243998016,0.240294386988037,15.42051875,11.7997700592864,0.386972473534075,0.0286146750072358,0.386972473534075,0.0286146750072358,11.3304166666667,15.43,14,1.43565833333333,2.255,14,0.181,0.884,182,1.19641811,1.274617123,182,0.076,0.336,182,2.87033333333333,1.277,0,1.27905,0.3705,0,1.39255,0.6553,0,0.175726666666667,0.2622,0,,,,,,,,,,23.2302631578947,16.073347107438,335,,,,,,,,,,,,,,,,,,,,,,,,,,,,4
178,178,5,control,2022-09-08,30,2,4824500997.37092,67.5,0.614110126486891,-1.20978951236414,0.0354697139743218,1.53579429254369,0.194361810297798,13,1.52470739303014,0.947353968270941,-0.269607792834338,1.03453462084865,0.316082913416129,0.307692307692308,0.538461538461538,0.153846153846154,2022,251,19243,-0.923157872964704,-0.384421047268855,subsurface,,,,,,,,,,,,,,,,,,,,,,,,,,,,,3.53672107712215,0.459441733960978,0.249399820976536,0.0220532623447822,24.9888850838701,0.434189305509671,25.0843867746914,0.0851152695232898,16.5924666666667,12.44435,0.364332446543977,0.0145762387058841,0.364332446543977,0.0145762387058841,10.1778461538462,5.972,2,1.28350769230769,0.6357,2,,0.884,198,,1.274617123,198,,0.336,198,2.92833333333333,1.494,0,1.37006666666667,0.8108,0,1.39638333333333,1.277,0,0.242675,0.5007,0,,,,,,,,,,23.8889368705457,16.073347107438,351,,,,,,,,,,,,,,,,,,,,,,,,,,,,1
179,179,5,control,2022-11-01,30,3,3329175610.02707,105.333333333333,0.620727363651408,-1.26841525611375,0.0306590934523466,1.54616158004558,0.179141035343203,96,1.12070454717754,0.808417446257373,-0.720707889949507,1.02317644198318,0.127248235643834,0.197916666666667,0.645833333333333,0.15625,2022,305,19297,-0.860599696250118,0.509282007157336,subsurface,,,,,,,,,,,,,,,,,,,,,,,,,,,,,,,,,,,,,,,,,,,8.24138461538462,6.666,0,1.06586153846154,0.8944,0,,0.884,252,,1.274617123,252,,0.336,252,2.575875,1.494,54,1.46515,0.8108,54,1.144,1.277,54,0.27585,0.5007,54,,,,,,,,,,23.6517717894811,23.1126033057851,70,,,,,,,,,,,,,,,,,,,,,,,,,,,,2
180,180,5,control,2023-01-12,30,2,20813701617.7201,609.5,0.584434223897649,-0.908200242502081,0.0307378949722618,1.26003835704914,0.182478764985153,280,1.12360429813979,0.698134603055584,-0.555356168851548,1.0147643054757,0.210417848861928,0.075,0.578571428571429,0.346428571428571,2023,12,19369,0.204966113969495,0.978769069864922,subsurface,,,,,,,,,,,,,,,,,,,,,,,,,,,,,,,,,,,,,,,,,,,8.99523076923077,6.536,2,1.08347692307692,0.619,2,,0.884,324,,1.274617123,324,,0.336,324,2.41373636363636,3.651,0,1.42742727272727,1.794,0,0.934616666666667,1.417,0,0.291058333333333,0.1903,0,,,,,,,,,,19.6266804035943,24.5637913223141,30,,,,,,,,,,,,,,,,,,,,,,,,,,,,5
181,181,5,control,2023-02-07,30,3,19336137006.8576,639,0.574546227010585,-0.810646803693592,0.0301235635972036,1.17638567496573,0.180589437010355,358,1.04319218549998,0.648171748310727,-0.528516211708537,0.99132744610479,0.212192219838742,0.0446927374301676,0.589385474860335,0.365921787709497,2023,38,19395,0.608121499893542,0.793843965378102,subsurface,0.636237936335404,0.174464893107493,0.430034559756729,0.0155264725493637,21.5851288830228,0.127362205807419,22.0872976418219,0.039141233693992,22.3075826495859,0.0279935812132147,0.470877579099379,0.00316591739664438,0.470877579099379,0.00316591739664438,0.732325073572907,0.217401367582627,0.423766624469092,0.016847081783147,21.5989618331115,0.146500215751092,22.0550453870157,0.0648373350226365,22.2846232020852,0.0461596565054021,0.469492066023366,0.00364779368621814,0.469492066023366,0.00364779368621814,0.732325073572907,0.217401367582627,0.423766624469092,0.016847081783147,21.5989618331115,0.146500215751092,22.0550453870157,0.0648373350226365,22.2846232020852,0.0461596565054021,0.469492066023366,0.00364779368621814,0.469492066023366,0.00364779368621814,8.07646153846154,9.082,0,0.943192307692308,0.9264,0,,0.884,350,,1.274617123,350,,0.336,350,1.82751,3.651,26,0.96734,1.794,26,0.864709090909091,1.417,26,0.301063636363636,0.1903,26,,,,,,,,,,19.0923516193403,24.5637913223141,56,,,,,,,,,,,,,,,,,,,,,,,,,,,,4
182,182,5,control,2023-05-02,30,2,39811847233.2309,944,0.564878868090403,-0.717982258552883,0.0308646803004892,1.12811773565252,0.190134816909216,491,1.09657015443689,0.612007455950169,-0.56439064272841,1.06731871449812,0.229582717113419,0.0590631364562118,0.462321792260693,0.474541751527495,2023,122,19479,0.863867098783735,-0.503719798736334,subsurface,1.43348715739076,0.380021159333155,0.391035633411985,0.0423174100211401,24.0614310369674,0.711841618105489,23.6503720929147,0.372898805188271,23.4594439656945,0.25697218711255,0.463114021315284,0.0112246353432019,0.463114021315284,0.0112246353432019,1.50511508317346,0.373812613293745,0.360372371025218,0.0496194292896189,23.1662049831267,0.926538552139072,23.3374302986428,0.344017969751387,23.266988864763,0.220117532163203,0.454711251704294,0.0156197855941726,0.454711251704294,0.0156197855941726,1.25992139770617,0.363360060518936,0.335657643501346,0.0673526967514057,21.9602011522885,1.01387067854378,22.4025078497912,0.654297437781619,22.533187982721,0.499332835430662,0.442195776141549,0.0273891241989611,0.442195776141549,0.0273891241989611,10.8123846153846,13.24,28,1.23327692307692,2.384,28,,,,,,,,,,1.74342,3.651,110,0.91446,1.794,110,1.08118,1.417,110,0.3064,0.1903,110,,,,,,,,,,15.9275468849333,24.5637913223141,140,,,,,,,,,,,,,,,,,,,,,,,,,,,,5
183,183,5,control,2023-10-03,30,2,39104344941.2218,1266,0.562133309019542,-0.691245765722122,0.0305246265626062,1.09518062966702,0.181321810124815,650,1.1021231467782,0.684787613280064,-0.549486379417149,1.03553072454769,0.213026990125812,0.0523076923076923,0.5,0.447692307692308,2023,276,19633,-0.999370650853997,0.0354725557531256,subsurface,1.1270725,3.66368640342108,0.43594995,0.0103002123495101,26.13215,0.251616877017421,26.1153075,0.139833901513546,25.958015,0.0823143003979273,0.46496125,0.00432926126781466,0.46496125,0.00432926126781466,1.9457834,1.9510553082955,0.424463324166667,0.0313185604040398,25.9999246666667,0.468314096486299,25.9125695833333,0.132922578443504,25.8670249166667,0.0592768882579958,0.44906742,0.0193791082361364,0.44906742,0.0193791082361364,2.28593840018674,1.11680789981704,0.404019637913135,0.0431140962639502,26.0759199151915,0.437050814012532,26.0344703343753,0.175414069518836,25.9040986354129,0.140214085101374,0.4511605517443,0.0162493563712866,0.4511605517443,0.0162493563712866,18.0776923076923,19.27,0,1.75589230769231,0.8863,0,,,,,,,,,,1.6584,3.651,264,0.9812,1.794,264,1.33432,1.417,264,0.34469,0.1903,264,1160,1160,54,4.972,4.972,54,0.6091,0.6091,54,21.1025111252384,24.5637913223141,294,,,,,,,,,,,,,,,,,,,,,,,,,,,,4
184,184,5,control,2024-04-30,30,2,35008824569.9661,891,0.572863633520266,-0.799087456103343,0.0306917233338478,1.18823229228656,0.177765978613138,480,1.20223113024401,0.670977969359896,-0.557051704480358,1.06238318444044,0.22236754031546,0.08125,0.483333333333333,0.43125,2024,121,19843,0.872404056804961,-0.488785394288993,subsurface,,,,,,,,,,,,,,,,,,,,,,,,,,,,,,,,,,,,,,,,,,,16.2857692307692,7.142,0,1.93763076923077,0.8468,0,,,,,,,,,,,1.6584,280,,0.9812,280,1.9925,1.541,0,0.262744444444444,0.1361,0,1103.63636363636,1890,5,4.74676923076923,2.619,5,0.627815384615385,0.466,5,16.3551997245179,9.29080578512397,112,,,,,,,,,,,,,,,,,,,,,,,,,,,,1
185,185,6,warmed,2017-12-06,30,3,36773721577.011,799,0.551921344788496,-0.58741777916403,0.0408576125607091,1.27276330473314,0.338465101342063,526,1.20575161131999,0.672942787258973,-0.367000981420255,1.12188724858114,0.35713348571292,0.0855513307984791,0.271863117870722,0.581749049429658,2017,340,17506,-0.420831008595656,0.907139053400504,subsurface,,,,,,,,,,,,,,,,,,,,,,,,,,,,,,,,,,,,,,,,,,,,,,,,,,,,,,,,,,2.1074,3.288,0,1.55835,4.756,0,3.291,2.344,0,4.772,3.722,0,,,,,,,,,,28.9561377617598,1.23273705959113,1,763.773150978042,713.282668293134,31,7.00793145156351,7.86915574552002,31,3.45557383443731,2.47562303014131,31,66.5625800083883,33.776425806122,31,0.217541238625142,0.304080624006164,31,0.0338411333540299,0.0245042375351981,31,0.214749892513139,0,31,0,0,31,0,0,31,2
186,186,6,warmed,2020-09-09,30,4,35266099459.9561,1475.25,0.541243180393677,-0.480377349376514,0.0352297915474343,1.08331915917003,0.28075012721957,1485,1.3095662752752,0.730882854404223,-0.443614824831016,1.06723244941067,0.284501243949486,0.1003367003367,0.374410774410774,0.496296296296296,2020,253,18514,-0.935834897334994,-0.352438710884603,subsurface,3.32400412060041,0.475333178786623,0.438597226578675,0.0107398635277483,26.6154588017598,0.446506824438169,26.6644109782609,0.420108377956946,26.4168235119048,0.306024930918513,0.425747323498965,0.00848615510651568,0.425747323498965,0.00848615510651568,3.34824518844328,0.594284078994771,0.413880837029699,0.0416046454422374,26.6962427289444,0.81017106863514,26.8618988562973,0.655884683626937,26.6432135863515,0.515175002060091,0.414335967035874,0.0182838182710295,0.414335967035874,0.0182838182710295,3.2190306783605,0.769499029943165,0.416126902791414,0.0331525336362917,26.9382386441933,0.65701381511149,27.1228106505255,0.508397549475413,26.8412531942495,0.403728329586873,0.411740220205009,0.0185666724367243,0.411740220205009,0.0185666724367243,18.0458333333333,27.14,85,1.46738333333333,2.396,85,0.0433262833333333,0.068,85,0.5488007215,0.616329168,85,0.203583333333333,0.274,85,11.492,1.0724,323,0.37635,0.7242,323,3.09106666666667,2.6552,0,0.492966666666667,0.3461,0,,,,,,,,,,20.7633006198347,13.1650309917355,156,,,,,,,,,,,,,,,,,,,,,,,,,,,,4
187,187,6,warmed,2020-10-06,30,3,43345371305.2901,683.666666666667,0.55236980800306,-0.591367480885168,0.0394510210454259,1.2997971972237,0.357059966574167,426,0.98776790923145,0.55128376670838,-0.348918266727753,1.13981229295941,0.383338846299381,0.0586854460093897,0.215962441314554,0.669014084507042,2020,280,18541,-0.994566756970634,0.104100748935426,subsurface,2.08632101190476,0.142253674064804,0.433479450595238,0.00378292646045273,26.2310419642857,0.327244607813011,26.8150179166667,0.0901019619987175,26.6949321428571,0.060403562280183,0.434402442261905,0.00206396945892781,0.434402442261905,0.00206396945892781,2.81077744756437,0.581509161287658,0.39864952635038,0.0547069902959542,26.6802120283365,0.455354066904948,27.0181993425365,0.201894684774252,26.8026302401072,0.132175400787448,0.414954461470645,0.0220552350955775,0.414954461470645,0.0220552350955775,3.00093439229057,0.631974002071522,0.410610179570528,0.0430066182733974,26.7917079136811,0.596594948142345,27.0563021576073,0.456470939665155,26.809065274461,0.359967307753068,0.414771556176305,0.0176826928114563,0.414771556176305,0.0176826928114563,18.014,27.14,112,1.60309230769231,2.396,112,0.0473542815384615,0.068,112,0.745223826076923,0.616329168,112,0.194615384615385,0.274,112,10.2093714285714,1.0724,350,0.355985714285714,0.7242,350,3.3773,4.236,0,0.628525,1.0352,0,,,,,,,,,,20.7265695578345,13.1650309917355,183,,,,,,,,,,,,,,,,,,,,,,,,,,,,4
188,188,6,warmed,2021-02-23,30,2,69460810349.0332,1806,0.526836115103597,-0.333780150062611,0.0429711302060572,1.201569003385,0.429506411311619,1013,1.1633776425098,0.649293424976857,-0.232704210044698,1.11015049838269,0.422033506513252,0.0789733464955577,0.195459032576505,0.618953603158934,2021,54,18681,0.800980330978291,0.598690662517721,subsurface,1.59987992045455,0.149371318981761,0.429270378419913,0.0142542598470339,24.0350964736652,0.113265650447131,24.5439450717893,0.0856900356029,24.4172446298701,0.0429314355622362,0.423372778614719,0.00917221386743535,0.423372778614719,0.00917221386743535,1.70960595775143,0.178194339620769,0.405008861292051,0.0440125432555807,23.9049771247621,0.276669298207565,24.4626008652906,0.155315377900042,24.3657317788922,0.100185110790574,0.416206991014987,0.0191971839743476,0.416206991014987,0.0191971839743476,1.73666931860818,0.219081517585633,0.415559858864844,0.0341112997573634,24.023048269958,0.404310547172469,24.7421408485239,0.393923751924599,24.6970552930812,0.401461915504379,0.416784513649155,0.0140986195827132,0.416784513649155,0.0140986195827132,11.4847142857143,9.024,98,2.01308571428571,0.6446,98,0.0387142857142857,0.011,98,1.54556622828571,0.18404815,98,0.0235,0.011,98,2.67063333333333,1.279,110,0.6395,0.6848,110,3.027275,1.6698,110,0.7567375,0.6262,110,,,,,,,,,,15.856632639191,13.1650309917355,323,,,,,,,,,,,,,,,,,,,,,,,,,,,,4
189,189,6,warmed,2022-08-23,30,2,8134966649.23462,219.5,0.609343375007672,-1.16175282523285,0.0310023378203251,1.49052405215746,0.174647696346382,74,1.17113505480845,0.727667122639878,-0.576209321353557,0.967116339453342,0.141073413165057,0.108108108108108,0.689189189189189,0.202702702702703,2022,235,19227,-0.78393381668292,-0.620844401650647,subsurface,,,,,,,,,,,,,,,,,,,,,,,,,,,,,4.00438774635611,1.04100263202676,0.244879139801725,0.0642977968885742,27.9897608471774,1.37461446106467,26.8612530875017,0.465190375790208,18.111438,11.6833117775355,0.295866833379158,0.0401104575165445,0.295866833379158,0.0401104575165445,75.30725,6.915,14,0.743808333333333,0.5085,14,0.014,0.014,168,0.094535108,0.094535108,168,0.053,0.053,168,2.675,1.091,0,0.28448,0.2005,0,2.33396666666667,0.8368,0,0.3996,0.4027,0,,,,,,,,,,23.2302631578947,11.9805010330579,169,,,,,,,,,,,,,,,,,,,,,,,,,,,,1
190,190,6,warmed,2022-09-08,30,3,17840974049.4524,433.333333333333,0.585349149713243,-0.919704198458667,0.0335985682757908,1.33769553683052,0.195996465066148,236,1.16533441945453,0.724062985251842,-0.514392613179065,0.97124054875737,0.192046884712667,0.0720338983050848,0.635593220338983,0.292372881355932,2022,251,19243,-0.923157872964704,-0.384421047268855,subsurface,,,,,,,,,,,,,,,,,,,,,,,,,,,,,4.36557854146538,1.47025208306712,0.198819325242888,0.0250033717061539,28.8097811826355,1.11350457109753,26.8167090327429,0.640883879868839,17.0160666666667,12.76205,0.301833951317767,0.0440708952936284,0.301833951317767,0.0440708952936284,69.9681538461539,4.308,2,0.737392307692308,0.5488,2,,0.014,184,,0.094535108,184,,0.053,184,2.5398,1.2,0,0.31032,0.3461,0,2.15268571428571,1.065,0,0.420528571428571,0.5461,0,,,,,,,,,,23.8889368705457,11.9805010330579,185,,,,,,,,,,,,,,,,,,,,,,,,,,,,3
191,191,6,warmed,2022-11-01,30,4,8045989588.41899,192.5,0.586792687601309,-0.939979767947071,0.0336018030865714,1.38718990164546,0.200432226539482,196,1.42205405656702,0.883571864177298,-0.675769680083683,1.10736065411594,0.161022085130744,0.260204081632653,0.545918367346939,0.193877551020408,2022,305,19297,-0.860599696250118,0.509282007157336,subsurface,,,,,,,,,,,,,,,,,,,,,,,,,,,,,,,,,,,,,,,,,,,65.7226923076923,5.818,0,0.848815384615385,0.9145,0,,0.014,238,,0.094535108,238,,0.053,238,2.058425,1.2,54,0.3203375,0.3461,54,1.71423333333333,1.065,54,0.482044444444444,0.5461,54,,,,,,,,,,23.6517717894811,11.9805010330579,239,,,,,,,,,,,,,,,,,,,,,,,,,,,,1
192,192,6,warmed,2023-01-12,30,2,11807120845.5108,366.5,0.587789679742466,-0.950098619191636,0.034049958921954,1.39698498028044,0.202287896647056,174,1.37630703456479,0.855147641255244,-0.593160202947364,1.05600892587119,0.178904069011797,0.201149425287356,0.597701149425287,0.201149425287356,2023,12,19369,0.204966113969495,0.978769069864922,subsurface,,,,,,,,,,,,,,,,,,,,,,,,,,,,,,,,,,,,,,,,,,,6.09707692307692,3.42,2,0.926576923076923,0.6109,2,,0.014,310,,0.094535108,310,,0.053,310,1.73995454545455,1.67,0,0.377436363636364,0.5156,0,1.16871,0.1768,0,0.444117,0.00127,0,,,,,,,,,,19.6266804035943,24.5637913223141,30,,,,,,,,,,,,,,,,,,,,,,,,,,,,4
193,193,6,warmed,2023-02-07,30,2,12584457163.7899,540.5,0.571892687304448,-0.790864514481305,0.0385948850976826,1.33154550993149,0.236168286774952,295,1.43612522145465,0.892314770491936,-0.617549087306428,1.07777461134773,0.18336986600369,0.203389830508475,0.515254237288136,0.28135593220339,2023,38,19395,0.608121499893542,0.793843965378102,subsurface,2.01628432142857,0.0855051663001051,0.355171915476191,0.00776484617779666,24.877522,0.137635163239694,24.6444678690476,0.0473219790090478,24.4761785833333,0.0314026601743276,0.404790645595238,0.00836253141787355,0.404790645595238,0.00836253141787355,1.95051402721088,0.133176213735448,0.34709222164966,0.0156695434012422,25.0454788214286,0.311002379055319,24.6588627040816,0.0465307576607596,24.4909740357143,0.0360013140506338,0.401729088401361,0.00875431612354434,0.401729088401361,0.00875431612354434,1.95051402721088,0.133176213735448,0.34709222164966,0.0156695434012422,25.0454788214286,0.311002379055319,24.6588627040816,0.0465307576607596,24.4909740357143,0.0360013140506338,0.401729088401361,0.00875431612354434,0.401729088401361,0.00875431612354434,5.44361538461538,6.784,0,1.10003846153846,1.74,0,,0.014,336,,0.094535108,336,,0.053,336,1.15005,1.67,26,0.4154,0.5156,26,0.87831,1.314,13,0.443917,0.2538,13,,,,,,,,,,19.0923516193403,24.5637913223141,56,,,,,,,,,,,,,,,,,,,,,,,,,,,,3
194,194,6,warmed,2023-05-02,30,2,7979235115.15975,390,0.579073812546735,-0.862452896384617,0.03160715425435,1.32370985203917,0.194461864958232,211,1.45491814236441,0.812005276015777,-0.541278527851534,1.10265434793224,0.20128446190218,0.208530805687204,0.507109004739337,0.279620853080569,2023,122,19479,0.863867098783735,-0.503719798736334,subsurface,2.60755333333333,1.08068109784216,0.352901046875,0.0341525525117029,25.7355875,1.30818081885686,23.7948240625,0.236017359873907,23.5137753125,0.122331662075783,0.40967185,0.016546327495865,0.40967185,0.016546327495865,2.68762008597884,0.637901979050012,0.284079096190476,0.0647540434437361,25.7663184107143,0.947180171111738,24.5714119464286,0.780775972703437,24.2353782261905,0.681982208540957,0.375990846428571,0.0325938615053478,0.375990846428571,0.0325938615053478,2.29013884849661,0.357027924369995,0.24692811105128,0.0659130427708369,25.7010798231399,0.674721226374587,24.5187342285524,0.451517556428923,24.2625131800699,0.372203193541117,0.341201963192288,0.045618757210783,0.341201963192288,0.045618757210783,6.30261538461538,6.565,28,1.19475384615385,1.31,28,,,,,,,,,,1.08822,1.67,110,0.51926,0.5156,110,0.85905,1.314,97,0.360411666666667,0.2538,97,,,,,,,,,,15.9275468849333,24.5637913223141,140,,,,,,,,,,,,,,,,,,,,,,,,,,,,5
195,195,6,warmed,2023-10-03,30,2,21885164317.4566,747,0.563444004636695,-0.707718736006431,0.0332193990731087,1.19651943386817,0.191329002292047,387,1.29016980841703,0.801627573483584,-0.565495941880118,1.02208321615607,0.179887806542478,0.116279069767442,0.578811369509044,0.304909560723514,2023,276,19633,-0.999370650853997,0.0354725557531256,subsurface,2.78953107142857,0.211385529042258,0.383884211904762,0.0277573506447522,29.3968565476191,0.309738699842239,28.0767077380952,0.25601850901026,27.4752505952381,0.210442611398816,0.413688833928571,0.0136290220412922,0.413688833928571,0.0136290220412922,3.10290232354602,0.387585824890163,0.351763525815217,0.0467770453663472,29.1157341092603,0.666660178545606,27.5895900768163,0.489255759025395,26.9957437445887,0.470742404420386,0.401159098318982,0.0228282727429631,0.401159098318982,0.0228282727429631,3.55694188631025,0.565703466559647,0.354430558683523,0.0522514698483377,27.7239742447956,1.23394167242665,26.6505746063319,0.839120018505043,26.1803372295349,0.726934525798192,0.399955540322825,0.02355371619788,0.399955540322825,0.02355371619788,12.4681538461538,8.333,27,0.996853846153846,1.156,27,,,,,,,,,,1.84458,1.67,264,0.51736,0.5156,264,1.58464444444444,1.314,251,0.459288888888889,0.2538,251,1695,1695,54,11.085,11.085,54,3.5332,3.5332,54,21.1025111252384,24.5637913223141,294,,,,,,,,,,,,,,,,,,,,,,,,,,,,2
196,196,6,warmed,2024-04-30,30,2,30604417194.1761,939.5,0.559660124745873,-0.672696172882035,0.0333796955043387,1.15512162106769,0.182792440690345,520,1.22910715576435,0.763687214193592,-0.523081905692379,1.03908720483386,0.197073601774007,0.0884615384615385,0.490384615384615,0.421153846153846,2024,121,19843,0.872404056804961,-0.488785394288993,subsurface,,,,,,,,,,,,,,,,,,,,,,,,,,,,,,,,,,,,,,,,,,,5.79761538461538,3.65,0,1.08090769230769,0.2729,0,,,,,,,,,,1.90364285714286,1.749,0,0.600385714285714,0.2894,0,1.88324285714286,1.342,0,0.700957142857143,0.3187,0,1528.84615384615,3655,5,9.44184615384615,4.6805,5,1.26498076923077,0.89305,5,16.3551997245179,9.29080578512397,112,,,,,,,,,,,,,,,,,,,,,,,,,,,,4
