series_id,plot,treatment_label,depth_label,sample_num_1,sample_num_2,date_1,date_2,lag_days,log2_lag,formula_jaccard_distance,vk_class_braycurtis,metric_vector_distance
1.0-10 cm,1,Control,0-10 cm,1,2,2017-05-31,2017-12-06,189,7.56224242422107,0.706521739130435,0.022949329697796,0.370461227894238
1.0-10 cm,1,Control,0-10 cm,1,3,2017-05-31,2018-05-09,343,8.42206476617281,0.755357142857143,0.083729693711082,0.567002711827914
1.0-10 cm,1,Control,0-10 cm,1,4,2017-05-31,2018-05-22,356,8.4757334309664,0.357843137254902,0.0699814524183193,0.152115035769712
1.0-10 cm,1,Control,0-10 cm,1,5,2017-05-31,2018-10-10,497,8.95710204156229,0.468879668049793,0.0458931443206862,0.309314643511111
1.0-10 cm,1,Control,0-10 cm,1,6,2017-05-31,2018-11-07,525,9.03617361255349,0.583596214511041,0.0446179587283882,0.299770940070103
1.0-10 cm,1,Control,0-10 cm,1,7,2017-05-31,2019-09-10,832,9.70043971814109,0.765202702702703,0.0623325844638383,0.544619658558513
1.0-10 cm,1,Control,0-10 cm,1,8,2017-05-31,2019-12-03,916,9.83920378809694,0.629969418960245,0.0777741900764181,0.437406665175765
1.0-10 cm,1,Control,0-10 cm,1,9,2017-05-31,2020-01-28,972,9.92481250360578,0.826952526799387,0.112382870921466,0.618127737455633
1.0-10 cm,1,Control,0-10 cm,1,10,2017-05-31,2021-12-15,1659,10.6960981709559,0.632716049382716,0.153965819456617,0.885547970565634
1.0-10 cm,1,Control,0-10 cm,1,11,2017-05-31,2022-08-23,1910,10.8993569229231,0.691139240506329,0.229974697584139,1.1784993819217
1.0-10 cm,1,Control,0-10 cm,1,12,2017-05-31,2022-09-08,1926,10.9113919878435,0.658753709198813,0.0660199121149723,0.619273415622279
1.0-10 cm,1,Control,0-10 cm,1,13,2017-05-31,2022-11-16,1995,10.9621730311097,0.838461538461539,0.165660685828469,1.04822724090579
1.0-10 cm,1,Control,0-10 cm,2,3,2017-12-06,2018-05-09,154,7.2667865406949,0.411184210526316,0.0938410320432792,0.359573068627548
1.0-10 cm,1,Control,0-10 cm,2,4,2017-12-06,2018-05-22,167,7.38370429247405,0.666666666666667,0.0566322136089578,0.36633044811595
1.0-10 cm,1,Control,0-10 cm,2,5,2017-12-06,2018-10-10,308,8.2667865406949,0.591611479028698,0.0314635023372888,0.347857946218178
1.0-10 cm,1,Control,0-10 cm,2,6,2017-12-06,2018-11-07,336,8.39231742277876,0.528688524590164,0.056008806008806,0.255984299858316
1.0-10 cm,1,Control,0-10 cm,2,7,2017-12-06,2019-09-10,643,9.32867492732795,0.447204968944099,0.0724439227960355,0.306825541983501
1.0-10 cm,1,Control,0-10 cm,2,8,2017-12-06,2019-12-03,727,9.50581155391959,0.431072210065646,0.0676413255360624,0.484897677968328
1.0-10 cm,1,Control,0-10 cm,2,9,2017-12-06,2020-01-28,783,9.61286849729104,0.601351351351351,0.0959093421779989,0.508889999331204
1.0-10 cm,1,Control,0-10 cm,2,10,2017-12-06,2021-12-15,1470,10.5216004397237,0.666666666666667,0.176455026455026,0.906474490449238
1.0-10 cm,1,Control,0-10 cm,2,11,2017-12-06,2022-08-23,1721,10.7490313820402,0.660988074957411,0.249686126804771,1.17771045485959
1.0-10 cm,1,Control,0-10 cm,2,12,2017-12-06,2022-09-08,1737,10.7623820387104,0.552208835341365,0.0753316032295271,0.689845532518327
1.0-10 cm,1,Control,0-10 cm,2,13,2017-12-06,2022-11-16,1806,10.8185821774809,0.630536130536131,0.1853721150491,0.909899283782318
1.0-10 cm,1,Control,0-10 cm,3,4,2018-05-09,2018-05-22,13,3.70043971814109,0.725631768953069,0.13755334901141,0.625857522007762
1.0-10 cm,1,Control,0-10 cm,3,5,2018-05-09,2018-10-10,154,7.2667865406949,0.654545454545455,0.125304534380568,0.649435403918701
1.0-10 cm,1,Control,0-10 cm,3,6,2018-05-09,2018-11-07,182,7.5077946401987,0.576388888888889,0.0530237552709463,0.350253703586879
1.0-10 cm,1,Control,0-10 cm,3,7,2018-05-09,2019-09-10,489,8.93369065495223,0.477900552486188,0.0293822862267236,0.127911275996115
1.0-10 cm,1,Control,0-10 cm,3,8,2018-05-09,2019-12-03,573,9.16239132875691,0.526978417266187,0.161482357579342,0.80275902132914
1.0-10 cm,1,Control,0-10 cm,3,9,2018-05-09,2020-01-28,629,9.29691620687929,0.638323353293413,0.176980267203309,0.75966021360689
1.0-10 cm,1,Control,0-10 cm,3,10,2018-05-09,2021-12-15,1316,10.3619437737352,0.724137931034483,0.121107544141252,0.675389097974892
1.0-10 cm,1,Control,0-10 cm,3,11,2018-05-09,2022-08-23,1567,10.6137894644726,0.688330871491876,0.179045261220085,0.908099442549527
1.0-10 cm,1,Control,0-10 cm,3,12,2018-05-09,2022-09-08,1583,10.6284455401372,0.632890365448505,0.123679742881951,0.781447271705726
1.0-10 cm,1,Control,0-10 cm,3,13,2018-05-09,2022-11-16,1652,10.6899979714194,0.640042598509052,0.118655516405301,0.630524603649389
1.0-10 cm,1,Control,0-10 cm,4,5,2018-05-22,2018-10-10,141,7.13955135239879,0.418410041841004,0.041770151275683,0.241565500931272
1.0-10 cm,1,Control,0-10 cm,4,6,2018-05-22,2018-11-07,169,7.40087943628218,0.56875,0.110180517157261,0.352066733701353
1.0-10 cm,1,Control,0-10 cm,4,7,2018-05-22,2019-09-10,476,8.89481776330794,0.752107925801012,0.116156239764166,0.585398995287323
1.0-10 cm,1,Control,0-10 cm,4,8,2018-05-22,2019-12-03,560,9.12928301694497,0.589506172839506,0.0403712770297838,0.37208496409025
1.0-10 cm,1,Control,0-10 cm,4,9,2018-05-22,2020-01-28,616,9.2667865406949,0.811349693251534,0.0878745805854448,0.606208718157942
1.0-10 cm,1,Control,0-10 cm,4,10,2018-05-22,2021-12-15,1303,10.3476213685681,0.613496932515337,0.214700996677741,0.957717615041592
1.0-10 cm,1,Control,0-10 cm,4,11,2018-05-22,2022-08-23,1554,10.6017707884077,0.688279301745636,0.259657075285771,1.2514038999634
1.0-10 cm,1,Control,0-10 cm,4,12,2018-05-22,2022-09-08,1570,10.616548843779,0.627976190476191,0.0903476301601352,0.630603340304965
1.0-10 cm,1,Control,0-10 cm,4,13,2018-05-22,2022-11-16,1639,10.6786001390995,0.829923273657289,0.205992362828258,1.09447561431203
1.0-10 cm,1,Control,0-10 cm,5,6,2018-10-10,2018-11-07,28,4.8073549220576,0.402597402597403,0.0852060560798426,0.366147673812305
1.0-10 cm,1,Control,0-10 cm,5,7,2018-10-10,2019-09-10,335,8.38801728534514,0.679180887372014,0.103907425133324,0.593608288262927
1.0-10 cm,1,Control,0-10 cm,5,8,2018-10-10,2019-12-03,419,8.71080643369935,0.460815047021944,0.0399761539771759,0.406032604498155
1.0-10 cm,1,Control,0-10 cm,5,9,2018-10-10,2020-01-28,475,8.89178370321831,0.757296466973886,0.0818641420728075,0.637223506745853
1.0-10 cm,1,Control,0-10 cm,5,10,2018-10-10,2021-12-15,1162,10.1823943534045,0.553571428571429,0.19372399445215,1.06357003356147
1.0-10 cm,1,Control,0-10 cm,5,11,2018-10-10,2022-08-23,1413,10.4645457503339,0.634146341463415,0.275382590093796,1.35736171757687
1.0-10 cm,1,Control,0-10 cm,5,12,2018-10-10,2022-09-08,1429,10.4807902010958,0.526785714285714,0.0963818994188195,0.715111231225336
1.0-10 cm,1,Control,0-10 cm,5,13,2018-10-10,2022-11-16,1498,10.5488219084588,0.781771501925546,0.205418860824001,1.12621029529101
1.0-10 cm,1,Control,0-10 cm,6,7,2018-11-07,2019-09-10,307,8.26209484537018,0.593080724876442,0.0397173249285925,0.291221028497211
1.0-10 cm,1,Control,0-10 cm,6,8,2018-11-07,2019-12-03,391,8.61102479730735,0.409470752089137,0.121383879278616,0.555274762334015
1.0-10 cm,1,Control,0-10 cm,6,9,2018-11-07,2020-01-28,447,8.80413102118332,0.726361031518625,0.151723897992555,0.679583461356489
1.0-10 cm,1,Control,0-10 cm,6,10,2018-11-07,2021-12-15,1134,10.1472049249422,0.595533498759305,0.128021978021978,0.724702727425627
1.0-10 cm,1,Control,0-10 cm,6,11,2018-11-07,2022-08-23,1385,10.4356702609366,0.602620087336245,0.201058828177472,1.01147016068034
1.0-10 cm,1,Control,0-10 cm,6,12,2018-11-07,2022-09-08,1401,10.4522412404308,0.525641025641026,0.070655987611005,0.55668928770177
1.0-10 cm,1,Control,0-10 cm,6,13,2018-11-07,2022-11-16,1470,10.5216004397237,0.72332506203474,0.136744816421802,0.791852820179804
1.0-10 cm,1,Control,0-10 cm,7,8,2019-09-10,2019-12-03,84,6.39231742277876,0.541880341880342,0.140085248332098,0.733899037039062
1.0-10 cm,1,Control,0-10 cm,7,9,2019-09-10,2020-01-28,140,7.12928301694497,0.547146401985112,0.160001051082615,0.724632670605756
1.0-10 cm,1,Control,0-10 cm,7,10,2019-09-10,2021-12-15,827,9.69174351917128,0.72289156626506,0.141700201207243,0.678175062255833
1.0-10 cm,1,Control,0-10 cm,7,11,2019-09-10,2022-08-23,1078,10.0741414627525,0.708683473389356,0.191652741306597,0.921523177192924
1.0-10 cm,1,Control,0-10 cm,7,12,2019-09-10,2022-09-08,1094,10.0953970227926,0.65251572327044,0.110373312539597,0.692119131451049
1.0-10 cm,1,Control,0-10 cm,7,13,2019-09-10,2022-11-16,1163,10.1836353814732,0.591836734693878,0.127338729550926,0.617926845591944
1.0-10 cm,1,Control,0-10 cm,8,9,2019-12-03,2020-01-28,56,5.8073549220576,0.623255813953488,0.0840534171249018,0.402488335814305
1.0-10 cm,1,Control,0-10 cm,8,10,2019-12-03,2021-12-15,743,9.5372184005386,0.591022443890274,0.226441102756892,1.1629444629504
1.0-10 cm,1,Control,0-10 cm,8,11,2019-12-03,2022-08-23,994,9.95710204156229,0.628755364806867,0.283586083853702,1.44469041002627
1.0-10 cm,1,Control,0-10 cm,8,12,2019-12-03,2022-09-08,1010,9.98013957763916,0.427397260273973,0.104012626722516,0.604623123346902
1.0-10 cm,1,Control,0-10 cm,8,13,2019-12-03,2022-11-16,1079,10.075479149488,0.683738796414853,0.233430143326014,1.2672642170573
1.0-10 cm,1,Control,0-10 cm,9,10,2020-01-28,2021-12-15,687,9.4241662888181,0.729496402877698,0.263237384506041,1.24600491434924
1.0-10 cm,1,Control,0-10 cm,9,11,2020-01-28,2022-08-23,938,9.87344411251538,0.74738219895288,0.311184192034179,1.4970030446308
1.0-10 cm,1,Control,0-10 cm,9,12,2020-01-28,2022-09-08,954,9.89784545600551,0.627692307692308,0.141466829634985,0.828731753932077
1.0-10 cm,1,Control,0-10 cm,9,13,2020-01-28,2022-11-16,1023,9.99859042974533,0.630722278738555,0.260400554428396,1.2964244285611
1.0-10 cm,1,Control,0-10 cm,10,11,2021-12-15,2022-08-23,251,7.97154355395077,0.515222482435597,0.0882768361581921,0.302236981640452
1.0-10 cm,1,Control,0-10 cm,10,12,2021-12-15,2022-09-08,267,8.06069593168756,0.449591280653951,0.140360850222442,0.759527301399005
1.0-10 cm,1,Control,0-10 cm,10,13,2021-12-15,2022-11-16,336,8.39231742277876,0.709962168978563,0.057099596231494,0.444984436849202
1.0-10 cm,1,Control,0-10 cm,11,12,2022-08-23,2022-09-08,16,4,0.483490566037736,0.195364885734952,1.00826831441513
1.0-10 cm,1,Control,0-10 cm,11,13,2022-08-23,2022-11-16,85,6.4093909361377,0.681490384615385,0.0955661503600459,0.500986925291424
1.0-10 cm,1,Control,0-10 cm,12,13,2022-09-08,2022-11-16,69,6.10852445677817,0.642105263157895,0.147349890791563,0.930806987469908
2.0-10 cm,2,Warmed,0-10 cm,14,15,2017-05-31,2017-12-06,189,7.56224242422107,0.763280521901212,0.257810771341329,1.35200944386968
2.0-10 cm,2,Warmed,0-10 cm,14,16,2017-05-31,2018-05-09,343,8.42206476617281,0.577165354330709,0.228131076064968,1.08620345985374
2.0-10 cm,2,Warmed,0-10 cm,14,17,2017-05-31,2018-05-22,356,8.4757334309664,0.720913107511046,0.307581432876654,1.66861079485287
2.0-10 cm,2,Warmed,0-10 cm,14,18,2017-05-31,2018-10-10,497,8.95710204156229,0.74706413730804,0.304195202203772,1.48741620709372
2.0-10 cm,2,Warmed,0-10 cm,14,19,2017-05-31,2018-11-07,525,9.03617361255349,0.712440516655336,0.193264942016057,1.47221132187841
2.0-10 cm,2,Warmed,0-10 cm,14,20,2017-05-31,2019-09-10,832,9.70043971814109,0.73866090712743,0.14621079290863,1.01189697137214
2.0-10 cm,2,Warmed,0-10 cm,14,21,2017-05-31,2019-12-03,916,9.83920378809694,0.75958904109589,0.31596876038551,1.55542442005221
2.0-10 cm,2,Warmed,0-10 cm,14,22,2017-05-31,2020-01-28,972,9.92481250360578,0.693302891933029,0.297350187471222,1.52031818633503
2.0-10 cm,2,Warmed,0-10 cm,14,23,2017-05-31,2021-12-15,1659,10.6960981709559,0.863678804855276,0.36401874961197,1.7868518682045
2.0-10 cm,2,Warmed,0-10 cm,14,24,2017-05-31,2022-08-23,1910,10.8993569229231,0.719021310181531,0.317759167269913,1.60149672246944
2.0-10 cm,2,Warmed,0-10 cm,14,25,2017-05-31,2022-11-16,1995,10.9621730311097,0.890489913544669,0.383062896618202,1.8968557480132
2.0-10 cm,2,Warmed,0-10 cm,15,16,2017-12-06,2018-05-09,154,7.2667865406949,0.728571428571429,0.0592050924427206,0.614893970649266
2.0-10 cm,2,Warmed,0-10 cm,15,17,2017-12-06,2018-05-22,167,7.38370429247405,0.709110867178924,0.0682044916518229,0.619183229788012
2.0-10 cm,2,Warmed,0-10 cm,15,18,2017-12-06,2018-10-10,308,8.2667865406949,0.532859680284192,0.0652623637788872,0.458920530071542
2.0-10 cm,2,Warmed,0-10 cm,15,19,2017-12-06,2018-11-07,336,8.39231742277876,0.785974499089253,0.0665164216023087,0.403633973196128
2.0-10 cm,2,Warmed,0-10 cm,15,20,2017-12-06,2019-09-10,643,9.32867492732795,0.887147335423198,0.183350964856997,0.740781183755616
2.0-10 cm,2,Warmed,0-10 cm,15,21,2017-12-06,2019-12-03,727,9.50581155391959,0.733535967578521,0.0673852093440663,0.379481203635939
2.0-10 cm,2,Warmed,0-10 cm,15,22,2017-12-06,2020-01-28,783,9.61286849729104,0.702581369248036,0.0485950435555075,0.334021229698736
2.0-10 cm,2,Warmed,0-10 cm,15,23,2017-12-06,2021-12-15,1470,10.5216004397237,0.672064777327935,0.107374783614992,0.511320197482834
2.0-10 cm,2,Warmed,0-10 cm,15,24,2017-12-06,2022-08-23,1721,10.7490313820402,0.641943734015345,0.0742106538182014,0.612787846699418
2.0-10 cm,2,Warmed,0-10 cm,15,25,2017-12-06,2022-11-16,1806,10.8185821774809,0.717062634989201,0.13896279064012,0.741596343308652
2.0-10 cm,2,Warmed,0-10 cm,16,17,2018-05-09,2018-05-22,13,3.70043971814109,0.607232968881413,0.0931601688587423,0.734310380467806
2.0-10 cm,2,Warmed,0-10 cm,16,18,2018-05-09,2018-10-10,154,7.2667865406949,0.646632124352332,0.0927966644782101,0.496668431402325
2.0-10 cm,2,Warmed,0-10 cm,16,19,2018-05-09,2018-11-07,182,7.5077946401987,0.681454545454546,0.0784399585289992,0.759202860174379
2.0-10 cm,2,Warmed,0-10 cm,16,20,2018-05-09,2019-09-10,489,8.93369065495223,0.764383561643836,0.181240926466083,0.877892737989039
2.0-10 cm,2,Warmed,0-10 cm,16,21,2018-05-09,2019-12-03,573,9.16239132875691,0.645262333594362,0.0900108390435447,0.70786559785092
2.0-10 cm,2,Warmed,0-10 cm,16,22,2018-05-09,2020-01-28,629,9.29691620687929,0.556045895851721,0.0756004730931991,0.637632998830315
2.0-10 cm,2,Warmed,0-10 cm,16,23,2018-05-09,2021-12-15,1316,10.3619437737352,0.831275720164609,0.165527018365952,0.860100314992371
2.0-10 cm,2,Warmed,0-10 cm,16,24,2018-05-09,2022-08-23,1567,10.6137894644726,0.560224089635854,0.0990175382310227,0.52986702407463
2.0-10 cm,2,Warmed,0-10 cm,16,25,2018-05-09,2022-11-16,1652,10.6899979714194,0.858660998937301,0.18717907882236,0.915727582181482
2.0-10 cm,2,Warmed,0-10 cm,17,18,2018-05-22,2018-10-10,141,7.13955135239879,0.585812356979405,0.0278993108434695,0.640537095167029
2.0-10 cm,2,Warmed,0-10 cm,17,19,2018-05-22,2018-11-07,169,7.40087943628218,0.473730297723292,0.133668281675184,0.569006357702268
2.0-10 cm,2,Warmed,0-10 cm,17,20,2018-05-22,2019-09-10,476,8.89481776330794,0.716970052847915,0.247772354365062,1.09045609235365
2.0-10 cm,2,Warmed,0-10 cm,17,21,2018-05-22,2019-12-03,560,9.12928301694497,0.651502843216897,0.082922806389821,0.523321126942131
2.0-10 cm,2,Warmed,0-10 cm,17,22,2018-05-22,2020-01-28,616,9.2667865406949,0.395491803278689,0.0557693531205291,0.407491269893225
2.0-10 cm,2,Warmed,0-10 cm,17,23,2018-05-22,2021-12-15,1303,10.3476213685681,0.781714285714286,0.107127844832763,0.677762946839016
2.0-10 cm,2,Warmed,0-10 cm,17,24,2018-05-22,2022-08-23,1554,10.6017707884077,0.565302144249513,0.0267992950095367,0.531390108881712
2.0-10 cm,2,Warmed,0-10 cm,17,25,2018-05-22,2022-11-16,1639,10.6786001390995,0.809015421115065,0.12552966418245,0.802340582322712
2.0-10 cm,2,Warmed,0-10 cm,18,19,2018-10-10,2018-11-07,28,4.8073549220576,0.693245778611632,0.123081858144232,0.667262559528785
2.0-10 cm,2,Warmed,0-10 cm,18,20,2018-10-10,2019-09-10,335,8.38801728534514,0.855985037406484,0.238711696634753,1.0511255226912
2.0-10 cm,2,Warmed,0-10 cm,18,21,2018-10-10,2019-12-03,419,8.71080643369935,0.61228813559322,0.0870675716840979,0.516849163776329
2.0-10 cm,2,Warmed,0-10 cm,18,22,2018-10-10,2020-01-28,475,8.89178370321831,0.555819477434679,0.0540680237940188,0.465705424494838
2.0-10 cm,2,Warmed,0-10 cm,18,23,2018-10-10,2021-12-15,1162,10.1823943534045,0.607003891050584,0.0958582425851048,0.425248385629421
2.0-10 cm,2,Warmed,0-10 cm,18,24,2018-10-10,2022-08-23,1413,10.4645457503339,0.497991967871486,0.0260541162312124,0.249704163358875
2.0-10 cm,2,Warmed,0-10 cm,18,25,2018-10-10,2022-11-16,1498,10.5488219084588,0.662576687116564,0.103687695912189,0.465780690549643
2.0-10 cm,2,Warmed,0-10 cm,19,20,2018-11-07,2019-09-10,307,8.26209484537018,0.585748792270531,0.126034482758621,0.645348011513639
2.0-10 cm,2,Warmed,0-10 cm,19,21,2018-11-07,2019-12-03,391,8.61102479730735,0.73643949930459,0.13087840709039,0.26217683448724
2.0-10 cm,2,Warmed,0-10 cm,19,22,2018-11-07,2020-01-28,447,8.80413102118332,0.518486672398968,0.112088241301832,0.271952471363828
2.0-10 cm,2,Warmed,0-10 cm,19,23,2018-11-07,2021-12-15,1134,10.1472049249422,0.84622641509434,0.170753807595913,0.709243014540998
2.0-10 cm,2,Warmed,0-10 cm,19,24,2018-11-07,2022-08-23,1385,10.4356702609366,0.693664795509222,0.139674443841563,0.714770209636622
2.0-10 cm,2,Warmed,0-10 cm,19,25,2018-11-07,2022-11-16,1470,10.5216004397237,0.871720116618076,0.198722873534547,0.962347486268454
2.0-10 cm,2,Warmed,0-10 cm,20,21,2019-09-10,2019-12-03,84,6.39231742277876,0.842725409836066,0.224306964164976,0.797803651068929
2.0-10 cm,2,Warmed,0-10 cm,20,22,2019-09-10,2020-01-28,140,7.12928301694497,0.736872812135356,0.205688391250688,0.817746380662969
2.0-10 cm,2,Warmed,0-10 cm,20,23,2019-09-10,2021-12-15,827,9.69174351917128,0.938137755102041,0.27689623594796,1.1974194865937
2.0-10 cm,2,Warmed,0-10 cm,20,24,2019-09-10,2022-08-23,1078,10.0741414627525,0.822626492325185,0.253143356524978,1.15510525834969
2.0-10 cm,2,Warmed,0-10 cm,20,25,2019-09-10,2022-11-16,1163,10.1836353814732,0.953655352480418,0.315557416789236,1.43491230664623
2.0-10 cm,2,Warmed,0-10 cm,21,22,2019-12-03,2020-01-28,56,5.8073549220576,0.624161073825503,0.0367865280196243,0.13656148092903
2.0-10 cm,2,Warmed,0-10 cm,21,23,2019-12-03,2021-12-15,743,9.5372184005386,0.791092258748674,0.113946030901048,0.514450440012775
2.0-10 cm,2,Warmed,0-10 cm,21,24,2019-12-03,2022-08-23,994,9.95710204156229,0.575115207373272,0.064770601994588,0.546412622019495
2.0-10 cm,2,Warmed,0-10 cm,21,25,2019-12-03,2022-11-16,1079,10.075479149488,0.817982456140351,0.151964884085778,0.76579555435929
2.0-10 cm,2,Warmed,0-10 cm,22,23,2020-01-28,2021-12-15,687,9.4241662888181,0.767962308598351,0.0953470849977965,0.499531678596395
2.0-10 cm,2,Warmed,0-10 cm,22,24,2020-01-28,2022-08-23,938,9.87344411251538,0.524390243902439,0.0479149956084112,0.481542795885326
2.0-10 cm,2,Warmed,0-10 cm,22,25,2020-01-28,2022-11-16,1023,9.99859042974533,0.804374240583232,0.130181541725168,0.729139504750107
2.0-10 cm,2,Warmed,0-10 cm,23,24,2021-12-15,2022-08-23,251,7.97154355395077,0.706521739130435,0.0809637098296892,0.506999580345855
2.0-10 cm,2,Warmed,0-10 cm,23,25,2021-12-15,2022-11-16,336,8.39231742277876,0.37037037037037,0.0492335468638787,0.310400316200898
2.0-10 cm,2,Warmed,0-10 cm,24,25,2022-08-23,2022-11-16,85,6.4093909361377,0.730385164051355,0.0993655291793759,0.499818801201876
3.0-10 cm,3,Control,0-10 cm,26,27,2017-10-20,2017-12-06,47,5.55458885167764,0.891148982957669,0.336810178752181,1.78891358830725
3.0-10 cm,3,Control,0-10 cm,26,28,2017-10-20,2018-01-17,89,6.4757334309664,0.688202247191011,0.0953748422747248,0.50953522820022
3.0-10 cm,3,Control,0-10 cm,26,29,2017-10-20,2018-01-30,102,6.6724253419715,0.71524064171123,0.151586879860876,0.686989695553815
3.0-10 cm,3,Control,0-10 cm,26,30,2017-10-20,2018-02-13,116,6.85798099512757,0.840840840840841,0.142024539877301,0.771135225059899
3.0-10 cm,3,Control,0-10 cm,26,31,2017-10-20,2018-02-27,130,7.02236781302845,0.724431818181818,0.138909671305302,0.695729459955992
3.0-10 cm,3,Control,0-10 cm,26,32,2017-10-20,2018-05-09,201,7.65105169117893,0.618556701030928,0.152614665498101,0.578294528727625
3.0-10 cm,3,Control,0-10 cm,26,33,2017-10-20,2018-05-22,214,7.74146698640115,0.935393258426966,0.214318786896632,1.21109578643326
3.0-10 cm,3,Control,0-10 cm,26,34,2017-10-20,2018-10-23,368,8.52356195605701,0.770538243626062,0.120029538741195,0.746916702017547
3.0-10 cm,3,Control,0-10 cm,26,35,2017-10-20,2018-11-07,383,8.58120058192496,0.970059880239521,0.470006816632584,2.89455586579653
3.0-10 cm,3,Control,0-10 cm,26,36,2017-10-20,2019-11-05,746,9.54303182025524,0.923728813559322,0.221583937534858,1.16174900276854
3.0-10 cm,3,Control,0-10 cm,26,37,2017-10-20,2019-12-17,788,9.62205181945638,0.763157894736842,0.182792519772341,0.716411515435025
3.0-10 cm,3,Control,0-10 cm,26,38,2017-10-20,2019-12-31,802,9.64745842645492,0.730392156862745,0.220826942740286,0.787679389127762
3.0-10 cm,3,Control,0-10 cm,26,39,2017-10-20,2020-01-28,830,9.69696752623429,0.765789473684211,0.196104508987945,0.731714113395639
3.0-10 cm,3,Control,0-10 cm,26,40,2017-10-20,2020-03-10,872,9.76818432477693,0.776412776412776,0.145527179340848,0.70356256158637
3.0-10 cm,3,Control,0-10 cm,26,41,2017-10-20,2021-12-15,1517,10.567005370247,0.859848484848485,0.196407931003823,0.936554952887522
3.0-10 cm,3,Control,0-10 cm,26,42,2017-10-20,2022-09-08,1784,10.8008998999203,0.842818428184282,0.170078357529004,0.778560048448159
3.0-10 cm,3,Control,0-10 cm,26,43,2017-10-20,2022-11-16,1853,10.8556471660273,0.867078825347759,0.185066550097225,0.822343164591442
3.0-10 cm,3,Control,0-10 cm,26,44,2017-10-20,2023-05-30,2048,11,0.895196506550218,0.120074982958419,0.939231055103924
3.0-10 cm,3,Control,0-10 cm,26,45,2017-10-20,2023-12-27,2259,11.1414685553931,0.871212121212121,0.133803173959337,0.845702335387581
3.0-10 cm,3,Control,0-10 cm,26,46,2017-10-20,2024-04-16,2370,11.2106713437856,0.797916666666667,0.141996431452106,0.89405544839762
3.0-10 cm,3,Control,0-10 cm,26,47,2017-10-20,2024-04-30,2384,11.2191685204622,0.809248554913295,0.143121270695016,1.06686052396902
3.0-10 cm,3,Control,0-10 cm,27,28,2017-12-06,2018-01-17,42,5.39231742277876,0.936120789779326,0.248075963276587,1.6496960859117
3.0-10 cm,3,Control,0-10 cm,27,29,2017-12-06,2018-01-30,55,5.78135971352466,0.719162995594714,0.194923564773209,1.21054137046524
3.0-10 cm,3,Control,0-10 cm,27,30,2017-12-06,2018-02-13,69,6.10852445677817,0.970605526161082,0.388241671594717,2.22282495698947
3.0-10 cm,3,Control,0-10 cm,27,31,2017-12-06,2018-02-27,83,6.37503943134693,0.951445086705202,0.435586774554913,2.33266907201394
3.0-10 cm,3,Control,0-10 cm,27,32,2017-12-06,2018-05-09,154,7.2667865406949,0.924773755656109,0.452527385880431,2.25306809929885
3.0-10 cm,3,Control,0-10 cm,27,33,2017-12-06,2018-05-22,167,7.38370429247405,0.988985507246377,0.421889470336856,2.72989640535094
3.0-10 cm,3,Control,0-10 cm,27,34,2017-12-06,2018-10-23,321,8.3264294871223,0.949795680093403,0.223426856779902,1.53448812588333
3.0-10 cm,3,Control,0-10 cm,27,35,2017-12-06,2018-11-07,336,8.39231742277876,0.99706572769953,0.557855312438399,3.74969053207249
3.0-10 cm,3,Control,0-10 cm,27,36,2017-12-06,2019-11-05,699,9.44914864537544,0.983701979045401,0.508166227622171,2.69797178098008
3.0-10 cm,3,Control,0-10 cm,27,37,2017-12-06,2019-12-17,741,9.53332973230583,0.9375,0.479469623021952,2.43189925911337
3.0-10 cm,3,Control,0-10 cm,27,38,2017-12-06,2019-12-31,755,9.56033283421244,0.940944881889764,0.515363197319141,2.49188407391361
3.0-10 cm,3,Control,0-10 cm,27,39,2017-12-06,2020-01-28,783,9.61286849729104,0.953196347031963,0.523090156443202,2.44775090573811
3.0-10 cm,3,Control,0-10 cm,27,40,2017-12-06,2020-03-10,825,9.68825030913318,0.949238578680203,0.4723501987265,2.44423008784651
3.0-10 cm,3,Control,0-10 cm,27,41,2017-12-06,2021-12-15,1470,10.5216004397237,0.963645943097998,0.42931247268146,2.61150730351927
3.0-10 cm,3,Control,0-10 cm,27,42,2017-12-06,2022-09-08,1737,10.7623820387104,0.969522714203565,0.506888536281186,2.48961602310303
3.0-10 cm,3,Control,0-10 cm,27,43,2017-12-06,2022-11-16,1806,10.8185821774809,0.957256461232604,0.41774853720448,2.45711972342443
3.0-10 cm,3,Control,0-10 cm,27,44,2017-12-06,2023-05-30,2001,10.9665054519057,0.974232456140351,0.449352782705828,2.56971453254294
3.0-10 cm,3,Control,0-10 cm,27,45,2017-12-06,2023-12-27,2212,11.1111356702347,0.971623155505108,0.432181065534111,2.53151768542491
3.0-10 cm,3,Control,0-10 cm,27,46,2017-12-06,2024-04-16,2323,11.1817734388088,0.946283233857841,0.437756955619273,2.65680782842542
3.0-10 cm,3,Control,0-10 cm,27,47,2017-12-06,2024-04-30,2337,11.1904420187828,0.947452229299363,0.424086420453165,2.49740240311218
3.0-10 cm,3,Control,0-10 cm,28,29,2018-01-17,2018-01-30,13,3.70043971814109,0.822458270106221,0.0586921315686603,0.589892031764991
3.0-10 cm,3,Control,0-10 cm,28,30,2018-01-17,2018-02-13,27,4.75488750216347,0.641891891891892,0.188652482269504,0.723322447515306
3.0-10 cm,3,Control,0-10 cm,28,31,2018-01-17,2018-02-27,41,5.35755200461808,0.533333333333333,0.187510811278326,0.893977628540227
3.0-10 cm,3,Control,0-10 cm,28,32,2018-01-17,2018-05-09,112,6.8073549220576,0.670454545454545,0.208611955420466,0.923325114429994
3.0-10 cm,3,Control,0-10 cm,28,33,2018-01-17,2018-05-22,125,6.96578428466209,0.885057471264368,0.270841696775057,1.46432921571779
3.0-10 cm,3,Control,0-10 cm,28,34,2018-01-17,2018-10-23,279,8.12412131182919,0.535294117647059,0.0754531126871552,0.401246623030881
3.0-10 cm,3,Control,0-10 cm,28,35,2018-01-17,2018-11-07,294,8.19967234483636,0.96078431372549,0.511820330969267,2.91432595779139
3.0-10 cm,3,Control,0-10 cm,28,36,2018-01-17,2019-11-05,657,9.35974956032233,0.853801169590643,0.260090264345584,1.35585573449553
3.0-10 cm,3,Control,0-10 cm,28,37,2018-01-17,2019-12-17,699,9.44914864537544,0.799492385786802,0.231393659745365,1.1510219768098
3.0-10 cm,3,Control,0-10 cm,28,38,2018-01-17,2019-12-31,713,9.47775826644389,0.733840304182509,0.267287234042553,1.14173347952852
3.0-10 cm,3,Control,0-10 cm,28,39,2018-01-17,2020-01-28,741,9.53332973230583,0.732142857142857,0.279174725983237,1.02190357148978
3.0-10 cm,3,Control,0-10 cm,28,40,2018-01-17,2020-03-10,783,9.61286849729104,0.757936507936508,0.228434768266535,1.06830388624038
3.0-10 cm,3,Control,0-10 cm,28,41,2018-01-17,2021-12-15,1428,10.4797802640291,0.854395604395604,0.212920135676842,1.2999047626259
3.0-10 cm,3,Control,0-10 cm,28,42,2018-01-17,2022-09-08,1695,10.7270695580237,0.76530612244898,0.26297310582122,1.04987810701001
3.0-10 cm,3,Control,0-10 cm,28,43,2018-01-17,2022-11-16,1764,10.7846348455575,0.872427983539095,0.201578754770244,1.23279438839612
3.0-10 cm,3,Control,0-10 cm,28,44,2018-01-17,2023-05-30,1959,10.9359016822676,0.881533101045296,0.205437352245863,1.32495429302803
3.0-10 cm,3,Control,0-10 cm,28,45,2018-01-17,2023-12-27,2170,11.0834793273318,0.825112107623318,0.188265635074146,1.15840817548601
3.0-10 cm,3,Control,0-10 cm,28,46,2018-01-17,2024-04-16,2281,11.1554507313121,0.829850746268657,0.190076573140064,1.26578121569168
3.0-10 cm,3,Control,0-10 cm,28,47,2018-01-17,2024-04-30,2295,11.1642784383012,0.857519788918206,0.199480229282036,1.44163464374193
3.0-10 cm,3,Control,0-10 cm,29,30,2018-01-30,2018-02-13,14,3.8073549220576,0.912363067292645,0.217322834645669,1.17606670503221
3.0-10 cm,3,Control,0-10 cm,29,31,2018-01-30,2018-02-27,28,4.8073549220576,0.849772382397572,0.243262275142437,1.23753693210557
3.0-10 cm,3,Control,0-10 cm,29,32,2018-01-30,2018-05-09,99,6.62935662007961,0.791130185979971,0.267304086989126,1.18658458702193
3.0-10 cm,3,Control,0-10 cm,29,33,2018-01-30,2018-05-22,112,6.8073549220576,0.963855421686747,0.306403209032833,1.8401554551974
3.0-10 cm,3,Control,0-10 cm,29,34,2018-01-30,2018-10-23,266,8.05528243550119,0.863914373088685,0.0534120734908137,0.728047872259161
3.0-10 cm,3,Control,0-10 cm,29,35,2018-01-30,2018-11-07,281,8.13442632022093,0.989164086687306,0.539107611548556,3.2044833012141
3.0-10 cm,3,Control,0-10 cm,29,36,2018-01-30,2019-11-05,644,9.33091687811462,0.960843373493976,0.313242662848962,1.72076394972476
3.0-10 cm,3,Control,0-10 cm,29,37,2018-01-30,2019-12-17,686,9.42206476617281,0.839135654261705,0.284546058248743,1.36789754309571
3.0-10 cm,3,Control,0-10 cm,29,38,2018-01-30,2019-12-31,700,9.45121111183233,0.843356643356643,0.321768372703412,1.42189052037486
3.0-10 cm,3,Control,0-10 cm,29,39,2018-01-30,2020-01-28,728,9.5077946401987,0.878962536023055,0.337866857551897,1.36162970392446
3.0-10 cm,3,Control,0-10 cm,29,40,2018-01-30,2020-03-10,770,9.58871463558226,0.871328671328671,0.287126899835195,1.37714768032696
3.0-10 cm,3,Control,0-10 cm,29,41,2018-01-30,2021-12-15,1415,10.4665863377192,0.918052256532066,0.242941914869337,1.55060556703714
3.0-10 cm,3,Control,0-10 cm,29,42,2018-01-30,2022-09-08,1682,10.7159619902551,0.922401171303075,0.321665237389881,1.42675433678346
3.0-10 cm,3,Control,0-10 cm,29,43,2018-01-30,2022-11-16,1751,10.7739633684336,0.903157894736842,0.233620306061251,1.42326162689565
3.0-10 cm,3,Control,0-10 cm,29,44,2018-01-30,2023-05-30,1946,10.9262959947811,0.936031331592689,0.264129483814523,1.59574546483246
3.0-10 cm,3,Control,0-10 cm,29,45,2018-01-30,2023-12-27,2157,11.0748104611605,0.935211267605634,0.246957766642806,1.49014117231145
3.0-10 cm,3,Control,0-10 cm,29,46,2018-01-30,2024-04-16,2268,11.1472049249422,0.871337579617834,0.248768704708724,1.53518231684315
3.0-10 cm,3,Control,0-10 cm,29,47,2018-01-30,2024-04-30,2282,11.1560830762887,0.885817307692308,0.241586668104843,1.60772890446027
3.0-10 cm,3,Control,0-10 cm,30,31,2018-02-13,2018-02-27,14,3.8073549220576,0.592307692307692,0.128048780487805,0.396484170439997
3.0-10 cm,3,Control,0-10 cm,30,32,2018-02-13,2018-05-09,85,6.4093909361377,0.767123287671233,0.116666666666667,0.611115679684247
3.0-10 cm,3,Control,0-10 cm,30,33,2018-02-13,2018-05-22,98,6.61470984411521,0.78494623655914,0.30062893081761,1.23453815194323
3.0-10 cm,3,Control,0-10 cm,30,34,2018-02-13,2018-10-23,252,7.97727992349992,0.622950819672131,0.211111111111111,1.02939679389541
3.0-10 cm,3,Control,0-10 cm,30,35,2018-02-13,2018-11-07,267,8.06069593168756,0.931506849315068,0.533333333333333,3.14834639997789
3.0-10 cm,3,Control,0-10 cm,30,36,2018-02-13,2019-11-05,630,9.29920801838728,0.776595744680851,0.13030303030303,0.773819867750311
3.0-10 cm,3,Control,0-10 cm,30,37,2018-02-13,2019-12-17,672,9.39231742277876,0.870317002881844,0.229919678714859,1.02003634040101
3.0-10 cm,3,Control,0-10 cm,30,38,2018-02-13,2019-12-31,686,9.42206476617281,0.811320754716981,0.182291666666667,0.775718354178768
3.0-10 cm,3,Control,0-10 cm,30,39,2018-02-13,2020-01-28,714,9.4797802640291,0.76969696969697,0.195337995337995,0.736503241846668
3.0-10 cm,3,Control,0-10 cm,30,40,2018-02-13,2020-03-10,756,9.56224242422107,0.816326530612245,0.163178294573643,0.810338496276951
3.0-10 cm,3,Control,0-10 cm,30,41,2018-02-13,2021-12-15,1401,10.4522412404308,0.88,0.257246376811594,1.27789255143692
3.0-10 cm,3,Control,0-10 cm,30,42,2018-02-13,2022-09-08,1668,10.7039035734447,0.722222222222222,0.213201320132013,0.672243559698759
3.0-10 cm,3,Control,0-10 cm,30,43,2018-02-13,2022-11-16,1737,10.7623820387104,0.908878504672897,0.245904995904996,1.26640299689414
3.0-10 cm,3,Control,0-10 cm,30,44,2018-02-13,2023-05-30,1932,10.9158793788358,0.873239436619718,0.127777777777778,1.0594396712872
3.0-10 cm,3,Control,0-10 cm,30,45,2018-02-13,2023-12-27,2143,11.0654161346765,0.816993464052288,0.172865013774105,0.797556948206809
3.0-10 cm,3,Control,0-10 cm,30,46,2018-02-13,2024-04-16,2254,11.1382718001722,0.869090909090909,0.171646746347942,1.06787473159581
3.0-10 cm,3,Control,0-10 cm,30,47,2018-02-13,2024-04-30,2268,11.1472049249422,0.893081761006289,0.0810502283105023,1.13039252971227
3.0-10 cm,3,Control,0-10 cm,31,32,2018-02-27,2018-05-09,71,6.14974711950468,0.59493670886076,0.0445993031358885,0.280035107405718
3.0-10 cm,3,Control,0-10 cm,31,33,2018-02-27,2018-05-22,84,6.39231742277876,0.849673202614379,0.196655928823439,1.08888332374099
3.0-10 cm,3,Control,0-10 cm,31,34,2018-02-27,2018-10-23,238,7.89481776330794,0.633136094674556,0.255871725383921,1.21649278315753
3.0-10 cm,3,Control,0-10 cm,31,35,2018-02-27,2018-11-07,253,7.98299357469431,0.947761194029851,0.497289972899729,3.17794876774693
3.0-10 cm,3,Control,0-10 cm,31,36,2018-02-27,2019-11-05,616,9.2667865406949,0.844155844155844,0.129933481152993,0.591690713691264
3.0-10 cm,3,Control,0-10 cm,31,37,2018-02-27,2019-12-17,658,9.36194377373524,0.766937669376694,0.111470271329219,0.70295512707116
3.0-10 cm,3,Control,0-10 cm,31,38,2018-02-27,2019-12-31,672,9.39231742277876,0.665254237288136,0.0952743902439024,0.42541703781266
3.0-10 cm,3,Control,0-10 cm,31,39,2018-02-27,2020-01-28,700,9.45121111183233,0.649746192893401,0.119790778327364,0.514512059306631
3.0-10 cm,3,Control,0-10 cm,31,40,2018-02-27,2020-03-10,742,9.5352753766208,0.694690265486726,0.0722253734165249,0.511913395997998
3.0-10 cm,3,Control,0-10 cm,31,41,2018-02-27,2021-12-15,1387,10.4377520723236,0.826470588235294,0.174885118416402,1.02881208616031
3.0-10 cm,3,Control,0-10 cm,31,42,2018-02-27,2022-09-08,1654,10.6917435191713,0.72,0.102632214440956,0.441949834886241
3.0-10 cm,3,Control,0-10 cm,31,43,2018-02-27,2022-11-16,1723,10.7507069862249,0.847826086956522,0.160703941191746,1.00696790927036
3.0-10 cm,3,Control,0-10 cm,31,44,2018-02-27,2023-05-30,1918,10.9053870050181,0.865168539325843,0.0433604336043361,0.770766484410738
3.0-10 cm,3,Control,0-10 cm,31,45,2018-02-27,2023-12-27,2129,11.0559602344523,0.767676767676768,0.0536182221326346,0.501735899427732
3.0-10 cm,3,Control,0-10 cm,31,46,2018-02-27,2024-04-16,2240,11.129283016945,0.801282051282051,0.081397985294594,0.755853061643206
3.0-10 cm,3,Control,0-10 cm,31,47,2018-02-27,2024-04-30,2254,11.1382718001722,0.840782122905028,0.0504232097115491,0.833832611522488
3.0-10 cm,3,Control,0-10 cm,32,33,2018-05-09,2018-05-22,13,3.70043971814109,0.885593220338983,0.221743036837376,0.993150575668508
3.0-10 cm,3,Control,0-10 cm,32,34,2018-05-09,2018-10-23,167,7.38370429247405,0.738095238095238,0.26957671957672,1.20894681548437
3.0-10 cm,3,Control,0-10 cm,32,35,2018-05-09,2018-11-07,182,7.5077946401987,0.958904109589041,0.477777777777778,3.09710441447815
3.0-10 cm,3,Control,0-10 cm,32,36,2018-05-09,2019-11-05,545,9.09011241966429,0.88655462184874,0.0956709956709957,0.665039535065731
3.0-10 cm,3,Control,0-10 cm,32,37,2018-05-09,2019-12-17,587,9.19721669311005,0.700239808153477,0.113253012048193,0.495602509398182
3.0-10 cm,3,Control,0-10 cm,32,38,2018-05-09,2019-12-31,601,9.23122118071119,0.594405594405594,0.0712797619047619,0.280405860529201
3.0-10 cm,3,Control,0-10 cm,32,39,2018-05-09,2020-01-28,629,9.29691620687929,0.687732342007435,0.0904428904428904,0.436025970661505
3.0-10 cm,3,Control,0-10 cm,32,40,2018-05-09,2020-03-10,671,9.39016895620018,0.678200692041522,0.0536544850498339,0.347555204325075
3.0-10 cm,3,Control,0-10 cm,32,41,2018-05-09,2021-12-15,1316,10.3619437737352,0.840095465393795,0.189751552795031,0.883084775080995
3.0-10 cm,3,Control,0-10 cm,32,42,2018-05-09,2022-09-08,1583,10.6284455401372,0.812977099236641,0.105044790193305,0.386596897671852
3.0-10 cm,3,Control,0-10 cm,32,43,2018-05-09,2022-11-16,1652,10.6899979714194,0.835849056603774,0.175570375570376,0.822133709275281
3.0-10 cm,3,Control,0-10 cm,32,44,2018-05-09,2023-05-30,1847,10.8509681509824,0.849557522123894,0.0452380952380952,0.595514187096784
3.0-10 cm,3,Control,0-10 cm,32,45,2018-05-09,2023-12-27,2058,11.007027266894,0.834507042253521,0.0765446674537584,0.41739556902154
3.0-10 cm,3,Control,0-10 cm,32,46,2018-05-09,2024-04-16,2169,11.0828143376723,0.750677506775068,0.0834376778599886,0.644076445668786
3.0-10 cm,3,Control,0-10 cm,32,47,2018-05-09,2024-04-30,2183,11.0920964149908,0.793269230769231,0.047716894977169,0.680372369118214
3.0-10 cm,3,Control,0-10 cm,33,34,2018-05-22,2018-10-23,154,7.2667865406949,0.858156028368794,0.265897973445143,1.52853485203648
3.0-10 cm,3,Control,0-10 cm,33,35,2018-05-22,2018-11-07,169,7.40087943628218,0.907692307692308,0.40356394129979,2.68672548783619
3.0-10 cm,3,Control,0-10 cm,33,36,2018-05-22,2019-11-05,532,9.05528243550119,0.897959183673469,0.280617495711835,0.896483434254913
3.0-10 cm,3,Control,0-10 cm,33,37,2018-05-22,2019-12-17,574,9.16490692667569,0.950953678474114,0.19936349170266,0.90121939607611
3.0-10 cm,3,Control,0-10 cm,33,38,2018-05-22,2019-12-31,588,9.19967234483636,0.920704845814978,0.241155660377358,0.949565564724021
3.0-10 cm,3,Control,0-10 cm,33,39,2018-05-22,2020-01-28,616,9.2667865406949,0.923076923076923,0.228262303734002,0.999193203409158
3.0-10 cm,3,Control,0-10 cm,33,40,2018-05-22,2020-03-10,658,9.36194377373524,0.91304347826087,0.187911364633611,0.777140979231619
3.0-10 cm,3,Control,0-10 cm,33,41,2018-05-22,2021-12-15,1303,10.3476213685681,0.94888178913738,0.178698386655729,0.939244413062112
3.0-10 cm,3,Control,0-10 cm,33,42,2018-05-22,2022-09-08,1570,10.616548843779,0.875912408759124,0.215766859704838,0.831031995234605
3.0-10 cm,3,Control,0-10 cm,33,43,2018-05-22,2022-11-16,1639,10.6786001390995,0.966292134831461,0.164294654860693,0.964369808612471
3.0-10 cm,3,Control,0-10 cm,33,44,2018-05-22,2023-05-30,1834,10.8407779235951,0.890476190476191,0.200314465408805,0.554002437906375
3.0-10 cm,3,Control,0-10 cm,33,45,2018-05-22,2023-12-27,2045,10.9978851278291,0.9125,0.146733198191174,0.67305116642868
3.0-10 cm,3,Control,0-10 cm,33,46,2018-05-22,2024-04-16,2156,11.0741414627525,0.910394265232975,0.186499285875366,0.954430697305905
3.0-10 cm,3,Control,0-10 cm,33,47,2018-05-22,2024-04-30,2170,11.0834793273318,0.928571428571429,0.237529077280951,0.92111207945808
3.0-10 cm,3,Control,0-10 cm,34,35,2018-10-23,2018-11-07,15,3.90689059560852,0.864864864864865,0.490740740740741,2.68180885976793
3.0-10 cm,3,Control,0-10 cm,34,36,2018-10-23,2019-11-05,378,8.56224242422107,0.843971631205674,0.328451178451178,1.60531929071329
3.0-10 cm,3,Control,0-10 cm,34,37,2018-10-23,2019-12-17,420,8.71424551766612,0.848167539267016,0.299754573850959,1.36189693988303
3.0-10 cm,3,Control,0-10 cm,34,38,2018-10-23,2019-12-31,434,8.76155123244448,0.8,0.340856481481482,1.40584808619175
3.0-10 cm,3,Control,0-10 cm,34,39,2018-10-23,2020-01-28,462,8.85174904141606,0.775609756097561,0.313066563066563,1.25132022277603
3.0-10 cm,3,Control,0-10 cm,34,40,2018-10-23,2020-03-10,504,8.97727992349992,0.803418803418803,0.262489233419466,1.28887291787742
3.0-10 cm,3,Control,0-10 cm,34,41,2018-10-23,2021-12-15,1149,10.1661630826461,0.880466472303207,0.249597423510467,1.43941097626689
3.0-10 cm,3,Control,0-10 cm,34,42,2018-10-23,2022-09-08,1416,10.467605550083,0.798850574712644,0.283461679501283,1.27243786594636
3.0-10 cm,3,Control,0-10 cm,34,43,2018-10-23,2022-11-16,1485,10.5362472156881,0.908898305084746,0.238033488033488,1.37131365056119
3.0-10 cm,3,Control,0-10 cm,34,44,2018-10-23,2023-05-30,1680,10.7142455176661,0.888030888030888,0.237037037037037,1.50160824857692
3.0-10 cm,3,Control,0-10 cm,34,45,2018-10-23,2023-12-27,1891,10.8849336479498,0.83756345177665,0.250765228037955,1.38865033903329
3.0-10 cm,3,Control,0-10 cm,34,46,2018-10-23,2024-04-16,2002,10.967226258836,0.87460815047022,0.262025970193301,1.49625118728729
3.0-10 cm,3,Control,0-10 cm,34,47,2018-10-23,2024-04-30,2016,10.9772799234999,0.901098901098901,0.248097412480974,1.66742260399279
3.0-10 cm,3,Control,0-10 cm,35,36,2018-11-07,2019-11-05,363,8.50382573799575,1,0.483838383838384,3.34708664708168
3.0-10 cm,3,Control,0-10 cm,35,37,2018-11-07,2019-12-17,405,8.66177809777199,1,0.394243641231593,2.84166969769948
3.0-10 cm,3,Control,0-10 cm,35,38,2018-11-07,2019-12-31,419,8.71080643369935,0.995215311004785,0.439236111111111,3.0324994414164
3.0-10 cm,3,Control,0-10 cm,35,39,2018-11-07,2020-01-28,447,8.80413102118332,1,0.387334887334887,2.77838691799604
3.0-10 cm,3,Control,0-10 cm,35,40,2018-11-07,2020-03-10,489,8.93369065495223,1,0.425064599483204,2.85124664606363
3.0-10 cm,3,Control,0-10 cm,35,41,2018-11-07,2021-12-15,1134,10.1472049249422,1,0.359903381642512,2.54259510202408
3.0-10 cm,3,Control,0-10 cm,35,42,2018-11-07,2022-09-08,1401,10.4522412404308,1,0.403190319031903,2.83579234945683
3.0-10 cm,3,Control,0-10 cm,35,43,2018-11-07,2022-11-16,1470,10.5216004397237,0.997641509433962,0.356947856947857,2.6129632470696
3.0-10 cm,3,Control,0-10 cm,35,44,2018-11-07,2023-05-30,1665,10.7013064619586,0.99492385786802,0.472222222222222,2.95739745700927
3.0-10 cm,3,Control,0-10 cm,35,45,2018-11-07,2023-12-27,1876,10.8734441125154,1,0.445821854912764,3.02640699629674
3.0-10 cm,3,Control,0-10 cm,35,46,2018-11-07,2024-04-16,1987,10.9563761572497,1,0.419876051350155,2.84381914814885
3.0-10 cm,3,Control,0-10 cm,35,47,2018-11-07,2024-04-30,2001,10.9665054519057,0.996763754045307,0.525494672754947,3.42503937133121
3.0-10 cm,3,Control,0-10 cm,36,37,2019-11-05,2019-12-17,42,5.39231742277876,0.918994413407821,0.141949616648412,0.951233445314805
3.0-10 cm,3,Control,0-10 cm,36,38,2019-11-05,2019-12-31,56,5.8073549220576,0.861751152073733,0.096875,0.657055717128404
3.0-10 cm,3,Control,0-10 cm,36,39,2019-11-05,2020-01-28,84,6.39231742277876,0.807228915662651,0.128671328671329,0.851522539083069
3.0-10 cm,3,Control,0-10 cm,36,40,2019-11-05,2020-03-10,126,6.97727992349992,0.847715736040609,0.107505285412262,0.726996664452574
3.0-10 cm,3,Control,0-10 cm,36,41,2019-11-05,2021-12-15,771,9.59058704991503,0.903973509933775,0.219433465085639,1.25250245867561
3.0-10 cm,3,Control,0-10 cm,36,42,2019-11-05,2022-09-08,1038,10.0195907283579,0.761904761904762,0.184698469846985,0.652758352162995
3.0-10 cm,3,Control,0-10 cm,36,43,2019-11-05,2022-11-16,1107,10.1124395067816,0.933025404157044,0.21965601965602,1.25896994568975
3.0-10 cm,3,Control,0-10 cm,36,44,2019-11-05,2023-05-30,1302,10.3465137331656,0.896713615023474,0.140909090909091,0.717362003857259
3.0-10 cm,3,Control,0-10 cm,36,45,2019-11-05,2023-12-27,1513,10.5631962722167,0.818791946308725,0.137190082644628,0.500660455973059
3.0-10 cm,3,Control,0-10 cm,36,46,2019-11-05,2024-04-16,1624,10.6653359171852,0.907142857142857,0.121405287939152,0.988147930119904
3.0-10 cm,3,Control,0-10 cm,36,47,2019-11-05,2024-04-30,1638,10.677719641641,0.925696594427245,0.129265255292653,0.694136737455484
3.0-10 cm,3,Control,0-10 cm,37,38,2019-12-17,2019-12-31,14,3.8073549220576,0.728155339805825,0.101091867469879,0.408715119167798
3.0-10 cm,3,Control,0-10 cm,37,39,2019-12-17,2020-01-28,42,5.39231742277876,0.778920308483291,0.113657426910439,0.48421788086073
3.0-10 cm,3,Control,0-10 cm,37,40,2019-12-17,2020-03-10,84,6.39231742277876,0.761670761670762,0.0949145418884842,0.270350784748087
3.0-10 cm,3,Control,0-10 cm,37,41,2019-12-17,2021-12-15,729,9.50977500432694,0.857142857142857,0.103762877597346,0.442784725913921
3.0-10 cm,3,Control,0-10 cm,37,42,2019-12-17,2022-09-08,996,9.96000193206808,0.854497354497355,0.146606226887749,0.510261691969937
3.0-10 cm,3,Control,0-10 cm,37,43,2019-12-17,2022-11-16,1065,10.0566377151132,0.861325115562404,0.0925372250673455,0.371978567075928
3.0-10 cm,3,Control,0-10 cm,37,44,2019-12-17,2023-05-30,1260,10.2992080183873,0.901287553648069,0.126104417670683,0.497631020218682
3.0-10 cm,3,Control,0-10 cm,37,45,2019-12-17,2023-12-27,1471,10.5225815312548,0.873134328358209,0.0688041421885891,0.488043047922094
3.0-10 cm,3,Control,0-10 cm,37,46,2019-12-17,2024-04-16,1582,10.6275338844728,0.815040650406504,0.0622569961119378,0.315990053970576
3.0-10 cm,3,Control,0-10 cm,37,47,2019-12-17,2024-04-30,1596,10.6402449362223,0.852941176470588,0.152294107938604,0.807099838253678
3.0-10 cm,3,Control,0-10 cm,38,39,2019-12-31,2020-01-28,28,4.8073549220576,0.654618473895582,0.0519012237762238,0.322272026819194
3.0-10 cm,3,Control,0-10 cm,38,40,2019-12-31,2020-03-10,70,6.12928301694497,0.651851851851852,0.0783672480620155,0.249378199591847
3.0-10 cm,3,Control,0-10 cm,38,41,2019-12-31,2021-12-15,715,9.48179943166575,0.815189873417722,0.199275362318841,0.789420591115507
3.0-10 cm,3,Control,0-10 cm,38,42,2019-12-31,2022-09-08,982,9.93957921431469,0.789256198347108,0.111695544554455,0.278046863319565
3.0-10 cm,3,Control,0-10 cm,38,43,2019-12-31,2022-11-16,1051,10.0375469539622,0.832358674463938,0.185785217035217,0.767825040207551
3.0-10 cm,3,Control,0-10 cm,38,44,2019-12-31,2023-05-30,1246,10.283088353024,0.841121495327103,0.10625,0.539373581362123
3.0-10 cm,3,Control,0-10 cm,38,45,2019-12-31,2023-12-27,1457,10.5087851620645,0.791505791505792,0.102530991735537,0.380818194544323
3.0-10 cm,3,Control,0-10 cm,38,46,2019-12-31,2024-04-16,1568,10.6147098441152,0.737891737891738,0.0935839973439575,0.514771562763303
3.0-10 cm,3,Control,0-10 cm,38,47,2019-12-31,2024-04-30,1582,10.6275338844728,0.796019900497513,0.101241438356164,0.726350871764676
3.0-10 cm,3,Control,0-10 cm,39,40,2020-01-28,2020-03-10,42,5.39231742277876,0.636363636363636,0.0563099691006668,0.330515626273036
3.0-10 cm,3,Control,0-10 cm,39,41,2020-01-28,2021-12-15,687,9.4241662888181,0.789017341040462,0.196944359987838,0.739904812877436
3.0-10 cm,3,Control,0-10 cm,39,42,2020-01-28,2022-09-08,954,9.89784545600551,0.695187165775401,0.0988021879110988,0.222710679589618
3.0-10 cm,3,Control,0-10 cm,39,43,2020-01-28,2022-11-16,1023,9.99859042974533,0.832271762208068,0.183519183519184,0.747137437240891
3.0-10 cm,3,Control,0-10 cm,39,44,2020-01-28,2023-05-30,1218,10.2502984179063,0.862676056338028,0.0933566433566433,0.716447441202999
3.0-10 cm,3,Control,0-10 cm,39,45,2020-01-28,2023-12-27,1429,10.4807902010958,0.748815165876777,0.118245390972664,0.568616720607817
3.0-10 cm,3,Control,0-10 cm,39,46,2020-01-28,2024-04-16,1540,10.5887146355823,0.761006289308176,0.0906304850527958,0.559928838119663
3.0-10 cm,3,Control,0-10 cm,39,47,2020-01-28,2024-04-30,1554,10.6017707884077,0.824324324324324,0.138159785420059,1.00444663199665
3.0-10 cm,3,Control,0-10 cm,40,41,2020-03-10,2021-12-15,645,9.33315535031062,0.811671087533157,0.183771486349848,0.594283499715034
3.0-10 cm,3,Control,0-10 cm,40,42,2020-03-10,2022-09-08,912,9.83289001416474,0.753424657534247,0.0771931844347225,0.261099763693725
3.0-10 cm,3,Control,0-10 cm,40,43,2020-03-10,2022-11-16,981,9.93810932621924,0.842,0.169590309125193,0.577108921108308
3.0-10 cm,3,Control,0-10 cm,40,44,2020-03-10,2023-05-30,1176,10.1996723448364,0.806779661016949,0.0496124031007752,0.422669418591066
3.0-10 cm,3,Control,0-10 cm,40,45,2020-03-10,2023-12-27,1387,10.4377520723236,0.76890756302521,0.0696232942533154,0.297801737890084
3.0-10 cm,3,Control,0-10 cm,40,46,2020-03-10,2024-04-16,1498,10.5488219084588,0.733532934131737,0.0774576114148059,0.402478667752719
3.0-10 cm,3,Control,0-10 cm,40,47,2020-03-10,2024-04-30,1512,10.5622424242211,0.788511749347259,0.100430073271743,0.747163749055764
3.0-10 cm,3,Control,0-10 cm,41,42,2021-12-15,2022-09-08,267,8.06069593168756,0.847094801223242,0.245479982780887,0.781355412104293
3.0-10 cm,3,Control,0-10 cm,41,43,2021-12-15,2022-11-16,336,8.39231742277876,0.876644736842105,0.02301214257736,0.202093431952412
3.0-10 cm,3,Control,0-10 cm,41,44,2021-12-15,2023-05-30,531,9.05256805080415,0.901204819277108,0.210386473429952,0.739552915160866
3.0-10 cm,3,Control,0-10 cm,41,45,2021-12-15,2023-12-27,742,9.5352753766208,0.818452380952381,0.135914480776141,0.767288564808022
3.0-10 cm,3,Control,0-10 cm,41,46,2021-12-15,2024-04-16,853,9.73640193131829,0.854347826086957,0.110297938680062,0.389421527590506
3.0-10 cm,3,Control,0-10 cm,41,47,2021-12-15,2024-04-30,867,9.75988818322183,0.884086444007859,0.210690887432996,1.15086800161327
3.0-10 cm,3,Control,0-10 cm,42,43,2022-09-08,2022-11-16,69,6.10852445677817,0.885964912280702,0.231298805556231,0.794984110076163
3.0-10 cm,3,Control,0-10 cm,42,44,2022-09-08,2023-05-30,264,8.04439411935845,0.853061224489796,0.0854235423542354,0.584188344202783
3.0-10 cm,3,Control,0-10 cm,42,45,2022-09-08,2023-12-27,475,8.89178370321831,0.731428571428571,0.109565502004746,0.399359164310804
3.0-10 cm,3,Control,0-10 cm,42,46,2022-09-08,2024-04-16,586,9.19475685442225,0.838283828382838,0.139166107845844,0.582555962644168
3.0-10 cm,3,Control,0-10 cm,42,47,2022-09-08,2024-04-30,600,9.22881869049588,0.857558139534884,0.144479858944799,0.87283077103438
3.0-10 cm,3,Control,0-10 cm,43,44,2022-11-16,2023-05-30,195,7.60733031374961,0.932727272727273,0.196205296205296,0.704628574996463
3.0-10 cm,3,Control,0-10 cm,43,45,2022-11-16,2023-12-27,406,8.66533591718518,0.893081761006289,0.121733303551485,0.763356961285859
3.0-10 cm,3,Control,0-10 cm,43,46,2022-11-16,2024-04-16,517,9.01402047031493,0.863557858376511,0.106150337226034,0.444217469555921
3.0-10 cm,3,Control,0-10 cm,43,47,2022-11-16,2024-04-30,531,9.05256805080415,0.893987341772152,0.19650971020834,1.07115512512488
3.0-10 cm,3,Control,0-10 cm,44,45,2023-05-30,2023-12-27,211,7.72109918870719,0.864150943396226,0.0844811753902663,0.34530091285419
3.0-10 cm,3,Control,0-10 cm,44,46,2023-05-30,2024-04-16,322,8.33091687811462,0.732352941176471,0.104072598494909,0.601356549345554
3.0-10 cm,3,Control,0-10 cm,44,47,2023-05-30,2024-04-30,336,8.39231742277876,0.662889518413598,0.0590563165905632,0.498999143674499
3.0-10 cm,3,Control,0-10 cm,45,46,2023-12-27,2024-04-16,111,6.79441586635011,0.851851851851852,0.0478746172335452,0.544477074242603
3.0-10 cm,3,Control,0-10 cm,45,47,2023-12-27,2024-04-30,125,6.96578428466209,0.874659400544959,0.0954658666364769,0.587507815049797
3.0-10 cm,3,Control,0-10 cm,46,47,2024-04-16,2024-04-30,14,3.8073549220576,0.685230024213075,0.111417344321345,0.941148004901878
4.0-10 cm,4,Warmed,0-10 cm,48,49,2017-10-20,2017-12-06,47,5.55458885167764,0.577540106951872,0.131020449331037,0.798148755292593
4.0-10 cm,4,Warmed,0-10 cm,48,50,2017-10-20,2018-01-17,89,6.4757334309664,0.273605150214592,0.0340532674371863,0.281104585378074
4.0-10 cm,4,Warmed,0-10 cm,48,51,2017-10-20,2018-01-30,102,6.6724253419715,0.648790058862001,0.178539479549332,0.836688514247193
4.0-10 cm,4,Warmed,0-10 cm,48,52,2017-10-20,2018-02-13,116,6.85798099512757,0.489686783804431,0.0374594049796558,0.382283098437815
4.0-10 cm,4,Warmed,0-10 cm,48,53,2017-10-20,2018-02-27,130,7.02236781302845,0.523771790808241,0.101573187414501,0.536992262543652
4.0-10 cm,4,Warmed,0-10 cm,48,54,2017-10-20,2018-05-09,201,7.65105169117893,0.501912777352716,0.103902503743295,0.663861084427897
4.0-10 cm,4,Warmed,0-10 cm,48,55,2017-10-20,2018-05-22,214,7.74146698640115,0.532638888888889,0.0793493044240885,0.501824009524568
4.0-10 cm,4,Warmed,0-10 cm,48,56,2017-10-20,2018-10-23,368,8.52356195605701,0.688702516033547,0.127909461415539,0.759950050038935
4.0-10 cm,4,Warmed,0-10 cm,48,57,2017-10-20,2018-11-07,383,8.58120058192496,0.403065825067628,0.0717654951068084,0.386030901939519
4.0-10 cm,4,Warmed,0-10 cm,48,58,2017-10-20,2019-11-05,746,9.54303182025524,0.610137672090113,0.142177214260138,0.814933622335603
4.0-10 cm,4,Warmed,0-10 cm,48,59,2017-10-20,2019-12-17,788,9.62205181945638,0.543762922122674,0.110675461919025,0.709947007642559
4.0-10 cm,4,Warmed,0-10 cm,48,60,2017-10-20,2019-12-31,802,9.64745842645492,0.709444193402621,0.121816689466484,0.788033859066569
4.0-10 cm,4,Warmed,0-10 cm,48,61,2017-10-20,2020-01-28,830,9.69696752623429,0.859222016406457,0.221950110432636,1.13798867519531
4.0-10 cm,4,Warmed,0-10 cm,48,62,2017-10-20,2020-03-10,872,9.76818432477693,0.865071178048277,0.180341395004689,1.06540962895014
4.0-10 cm,4,Warmed,0-10 cm,48,63,2017-10-20,2021-12-15,1517,10.567005370247,0.821065989847716,0.267213862289102,1.19016774000732
4.0-10 cm,4,Warmed,0-10 cm,48,64,2017-10-20,2022-09-08,1784,10.8008998999203,0.786632390745501,0.228659691849226,1.09402175452372
4.0-10 cm,4,Warmed,0-10 cm,48,65,2017-10-20,2022-11-16,1853,10.8556471660273,0.771752837326608,0.22738455129396,0.854978512021764
4.0-10 cm,4,Warmed,0-10 cm,48,66,2017-10-20,2023-05-30,2048,11,0.798277982779828,0.267213862289102,1.20479056743982
4.0-10 cm,4,Warmed,0-10 cm,48,67,2017-10-20,2023-12-27,2259,11.1414685553931,0.671218487394958,0.257850566408952,0.948514558791435
4.0-10 cm,4,Warmed,0-10 cm,48,68,2017-10-20,2024-04-16,2370,11.2106713437856,0.807692307692308,0.296199369535478,1.17625284585623
4.0-10 cm,4,Warmed,0-10 cm,48,69,2017-10-20,2024-04-30,2384,11.2191685204622,0.784130688448075,0.259711182760699,1.15431572364397
4.0-10 cm,4,Warmed,0-10 cm,49,50,2017-12-06,2018-01-17,42,5.39231742277876,0.48937583001328,0.11890350784222,0.613474537433747
4.0-10 cm,4,Warmed,0-10 cm,49,51,2017-12-06,2018-01-30,55,5.78135971352466,0.419895893580104,0.0735605189290051,0.509488184026266
4.0-10 cm,4,Warmed,0-10 cm,49,52,2017-12-06,2018-02-13,69,6.10852445677817,0.375537799631223,0.120010662609973,0.519125640574179
4.0-10 cm,4,Warmed,0-10 cm,49,53,2017-12-06,2018-02-27,83,6.37503943134693,0.380921895006402,0.0734404364729064,0.44898504463718
4.0-10 cm,4,Warmed,0-10 cm,49,54,2017-12-06,2018-05-09,154,7.2667865406949,0.363069245165315,0.0676259932945146,0.258211157585128
4.0-10 cm,4,Warmed,0-10 cm,49,55,2017-12-06,2018-05-22,167,7.38370429247405,0.383362420011635,0.117964171726265,0.511375149673864
4.0-10 cm,4,Warmed,0-10 cm,49,56,2017-12-06,2018-10-23,321,8.3264294871223,0.385624089363769,0.0661707811126148,0.235078988854711
4.0-10 cm,4,Warmed,0-10 cm,49,57,2017-12-06,2018-11-07,336,8.39231742277876,0.416504223521767,0.0806061064919333,0.461573736599661
4.0-10 cm,4,Warmed,0-10 cm,49,58,2017-12-06,2019-11-05,699,9.44914864537544,0.273325358851675,0.0371904320379721,0.108399804678077
4.0-10 cm,4,Warmed,0-10 cm,49,59,2017-12-06,2019-12-17,741,9.53332973230583,0.364331959976457,0.073038462614223,0.20521408154045
4.0-10 cm,4,Warmed,0-10 cm,49,60,2017-12-06,2019-12-31,755,9.56033283421244,0.457968476357268,0.0886834814097436,0.300570893975519
4.0-10 cm,4,Warmed,0-10 cm,49,61,2017-12-06,2020-01-28,783,9.61286849729104,0.696096410793817,0.142870796559267,0.491414514371963
4.0-10 cm,4,Warmed,0-10 cm,49,62,2017-12-06,2020-03-10,825,9.68825030913318,0.75940454636894,0.155842933869973,0.671592258652933
4.0-10 cm,4,Warmed,0-10 cm,49,63,2017-12-06,2021-12-15,1470,10.5216004397237,0.922297297297297,0.398234311620138,1.83910881329563
4.0-10 cm,4,Warmed,0-10 cm,49,64,2017-12-06,2022-09-08,1737,10.7623820387104,0.906992532247115,0.357644314947187,1.80829775412084
4.0-10 cm,4,Warmed,0-10 cm,49,65,2017-12-06,2022-11-16,1806,10.8185821774809,0.895622895622896,0.357082048245653,1.52661437887644
4.0-10 cm,4,Warmed,0-10 cm,49,66,2017-12-06,2023-05-30,2001,10.9665054519057,0.908305647840532,0.398234311620138,1.91336742003336
4.0-10 cm,4,Warmed,0-10 cm,49,67,2017-12-06,2023-12-27,2212,11.1111356702347,0.830405814657783,0.388871015739989,1.57092799925579
4.0-10 cm,4,Warmed,0-10 cm,49,68,2017-12-06,2024-04-16,2323,11.1817734388088,0.915333333333333,0.427219818866515,1.7957326619925
4.0-10 cm,4,Warmed,0-10 cm,49,69,2017-12-06,2024-04-30,2337,11.1904420187828,0.900193174500966,0.390731632091735,1.79970880190986
4.0-10 cm,4,Warmed,0-10 cm,50,51,2018-01-17,2018-01-30,13,3.70043971814109,0.569489334195217,0.172068797829592,0.818117198497623
4.0-10 cm,4,Warmed,0-10 cm,50,52,2018-01-17,2018-02-13,27,4.75488750216347,0.374904361132364,0.0448962877106513,0.295652153538589
4.0-10 cm,4,Warmed,0-10 cm,50,53,2018-01-17,2018-02-27,41,5.35755200461808,0.43579766536965,0.101002519378285,0.513660748933647
4.0-10 cm,4,Warmed,0-10 cm,50,54,2018-01-17,2018-05-09,112,6.8073549220576,0.412518853695324,0.0965287485635465,0.467052787788116
4.0-10 cm,4,Warmed,0-10 cm,50,55,2018-01-17,2018-05-22,125,6.96578428466209,0.433818433818434,0.0805755087374608,0.43658978389514
4.0-10 cm,4,Warmed,0-10 cm,50,56,2018-01-17,2018-10-23,279,8.12412131182919,0.62229862475442,0.121438779695799,0.607269766897281
4.0-10 cm,4,Warmed,0-10 cm,50,57,2018-01-17,2018-11-07,294,8.19967234483636,0.313104661389622,0.0652948133870685,0.335943423902291
4.0-10 cm,4,Warmed,0-10 cm,50,58,2018-01-17,2019-11-05,657,9.35974956032233,0.531928084314941,0.135706532540398,0.649137523610664
4.0-10 cm,4,Warmed,0-10 cm,50,59,2018-01-17,2019-12-17,699,9.44914864537544,0.461538461538462,0.101253012207062,0.505313813133547
4.0-10 cm,4,Warmed,0-10 cm,50,60,2018-01-17,2019-12-31,713,9.47775826644389,0.649730215827338,0.114408146857832,0.602617610942551
4.0-10 cm,4,Warmed,0-10 cm,50,61,2018-01-17,2020-01-28,741,9.53332973230583,0.82992125984252,0.208441608022295,0.900819218458803
4.0-10 cm,4,Warmed,0-10 cm,50,62,2018-01-17,2020-03-10,783,9.61286849729104,0.836183803832681,0.181567599318061,0.848364026503228
4.0-10 cm,4,Warmed,0-10 cm,50,63,2018-01-17,2021-12-15,1428,10.4797802640291,0.858960763520679,0.294229309035687,1.34932079706242
4.0-10 cm,4,Warmed,0-10 cm,50,64,2018-01-17,2022-09-08,1695,10.7270695580237,0.820540540540541,0.251975787908927,1.26052512471103
4.0-10 cm,4,Warmed,0-10 cm,50,65,2018-01-17,2022-11-16,1764,10.7846348455575,0.808714133900106,0.253077045661202,0.993429333483721
4.0-10 cm,4,Warmed,0-10 cm,50,66,2018-01-17,2023-05-30,1959,10.9359016822676,0.829166666666667,0.294229309035687,1.36932477444427
4.0-10 cm,4,Warmed,0-10 cm,50,67,2018-01-17,2023-12-27,2170,11.0834793273318,0.715195632393085,0.284866013155537,1.09580370535344
4.0-10 cm,4,Warmed,0-10 cm,50,68,2018-01-17,2024-04-16,2281,11.1554507313121,0.83979057591623,0.323214816282064,1.29077350510478
4.0-10 cm,4,Warmed,0-10 cm,50,69,2018-01-17,2024-04-30,2295,11.1642784383012,0.819265143992056,0.286726629507284,1.31460249505546
4.0-10 cm,4,Warmed,0-10 cm,51,52,2018-01-30,2018-02-13,14,3.8073549220576,0.417535254445126,0.143178170144462,0.611914801545072
4.0-10 cm,4,Warmed,0-10 cm,51,53,2018-01-30,2018-02-27,28,4.8073549220576,0.383355176933159,0.0769662921348315,0.331374801631295
4.0-10 cm,4,Warmed,0-10 cm,51,54,2018-01-30,2018-05-09,99,6.62935662007961,0.484920165582496,0.116590203565836,0.627978593471792
4.0-10 cm,4,Warmed,0-10 cm,51,55,2018-01-30,2018-05-22,112,6.8073549220576,0.445652173913043,0.125508273847271,0.540842477013914
4.0-10 cm,4,Warmed,0-10 cm,51,56,2018-01-30,2018-10-23,266,8.05528243550119,0.460594620103823,0.0693398949289517,0.456076170258777
4.0-10 cm,4,Warmed,0-10 cm,51,57,2018-01-30,2018-11-07,281,8.13442632022093,0.495883470550982,0.118247623163354,0.523006333408751
4.0-10 cm,4,Warmed,0-10 cm,51,58,2018-01-30,2019-11-05,644,9.33091687811462,0.424428332403792,0.0660835030037956,0.473709338667997
4.0-10 cm,4,Warmed,0-10 cm,51,59,2018-01-30,2019-12-17,686,9.42206476617281,0.520152505446623,0.107066781573684,0.606331528746384
4.0-10 cm,4,Warmed,0-10 cm,51,60,2018-01-30,2019-12-31,700,9.45121111183233,0.54438367690366,0.0928556950870235,0.59808778826852
4.0-10 cm,4,Warmed,0-10 cm,51,61,2018-01-30,2020-01-28,728,9.5077946401987,0.703850210970464,0.124914736467684,0.918617989125727
4.0-10 cm,4,Warmed,0-10 cm,51,62,2018-01-30,2020-03-10,770,9.58871463558226,0.783864541832669,0.138583845664617,1.00520931985689
4.0-10 cm,4,Warmed,0-10 cm,51,63,2018-01-30,2021-12-15,1415,10.4665863377192,0.944214876033058,0.400817160367722,1.78446685574736
4.0-10 cm,4,Warmed,0-10 cm,51,64,2018-01-30,2022-09-08,1682,10.7159619902551,0.934618031658637,0.376262066782719,1.78960061272611
4.0-10 cm,4,Warmed,0-10 cm,51,65,2018-01-30,2022-11-16,1751,10.7739633684336,0.919917864476386,0.361862486706432,1.54315576674746
4.0-10 cm,4,Warmed,0-10 cm,51,66,2018-01-30,2023-05-30,1946,10.9262959947811,0.93606998654105,0.400447611217685,1.88838304302368
4.0-10 cm,4,Warmed,0-10 cm,51,67,2018-01-30,2023-12-27,2157,11.0748104611605,0.849137931034483,0.377902621722847,1.52377012878807
4.0-10 cm,4,Warmed,0-10 cm,51,68,2018-01-30,2024-04-16,2268,11.1472049249422,0.936820652173913,0.416251424849373,1.81111197894518
4.0-10 cm,4,Warmed,0-10 cm,51,69,2018-01-30,2024-04-30,2282,11.1560830762887,0.925587467362924,0.389611859773354,1.73640066532464
4.0-10 cm,4,Warmed,0-10 cm,52,53,2018-02-13,2018-02-27,14,3.8073549220576,0.322990126939351,0.0676383508499283,0.290560280476642
4.0-10 cm,4,Warmed,0-10 cm,52,54,2018-02-13,2018-05-09,85,6.4093909361377,0.399352750809062,0.0765978433350209,0.452519762023569
4.0-10 cm,4,Warmed,0-10 cm,52,55,2018-02-13,2018-05-22,98,6.61470984411521,0.32824427480916,0.0450924869858511,0.14672151259114
4.0-10 cm,4,Warmed,0-10 cm,52,56,2018-02-13,2018-10-23,252,7.97727992349992,0.484718242597899,0.0925481520106687,0.415704235327564
4.0-10 cm,4,Warmed,0-10 cm,52,57,2018-02-13,2018-11-07,267,8.06069593168756,0.330168005843682,0.0394045561180393,0.258157808573158
4.0-10 cm,4,Warmed,0-10 cm,52,58,2018-02-13,2019-11-05,630,9.29920801838728,0.40466472303207,0.110120977732772,0.542852796796969
4.0-10 cm,4,Warmed,0-10 cm,52,59,2018-02-13,2019-12-17,672,9.39231742277876,0.414001207000604,0.0732160569393696,0.434583134624565
4.0-10 cm,4,Warmed,0-10 cm,52,60,2018-02-13,2019-12-31,686,9.42206476617281,0.530514385353095,0.0843572844868285,0.431262145327502
4.0-10 cm,4,Warmed,0-10 cm,52,61,2018-02-13,2020-01-28,714,9.4797802640291,0.76129363449692,0.186063559815992,0.831920051142074
4.0-10 cm,4,Warmed,0-10 cm,52,62,2018-02-13,2020-03-10,756,9.56224242422107,0.777235772357724,0.146084577566452,0.73643677784083
4.0-10 cm,4,Warmed,0-10 cm,52,63,2018-02-13,2021-12-15,1401,10.4522412404308,0.899390243902439,0.278223649010166,1.36145813826433
4.0-10 cm,4,Warmed,0-10 cm,52,64,2018-02-13,2022-09-08,1668,10.7039035734447,0.876828329484219,0.241147258080317,1.32645339440363
4.0-10 cm,4,Warmed,0-10 cm,52,65,2018-02-13,2022-11-16,1737,10.7623820387104,0.867680608365019,0.239872117525051,1.06139757554107
4.0-10 cm,4,Warmed,0-10 cm,52,66,2018-02-13,2023-05-30,1932,10.9158793788358,0.881559220389805,0.278223649010166,1.42098118005777
4.0-10 cm,4,Warmed,0-10 cm,52,67,2018-02-13,2023-12-27,2143,11.0654161346765,0.771566597653554,0.268860353130016,1.06929836160506
4.0-10 cm,4,Warmed,0-10 cm,52,68,2018-02-13,2024-04-16,2254,11.1382718001722,0.889390519187359,0.307209156256543,1.32766069016361
4.0-10 cm,4,Warmed,0-10 cm,52,69,2018-02-13,2024-04-30,2268,11.1472049249422,0.870101596516691,0.270720969481763,1.3071147077469
4.0-10 cm,4,Warmed,0-10 cm,53,54,2018-02-27,2018-05-09,71,6.14974711950468,0.410377358490566,0.0571577089111021,0.476885458083723
4.0-10 cm,4,Warmed,0-10 cm,53,55,2018-02-27,2018-05-22,84,6.39231742277876,0.372815533980583,0.0628972708166073,0.242838818619764
4.0-10 cm,4,Warmed,0-10 cm,53,56,2018-02-27,2018-10-23,238,7.89481776330794,0.50634765625,0.043646085660165,0.358200501620431
4.0-10 cm,4,Warmed,0-10 cm,53,57,2018-02-27,2018-11-07,253,7.98299357469431,0.370592648162041,0.0552765697200327,0.267026163452074
4.0-10 cm,4,Warmed,0-10 cm,53,58,2018-02-27,2019-11-05,616,9.2667865406949,0.404138770541692,0.0613358787677568,0.448362537267702
4.0-10 cm,4,Warmed,0-10 cm,53,59,2018-02-27,2019-12-17,658,9.36194377373524,0.451016635859519,0.0544072450946802,0.458169369772002
4.0-10 cm,4,Warmed,0-10 cm,53,60,2018-02-27,2019-12-31,672,9.39231742277876,0.574617067833698,0.0658316358345458,0.461067457576263
4.0-10 cm,4,Warmed,0-10 cm,53,61,2018-02-27,2020-01-28,700,9.45121111183233,0.762280010506961,0.133988392522258,0.86583966820763
4.0-10 cm,4,Warmed,0-10 cm,53,62,2018-02-27,2020-03-10,742,9.5352753766208,0.807194826192401,0.135709047269818,0.861772005580544
4.0-10 cm,4,Warmed,0-10 cm,53,63,2018-02-27,2021-12-15,1387,10.4377520723236,0.910728910728911,0.32602527037156,1.50828761883949
4.0-10 cm,4,Warmed,0-10 cm,53,64,2018-02-27,2022-09-08,1654,10.6917435191713,0.894823336072309,0.299295774647887,1.49655716026689
4.0-10 cm,4,Warmed,0-10 cm,53,65,2018-02-27,2022-11-16,1723,10.7507069862249,0.881204231082181,0.297216042111998,1.24133151397779
4.0-10 cm,4,Warmed,0-10 cm,53,66,2018-02-27,2023-05-30,1918,10.9053870050181,0.895833333333333,0.325655721221523,1.5961644051463
4.0-10 cm,4,Warmed,0-10 cm,53,67,2018-02-27,2023-12-27,2129,11.0559602344523,0.794500723589002,0.315430579267082,1.23866571132908
4.0-10 cm,4,Warmed,0-10 cm,53,68,2018-02-27,2024-04-16,2240,11.129283016945,0.902497985495568,0.353779382393609,1.51297022211549
4.0-10 cm,4,Warmed,0-10 cm,53,69,2018-02-27,2024-04-30,2254,11.1382718001722,0.886574074074074,0.317291195618829,1.45965601662617
4.0-10 cm,4,Warmed,0-10 cm,54,55,2018-05-09,2018-05-22,13,3.70043971814109,0.37647790914748,0.070993103789908,0.497577761583793
4.0-10 cm,4,Warmed,0-10 cm,54,56,2018-05-09,2018-10-23,167,7.38370429247405,0.480732177263969,0.0472503086368844,0.335547938288982
4.0-10 cm,4,Warmed,0-10 cm,54,57,2018-05-09,2018-11-07,182,7.5077946401987,0.345255474452555,0.0439267130587424,0.346249257374253
4.0-10 cm,4,Warmed,0-10 cm,54,58,2018-05-09,2019-11-05,545,9.09011241966429,0.362266425557565,0.0528932355338223,0.247640738780032
4.0-10 cm,4,Warmed,0-10 cm,54,59,2018-05-09,2019-12-17,587,9.19721669311005,0.309138042773817,0.0169845858440751,0.126267154301527
4.0-10 cm,4,Warmed,0-10 cm,54,60,2018-05-09,2019-12-31,601,9.23122118071119,0.522045855379189,0.0512166450932451,0.353895432346766
4.0-10 cm,4,Warmed,0-10 cm,54,61,2018-05-09,2020-01-28,629,9.29691620687929,0.746871741397289,0.118047606689341,0.56230698267517
4.0-10 cm,4,Warmed,0-10 cm,54,62,2018-05-09,2020-03-10,671,9.39016895620018,0.77960927960928,0.112564776798758,0.697915718427828
4.0-10 cm,4,Warmed,0-10 cm,54,63,2018-05-09,2021-12-15,1316,10.3619437737352,0.897911832946636,0.351263243683782,1.73674608064138
4.0-10 cm,4,Warmed,0-10 cm,54,64,2018-05-09,2022-09-08,1583,10.6284455401372,0.881987577639752,0.317745101415338,1.68589304872385
4.0-10 cm,4,Warmed,0-10 cm,54,65,2018-05-09,2022-11-16,1652,10.6899979714194,0.868360277136259,0.316469960860072,1.39430179032772
4.0-10 cm,4,Warmed,0-10 cm,54,66,2018-05-09,2023-05-30,1847,10.8509681509824,0.884935654806965,0.351263243683782,1.78995760607183
4.0-10 cm,4,Warmed,0-10 cm,54,67,2018-05-09,2023-12-27,2058,11.007027266894,0.77538247566064,0.341899947803632,1.46792386022115
4.0-10 cm,4,Warmed,0-10 cm,54,68,2018-05-09,2024-04-16,2169,11.0828143376723,0.89032749428789,0.380248750930158,1.68020010980056
4.0-10 cm,4,Warmed,0-10 cm,54,69,2018-05-09,2024-04-30,2183,11.0920964149908,0.874908558888076,0.343760564155379,1.70429489336905
4.0-10 cm,4,Warmed,0-10 cm,55,56,2018-05-22,2018-10-23,154,7.2667865406949,0.493855257168867,0.0789936142425747,0.362151957213601
4.0-10 cm,4,Warmed,0-10 cm,55,57,2018-05-22,2018-11-07,169,7.40087943628218,0.362407031778229,0.0442029388845597,0.330938850184205
4.0-10 cm,4,Warmed,0-10 cm,55,58,2018-05-22,2019-11-05,532,9.05528243550119,0.400890868596882,0.105859614021115,0.529338161173944
4.0-10 cm,4,Warmed,0-10 cm,55,59,2018-05-22,2019-12-17,574,9.16490692667569,0.401388085598612,0.0607814761215629,0.450102594303813
4.0-10 cm,4,Warmed,0-10 cm,55,60,2018-05-22,2019-12-31,588,9.19967234483636,0.545416839485691,0.0577948412360603,0.388379938526487
4.0-10 cm,4,Warmed,0-10 cm,55,61,2018-05-22,2020-01-28,616,9.2667865406949,0.757947434292866,0.165300875583116,0.821612203553962
4.0-10 cm,4,Warmed,0-10 cm,55,62,2018-05-22,2020-03-10,658,9.36194377373524,0.780333068992863,0.10217440770372,0.713078992497284
4.0-10 cm,4,Warmed,0-10 cm,55,63,2018-05-22,2021-12-15,1303,10.3476213685681,0.899721448467967,0.280270139893874,1.39126806297344
4.0-10 cm,4,Warmed,0-10 cm,55,64,2018-05-22,2022-09-08,1570,10.616548843779,0.883834849545137,0.266623862810243,1.38474465968357
4.0-10 cm,4,Warmed,0-10 cm,55,65,2018-05-22,2022-11-16,1639,10.6786001390995,0.872310895211659,0.265348722254977,1.12206654405309
4.0-10 cm,4,Warmed,0-10 cm,55,66,2018-05-22,2023-05-30,1834,10.8407779235951,0.884167237834133,0.286376525125599,1.47308607747444
4.0-10 cm,4,Warmed,0-10 cm,55,67,2018-05-22,2023-12-27,2045,10.9978851278291,0.77336747759283,0.270906844013724,1.09272115130376
4.0-10 cm,4,Warmed,0-10 cm,55,68,2018-05-22,2024-04-16,2156,11.0741414627525,0.891334250343879,0.312816963443025,1.36718274993377
4.0-10 cm,4,Warmed,0-10 cm,55,69,2018-05-22,2024-04-30,2170,11.0834793273318,0.875083056478405,0.272767460365471,1.33188780430763
4.0-10 cm,4,Warmed,0-10 cm,56,57,2018-10-23,2018-11-07,15,3.90689059560852,0.549853372434018,0.0593803640573231,0.427098176238364
4.0-10 cm,4,Warmed,0-10 cm,56,58,2018-10-23,2019-11-05,378,8.56224242422107,0.372857142857143,0.0443203783744249,0.230461594746219
4.0-10 cm,4,Warmed,0-10 cm,56,59,2018-10-23,2019-12-17,420,8.71424551766612,0.461645746164575,0.0379240242813488,0.243779421600517
4.0-10 cm,4,Warmed,0-10 cm,56,60,2018-10-23,2019-12-31,434,8.76155123244448,0.352845528455285,0.0286892762294331,0.145991126413384
4.0-10 cm,4,Warmed,0-10 cm,56,61,2018-10-23,2020-01-28,462,8.85174904141606,0.61109709962169,0.117416280842946,0.522070749001859
4.0-10 cm,4,Warmed,0-10 cm,56,62,2018-10-23,2020-03-10,504,8.97727992349992,0.675435126582278,0.105408739755804,0.570114873490484
4.0-10 cm,4,Warmed,0-10 cm,56,63,2018-10-23,2021-12-15,1149,10.1661630826461,0.9375,0.35437404664182,1.74059511818937
4.0-10 cm,4,Warmed,0-10 cm,56,64,2018-10-23,2022-09-08,1416,10.467605550083,0.927318295739348,0.325632048648925,1.7295255997218
4.0-10 cm,4,Warmed,0-10 cm,56,65,2018-10-23,2022-11-16,1485,10.5362472156881,0.917705735660848,0.312219040236108,1.45192664362618
4.0-10 cm,4,Warmed,0-10 cm,56,66,2018-10-23,2023-05-30,1680,10.7142455176661,0.926383399209486,0.354004497491783,1.82100114755037
4.0-10 cm,4,Warmed,0-10 cm,56,67,2018-10-23,2023-12-27,1891,10.8849336479498,0.848385587271876,0.332446079660414,1.44332691392395
4.0-10 cm,4,Warmed,0-10 cm,56,68,2018-10-23,2024-04-16,2002,10.967226258836,0.931119920713578,0.370794882786941,1.70172510717924
4.0-10 cm,4,Warmed,0-10 cm,56,69,2018-10-23,2024-04-30,2016,10.9772799234999,0.92040520984081,0.343168746047452,1.68670687527074
4.0-10 cm,4,Warmed,0-10 cm,57,58,2018-11-07,2019-11-05,363,8.50382573799575,0.429546865301055,0.071708828084667,0.451149070456035
4.0-10 cm,4,Warmed,0-10 cm,57,59,2018-11-07,2019-12-17,405,8.66177809777199,0.372311827956989,0.0451018590671268,0.391057587899518
4.0-10 cm,4,Warmed,0-10 cm,57,60,2018-11-07,2019-12-31,419,8.71080643369935,0.585790884718499,0.0666334841628959,0.493288654687993
4.0-10 cm,4,Warmed,0-10 cm,57,61,2018-11-07,2020-01-28,447,8.80413102118332,0.788673308862087,0.155022561237645,0.84746995967774
4.0-10 cm,4,Warmed,0-10 cm,57,62,2018-11-07,2020-03-10,489,8.93369065495223,0.812832039231712,0.133792936623125,0.866006079735822
4.0-10 cm,4,Warmed,0-10 cm,57,63,2018-11-07,2021-12-15,1134,10.1472049249422,0.878623188405797,0.317628205128205,1.49230371067034
4.0-10 cm,4,Warmed,0-10 cm,57,64,2018-11-07,2022-09-08,1401,10.4522412404308,0.862976406533575,0.279559407728422,1.4403250007621
4.0-10 cm,4,Warmed,0-10 cm,57,65,2018-11-07,2022-11-16,1470,10.5216004397237,0.847259658580413,0.278284267173156,1.17249405812349
4.0-10 cm,4,Warmed,0-10 cm,57,66,2018-11-07,2023-05-30,1665,10.7013064619586,0.863957597173145,0.317628205128205,1.54471893572989
4.0-10 cm,4,Warmed,0-10 cm,57,67,2018-11-07,2023-12-27,1876,10.8734441125154,0.748807631160572,0.308264909248055,1.22463899399301
4.0-10 cm,4,Warmed,0-10 cm,57,68,2018-11-07,2024-04-16,1987,10.9563761572497,0.872113676731794,0.346613712374582,1.47464050903235
4.0-10 cm,4,Warmed,0-10 cm,57,69,2018-11-07,2024-04-30,2001,10.9665054519057,0.851190476190476,0.310125525599802,1.4533957838187
4.0-10 cm,4,Warmed,0-10 cm,58,59,2019-11-05,2019-12-17,42,5.39231742277876,0.349425287356322,0.0526510552744296,0.211580927324112
4.0-10 cm,4,Warmed,0-10 cm,58,60,2019-11-05,2019-12-31,56,5.8073549220576,0.430989583333333,0.0681689696012633,0.315511923726595
4.0-10 cm,4,Warmed,0-10 cm,58,61,2019-11-05,2020-01-28,84,6.39231742277876,0.682089940213153,0.107423793633535,0.508911795786263
4.0-10 cm,4,Warmed,0-10 cm,58,62,2019-11-05,2020-03-10,126,6.97727992349992,0.744736314417485,0.12039593094424,0.703058876346979
4.0-10 cm,4,Warmed,0-10 cm,58,63,2019-11-05,2021-12-15,771,9.59058704991503,0.926891290527654,0.386129753914989,1.86671703276883
4.0-10 cm,4,Warmed,0-10 cm,58,64,2019-11-05,2022-09-08,1038,10.0195907283579,0.91459528362014,0.351268235813089,1.83873830561891
4.0-10 cm,4,Warmed,0-10 cm,58,65,2019-11-05,2022-11-16,1107,10.1124395067816,0.905243209096652,0.349993095257823,1.55422806212139
4.0-10 cm,4,Warmed,0-10 cm,58,66,2019-11-05,2023-05-30,1302,10.3465137331656,0.915,0.386129753914989,1.94159886875484
4.0-10 cm,4,Warmed,0-10 cm,58,67,2019-11-05,2023-12-27,1513,10.5631962722167,0.828025477707007,0.376766458034839,1.593010425937
4.0-10 cm,4,Warmed,0-10 cm,58,68,2019-11-05,2024-04-16,1624,10.6653359171852,0.922305764411028,0.415115261161366,1.82840946866443
4.0-10 cm,4,Warmed,0-10 cm,58,69,2019-11-05,2024-04-30,1638,10.677719641641,0.907822922983626,0.378627074386586,1.82726747870637
4.0-10 cm,4,Warmed,0-10 cm,59,60,2019-12-17,2019-12-31,14,3.8073549220576,0.489664082687339,0.03423205924917,0.240046040164678
4.0-10 cm,4,Warmed,0-10 cm,59,61,2019-12-17,2020-01-28,42,5.39231742277876,0.732890704800817,0.113423586576009,0.49101496878328
4.0-10 cm,4,Warmed,0-10 cm,59,62,2019-12-17,2020-03-10,84,6.39231742277876,0.762919766740398,0.0955801909546824,0.603254230641693
4.0-10 cm,4,Warmed,0-10 cm,59,63,2019-12-17,2021-12-15,729,9.50977500432694,0.908839779005525,0.341051616015437,1.73465567844487
4.0-10 cm,4,Warmed,0-10 cm,59,64,2019-12-17,2022-09-08,996,9.96000193206808,0.895429362880886,0.312933558902862,1.70021101059657
4.0-10 cm,4,Warmed,0-10 cm,59,65,2019-12-17,2022-11-16,1065,10.0566377151132,0.885459533607682,0.311658418347597,1.4067202468582
4.0-10 cm,4,Warmed,0-10 cm,59,66,2019-12-17,2023-05-30,1260,10.2992080183873,0.894772572980312,0.341051616015437,1.79977531324861
4.0-10 cm,4,Warmed,0-10 cm,59,67,2019-12-17,2023-12-27,1471,10.5225815312548,0.791929382093317,0.331688320135287,1.45710328428223
4.0-10 cm,4,Warmed,0-10 cm,59,68,2019-12-17,2024-04-16,1582,10.6275338844728,0.899658703071672,0.370037123261813,1.67479532946806
4.0-10 cm,4,Warmed,0-10 cm,59,69,2019-12-17,2024-04-30,1596,10.6402449362223,0.88471673254282,0.333548936487034,1.69696008219695
4.0-10 cm,4,Warmed,0-10 cm,60,61,2019-12-31,2020-01-28,28,4.8073549220576,0.614618746964546,0.126142622412093,0.447851378487502
4.0-10 cm,4,Warmed,0-10 cm,60,62,2019-12-31,2020-03-10,70,6.12928301694497,0.64883401920439,0.0823928967813541,0.439862058295674
4.0-10 cm,4,Warmed,0-10 cm,60,63,2019-12-31,2021-12-15,715,9.48179943166575,0.940720474236206,0.331707664884136,1.72824716777434
4.0-10 cm,4,Warmed,0-10 cm,60,64,2019-12-31,2022-09-08,982,9.93957921431469,0.931444241316271,0.307972383319525,1.7173735980668
4.0-10 cm,4,Warmed,0-10 cm,60,65,2019-12-31,2022-11-16,1051,10.0375469539622,0.924613987284287,0.293288792060034,1.4337122076009
4.0-10 cm,4,Warmed,0-10 cm,60,66,2019-12-31,2023-05-30,1246,10.283088353024,0.931018935978359,0.331338115734099,1.80384338865759
4.0-10 cm,4,Warmed,0-10 cm,60,67,2019-12-31,2023-12-27,1457,10.5087851620645,0.854866494401378,0.308597488433576,1.42320260502523
4.0-10 cm,4,Warmed,0-10 cm,60,68,2019-12-31,2024-04-16,1568,10.6147098441152,0.935352622061483,0.346946291560102,1.66886522208844
4.0-10 cm,4,Warmed,0-10 cm,60,69,2019-12-31,2024-04-30,1582,10.6275338844728,0.923552806009722,0.320502364289767,1.67263797550093
4.0-10 cm,4,Warmed,0-10 cm,61,62,2020-01-28,2020-03-10,42,5.39231742277876,0.54757349104192,0.0889480341519975,0.417409027415759
4.0-10 cm,4,Warmed,0-10 cm,61,63,2020-01-28,2021-12-15,687,9.4241662888181,0.977813852813853,0.426194909993793,2.11739824667457
4.0-10 cm,4,Warmed,0-10 cm,61,64,2020-01-28,2022-09-08,954,9.89784545600551,0.975141853553094,0.417742020090749,2.08418013184814
4.0-10 cm,4,Warmed,0-10 cm,61,65,2020-01-28,2022-11-16,1023,9.99859042974533,0.968707850013488,0.37583626456997,1.79847348248216
4.0-10 cm,4,Warmed,0-10 cm,61,66,2020-01-28,2023-05-30,1218,10.2502984179063,0.973987664253151,0.408579733842031,2.1715511757763
4.0-10 cm,4,Warmed,0-10 cm,61,67,2020-01-28,2023-12-27,1429,10.4807902010958,0.934472934472934,0.39373548427594,1.81311800060584
4.0-10 cm,4,Warmed,0-10 cm,61,68,2020-01-28,2024-04-16,1540,10.5887146355823,0.974151857835218,0.411015302404664,2.02804098256156
4.0-10 cm,4,Warmed,0-10 cm,61,69,2020-01-28,2024-04-30,1554,10.6017707884077,0.968178202068417,0.397077368014514,2.06359550727818
4.0-10 cm,4,Warmed,0-10 cm,62,63,2020-03-10,2021-12-15,645,9.33315535031062,0.971215572582315,0.343186582809224,1.88183283465426
4.0-10 cm,4,Warmed,0-10 cm,62,64,2020-03-10,2022-09-08,912,9.83289001416474,0.965538717043803,0.346354858712021,1.86552730616093
4.0-10 cm,4,Warmed,0-10 cm,62,65,2020-03-10,2022-11-16,981,9.93810932621924,0.962541390728477,0.304449103191242,1.59752074751716
4.0-10 cm,4,Warmed,0-10 cm,62,66,2020-03-10,2023-05-30,1176,10.1996723448364,0.9644921552436,0.330495474766068,1.93164010213027
4.0-10 cm,4,Warmed,0-10 cm,62,67,2020-03-10,2023-12-27,1387,10.4377520723236,0.92588092345079,0.310727157091372,1.55095124589845
4.0-10 cm,4,Warmed,0-10 cm,62,68,2020-03-10,2024-04-16,1498,10.5488219084588,0.965659908978072,0.325758818703856,1.77766630490028
4.0-10 cm,4,Warmed,0-10 cm,62,69,2020-03-10,2024-04-30,1512,10.5622424242211,0.960515548281506,0.314069040829946,1.80853660068985
4.0-10 cm,4,Warmed,0-10 cm,63,64,2021-12-15,2022-09-08,267,8.06069593168756,0.443181818181818,0.0746194337743633,0.295077768942027
4.0-10 cm,4,Warmed,0-10 cm,63,65,2021-12-15,2022-11-16,336,8.39231742277876,0.46875,0.0905349794238683,0.416586059308344
4.0-10 cm,4,Warmed,0-10 cm,63,66,2021-12-15,2023-05-30,531,9.05256805080415,0.458333333333333,0.0341217048534122,0.283575448765299
4.0-10 cm,4,Warmed,0-10 cm,63,67,2021-12-15,2023-12-27,742,9.5352753766208,0.708994708994709,0.0741686528203382,0.396231362099063
4.0-10 cm,4,Warmed,0-10 cm,63,68,2021-12-15,2024-04-16,853,9.73640193131829,0.443636363636364,0.0751427316644708,0.261873974824645
4.0-10 cm,4,Warmed,0-10 cm,63,69,2021-12-15,2024-04-30,867,9.75988818322183,0.545714285714286,0.0493845204456137,0.167154327382238
4.0-10 cm,4,Warmed,0-10 cm,64,65,2022-09-08,2022-11-16,69,6.10852445677817,0.394366197183099,0.0642786761722599,0.336522227256117
4.0-10 cm,4,Warmed,0-10 cm,64,66,2022-09-08,2023-05-30,264,8.04439411935845,0.366548042704626,0.0581129050727127,0.155118184060597
4.0-10 cm,4,Warmed,0-10 cm,64,67,2022-09-08,2023-12-27,475,8.89178370321831,0.668449197860963,0.128896977369837,0.471285066558784
4.0-10 cm,4,Warmed,0-10 cm,64,68,2022-09-08,2024-04-16,586,9.19475685442225,0.423487544483986,0.117758726270667,0.34265148697843
4.0-10 cm,4,Warmed,0-10 cm,64,69,2022-09-08,2024-04-30,600,9.22881869049588,0.458823529411765,0.105973461346859,0.33829565262791
4.0-10 cm,4,Warmed,0-10 cm,65,66,2022-11-16,2023-05-30,195,7.60733031374961,0.391447368421053,0.0674997490715648,0.437878472827713
4.0-10 cm,4,Warmed,0-10 cm,65,67,2022-11-16,2023-12-27,406,8.66533591718518,0.60752688172043,0.0646183011975771,0.397374902574057
4.0-10 cm,4,Warmed,0-10 cm,65,68,2022-11-16,2024-04-16,517,9.01402047031493,0.368965517241379,0.0701377706208624,0.359746966760591
4.0-10 cm,4,Warmed,0-10 cm,65,69,2022-11-16,2024-04-30,531,9.05256805080415,0.461111111111111,0.0607095126566367,0.452318305171679
4.0-10 cm,4,Warmed,0-10 cm,66,67,2023-05-30,2023-12-27,211,7.72109918870719,0.631578947368421,0.0802046222709418,0.470782546762071
4.0-10 cm,4,Warmed,0-10 cm,66,68,2023-05-30,2024-04-16,322,8.33091687811462,0.37542662116041,0.0597030752916225,0.329041612682818
4.0-10 cm,4,Warmed,0-10 cm,66,69,2023-05-30,2024-04-30,336,8.39231742277876,0.417613636363636,0.0554204898962173,0.300803305339566
4.0-10 cm,4,Warmed,0-10 cm,67,68,2023-12-27,2024-04-16,111,6.79441586635011,0.659649122807018,0.0751831949193942,0.408876377596687
4.0-10 cm,4,Warmed,0-10 cm,67,69,2023-12-27,2024-04-30,125,6.96578428466209,0.61247947454844,0.0326661608680468,0.287441110042001
4.0-10 cm,4,Warmed,0-10 cm,68,69,2024-04-16,2024-04-30,14,3.8073549220576,0.463068181818182,0.074528169998602,0.311099568969294
5.0-10 cm,5,Control,0-10 cm,70,71,2017-05-31,2018-10-10,497,8.95710204156229,0.697872340425532,0.0637542917067705,0.791605618194558
5.0-10 cm,5,Control,0-10 cm,70,72,2017-05-31,2018-10-23,510,8.99435343685886,0.680532445923461,0.0863938298385153,0.766781985091731
5.0-10 cm,5,Control,0-10 cm,70,73,2017-05-31,2019-09-10,832,9.70043971814109,0.763093788063337,0.123750639015157,0.729336150653779
5.0-10 cm,5,Control,0-10 cm,70,74,2017-05-31,2019-12-17,930,9.86108690599539,0.376221498371335,0.0671520380742708,0.25459244033693
5.0-10 cm,5,Control,0-10 cm,70,75,2017-05-31,2020-01-28,972,9.92481250360578,0.297131147540984,0.0620507709444803,0.376027421165137
5.0-10 cm,5,Control,0-10 cm,70,76,2017-05-31,2020-02-25,1000,9.96578428466209,0.497481108312343,0.0484365183789101,0.373037820878714
5.0-10 cm,5,Control,0-10 cm,70,77,2017-05-31,2020-03-10,1014,9.98584193700334,0.498701298701299,0.035343872407497,0.301667062701757
5.0-10 cm,5,Control,0-10 cm,70,78,2017-05-31,2020-07-28,1154,10.1724275086455,0.702611625947768,0.0757449956676363,0.438355679720225
5.0-10 cm,5,Control,0-10 cm,70,79,2017-05-31,2020-09-09,1197,10.2252074369435,0.63663967611336,0.0710253007741537,0.375618370938982
5.0-10 cm,5,Control,0-10 cm,70,80,2017-05-31,2020-10-06,1224,10.2573878426927,0.509876543209877,0.035306159241188,0.312461089098553
5.0-10 cm,5,Control,0-10 cm,70,81,2017-05-31,2020-11-05,1254,10.292321632802,0.726037195994278,0.0543104581607835,0.530770687281736
5.0-10 cm,5,Control,0-10 cm,70,82,2017-05-31,2021-02-09,1350,10.3987436919382,0.648451730418944,0.0779893257676478,0.628830860930838
5.0-10 cm,5,Control,0-10 cm,70,83,2017-05-31,2021-02-23,1364,10.4136279290242,0.772441395082905,0.0906920074210739,0.779813765654471
5.0-10 cm,5,Control,0-10 cm,70,84,2017-05-31,2021-06-03,1464,10.515699838284,0.644651162790698,0.0554887663452073,0.610124833247766
5.0-10 cm,5,Control,0-10 cm,70,85,2017-05-31,2021-12-15,1659,10.6960981709559,0.832083333333333,0.118559326900456,1.03434775140833
5.0-10 cm,5,Control,0-10 cm,70,86,2017-05-31,2022-08-23,1910,10.8993569229231,0.63855421686747,0.0538382742829598,0.520720906912926
5.0-10 cm,5,Control,0-10 cm,70,87,2017-05-31,2022-09-08,1926,10.9113919878435,0.443298969072165,0.0734649608216389,0.379029227179621
5.0-10 cm,5,Control,0-10 cm,70,88,2017-05-31,2022-11-16,1995,10.9621730311097,0.676616915422886,0.0683574302177798,0.634333264491594
5.0-10 cm,5,Control,0-10 cm,71,72,2018-10-10,2018-10-23,13,3.70043971814109,0.87378640776699,0.104665194996321,1.38781520162295
5.0-10 cm,5,Control,0-10 cm,71,73,2018-10-10,2019-09-10,335,8.38801728534514,0.908687381103361,0.16204918378538,1.44239433695827
5.0-10 cm,5,Control,0-10 cm,71,74,2018-10-10,2019-12-17,433,8.75822321472672,0.734806629834254,0.0458386873579124,0.741306336796131
5.0-10 cm,5,Control,0-10 cm,71,75,2018-10-10,2020-01-28,475,8.89178370321831,0.62532981530343,0.0630391981385359,0.51015652400771
5.0-10 cm,5,Control,0-10 cm,71,76,2018-10-10,2020-02-25,503,8.97441458980553,0.803523035230352,0.0867350631491332,0.898190428380267
5.0-10 cm,5,Control,0-10 cm,71,77,2018-10-10,2020-03-10,517,9.01402047031493,0.793152639087019,0.0828719805612464,0.743978368137187
5.0-10 cm,5,Control,0-10 cm,71,78,2018-10-10,2020-07-28,657,9.35974956032233,0.883847549909256,0.127693657973719,1.17804423965158
5.0-10 cm,5,Control,0-10 cm,71,79,2018-10-10,2020-09-09,700,9.45121111183233,0.85414364640884,0.11196238769378,1.07726100643696
5.0-10 cm,5,Control,0-10 cm,71,80,2018-10-10,2020-10-06,727,9.50581155391959,0.808764940239044,0.0473163716421355,0.879042755660405
5.0-10 cm,5,Control,0-10 cm,71,81,2018-10-10,2020-11-05,757,9.56414948998573,0.891484551620196,0.0797662050973309,1.23667841950668
5.0-10 cm,5,Control,0-10 cm,71,82,2018-10-10,2021-02-09,853,9.73640193131829,0.860194174757282,0.0922556045393046,1.25434539836036
5.0-10 cm,5,Control,0-10 cm,71,83,2018-10-10,2021-02-23,867,9.75988818322183,0.914943886591849,0.123675300291454,1.45314901522414
5.0-10 cm,5,Control,0-10 cm,71,84,2018-10-10,2021-06-03,967,9.91737207947684,0.856430707876371,0.0562448469374186,1.18312627633303
5.0-10 cm,5,Control,0-10 cm,71,85,2018-10-10,2021-12-15,1162,10.1823943534045,0.938697318007663,0.148740816984408,1.69311639176575
5.0-10 cm,5,Control,0-10 cm,71,86,2018-10-10,2022-08-23,1413,10.4645457503339,0.858128078817734,0.0750223378534637,1.0374544366599
5.0-10 cm,5,Control,0-10 cm,71,87,2018-10-10,2022-09-08,1429,10.4807902010958,0.555194805194805,0.0483173401811056,0.434081449170686
5.0-10 cm,5,Control,0-10 cm,71,88,2018-10-10,2022-11-16,1498,10.5488219084588,0.873905429071804,0.0707063045190653,1.24222444775992
5.0-10 cm,5,Control,0-10 cm,72,73,2018-10-23,2019-09-10,322,8.33091687811462,0.612255406797116,0.101956121726822,0.584317159782327
5.0-10 cm,5,Control,0-10 cm,72,74,2018-10-23,2019-12-17,420,8.71424551766612,0.623860811930406,0.0888457711442786,0.724863848155235
5.0-10 cm,5,Control,0-10 cm,72,75,2018-10-23,2020-01-28,462,8.85174904141606,0.707865168539326,0.126174174174174,1.06918297308386
5.0-10 cm,5,Control,0-10 cm,72,76,2018-10-23,2020-02-25,490,8.93663793900257,0.545810493343774,0.0531985428051002,0.583262230020662
5.0-10 cm,5,Control,0-10 cm,72,77,2018-10-23,2020-03-10,504,8.97727992349992,0.521527213647441,0.0920415667466027,0.781076596014211
5.0-10 cm,5,Control,0-10 cm,72,78,2018-10-23,2020-07-28,644,9.33091687811462,0.575307045895281,0.11374812068788,0.665587674418676
5.0-10 cm,5,Control,0-10 cm,72,79,2018-10-23,2020-09-09,687,9.4241662888181,0.544862518089725,0.104922999749185,0.668365658123626
5.0-10 cm,5,Control,0-10 cm,72,80,2018-10-23,2020-10-06,714,9.4797802640291,0.519778481012658,0.0651200476616026,0.557468756127929
5.0-10 cm,5,Control,0-10 cm,72,81,2018-10-23,2020-11-05,744,9.53915881110803,0.561764705882353,0.0434141414141414,0.359140106996481
5.0-10 cm,5,Control,0-10 cm,72,82,2018-10-23,2021-02-09,840,9.71424551766612,0.536784741144414,0.0627253176930596,0.238833042321399
5.0-10 cm,5,Control,0-10 cm,72,83,2018-10-23,2021-02-23,854,9.73809225962049,0.609104403760515,0.02656860419138,0.211781339014035
5.0-10 cm,5,Control,0-10 cm,72,84,2018-10-23,2021-06-03,954,9.89784545600551,0.485,0.0527469879518072,0.294152655392216
5.0-10 cm,5,Control,0-10 cm,72,85,2018-10-23,2021-12-15,1149,10.1661630826461,0.629102412020562,0.0516341208843344,0.388264109924635
5.0-10 cm,5,Control,0-10 cm,72,86,2018-10-23,2022-08-23,1400,10.4512111118323,0.511514305652477,0.0325555555555555,0.407784325088081
5.0-10 cm,5,Control,0-10 cm,72,87,2018-10-23,2022-09-08,1416,10.467605550083,0.757443082311734,0.135219954648526,1.01090000966318
5.0-10 cm,5,Control,0-10 cm,72,88,2018-10-23,2022-11-16,1485,10.5362472156881,0.536269430051814,0.0715066079295154,0.374205595157106
5.0-10 cm,5,Control,0-10 cm,73,74,2019-09-10,2019-12-17,98,6.61470984411521,0.721311475409836,0.165916436923662,0.845973375727737
5.0-10 cm,5,Control,0-10 cm,73,75,2019-09-10,2020-01-28,140,7.12928301694497,0.784461152882206,0.122809433637459,0.98524984286307
5.0-10 cm,5,Control,0-10 cm,73,76,2019-09-10,2020-02-25,168,7.39231742277876,0.639479905437352,0.0753141206362466,0.591789941282895
5.0-10 cm,5,Control,0-10 cm,73,77,2019-09-10,2020-03-10,182,7.5077946401987,0.612982241273729,0.0892682032717775,0.731835012203473
5.0-10 cm,5,Control,0-10 cm,73,78,2019-09-10,2020-07-28,322,8.33091687811462,0.408052884615385,0.0731055530303478,0.342148506470438
5.0-10 cm,5,Control,0-10 cm,73,79,2019-09-10,2020-09-09,365,8.51175265376738,0.514216575922565,0.0699328550272462,0.387928204088193
5.0-10 cm,5,Control,0-10 cm,73,80,2019-09-10,2020-10-06,392,8.61470984411521,0.630396215257244,0.117964174109049,0.672021270333353
5.0-10 cm,5,Control,0-10 cm,73,81,2019-09-10,2020-11-05,422,8.72109918870719,0.470089994706194,0.0982773595830921,0.496593252800581
5.0-10 cm,5,Control,0-10 cm,73,82,2019-09-10,2021-02-09,518,9.01680828768655,0.585379159847245,0.148423208871123,0.650640098233482
5.0-10 cm,5,Control,0-10 cm,73,83,2019-09-10,2021-02-23,532,9.05528243550119,0.509839816933638,0.118123776926506,0.552172692672336
5.0-10 cm,5,Control,0-10 cm,73,84,2019-09-10,2021-06-03,632,9.3037807481771,0.564876957494407,0.132806384774768,0.704466421133051
5.0-10 cm,5,Control,0-10 cm,73,85,2019-09-10,2021-12-15,827,9.69174351917128,0.604352479486265,0.138876892198404,0.765685893509248
5.0-10 cm,5,Control,0-10 cm,73,86,2019-09-10,2022-08-23,1078,10.0741414627525,0.595095367847411,0.101853958143767,0.664391143651811
5.0-10 cm,5,Control,0-10 cm,73,87,2019-09-10,2022-09-08,1094,10.0953970227926,0.826196473551637,0.165501104900559,1.06415171973934
5.0-10 cm,5,Control,0-10 cm,73,88,2019-09-10,2022-11-16,1163,10.1836353814732,0.555021367521368,0.150910519374842,0.742819873416253
5.0-10 cm,5,Control,0-10 cm,74,75,2019-12-17,2020-01-28,42,5.39231742277876,0.376344086021505,0.0689794271883824,0.446231116434113
5.0-10 cm,5,Control,0-10 cm,74,76,2019-12-17,2020-02-25,70,6.12928301694497,0.405031446540881,0.0906023162874154,0.379112109842529
5.0-10 cm,5,Control,0-10 cm,74,77,2019-12-17,2020-03-10,84,6.39231742277876,0.386631716906946,0.0766482336518845,0.314987685059612
5.0-10 cm,5,Control,0-10 cm,74,78,2019-12-17,2020-07-28,224,7.8073549220576,0.649665551839465,0.120836388032036,0.59387703914513
5.0-10 cm,5,Control,0-10 cm,74,79,2019-12-17,2020-09-09,267,8.06069593168756,0.569416498993964,0.113191098682659,0.536163480893899
5.0-10 cm,5,Control,0-10 cm,74,80,2019-12-17,2020-10-06,294,8.19967234483636,0.385390428211587,0.0482823816573966,0.219526874052016
5.0-10 cm,5,Control,0-10 cm,74,81,2019-12-17,2020-11-05,324,8.33985000288462,0.666666666666667,0.0730325644504749,0.511977873124623
5.0-10 cm,5,Control,0-10 cm,74,82,2019-12-17,2021-02-09,420,8.71424551766612,0.568411386593205,0.0815187260180038,0.549862603848451
5.0-10 cm,5,Control,0-10 cm,74,83,2019-12-17,2021-02-23,434,8.76155123244448,0.718569780853518,0.112938421770153,0.741854966604483
5.0-10 cm,5,Control,0-10 cm,74,84,2019-12-17,2021-06-03,534,9.06069593168755,0.576208178438662,0.0438320445962956,0.49538777319071
5.0-10 cm,5,Control,0-10 cm,74,85,2019-12-17,2021-12-15,729,9.50977500432694,0.802330420307948,0.138003938463107,0.977595062469461
5.0-10 cm,5,Control,0-10 cm,74,86,2019-12-17,2022-08-23,980,9.93663793900257,0.565055762081784,0.0744936034115139,0.403386511013164
5.0-10 cm,5,Control,0-10 cm,74,87,2019-12-17,2022-09-08,996,9.96000193206808,0.501805054151625,0.0488501370697533,0.329425887603648
5.0-10 cm,5,Control,0-10 cm,74,88,2019-12-17,2022-11-16,1065,10.0566377151132,0.60981697171381,0.0599694259977645,0.522192925508539
5.0-10 cm,5,Control,0-10 cm,75,76,2020-01-28,2020-02-25,28,4.8073549220576,0.528704939919893,0.0868335548663417,0.531402764497465
5.0-10 cm,5,Control,0-10 cm,75,77,2020-01-28,2020-03-10,42,5.39231742277876,0.51048951048951,0.0462764923196578,0.331548259149345
5.0-10 cm,5,Control,0-10 cm,75,78,2020-01-28,2020-07-28,182,7.5077946401987,0.721094439541042,0.0733061142699697,0.695257345895685
5.0-10 cm,5,Control,0-10 cm,75,79,2020-01-28,2020-09-09,225,7.81378119121704,0.652360515021459,0.0685864193764871,0.602432692410876
5.0-10 cm,5,Control,0-10 cm,75,80,2020-01-28,2020-10-06,252,7.97727992349992,0.543080939947781,0.066458952249837,0.535673860299373
5.0-10 cm,5,Control,0-10 cm,75,81,2020-01-28,2020-11-05,282,8.13955135239879,0.74162323157111,0.103972153972154,0.850587168652815
5.0-10 cm,5,Control,0-10 cm,75,82,2020-01-28,2021-02-09,378,8.56224242422107,0.663147792706334,0.121323082613405,0.944653429270532
5.0-10 cm,5,Control,0-10 cm,75,83,2020-01-28,2021-02-23,392,8.61470984411521,0.792718731650029,0.152742778365554,1.09828777095579
5.0-10 cm,5,Control,0-10 cm,75,84,2020-01-28,2021-06-03,492,8.94251450533924,0.664711632453568,0.083344187561055,0.895295818931953
5.0-10 cm,5,Control,0-10 cm,75,85,2020-01-28,2021-12-15,687,9.4241662888181,0.85182049110923,0.177808295058509,1.35968360711701
5.0-10 cm,5,Control,0-10 cm,75,86,2020-01-28,2022-08-23,938,9.87344411251538,0.659533073929961,0.101356713856714,0.737319985389369
5.0-10 cm,5,Control,0-10 cm,75,87,2020-01-28,2022-09-08,954,9.89784545600551,0.344139650872818,0.0454863026291598,0.25529898621357
5.0-10 cm,5,Control,0-10 cm,75,88,2020-01-28,2022-11-16,1023,9.99859042974533,0.695840554592721,0.0997737825931659,0.942537123230337
5.0-10 cm,5,Control,0-10 cm,76,77,2020-02-25,2020-03-10,14,3.8073549220576,0.293062200956938,0.040557062546684,0.233976104474575
5.0-10 cm,5,Control,0-10 cm,76,78,2020-02-25,2020-07-28,154,7.2667865406949,0.574015748031496,0.0628883756969872,0.443119502726597
5.0-10 cm,5,Control,0-10 cm,76,79,2020-02-25,2020-09-09,197,7.62205181945638,0.518315018315018,0.0517244569440847,0.338634078582154
5.0-10 cm,5,Control,0-10 cm,76,80,2020-02-25,2020-10-06,224,7.8073549220576,0.354120267260579,0.0426500534728021,0.203370848755188
5.0-10 cm,5,Control,0-10 cm,76,81,2020-02-25,2020-11-05,254,7.98868468677217,0.601226993865031,0.0329980129160457,0.458580334765831
5.0-10 cm,5,Control,0-10 cm,76,82,2020-02-25,2021-02-09,350,8.45121111183233,0.528918692372171,0.084671410028364,0.525021852530615
5.0-10 cm,5,Control,0-10 cm,76,83,2020-02-25,2021-02-23,364,8.5077946401987,0.642335766423358,0.0693804328802287,0.639711072104154
5.0-10 cm,5,Control,0-10 cm,76,84,2020-02-25,2021-06-03,464,8.85798099512757,0.52054794520548,0.0574922641385213,0.487998867466474
5.0-10 cm,5,Control,0-10 cm,76,85,2020-02-25,2021-12-15,659,9.36413465500805,0.746329526916803,0.10045008469712,0.908351453084278
5.0-10 cm,5,Control,0-10 cm,76,86,2020-02-25,2022-08-23,910,9.82972273508606,0.505154639175258,0.0427888368462139,0.294104378697284
5.0-10 cm,5,Control,0-10 cm,76,87,2020-02-25,2022-09-08,926,9.85486838326024,0.635638297872341,0.0986952157912345,0.551654616160014
5.0-10 cm,5,Control,0-10 cm,76,88,2020-02-25,2022-11-16,995,9.95855271543101,0.562740569668976,0.0764184781300402,0.586787023725597
5.0-10 cm,5,Control,0-10 cm,77,78,2020-03-10,2020-07-28,140,7.12928301694497,0.516722408026756,0.0448216774124723,0.488374436484744
5.0-10 cm,5,Control,0-10 cm,77,79,2020-03-10,2020-09-09,183,7.51569983828404,0.446954813359528,0.0365428650307745,0.38975908379777
5.0-10 cm,5,Control,0-10 cm,77,80,2020-03-10,2020-10-06,210,7.71424551766612,0.306698002350176,0.0453603872933825,0.262948526254843
5.0-10 cm,5,Control,0-10 cm,77,81,2020-03-10,2020-11-05,240,7.90689059560852,0.543022415039769,0.0576956616524962,0.576757802881208
5.0-10 cm,5,Control,0-10 cm,77,82,2020-03-10,2021-02-09,336,8.39231742277876,0.47153024911032,0.10505706871453,0.67846508558357
5.0-10 cm,5,Control,0-10 cm,77,83,2020-03-10,2021-02-23,350,8.45121111183233,0.622903412377097,0.108223456821731,0.807503939646285
5.0-10 cm,5,Control,0-10 cm,77,84,2020-03-10,2021-06-03,450,8.81378119121704,0.462727272727273,0.0734997544133368,0.625449149933421
5.0-10 cm,5,Control,0-10 cm,77,85,2020-03-10,2021-12-15,645,9.33315535031062,0.733527939949958,0.139293108638623,1.07149469495059
5.0-10 cm,5,Control,0-10 cm,77,86,2020-03-10,2022-08-23,896,9.8073549220576,0.446167883211679,0.064311408016444,0.43708025109444
5.0-10 cm,5,Control,0-10 cm,77,87,2020-03-10,2022-09-08,912,9.83289001416474,0.618715083798883,0.0802378505358978,0.397286108728643
5.0-10 cm,5,Control,0-10 cm,77,88,2020-03-10,2022-11-16,981,9.93810932621924,0.506122448979592,0.0958641016702057,0.692339417333313
5.0-10 cm,5,Control,0-10 cm,78,79,2020-07-28,2020-09-09,43,5.4262647547021,0.330501274426508,0.0196308763444122,0.134872554114768
5.0-10 cm,5,Control,0-10 cm,78,80,2020-07-28,2020-10-06,70,6.12928301694497,0.534136546184739,0.0880295775802737,0.476117813293497
5.0-10 cm,5,Control,0-10 cm,78,81,2020-07-28,2020-11-05,100,6.64385618977472,0.401732178547635,0.0875157974555565,0.417333376296133
5.0-10 cm,5,Control,0-10 cm,78,82,2020-07-28,2021-02-09,196,7.61470984411521,0.509219858156028,0.147559785725351,0.618986770905104
5.0-10 cm,5,Control,0-10 cm,78,83,2020-07-28,2021-02-23,210,7.71424551766612,0.522180652057723,0.129915775887563,0.627212155387546
5.0-10 cm,5,Control,0-10 cm,78,84,2020-07-28,2021-06-03,310,8.27612440527424,0.465236686390533,0.116002471424158,0.640452181606284
5.0-10 cm,5,Control,0-10 cm,78,85,2020-07-28,2021-12-15,505,8.98013957763916,0.6316,0.157846125354073,0.877427255581443
5.0-10 cm,5,Control,0-10 cm,78,86,2020-07-28,2022-08-23,756,9.56224242422107,0.531315974665728,0.0990417714815305,0.571315827492415
5.0-10 cm,5,Control,0-10 cm,78,87,2020-07-28,2022-09-08,772,9.59245703726808,0.766397124887691,0.112872210978924,0.78410931040381
5.0-10 cm,5,Control,0-10 cm,78,88,2020-07-28,2022-11-16,841,9.71596199025514,0.45391061452514,0.138366818681027,0.659010653443652
5.0-10 cm,5,Control,0-10 cm,79,80,2020-09-09,2020-10-06,27,4.75488750216347,0.447193149381541,0.0735722196333795,0.412178504052201
5.0-10 cm,5,Control,0-10 cm,79,81,2020-09-09,2020-11-05,57,5.83289001416474,0.458420684835779,0.0732249127847322,0.450674093955464
5.0-10 cm,5,Control,0-10 cm,79,82,2020-09-09,2021-02-09,153,7.25738784269265,0.447967479674797,0.133268901054527,0.623003340641105
5.0-10 cm,5,Control,0-10 cm,79,83,2020-09-09,2021-02-23,167,7.38370429247405,0.56393076493579,0.121104889824313,0.661529348002861
5.0-10 cm,5,Control,0-10 cm,79,84,2020-09-09,2021-06-03,267,8.06069593168756,0.438174273858921,0.101711586753334,0.633697825426983
5.0-10 cm,5,Control,0-10 cm,79,85,2020-09-09,2021-12-15,462,8.85174904141606,0.685132382892057,0.152174541641205,0.9274066846491
5.0-10 cm,5,Control,0-10 cm,79,86,2020-09-09,2022-08-23,713,9.47775826644389,0.4896331738437,0.0847508868107062,0.525350916348378
5.0-10 cm,5,Control,0-10 cm,79,87,2020-09-09,2022-09-08,729,9.50977500432694,0.71319520174482,0.108152516085441,0.700605447966015
5.0-10 cm,5,Control,0-10 cm,79,88,2020-09-09,2022-11-16,798,9.64024493622235,0.46545178435839,0.124075934010203,0.67672889952249
5.0-10 cm,5,Control,0-10 cm,80,81,2020-10-06,2020-11-05,30,4.90689059560852,0.570242214532872,0.037513201722317,0.371408257075868
5.0-10 cm,5,Control,0-10 cm,80,82,2020-10-06,2021-02-09,126,6.97727992349992,0.465741543798786,0.0596966814211474,0.426279060258767
5.0-10 cm,5,Control,0-10 cm,80,83,2020-10-06,2021-02-23,140,7.12928301694497,0.628313592780598,0.0862838261157172,0.586923588856148
5.0-10 cm,5,Control,0-10 cm,80,84,2020-10-06,2021-06-03,240,7.90689059560852,0.473269062226117,0.0281393671199543,0.369089819210498
5.0-10 cm,5,Control,0-10 cm,80,85,2020-10-06,2021-12-15,435,8.76487159073609,0.736497545008183,0.112371589553623,0.840802863789002
5.0-10 cm,5,Control,0-10 cm,80,86,2020-10-06,2022-08-23,686,9.42206476617281,0.451897616946161,0.0392091152815014,0.21813563481783
5.0-10 cm,5,Control,0-10 cm,80,87,2020-10-06,2022-09-08,702,9.45532722030456,0.636959370904325,0.0755047327241889,0.486478433202182
5.0-10 cm,5,Control,0-10 cm,80,88,2020-10-06,2022-11-16,771,9.59058704991503,0.507142857142857,0.0505037143768232,0.439730839966047
5.0-10 cm,5,Control,0-10 cm,81,82,2020-11-05,2021-02-09,96,6.58496250072116,0.508593252705283,0.0618279569892473,0.236423303575539
5.0-10 cm,5,Control,0-10 cm,81,83,2020-11-05,2021-02-23,110,6.78135971352466,0.456086286594761,0.0568990617923003,0.27455020438261
5.0-10 cm,5,Control,0-10 cm,81,84,2020-11-05,2021-06-03,210,7.71424551766612,0.452905811623247,0.0360533041255933,0.27788461006541
5.0-10 cm,5,Control,0-10 cm,81,85,2020-11-05,2021-12-15,405,8.66177809777199,0.58006979449399,0.0879687136091919,0.523974193082338
5.0-10 cm,5,Control,0-10 cm,81,86,2020-11-05,2022-08-23,656,9.35755200461808,0.495151906916613,0.01998556998557,0.3337721477108
5.0-10 cm,5,Control,0-10 cm,81,87,2020-11-05,2022-09-08,672,9.39231742277876,0.797317436661699,0.113017934446506,0.821446081622368
5.0-10 cm,5,Control,0-10 cm,81,88,2020-11-05,2022-11-16,741,9.53332973230583,0.416129032258065,0.0571686023227874,0.26140859804074
5.0-10 cm,5,Control,0-10 cm,82,83,2021-02-09,2021-02-23,14,3.8073549220576,0.572708113804004,0.0433847138588271,0.236989033433534
5.0-10 cm,5,Control,0-10 cm,82,84,2021-02-09,2021-06-03,114,6.83289001416474,0.45405819295559,0.0379788950523502,0.143379930089397
5.0-10 cm,5,Control,0-10 cm,82,85,2021-02-09,2021-12-15,309,8.27146302790438,0.684519155590305,0.0568103558379308,0.445723556089371
5.0-10 cm,5,Control,0-10 cm,82,86,2021-02-09,2022-08-23,560,9.12928301694497,0.488839285714286,0.0658776707163804,0.317163333229273
5.0-10 cm,5,Control,0-10 cm,82,87,2021-02-09,2022-09-08,576,9.16992500144231,0.733653846153846,0.130368863087757,0.862060453752788
5.0-10 cm,5,Control,0-10 cm,82,88,2021-02-09,2022-11-16,645,9.33315535031062,0.460770328102711,0.0240064421391691,0.165579828154165
5.0-10 cm,5,Control,0-10 cm,83,84,2021-02-23,2021-06-03,100,6.64385618977472,0.555735056542811,0.0693985908044992,0.330832357876541
5.0-10 cm,5,Control,0-10 cm,83,85,2021-02-23,2021-12-15,295,8.2045711442492,0.57264351523742,0.0310696518168916,0.277489000331833
5.0-10 cm,5,Control,0-10 cm,83,86,2021-02-23,2022-08-23,546,9.09275714091985,0.579862941486558,0.0513860645088403,0.458738592736406
5.0-10 cm,5,Control,0-10 cm,83,87,2021-02-23,2022-09-08,562,9.13442632022093,0.835978835978836,0.161788558839906,1.05463286197753
5.0-10 cm,5,Control,0-10 cm,83,88,2021-02-23,2022-11-16,631,9.30149619498255,0.509772847332277,0.0540068247971112,0.3254716023911
5.0-10 cm,5,Control,0-10 cm,84,85,2021-06-03,2021-12-15,195,7.60733031374961,0.653489310205728,0.0944641074974535,0.521306830695893
5.0-10 cm,5,Control,0-10 cm,84,86,2021-06-03,2022-08-23,446,8.80089989992031,0.446511627906977,0.0383079938802831,0.236661841107147
5.0-10 cm,5,Control,0-10 cm,84,87,2021-06-03,2022-09-08,462,8.85174904141606,0.732809430255403,0.0923899680354069,0.798207073306979
5.0-10 cm,5,Control,0-10 cm,84,88,2021-06-03,2022-11-16,531,9.05256805080415,0.389266817838247,0.0230198326345028,0.16047143456719
5.0-10 cm,5,Control,0-10 cm,85,86,2021-12-15,2022-08-23,251,7.97154355395077,0.67745756020529,0.0764515812017947,0.693426587245803
5.0-10 cm,5,Control,0-10 cm,85,87,2021-12-15,2022-09-08,267,8.06069593168756,0.883050847457627,0.18685407553286,1.2962312969182
5.0-10 cm,5,Control,0-10 cm,85,88,2021-12-15,2022-11-16,336,8.39231742277876,0.624604430379747,0.0780345124653427,0.482041940568512
5.0-10 cm,5,Control,0-10 cm,86,87,2022-08-23,2022-09-08,16,4,0.733463035019455,0.110402494331066,0.675295160502178
5.0-10 cm,5,Control,0-10 cm,86,88,2022-08-23,2022-11-16,85,6.4093909361377,0.46159368269921,0.0594232920774771,0.355732194284773
5.0-10 cm,5,Control,0-10 cm,87,88,2022-09-08,2022-11-16,69,6.10852445677817,0.765975820379966,0.108819563067518,0.842348855554765
6.0-10 cm,6,Warmed,0-10 cm,89,90,2017-05-31,2018-10-10,497,8.95710204156229,0.58592132505176,0.153720607683127,0.918492827533069
6.0-10 cm,6,Warmed,0-10 cm,89,91,2017-05-31,2018-10-23,510,8.99435343685886,0.689655172413793,0.113115789902778,1.04449232912955
6.0-10 cm,6,Warmed,0-10 cm,89,92,2017-05-31,2019-09-10,832,9.70043971814109,0.551724137931035,0.116138125440451,0.767451014598415
6.0-10 cm,6,Warmed,0-10 cm,89,93,2017-05-31,2019-12-17,930,9.86108690599539,0.562947799385875,0.168318166498146,0.958238944620956
6.0-10 cm,6,Warmed,0-10 cm,89,94,2017-05-31,2020-01-28,972,9.92481250360578,0.646627565982405,0.122960840126768,0.594256235680144
6.0-10 cm,6,Warmed,0-10 cm,89,95,2017-05-31,2020-02-25,1000,9.96578428466209,0.575342465753425,0.0892944755176136,0.895698100243135
6.0-10 cm,6,Warmed,0-10 cm,89,96,2017-05-31,2020-03-10,1014,9.98584193700334,0.631651693158259,0.0651336991551258,0.60573894911358
6.0-10 cm,6,Warmed,0-10 cm,89,97,2017-05-31,2020-07-28,1154,10.1724275086455,0.517205422314911,0.0825356918380174,0.570508428047497
6.0-10 cm,6,Warmed,0-10 cm,89,98,2017-05-31,2020-09-09,1197,10.2252074369435,0.525835866261398,0.0964972724662647,0.642227694303443
6.0-10 cm,6,Warmed,0-10 cm,89,99,2017-05-31,2020-10-06,1224,10.2573878426927,0.587221095334686,0.164979480164159,0.969625768676148
6.0-10 cm,6,Warmed,0-10 cm,89,100,2017-05-31,2020-11-05,1254,10.292321632802,0.697833523375143,0.0561554360524237,0.487180561543611
6.0-10 cm,6,Warmed,0-10 cm,89,101,2017-05-31,2021-02-09,1350,10.3987436919382,0.640113798008535,0.185094344325631,0.917325618453134
6.0-10 cm,6,Warmed,0-10 cm,89,102,2017-05-31,2021-02-23,1364,10.4136279290242,0.517313746065058,0.142163275193798,0.749907827292783
6.0-10 cm,6,Warmed,0-10 cm,89,103,2017-05-31,2021-06-03,1464,10.515699838284,0.593992248062015,0.151185873391425,0.934789554048094
6.0-10 cm,6,Warmed,0-10 cm,89,104,2017-05-31,2021-12-15,1659,10.6960981709559,0.798270893371758,0.317386489479513,1.53373297488198
6.0-10 cm,6,Warmed,0-10 cm,89,105,2017-05-31,2022-08-23,1910,10.8993569229231,0.688856729377713,0.281618105675844,1.39974769270118
6.0-10 cm,6,Warmed,0-10 cm,89,106,2017-05-31,2022-09-08,1926,10.9113919878435,0.910334346504559,0.454974160206718,2.39635526264691
6.0-10 cm,6,Warmed,0-10 cm,89,107,2017-05-31,2022-11-16,1995,10.9621730311097,0.641552511415525,0.253808406229998,1.22994018574722
6.0-10 cm,6,Warmed,0-10 cm,90,91,2018-10-10,2018-10-23,13,3.70043971814109,0.567692307692308,0.0642852888370787,0.305633267742956
6.0-10 cm,6,Warmed,0-10 cm,90,92,2018-10-10,2019-09-10,335,8.38801728534514,0.568518518518519,0.0588408355398646,0.305570134923247
6.0-10 cm,6,Warmed,0-10 cm,90,93,2018-10-10,2019-12-17,433,8.75822321472672,0.534653465346535,0.0481635994510625,0.370582086209661
6.0-10 cm,6,Warmed,0-10 cm,90,94,2018-10-10,2020-01-28,475,8.89178370321831,0.727152317880795,0.272230376674085,1.39880788337013
6.0-10 cm,6,Warmed,0-10 cm,90,95,2018-10-10,2020-02-25,503,8.97441458980553,0.625615763546798,0.077866535578223,0.92099999286878
6.0-10 cm,6,Warmed,0-10 cm,90,96,2018-10-10,2020-03-10,517,9.01402047031493,0.694603174603175,0.11747209192393,0.510011621405375
6.0-10 cm,6,Warmed,0-10 cm,90,97,2018-10-10,2020-07-28,657,9.35974956032233,0.548449612403101,0.0739338506328797,0.485263040588593
6.0-10 cm,6,Warmed,0-10 cm,90,98,2018-10-10,2020-09-09,700,9.45121111183233,0.571828358208955,0.0585041352031643,0.41490042797982
6.0-10 cm,6,Warmed,0-10 cm,90,99,2018-10-10,2020-10-06,727,9.50581155391959,0.569620253164557,0.0484509779198528,0.315333569806815
6.0-10 cm,6,Warmed,0-10 cm,90,100,2018-10-10,2020-11-05,757,9.56414948998573,0.743343982960596,0.18283365165492,0.995995414855498
6.0-10 cm,6,Warmed,0-10 cm,90,101,2018-10-10,2021-02-09,853,9.73640193131829,0.698612862547289,0.0693169097939179,0.751982960906206
6.0-10 cm,6,Warmed,0-10 cm,90,102,2018-10-10,2021-02-23,867,9.75988818322183,0.587286527514232,0.0361711887424873,0.382408541577735
6.0-10 cm,6,Warmed,0-10 cm,90,103,2018-10-10,2021-06-03,967,9.91737207947684,0.55123339658444,0.0288009829193669,0.423615548780564
6.0-10 cm,6,Warmed,0-10 cm,90,104,2018-10-10,2021-12-15,1162,10.1823943534045,0.827319587628866,0.191400832177531,0.899144635241901
6.0-10 cm,6,Warmed,0-10 cm,90,105,2018-10-10,2022-08-23,1413,10.4645457503339,0.734536082474227,0.163773175825402,0.903892979145065
6.0-10 cm,6,Warmed,0-10 cm,90,106,2018-10-10,2022-09-08,1429,10.4807902010958,0.92108843537415,0.329846663584528,1.91402866624509
6.0-10 cm,6,Warmed,0-10 cm,90,107,2018-10-10,2022-11-16,1498,10.5488219084588,0.626898047722343,0.122986677524845,0.475932805858388
6.0-10 cm,6,Warmed,0-10 cm,91,92,2018-10-23,2019-09-10,322,8.33091687811462,0.615492957746479,0.0329269912091998,0.464577628849478
6.0-10 cm,6,Warmed,0-10 cm,91,93,2018-10-23,2019-12-17,420,8.71424551766612,0.614150255288111,0.0855246824838716,0.591073598805877
6.0-10 cm,6,Warmed,0-10 cm,91,94,2018-10-23,2020-01-28,462,8.85174904141606,0.677583286278938,0.231625558893735,1.43622735377273
6.0-10 cm,6,Warmed,0-10 cm,91,95,2018-10-23,2020-02-25,490,8.93663793900257,0.738916256157635,0.0840501891523092,1.11574607667988
6.0-10 cm,6,Warmed,0-10 cm,91,96,2018-10-23,2020-03-10,504,8.97727992349992,0.63355408388521,0.0531868030868514,0.540864378883254
6.0-10 cm,6,Warmed,0-10 cm,91,97,2018-10-23,2020-07-28,644,9.33091687811462,0.577151335311573,0.0507220629920017,0.640963107099139
6.0-10 cm,6,Warmed,0-10 cm,91,98,2018-10-23,2020-09-09,687,9.4241662888181,0.591335740072202,0.0538632994665714,0.591100756867153
6.0-10 cm,6,Warmed,0-10 cm,91,99,2018-10-23,2020-10-06,714,9.4797802640291,0.662181303116147,0.0750385486040484,0.508476384808189
6.0-10 cm,6,Warmed,0-10 cm,91,100,2018-10-23,2020-11-05,744,9.53915881110803,0.683712121212121,0.146341450372413,0.998435735111956
6.0-10 cm,6,Warmed,0-10 cm,91,101,2018-10-23,2021-02-09,840,9.71424551766612,0.819512195121951,0.115082104883458,1.02782330028616
6.0-10 cm,6,Warmed,0-10 cm,91,102,2018-10-23,2021-02-23,854,9.73809225962049,0.658468025298665,0.0604127866637453,0.609196975277161
6.0-10 cm,6,Warmed,0-10 cm,91,103,2018-10-23,2021-06-03,954,9.89784545600551,0.592190889370933,0.0528757804633522,0.535573893409452
6.0-10 cm,6,Warmed,0-10 cm,91,104,2018-10-23,2021-12-15,1149,10.1661630826461,0.898094449047225,0.222611744084137,1.12829691481605
6.0-10 cm,6,Warmed,0-10 cm,91,105,2018-10-23,2022-08-23,1400,10.4512111118323,0.845140032948929,0.215277987649471,1.16991547104
6.0-10 cm,6,Warmed,0-10 cm,91,106,2018-10-23,2022-09-08,1416,10.467605550083,0.955211024978467,0.384738046547863,2.15219752825448
6.0-10 cm,6,Warmed,0-10 cm,91,107,2018-10-23,2022-11-16,1485,10.5362472156881,0.762114537444934,0.15419758943145,0.696153785507602
6.0-10 cm,6,Warmed,0-10 cm,92,93,2019-09-10,2019-12-17,98,6.61470984411521,0.41123370110331,0.0596047430830039,0.268920202804065
6.0-10 cm,6,Warmed,0-10 cm,92,94,2019-09-10,2020-01-28,140,7.12928301694497,0.640268456375839,0.238788888047839,1.28016254934153
6.0-10 cm,6,Warmed,0-10 cm,92,95,2019-09-10,2020-02-25,168,7.39231742277876,0.608893956670468,0.0546682009973149,0.67063002425316
6.0-10 cm,6,Warmed,0-10 cm,92,96,2019-09-10,2020-03-10,182,7.5077946401987,0.5704831237591,0.0731630915900579,0.320991499319201
6.0-10 cm,6,Warmed,0-10 cm,92,97,2019-09-10,2020-07-28,322,8.33091687811462,0.32601880877743,0.0378237978237978,0.225718317856672
6.0-10 cm,6,Warmed,0-10 cm,92,98,2019-09-10,2020-09-09,365,8.51175265376738,0.368263473053892,0.0247138047138047,0.154575805100237
6.0-10 cm,6,Warmed,0-10 cm,92,99,2019-09-10,2020-10-06,392,8.61470984411521,0.441030723488603,0.0488413547237077,0.229273156495947
6.0-10 cm,6,Warmed,0-10 cm,92,100,2019-09-10,2020-11-05,422,8.72109918870719,0.668827660723933,0.167394752898109,0.919557658166498
6.0-10 cm,6,Warmed,0-10 cm,92,101,2019-09-10,2021-02-09,518,9.01680828768655,0.695752009184845,0.0852265419467992,0.618826006913371
6.0-10 cm,6,Warmed,0-10 cm,92,102,2019-09-10,2021-02-23,532,9.05528243550119,0.438235294117647,0.0345454545454545,0.184384585064082
6.0-10 cm,6,Warmed,0-10 cm,92,103,2019-09-10,2021-06-03,632,9.3037807481771,0.439234449760766,0.040663207759982,0.230045625181268
6.0-10 cm,6,Warmed,0-10 cm,92,104,2019-09-10,2021-12-15,827,9.69174351917128,0.826388888888889,0.201558441558442,0.965677340291956
6.0-10 cm,6,Warmed,0-10 cm,92,105,2019-09-10,2022-08-23,1078,10.0741414627525,0.732788798133022,0.189327760362243,0.908394930197028
6.0-10 cm,6,Warmed,0-10 cm,92,106,2019-09-10,2022-09-08,1094,10.0953970227926,0.924460431654676,0.362373737373737,1.94154906614024
6.0-10 cm,6,Warmed,0-10 cm,92,107,2019-09-10,2022-11-16,1163,10.1836353814732,0.609137055837564,0.137670280789547,0.567835713660162
6.0-10 cm,6,Warmed,0-10 cm,93,94,2019-12-17,2020-01-28,42,5.39231742277876,0.670284938941656,0.291279006624914,1.49993976987176
6.0-10 cm,6,Warmed,0-10 cm,93,95,2019-12-17,2020-02-25,70,6.12928301694497,0.589242053789731,0.0876669835393006,0.653070521070108
6.0-10 cm,6,Warmed,0-10 cm,93,96,2019-12-17,2020-03-10,84,6.39231742277876,0.596514745308311,0.132767834673062,0.564971474125678
6.0-10 cm,6,Warmed,0-10 cm,93,97,2019-12-17,2020-07-28,224,7.8073549220576,0.384858044164038,0.0903139164008729,0.422337755632238
6.0-10 cm,6,Warmed,0-10 cm,93,98,2019-12-17,2020-09-09,267,8.06069593168756,0.394063459570113,0.0726247987117553,0.334999377426252
6.0-10 cm,6,Warmed,0-10 cm,93,99,2019-12-17,2020-10-06,294,8.19967234483636,0.398512221041445,0.0157909013407734,0.113729904701637
6.0-10 cm,6,Warmed,0-10 cm,93,100,2019-12-17,2020-11-05,324,8.33985000288462,0.688183807439825,0.219884871475184,1.14754954824297
6.0-10 cm,6,Warmed,0-10 cm,93,101,2019-12-17,2021-02-09,420,8.71424551766612,0.675742574257426,0.0301378103698808,0.500016778779068
6.0-10 cm,6,Warmed,0-10 cm,93,102,2019-12-17,2021-02-23,434,8.76155123244448,0.435450819672131,0.0313992506587615,0.211128840994991
6.0-10 cm,6,Warmed,0-10 cm,93,103,2019-12-17,2021-06-03,534,9.06069593168755,0.414387031408308,0.051285320570033,0.27984377474957
6.0-10 cm,6,Warmed,0-10 cm,93,104,2019-12-17,2021-12-15,729,9.50977500432694,0.807547169811321,0.149068322981367,0.74802298271515
6.0-10 cm,6,Warmed,0-10 cm,93,105,2019-12-17,2022-08-23,980,9.93663793900257,0.708860759493671,0.129753305165599,0.668442838962572
6.0-10 cm,6,Warmed,0-10 cm,93,106,2019-12-17,2022-09-08,996,9.96000193206808,0.91796875,0.305720245937637,1.69772181231218
6.0-10 cm,6,Warmed,0-10 cm,93,107,2019-12-17,2022-11-16,1065,10.0566377151132,0.588744588744589,0.0881314138593756,0.352272230287372
6.0-10 cm,6,Warmed,0-10 cm,94,95,2020-01-28,2020-02-25,28,4.8073549220576,0.777947932618683,0.207074273548414,1.44588371012495
6.0-10 cm,6,Warmed,0-10 cm,94,96,2020-01-28,2020-03-10,42,5.39231742277876,0.550028587764437,0.183643468146083,1.02768250739231
6.0-10 cm,6,Warmed,0-10 cm,94,97,2020-01-28,2020-07-28,182,7.5077946401987,0.603107344632768,0.201045460828975,1.10462348477521
6.0-10 cm,6,Warmed,0-10 cm,94,98,2020-01-28,2020-09-09,225,7.81378119121704,0.58976157082749,0.218654207913159,1.17509745568266
6.0-10 cm,6,Warmed,0-10 cm,94,99,2020-01-28,2020-10-06,252,7.97727992349992,0.693699731903485,0.287558941523775,1.49924678258874
6.0-10 cm,6,Warmed,0-10 cm,94,100,2020-01-28,2020-11-05,282,8.13955135239879,0.456521739130435,0.0893967250191649,0.471246286896981
6.0-10 cm,6,Warmed,0-10 cm,94,101,2020-01-28,2021-02-09,378,8.56224242422107,0.838709677419355,0.308055184452399,1.5068106413532
6.0-10 cm,6,Warmed,0-10 cm,94,102,2020-01-28,2021-02-23,392,8.61470984411521,0.663272233536999,0.265124115320566,1.29582017227653
6.0-10 cm,6,Warmed,0-10 cm,94,103,2020-01-28,2021-06-03,492,8.94251450533924,0.684796854521625,0.269695642382382,1.44794574699131
6.0-10 cm,6,Warmed,0-10 cm,94,104,2020-01-28,2021-12-15,687,9.4241662888181,0.911511354737666,0.44034732960628,2.10975963756632
6.0-10 cm,6,Warmed,0-10 cm,94,105,2020-01-28,2022-08-23,938,9.87344411251538,0.864024864024864,0.404222534860796,1.98088956997342
6.0-10 cm,6,Warmed,0-10 cm,94,106,2020-01-28,2022-09-08,954,9.89784545600551,0.965881397238018,0.573283837542788,2.97466023969034
6.0-10 cm,6,Warmed,0-10 cm,94,107,2020-01-28,2022-11-16,1023,9.99859042974533,0.8,0.372318175220955,1.77240291578738
6.0-10 cm,6,Warmed,0-10 cm,95,96,2020-02-25,2020-03-10,14,3.8073549220576,0.724188790560472,0.0953491679704167,0.805900353344202
6.0-10 cm,6,Warmed,0-10 cm,95,97,2020-02-25,2020-07-28,154,7.2667865406949,0.582829504232165,0.0391867455158594,0.571262999230674
6.0-10 cm,6,Warmed,0-10 cm,95,98,2020-02-25,2020-09-09,197,7.62205181945638,0.616532721010333,0.0401000156274418,0.59327646128902
6.0-10 cm,6,Warmed,0-10 cm,95,99,2020-02-25,2020-10-06,224,7.8073549220576,0.612864077669903,0.086969471332837,0.69923316270831
6.0-10 cm,6,Warmed,0-10 cm,95,100,2020-02-25,2020-11-05,254,7.98868468677217,0.809133489461358,0.145449911570037,1.27350060854515
6.0-10 cm,6,Warmed,0-10 cm,95,101,2020-02-25,2021-02-09,350,8.45121111183233,0.458515283842795,0.100980910903985,0.440496025181369
6.0-10 cm,6,Warmed,0-10 cm,95,102,2020-02-25,2021-02-23,364,8.5077946401987,0.578239608801956,0.0691917194092827,0.593264504608312
6.0-10 cm,6,Warmed,0-10 cm,95,103,2020-02-25,2021-06-03,464,8.85798099512757,0.577014218009479,0.0735716304928228,0.642752962786276
6.0-10 cm,6,Warmed,0-10 cm,95,104,2020-02-25,2021-12-15,659,9.36413465500805,0.681715575620768,0.234183912664925,1.05021492207087
6.0-10 cm,6,Warmed,0-10 cm,95,105,2020-02-25,2022-08-23,910,9.82972273508606,0.509090909090909,0.201939958290897,0.88524184513057
6.0-10 cm,6,Warmed,0-10 cm,95,106,2020-02-25,2022-09-08,926,9.85486838326024,0.852579852579853,0.381399437412096,1.78868022641049
6.0-10 cm,6,Warmed,0-10 cm,95,107,2020-02-25,2022-11-16,995,9.95855271543101,0.562691131498471,0.175798397398676,0.909600106817608
6.0-10 cm,6,Warmed,0-10 cm,96,97,2020-03-10,2020-07-28,140,7.12928301694497,0.540428472702142,0.0565355082209015,0.271039027542453
6.0-10 cm,6,Warmed,0-10 cm,96,98,2020-03-10,2020-09-09,183,7.51569983828404,0.518646408839779,0.0730059647662644,0.295018636310581
6.0-10 cm,6,Warmed,0-10 cm,96,99,2020-03-10,2020-10-06,210,7.71424551766612,0.634098360655738,0.117655070199684,0.534037999382814
6.0-10 cm,6,Warmed,0-10 cm,96,100,2020-03-10,2020-11-05,240,7.90689059560852,0.529906080079091,0.101858491406791,0.654294550362048
6.0-10 cm,6,Warmed,0-10 cm,96,101,2020-03-10,2021-02-09,336,8.39231742277876,0.808110065170166,0.158389633536857,0.842139451619698
6.0-10 cm,6,Warmed,0-10 cm,96,102,2020-03-10,2021-02-23,350,8.45121111183233,0.604512276045123,0.101960440074906,0.417870979170026
6.0-10 cm,6,Warmed,0-10 cm,96,103,2020-03-10,2021-06-03,450,8.81378119121704,0.581179589131875,0.0886711090045632,0.460558625667861
6.0-10 cm,6,Warmed,0-10 cm,96,104,2020-03-10,2021-12-15,645,9.33315535031062,0.889212827988338,0.267094703049759,1.27191593638419
6.0-10 cm,6,Warmed,0-10 cm,96,105,2020-03-10,2022-08-23,896,9.8073549220576,0.832479882955377,0.262490851952301,1.20059927156443
6.0-10 cm,6,Warmed,0-10 cm,96,106,2020-03-10,2022-09-08,912,9.83289001416474,0.953125,0.434425717852684,2.22886867284944
6.0-10 cm,6,Warmed,0-10 cm,96,107,2020-03-10,2022-11-16,981,9.93810932621924,0.756613756613757,0.198680548397072,0.861362364082556
6.0-10 cm,6,Warmed,0-10 cm,97,98,2020-07-28,2020-09-09,43,5.4262647547021,0.31885593220339,0.0223366223366223,0.0956311259856574
6.0-10 cm,6,Warmed,0-10 cm,97,99,2020-07-28,2020-10-06,70,6.12928301694497,0.429454170957776,0.0865938512997336,0.424346633818767
6.0-10 cm,6,Warmed,0-10 cm,97,100,2020-07-28,2020-11-05,100,6.64385618977472,0.644980370162647,0.129570955074311,0.795598055048873
6.0-10 cm,6,Warmed,0-10 cm,97,101,2020-07-28,2021-02-09,196,7.61470984411521,0.693877551020408,0.107090094228358,0.585107408198692
6.0-10 cm,6,Warmed,0-10 cm,97,102,2020-07-28,2021-02-23,210,7.71424551766612,0.412127440904419,0.0643098455598456,0.238466642351225
6.0-10 cm,6,Warmed,0-10 cm,97,103,2020-07-28,2021-06-03,310,8.27612440527424,0.413827655310621,0.0686501815534074,0.382710712737132
6.0-10 cm,6,Warmed,0-10 cm,97,104,2020-07-28,2021-12-15,505,8.98013957763916,0.82051282051282,0.239382239382239,1.09600000601627
6.0-10 cm,6,Warmed,0-10 cm,97,105,2020-07-28,2022-08-23,756,9.56224242422107,0.727941176470588,0.208642139676622,0.99207301369949
6.0-10 cm,6,Warmed,0-10 cm,97,106,2020-07-28,2022-09-08,772,9.59245703726808,0.919847328244275,0.380577005577006,2.0274417696037
6.0-10 cm,6,Warmed,0-10 cm,97,107,2020-07-28,2022-11-16,841,9.71596199025514,0.611344537815126,0.17127271439198,0.742297242468005
6.0-10 cm,6,Warmed,0-10 cm,98,99,2020-09-09,2020-10-06,27,4.75488750216347,0.437311935807422,0.068904733610616,0.34090803012489
6.0-10 cm,6,Warmed,0-10 cm,98,100,2020-09-09,2020-11-05,57,5.83289001416474,0.630313199105145,0.147260072763429,0.845313073617889
6.0-10 cm,6,Warmed,0-10 cm,98,101,2020-09-09,2021-02-09,153,7.25738784269265,0.70554272517321,0.0894009765392402,0.556338006127339
6.0-10 cm,6,Warmed,0-10 cm,98,102,2020-09-09,2021-02-23,167,7.38370429247405,0.440711462450593,0.0464699074074074,0.152683674782029
6.0-10 cm,6,Warmed,0-10 cm,98,103,2020-09-09,2021-06-03,267,8.06069593168756,0.450623202301055,0.0555678093312502,0.33410101542685
6.0-10 cm,6,Warmed,0-10 cm,98,104,2020-09-09,2021-12-15,462,8.85174904141606,0.824705882352941,0.221693121693122,1.02597471504758
6.0-10 cm,6,Warmed,0-10 cm,98,105,2020-09-09,2022-08-23,713,9.47775826644389,0.737028301886793,0.189484887186037,0.924495352492339
6.0-10 cm,6,Warmed,0-10 cm,98,106,2020-09-09,2022-09-08,729,9.50977500432694,0.925700365408039,0.362037037037037,1.96549574881921
6.0-10 cm,6,Warmed,0-10 cm,98,107,2020-09-09,2022-11-16,798,9.64024493622235,0.628542510121458,0.157311133763733,0.655231631552262
6.0-10 cm,6,Warmed,0-10 cm,99,100,2020-10-06,2020-11-05,30,4.90689059560852,0.723529411764706,0.216164806374044,1.13507353538974
6.0-10 cm,6,Warmed,0-10 cm,99,101,2020-10-06,2021-02-09,126,6.97727992349992,0.661188369152971,0.0418995133861788,0.57932790541934
6.0-10 cm,6,Warmed,0-10 cm,99,102,2020-10-06,2021-02-23,140,7.12928301694497,0.46403242147923,0.0288199086452763,0.250719368227469
6.0-10 cm,6,Warmed,0-10 cm,99,103,2020-10-06,2021-06-03,240,7.90689059560852,0.48390243902439,0.0361725560966548,0.209970776634435
6.0-10 cm,6,Warmed,0-10 cm,99,104,2020-10-06,2021-12-15,435,8.76487159073609,0.806369426751592,0.152788388082506,0.769441105761799
6.0-10 cm,6,Warmed,0-10 cm,99,105,2020-10-06,2022-08-23,686,9.42206476617281,0.699742268041237,0.144835781752617,0.737775161834894
6.0-10 cm,6,Warmed,0-10 cm,99,106,2020-10-06,2022-09-08,702,9.45532722030456,0.915343915343915,0.31781045751634,1.74945112601807
6.0-10 cm,6,Warmed,0-10 cm,99,107,2020-10-06,2022-11-16,771,9.59058704991503,0.589967284623773,0.0888289260658392,0.361130834274858
6.0-10 cm,6,Warmed,0-10 cm,100,101,2020-11-05,2021-02-09,96,6.58496250072116,0.862973760932945,0.236661049302669,1.28154994842439
6.0-10 cm,6,Warmed,0-10 cm,100,102,2020-11-05,2021-02-23,110,6.78135971352466,0.710765934654526,0.193729980170836,0.962496033738802
6.0-10 cm,6,Warmed,0-10 cm,100,103,2020-11-05,2021-06-03,210,7.71424551766612,0.677663601946998,0.180722070741556,1.10122531526886
6.0-10 cm,6,Warmed,0-10 cm,100,104,2020-11-05,2021-12-15,405,8.66177809777199,0.920897284533648,0.36895319445655,1.79512935237091
6.0-10 cm,6,Warmed,0-10 cm,100,105,2020-11-05,2022-08-23,656,9.35755200461808,0.883666274970623,0.332828399711066,1.69395036543641
6.0-10 cm,6,Warmed,0-10 cm,100,106,2020-11-05,2022-09-08,672,9.39231742277876,0.966787439613526,0.5033980747068,2.72171839196623
6.0-10 cm,6,Warmed,0-10 cm,100,107,2020-11-05,2022-11-16,741,9.53332973230583,0.816901408450704,0.300539039803863,1.40488283669137
6.0-10 cm,6,Warmed,0-10 cm,101,102,2021-02-09,2021-02-23,14,3.8073549220576,0.656288916562889,0.0606787580385852,0.4699044829885
6.0-10 cm,6,Warmed,0-10 cm,101,103,2021-02-09,2021-06-03,114,6.83289001416474,0.698135198135198,0.0769071194338283,0.652401709797476
6.0-10 cm,6,Warmed,0-10 cm,101,104,2021-02-09,2021-12-15,309,8.27146302790438,0.595505617977528,0.143809864067099,0.748053559376752
6.0-10 cm,6,Warmed,0-10 cm,101,105,2021-02-09,2022-08-23,560,9.12928301694497,0.449864498644986,0.105949169038203,0.535188405565705
6.0-10 cm,6,Warmed,0-10 cm,101,106,2021-02-09,2022-09-08,576,9.16992500144231,0.81055900621118,0.294167559842801,1.51987190567474
6.0-10 cm,6,Warmed,0-10 cm,101,107,2021-02-09,2022-11-16,645,9.33315535031062,0.59672131147541,0.0854243488008496,0.641716711623276
6.0-10 cm,6,Warmed,0-10 cm,102,103,2021-02-23,2021-06-03,100,6.64385618977472,0.474806201550388,0.0324196133167908,0.316031606909168
6.0-10 cm,6,Warmed,0-10 cm,102,104,2021-02-23,2021-12-15,295,8.2045711442492,0.808219178082192,0.175223214285714,0.895258815848092
6.0-10 cm,6,Warmed,0-10 cm,102,105,2021-02-23,2022-08-23,546,9.09275714091985,0.705660377358491,0.160874640804598,0.785968819657717
6.0-10 cm,6,Warmed,0-10 cm,102,106,2021-02-23,2022-09-08,562,9.13442632022093,0.918918918918919,0.336805555555556,1.82655440935423
6.0-10 cm,6,Warmed,0-10 cm,102,107,2021-02-23,2022-11-16,631,9.30149619498255,0.603191489361702,0.114564220183486,0.522536702648765
6.0-10 cm,6,Warmed,0-10 cm,103,104,2021-06-03,2021-12-15,195,7.60733031374961,0.822485207100592,0.188231123714995,0.899553428149168
6.0-10 cm,6,Warmed,0-10 cm,103,105,2021-06-03,2022-08-23,446,8.80089989992031,0.729761904761905,0.181008337849272,0.88292495257132
6.0-10 cm,6,Warmed,0-10 cm,103,106,2021-06-03,2022-09-08,462,8.85174904141606,0.922699386503067,0.352943203749655,1.86248124046736
6.0-10 cm,6,Warmed,0-10 cm,103,107,2021-06-03,2022-11-16,531,9.05256805080415,0.6086508753862,0.119816969062308,0.536083360444567
6.0-10 cm,6,Warmed,0-10 cm,104,105,2021-12-15,2022-08-23,251,7.97154355395077,0.514851485148515,0.0587484035759898,0.350283495676987
6.0-10 cm,6,Warmed,0-10 cm,104,106,2021-12-15,2022-09-08,267,8.06069593168756,0.688442211055276,0.180555555555556,1.04614923286487
6.0-10 cm,6,Warmed,0-10 cm,104,107,2021-12-15,2022-11-16,336,8.39231742277876,0.736660929432014,0.0704237658366099,0.479153486236946
6.0-10 cm,6,Warmed,0-10 cm,105,106,2022-08-23,2022-09-08,16,4,0.762081784386617,0.188218390804598,1.06849398106036
6.0-10 cm,6,Warmed,0-10 cm,105,107,2022-08-23,2022-11-16,85,6.4093909361377,0.590909090909091,0.0806495834651481,0.514980118803251
6.0-10 cm,6,Warmed,0-10 cm,106,107,2022-09-08,2022-11-16,69,6.10852445677817,0.888288288288288,0.239653414882773,1.46431553997752
1.10-30 cm,1,Control,10-30 cm,108,109,2020-02-25,2021-09-21,574,9.16490692667569,0.960975609756098,0.257275132275132,1.29162211667747
1.10-30 cm,1,Control,10-30 cm,108,110,2020-02-25,2022-08-23,910,9.82972273508606,0.821782178217822,0.248677248677249,1.24729493731822
1.10-30 cm,1,Control,10-30 cm,108,111,2020-02-25,2022-09-08,926,9.85486838326024,0.725099601593626,0.142493638676845,0.611571148404629
1.10-30 cm,1,Control,10-30 cm,108,112,2020-02-25,2022-11-16,995,9.95855271543101,0.8,0.100958100958101,0.736989841982552
1.10-30 cm,1,Control,10-30 cm,108,113,2020-02-25,2023-01-12,1052,10.0389189892923,0.736543909348442,0.133036872336483,0.698674080542299
1.10-30 cm,1,Control,10-30 cm,108,114,2020-02-25,2023-05-30,1190,10.2167458581953,0.735507246376812,0.152083333333333,0.586178162235053
1.10-30 cm,1,Control,10-30 cm,108,115,2020-02-25,2023-08-22,1274,10.3151495622563,0.846678023850085,0.201654523375835,0.872248967173293
1.10-30 cm,1,Control,10-30 cm,108,116,2020-02-25,2023-12-12,1386,10.4367115421372,0.857610474631751,0.22433238739722,1.17542173666131
1.10-30 cm,1,Control,10-30 cm,109,110,2021-09-21,2022-08-23,336,8.39231742277876,0.942028985507246,0.505952380952381,2.19903831996524
1.10-30 cm,1,Control,10-30 cm,109,111,2021-09-21,2022-09-08,352,8.4594316186373,0.938356164383562,0.353053435114504,1.66161947954485
1.10-30 cm,1,Control,10-30 cm,109,112,2021-09-21,2022-11-16,421,8.7176764230664,0.98,0.299174174174174,1.92931012957804
1.10-30 cm,1,Control,10-30 cm,109,113,2021-09-21,2023-01-12,478,8.90086680798075,0.966911764705882,0.290856031128405,1.85342445364346
1.10-30 cm,1,Control,10-30 cm,109,114,2021-09-21,2023-05-30,616,9.2667865406949,0.930232558139535,0.33125,1.67764706325428
1.10-30 cm,1,Control,10-30 cm,109,115,2021-09-21,2023-08-22,700,9.45121111183233,0.973947895791583,0.299180327868852,1.88427320481174
1.10-30 cm,1,Control,10-30 cm,109,116,2021-09-21,2023-12-12,812,9.66533591718518,0.976967370441459,0.308202357563851,2.24813825699436
1.10-30 cm,1,Control,10-30 cm,110,111,2022-08-23,2022-09-08,16,4,0.732394366197183,0.182738744352703,0.801288101260348
1.10-30 cm,1,Control,10-30 cm,110,112,2022-08-23,2022-11-16,85,6.4093909361377,0.895953757225433,0.212784212784213,1.07653246323852
1.10-30 cm,1,Control,10-30 cm,110,113,2022-08-23,2023-01-12,142,7.14974711950468,0.853932584269663,0.224013340744858,1.00449486859675
1.10-30 cm,1,Control,10-30 cm,110,114,2022-08-23,2023-05-30,280,8.12928301694497,0.798850574712644,0.210076530612245,0.92641044661924
1.10-30 cm,1,Control,10-30 cm,110,115,2022-08-23,2023-08-22,364,8.5077946401987,0.926,0.314277350284376,1.53119138429193
1.10-30 cm,1,Control,10-30 cm,110,116,2022-08-23,2023-12-12,476,8.89481776330794,0.928982725527831,0.336955214305762,1.47989387829142
1.10-30 cm,1,Control,10-30 cm,111,112,2022-09-08,2022-11-16,69,6.10852445677817,0.813299232736573,0.0685189005799693,0.559011468221666
1.10-30 cm,1,Control,10-30 cm,111,113,2022-09-08,2023-01-12,126,6.97727992349992,0.744336569579288,0.0621974039860992,0.414702848944552
1.10-30 cm,1,Control,10-30 cm,111,114,2022-09-08,2023-05-30,264,8.04439411935845,0.677272727272727,0.0335400763358778,0.286471483978962
1.10-30 cm,1,Control,10-30 cm,111,115,2022-09-08,2023-08-22,348,8.44294349584873,0.849442379182156,0.140814666499812,0.912761361719221
1.10-30 cm,1,Control,10-30 cm,111,116,2022-09-08,2023-12-12,460,8.84549005094438,0.865248226950355,0.173802846473402,1.04894291884074
1.10-30 cm,1,Control,10-30 cm,112,113,2022-11-16,2023-01-12,57,5.83289001416474,0.731182795698925,0.0533179093490378,0.169947100295124
1.10-30 cm,1,Control,10-30 cm,112,114,2022-11-16,2023-05-30,195,7.60733031374961,0.817745803357314,0.0679992492492493,0.492001035387471
1.10-30 cm,1,Control,10-30 cm,112,115,2022-11-16,2023-08-22,279,8.12412131182919,0.837110481586402,0.140593462314774,0.500489473812024
1.10-30 cm,1,Control,10-30 cm,112,116,2022-11-16,2023-12-12,391,8.61102479730735,0.868279569892473,0.167312695799926,0.564127965301538
1.10-30 cm,1,Control,10-30 cm,113,114,2023-01-12,2023-05-30,138,7.10852445677817,0.716923076923077,0.0444309338521401,0.382307102842556
1.10-30 cm,1,Control,10-30 cm,113,115,2023-01-12,2023-08-22,222,7.79441586635011,0.764510779436153,0.111445110671685,0.568783205502069
1.10-30 cm,1,Control,10-30 cm,113,116,2023-01-12,2023-12-12,334,8.38370429247405,0.812403100775194,0.117427167024684,0.659857518415288
1.10-30 cm,1,Control,10-30 cm,114,115,2023-05-30,2023-08-22,84,6.39231742277876,0.795539033457249,0.118135245901639,0.760421789379627
1.10-30 cm,1,Control,10-30 cm,114,116,2023-05-30,2023-12-12,196,7.61470984411521,0.801075268817204,0.140262770137525,0.898673678608852
1.10-30 cm,1,Control,10-30 cm,115,116,2023-08-22,2023-12-12,112,6.8073549220576,0.68988173455979,0.0518092370124642,0.424712216883858
2.10-30 cm,2,Warmed,10-30 cm,117,118,2020-02-25,2021-09-21,574,9.16490692667569,0.731563421828909,0.109883755121244,0.400536933880885
2.10-30 cm,2,Warmed,10-30 cm,117,119,2020-02-25,2022-08-23,910,9.82972273508606,0.907718120805369,0.117247254827717,0.824082676300068
2.10-30 cm,2,Warmed,10-30 cm,117,120,2020-02-25,2022-09-08,926,9.85486838326024,0.99644128113879,0.435251798561151,3.27599430275609
2.10-30 cm,2,Warmed,10-30 cm,117,121,2020-02-25,2022-11-16,995,9.95855271543101,0.851973684210526,0.102340662681123,0.572926685268324
2.10-30 cm,2,Warmed,10-30 cm,117,122,2020-02-25,2023-01-12,1052,10.0389189892923,0.801857585139319,0.101214441291004,0.639974485162856
2.10-30 cm,2,Warmed,10-30 cm,117,123,2020-02-25,2023-05-30,1190,10.2167458581953,0.786752827140549,0.122892455266556,0.593782212269725
2.10-30 cm,2,Warmed,10-30 cm,117,124,2020-02-25,2023-08-22,1274,10.3151495622563,0.787371134020619,0.133383163598991,0.282375889245658
2.10-30 cm,2,Warmed,10-30 cm,117,125,2020-02-25,2023-12-12,1386,10.4367115421372,0.811750599520384,0.161064252046639,0.358237495633362
2.10-30 cm,2,Warmed,10-30 cm,118,119,2021-09-21,2022-08-23,336,8.39231742277876,0.919165580182529,0.142219991395382,1.06616288600501
2.10-30 cm,2,Warmed,10-30 cm,118,120,2021-09-21,2022-09-08,352,8.4594316186373,0.993215739484396,0.326294277929155,3.181607964971
2.10-30 cm,2,Warmed,10-30 cm,118,121,2021-09-21,2022-11-16,421,8.7176764230664,0.876923076923077,0.134512798864029,0.710026415797381
2.10-30 cm,2,Warmed,10-30 cm,118,122,2021-09-21,2023-01-12,478,8.90086680798075,0.833333333333333,0.15866310026748,0.762983268926414
2.10-30 cm,2,Warmed,10-30 cm,118,123,2021-09-21,2023-05-30,616,9.2667865406949,0.818066157760814,0.159763851044505,0.838191054998935
2.10-30 cm,2,Warmed,10-30 cm,118,124,2021-09-21,2023-08-22,700,9.45121111183233,0.738444193912063,0.110524080823808,0.387471910037549
2.10-30 cm,2,Warmed,10-30 cm,118,125,2021-09-21,2023-12-12,812,9.66533591718518,0.762962962962963,0.215136709574368,0.459264241099305
2.10-30 cm,2,Warmed,10-30 cm,119,120,2022-08-23,2022-09-08,16,4,0.95959595959596,0.465789473684211,3.53279465092434
2.10-30 cm,2,Warmed,10-30 cm,119,121,2022-08-23,2022-11-16,85,6.4093909361377,0.746031746031746,0.102520385470719,0.732321247627077
2.10-30 cm,2,Warmed,10-30 cm,119,122,2022-08-23,2023-01-12,142,7.14974711950468,0.805343511450382,0.180733944954128,1.01216095655185
2.10-30 cm,2,Warmed,10-30 cm,119,123,2022-08-23,2023-05-30,280,8.12928301694497,0.796680497925311,0.0974358974358974,0.416953048596303
2.10-30 cm,2,Warmed,10-30 cm,119,124,2022-08-23,2023-08-22,364,8.5077946401987,0.875878220140515,0.202050580997949,0.865361385934028
2.10-30 cm,2,Warmed,10-30 cm,119,125,2022-08-23,2023-12-12,476,8.89481776330794,0.893528183716075,0.24065335753176,1.00050513502343
2.10-30 cm,2,Warmed,10-30 cm,120,121,2022-09-08,2022-11-16,69,6.10852445677817,0.986486486486486,0.411971830985916,2.9617278308358
2.10-30 cm,2,Warmed,10-30 cm,120,122,2022-09-08,2023-01-12,126,6.97727992349992,0.986547085201794,0.392201834862385,2.84895715432974
2.10-30 cm,2,Warmed,10-30 cm,120,123,2022-09-08,2023-05-30,264,8.04439411935845,0.990049751243781,0.483333333333333,3.44912050287574
2.10-30 cm,2,Warmed,10-30 cm,120,124,2022-09-08,2023-08-22,348,8.44294349584873,0.992307692307692,0.337012987012987,3.07927020343017
2.10-30 cm,2,Warmed,10-30 cm,120,125,2022-09-08,2023-12-12,460,8.84549005094438,0.993181818181818,0.359195402298851,2.96370095689593
2.10-30 cm,2,Warmed,10-30 cm,121,122,2022-11-16,2023-01-12,57,5.83289001416474,0.582677165354331,0.0944566481457552,0.33784467822966
2.10-30 cm,2,Warmed,10-30 cm,121,123,2022-11-16,2023-05-30,195,7.60733031374961,0.657370517928287,0.101986276634164,0.663080730678716
2.10-30 cm,2,Warmed,10-30 cm,121,124,2022-11-16,2023-08-22,279,8.12412131182919,0.774418604651163,0.149131150539601,0.434817012908403
2.10-30 cm,2,Warmed,10-30 cm,121,125,2022-11-16,2023-12-12,391,8.61102479730735,0.795407098121086,0.168674113647402,0.445992321776923
2.10-30 cm,2,Warmed,10-30 cm,122,123,2023-01-12,2023-05-30,138,7.10852445677817,0.580756013745704,0.142107739355446,0.925871813637883
2.10-30 cm,2,Warmed,10-30 cm,122,124,2023-01-12,2023-08-22,222,7.79441586635011,0.697624190064795,0.130847134516859,0.465208769793495
2.10-30 cm,2,Warmed,10-30 cm,122,125,2023-01-12,2023-12-12,334,8.38370429247405,0.709486166007905,0.0953179373615944,0.367254208130502
2.10-30 cm,2,Warmed,10-30 cm,123,124,2023-05-30,2023-08-22,84,6.39231742277876,0.651162790697675,0.157775557775558,0.727945608302593
2.10-30 cm,2,Warmed,10-30 cm,123,125,2023-05-30,2023-12-12,196,7.61470984411521,0.701030927835052,0.180194518125553,0.799920178283788
2.10-30 cm,2,Warmed,10-30 cm,124,125,2023-08-22,2023-12-12,112,6.8073549220576,0.498168498168498,0.10461262875056,0.251049848735078
3.10-30 cm,3,Control,10-30 cm,126,127,2017-05-31,2017-11-22,175,7.45121111183233,0.797101449275362,0.215723270440252,0.627118086443386
3.10-30 cm,3,Control,10-30 cm,126,128,2017-05-31,2017-12-06,189,7.56224242422107,0.933333333333333,0.34991423670669,2.22587731834508
3.10-30 cm,3,Control,10-30 cm,126,129,2017-05-31,2018-01-03,217,7.76155123244448,0.91044776119403,0.308176100628931,0.734203399815012
3.10-30 cm,3,Control,10-30 cm,126,130,2017-05-31,2018-01-30,244,7.93073733756289,0.849206349206349,0.196882690730107,0.949061447907136
3.10-30 cm,3,Control,10-30 cm,126,131,2017-05-31,2018-02-27,272,8.08746284125034,0.901960784313725,0.263191557403262,0.598656212693939
3.10-30 cm,3,Control,10-30 cm,126,132,2017-05-31,2018-05-09,343,8.42206476617281,0.926923076923077,0.16246451828352,0.678442698637177
3.10-30 cm,3,Control,10-30 cm,126,133,2017-05-31,2018-11-07,525,9.03617361255349,0.93968253968254,0.309474249647485,0.841151474518071
3.10-30 cm,3,Control,10-30 cm,126,134,2017-05-31,2019-09-10,832,9.70043971814109,0.87248322147651,0.128794093519278,0.438174036842756
3.10-30 cm,3,Control,10-30 cm,126,135,2017-05-31,2019-12-03,916,9.83920378809694,0.88125,0.20125786163522,0.75953372804015
3.10-30 cm,3,Control,10-30 cm,126,136,2017-05-31,2020-01-14,958,9.90388184573618,0.902439024390244,0.171891249442876,0.69311814842792
3.10-30 cm,3,Control,10-30 cm,126,137,2017-05-31,2020-02-25,1000,9.96578428466209,0.919811320754717,0.213121783876501,0.876190166125523
3.10-30 cm,3,Control,10-30 cm,126,138,2017-05-31,2020-03-10,1014,9.98584193700334,0.896774193548387,0.263191557403262,0.660127144423138
3.10-30 cm,3,Control,10-30 cm,126,139,2017-05-31,2020-07-28,1154,10.1724275086455,0.880597014925373,0.311223497374052,0.600902180537334
3.10-30 cm,3,Control,10-30 cm,126,140,2017-05-31,2020-09-09,1197,10.2252074369435,0.915178571428571,0.130685203574975,0.832576099405
3.10-30 cm,3,Control,10-30 cm,126,141,2017-05-31,2020-10-06,1224,10.2573878426927,0.911917098445596,0.129071025117173,0.720701389052751
3.10-30 cm,3,Control,10-30 cm,126,142,2017-05-31,2020-11-05,1254,10.292321632802,0.934426229508197,0.0909670950688178,0.909384846122481
3.10-30 cm,3,Control,10-30 cm,126,143,2017-05-31,2020-12-29,1308,10.3531468254981,0.942446043165468,0.112737806310186,0.779549332459464
3.10-30 cm,3,Control,10-30 cm,126,144,2017-05-31,2021-02-09,1350,10.3987436919382,0.919028340080972,0.143625462881326,0.629546035949582
3.10-30 cm,3,Control,10-30 cm,126,145,2017-05-31,2021-06-03,1464,10.515699838284,0.939393939393939,0.187764940570194,0.556449148078756
3.10-30 cm,3,Control,10-30 cm,126,146,2017-05-31,2021-12-15,1659,10.6960981709559,0.86734693877551,0.195510735198439,0.779722295158905
3.10-30 cm,3,Control,10-30 cm,126,147,2017-05-31,2023-05-30,2190,11.0967151544885,0.968798751950078,0.221046425024826,1.08680213688916
3.10-30 cm,3,Control,10-30 cm,127,128,2017-11-22,2017-12-06,14,3.8073549220576,0.828571428571429,0.327272727272727,2.48699645528732
3.10-30 cm,3,Control,10-30 cm,127,129,2017-11-22,2018-01-03,42,5.39231742277876,0.861111111111111,0.270967741935484,1.30821640834191
3.10-30 cm,3,Control,10-30 cm,127,130,2017-11-22,2018-01-30,69,6.10852445677817,0.849056603773585,0.0666666666666667,0.548153255088205
3.10-30 cm,3,Control,10-30 cm,127,131,2017-11-22,2018-02-27,97,6.59991284218713,0.873417721518987,0.172881355932203,1.14411685091059
3.10-30 cm,3,Control,10-30 cm,127,132,2017-11-22,2018-05-09,168,7.39231742277876,0.933333333333333,0.092330383480826,0.99125754378411
3.10-30 cm,3,Control,10-30 cm,127,133,2017-11-22,2018-11-07,350,8.45121111183233,0.942176870748299,0.124673784104389,1.00820659774994
3.10-30 cm,3,Control,10-30 cm,127,134,2017-11-22,2019-09-10,657,9.35974956032233,0.875968992248062,0.157971014492754,0.889824611517646
3.10-30 cm,3,Control,10-30 cm,127,135,2017-11-22,2019-12-03,741,9.53332973230583,0.869565217391304,0.0634920634920635,0.554902353880067
3.10-30 cm,3,Control,10-30 cm,127,136,2017-11-22,2020-01-14,783,9.61286849729104,0.917241379310345,0.0480314960629922,0.770151006578578
3.10-30 cm,3,Control,10-30 cm,127,137,2017-11-22,2020-02-25,825,9.68825030913318,0.938144329896907,0.0458333333333333,0.784251235337589
3.10-30 cm,3,Control,10-30 cm,127,138,2017-11-22,2020-03-10,839,9.71252700043982,0.91970802919708,0.0751412429378531,0.738001226756308
3.10-30 cm,3,Control,10-30 cm,127,139,2017-11-22,2020-07-28,979,9.93516504960369,0.895652173913044,0.143298969072165,0.780866704079025
3.10-30 cm,3,Control,10-30 cm,127,140,2017-11-22,2020-09-09,1022,9.99717948093762,0.932038834951456,0.0982456140350877,0.871787421490411
3.10-30 cm,3,Control,10-30 cm,127,141,2017-11-22,2020-10-06,1049,10.0347989625773,0.9375,0.152653927813164,0.657156782501271
3.10-30 cm,3,Control,10-30 cm,127,142,2017-11-22,2020-11-05,1079,10.075479149488,0.951327433628319,0.216908212560387,0.826148084257425
3.10-30 cm,3,Control,10-30 cm,127,143,2017-11-22,2020-12-29,1133,10.1459321458205,0.957692307692308,0.208990318118949,0.81670222444146
3.10-30 cm,3,Control,10-30 cm,127,144,2017-11-22,2021-02-09,1175,10.1984450414524,0.948275862068965,0.226479750778816,1.08952589032756
3.10-30 cm,3,Control,10-30 cm,127,145,2017-11-22,2021-06-03,1289,10.3320365483617,0.959514170040486,0.190455212922173,1.02307660865306
3.10-30 cm,3,Control,10-30 cm,127,146,2017-11-22,2021-12-15,1484,10.5352753766208,0.886075949367089,0.204597701149425,0.647323366785942
3.10-30 cm,3,Control,10-30 cm,127,147,2017-11-22,2023-05-30,2015,10.9765641234153,0.9792,0.19155701754386,1.15404993384436
3.10-30 cm,3,Control,10-30 cm,128,129,2017-12-06,2018-01-03,28,4.8073549220576,0.96,0.270772238514174,1.85635073583019
3.10-30 cm,3,Control,10-30 cm,128,130,2017-12-06,2018-01-30,55,5.78135971352466,0.97,0.379446640316206,2.8863831598738
3.10-30 cm,3,Control,10-30 cm,128,131,2017-12-06,2018-02-27,83,6.37503943134693,0.970588235294118,0.348228043143297,2.05768090988986
3.10-30 cm,3,Control,10-30 cm,128,132,2017-12-06,2018-05-09,154,7.2667865406949,0.987179487179487,0.249396621078037,2.46590652797883
3.10-30 cm,3,Control,10-30 cm,128,133,2017-12-06,2018-11-07,336,8.39231742277876,0.986111111111111,0.232610805564542,2.52502556706178
3.10-30 cm,3,Control,10-30 cm,128,134,2017-12-06,2019-09-10,643,9.32867492732795,0.958677685950413,0.349407114624506,2.43028869721504
3.10-30 cm,3,Control,10-30 cm,128,135,2017-12-06,2019-12-03,727,9.50581155391959,0.962121212121212,0.366522366522367,2.79161863808588
3.10-30 cm,3,Control,10-30 cm,128,136,2017-12-06,2020-01-14,769,9.58683978796183,0.992700729927007,0.309949892627058,2.52819728579338
3.10-30 cm,3,Control,10-30 cm,128,137,2017-12-06,2020-02-25,811,9.66355810421727,0.989189189189189,0.306818181818182,2.71696530127057
3.10-30 cm,3,Control,10-30 cm,128,138,2017-12-06,2020-03-10,825,9.68825030913318,0.9921875,0.339753466872111,2.64097447979343
3.10-30 cm,3,Control,10-30 cm,128,139,2017-12-06,2020-07-28,965,9.91438513215544,0.981132075471698,0.37863167760075,2.68079584234716
3.10-30 cm,3,Control,10-30 cm,128,140,2017-12-06,2020-09-09,1008,9.97727992349992,0.984848484848485,0.348325358851675,2.78076525828528
3.10-30 cm,3,Control,10-30 cm,128,141,2017-12-06,2020-10-06,1035,10.0154150523867,1,0.368847712796757,2.8064688494927
3.10-30 cm,3,Control,10-30 cm,128,142,2017-12-06,2020-11-05,1065,10.0566377151132,0.995391705069124,0.384277558190602,2.98880781927257
3.10-30 cm,3,Control,10-30 cm,128,143,2017-12-06,2020-12-29,1119,10.1279943209764,1,0.387400980761977,2.86328037856811
3.10-30 cm,3,Control,10-30 cm,128,144,2017-12-06,2021-02-09,1161,10.1811522568656,1,0.362786745964316,2.60960456922749
3.10-30 cm,3,Control,10-30 cm,128,145,2017-12-06,2021-06-03,1275,10.3162815317462,1,0.323588305967161,2.43306521804717
3.10-30 cm,3,Control,10-30 cm,128,146,2017-12-06,2021-12-15,1470,10.5216004397237,1,0.446708463949843,2.56102461727288
3.10-30 cm,3,Control,10-30 cm,128,147,2017-12-06,2023-05-30,2001,10.9665054519057,0.99512987012987,0.336124401913876,2.7628005597049
3.10-30 cm,3,Control,10-30 cm,129,130,2018-01-03,2018-01-30,27,4.75488750216347,0.878787878787879,0.309373539036933,1.59930232093962
3.10-30 cm,3,Control,10-30 cm,129,131,2018-01-03,2018-02-27,55,5.78135971352466,0.830769230769231,0.147803900127574,0.512993100018235
3.10-30 cm,3,Control,10-30 cm,129,132,2018-01-03,2018-05-09,126,6.97727992349992,0.933110367892977,0.183652107717195,0.931622212848254
3.10-30 cm,3,Control,10-30 cm,129,133,2018-01-03,2018-11-07,308,8.2667865406949,0.940509915014164,0.213790992232044,1.14089160470422
3.10-30 cm,3,Control,10-30 cm,129,134,2018-01-03,2019-09-10,615,9.2644426002266,0.881720430107527,0.231884057971014,0.784600060099658
3.10-30 cm,3,Control,10-30 cm,129,135,2018-01-03,2019-12-03,699,9.44914864537544,0.893939393939394,0.275729646697389,1.37781280159713
3.10-30 cm,3,Control,10-30 cm,129,136,2018-01-03,2020-01-14,741,9.53332973230583,0.910891089108911,0.254169841673017,1.15600124213207
3.10-30 cm,3,Control,10-30 cm,129,137,2018-01-03,2020-02-25,783,9.61286849729104,0.924,0.225134408602151,1.37905150837757
3.10-30 cm,3,Control,10-30 cm,129,138,2018-01-03,2020-03-10,797,9.63843591399047,0.895287958115183,0.274922544195371,1.18886709613964
3.10-30 cm,3,Control,10-30 cm,129,139,2018-01-03,2020-07-28,937,9.87190523765919,0.875739644970414,0.207737501385656,1.13234355428896
3.10-30 cm,3,Control,10-30 cm,129,140,2018-01-03,2020-09-09,980,9.93663793900257,0.915708812260536,0.263950198075835,1.31890293521346
3.10-30 cm,3,Control,10-30 cm,129,141,2018-01-03,2020-10-06,1007,9.97584796800678,0.936170212765957,0.252242997054996,1.29934695916405
3.10-30 cm,3,Control,10-30 cm,129,142,2018-01-03,2020-11-05,1037,10.0182001788132,0.954703832752613,0.318996415770609,1.46323107019452
3.10-30 cm,3,Control,10-30 cm,129,143,2018-01-03,2020-12-29,1091,10.0914353863236,0.952978056426332,0.273814304198456,1.28391699892726
3.10-30 cm,3,Control,10-30 cm,129,144,2018-01-03,2021-02-09,1133,10.1459321458205,0.95221843003413,0.207366093859914,0.828413226742214
3.10-30 cm,3,Control,10-30 cm,129,145,2018-01-03,2021-06-03,1247,10.2842457498297,0.961038961038961,0.146700772109327,0.692778127891565
3.10-30 cm,3,Control,10-30 cm,129,146,2018-01-03,2021-12-15,1442,10.4938554492408,0.951388888888889,0.296255098257323,1.31112190180984
3.10-30 cm,3,Control,10-30 cm,129,147,2018-01-03,2023-05-30,1973,10.9461752407236,0.976642335766423,0.252847340124505,1.35914221287653
3.10-30 cm,3,Control,10-30 cm,130,131,2018-01-30,2018-02-27,28,4.8073549220576,0.838461538461539,0.177597641857038,1.41145141258689
3.10-30 cm,3,Control,10-30 cm,130,132,2018-01-30,2018-05-09,99,6.62935662007961,0.8,0.130050019238169,1.00924724141523
3.10-30 cm,3,Control,10-30 cm,130,133,2018-01-30,2018-11-07,281,8.13442632022093,0.830721003134796,0.186832740213523,0.939506187492525
3.10-30 cm,3,Control,10-30 cm,130,134,2018-01-30,2019-09-10,588,9.19967234483636,0.745454545454546,0.11304347826087,0.998398570030296
3.10-30 cm,3,Control,10-30 cm,130,135,2018-01-30,2019-12-03,672,9.39231742277876,0.702380952380952,0.0434782608695652,0.277681030134846
3.10-30 cm,3,Control,10-30 cm,130,136,2018-01-30,2020-01-14,714,9.4797802640291,0.734104046242775,0.0825915782266347,0.757075112159713
3.10-30 cm,3,Control,10-30 cm,130,137,2018-01-30,2020-02-25,756,9.56224242422107,0.764976958525346,0.0968379446640316,0.615007565816468
3.10-30 cm,3,Control,10-30 cm,130,138,2018-01-30,2020-03-10,770,9.58871463558226,0.734939759036145,0.0849299926308033,0.661254724153452
3.10-30 cm,3,Control,10-30 cm,130,139,2018-01-30,2020-07-28,910,9.82972273508606,0.748344370860927,0.141416405199462,0.771734994096201
3.10-30 cm,3,Control,10-30 cm,130,140,2018-01-30,2020-09-09,953,9.89633240390994,0.773913043478261,0.074141876430206,0.695805531913322
3.10-30 cm,3,Control,10-30 cm,130,141,2018-01-30,2020-10-06,980,9.93663793900257,0.873303167420815,0.131265577402382,0.449255486573344
3.10-30 cm,3,Control,10-30 cm,130,142,2018-01-30,2020-11-05,1010,9.98013957763916,0.871698113207547,0.201690821256039,0.538610917512895
3.10-30 cm,3,Control,10-30 cm,130,143,2018-01-30,2020-12-29,1064,10.0552824355012,0.875,0.190149738408804,0.607456305141822
3.10-30 cm,3,Control,10-30 cm,130,144,2018-01-30,2021-02-09,1106,10.1111356702347,0.866666666666667,0.207639171068671,1.13351797603426
3.10-30 cm,3,Control,10-30 cm,130,145,2018-01-30,2021-06-03,1220,10.2526654324502,0.884615384615385,0.212267764796016,1.10126889401933
3.10-30 cm,3,Control,10-30 cm,130,146,2018-01-30,2021-12-15,1415,10.4665863377192,0.854961832061069,0.137931034482759,0.695519906051452
3.10-30 cm,3,Control,10-30 cm,130,147,2018-01-30,2023-05-30,1946,10.9262959947811,0.939393939393939,0.20966819221968,1.02563782102832
3.10-30 cm,3,Control,10-30 cm,131,132,2018-02-27,2018-05-09,71,6.14974711950468,0.924528301886792,0.16049197540123,0.933250085657449
3.10-30 cm,3,Control,10-30 cm,131,133,2018-02-27,2018-11-07,253,7.98299357469431,0.920634920634921,0.263103926654201,1.13471146446406
3.10-30 cm,3,Control,10-30 cm,131,134,2018-02-27,2019-09-10,560,9.12928301694497,0.87012987012987,0.134561532792926,0.556031315909876
3.10-30 cm,3,Control,10-30 cm,131,135,2018-02-27,2019-12-03,644,9.33091687811462,0.898809523809524,0.174468657519505,1.20400818630533
3.10-30 cm,3,Control,10-30 cm,131,136,2018-02-27,2020-01-14,686,9.42206476617281,0.899408284023669,0.176030962231416,1.05359196960386
3.10-30 cm,3,Control,10-30 cm,131,137,2018-02-27,2020-02-25,728,9.5077946401987,0.912037037037037,0.19674499229584,1.30871114357477
3.10-30 cm,3,Control,10-30 cm,131,138,2018-02-27,2020-03-10,742,9.5352753766208,0.872611464968153,0.127118644067797,0.957885769965029
3.10-30 cm,3,Control,10-30 cm,131,139,2018-02-27,2020-07-28,882,9.78463484555752,0.861313868613139,0.134544819150795,0.853943884380325
3.10-30 cm,3,Control,10-30 cm,131,140,2018-02-27,2020-09-09,925,9.85330955540367,0.912663755458515,0.188670829616414,1.17285356204665
3.10-30 cm,3,Control,10-30 cm,131,141,2018-02-27,2020-10-06,952,9.89481776330794,0.935960591133005,0.188167980136025,1.15533677858302
3.10-30 cm,3,Control,10-30 cm,131,142,2018-02-27,2020-11-05,982,9.93957921431469,0.92741935483871,0.286252354048964,1.339903554788
3.10-30 cm,3,Control,10-30 cm,131,143,2018-02-27,2020-12-29,1036,10.0168082876866,0.936170212765957,0.234615655109361,1.17983425248336
3.10-30 cm,3,Control,10-30 cm,131,144,2018-02-27,2021-02-09,1078,10.0741414627525,0.93359375,0.176698875336607,0.737761290250037
3.10-30 cm,3,Control,10-30 cm,131,145,2018-02-27,2021-06-03,1192,10.2191685204622,0.928838951310862,0.134025237064138,0.711827246545507
3.10-30 cm,3,Control,10-30 cm,131,146,2018-02-27,2021-12-15,1387,10.4377520723236,0.89622641509434,0.180596142606663,1.01922134814725
3.10-30 cm,3,Control,10-30 cm,131,147,2018-02-27,2023-05-30,1918,10.9053870050181,0.97542242703533,0.266698260481713,1.48468250217082
3.10-30 cm,3,Control,10-30 cm,132,133,2018-05-09,2018-11-07,182,7.5077946401987,0.633423180592992,0.159827417881775,0.267014723218592
3.10-30 cm,3,Control,10-30 cm,132,134,2018-05-09,2019-09-10,489,8.93369065495223,0.693486590038314,0.131127356675644,0.497534852533387
3.10-30 cm,3,Control,10-30 cm,132,135,2018-05-09,2019-12-03,573,9.16239132875691,0.733812949640288,0.119539261132181,0.807530298495156
3.10-30 cm,3,Control,10-30 cm,132,136,2018-05-09,2020-01-14,615,9.2644426002266,0.626459143968872,0.0705177339558219,0.373896801235858
3.10-30 cm,3,Control,10-30 cm,132,137,2018-05-09,2020-02-25,657,9.35974956032233,0.574468085106383,0.0825120675784392,0.552722866442503
3.10-30 cm,3,Control,10-30 cm,132,138,2018-05-09,2020-03-10,671,9.39016895620018,0.70188679245283,0.145642717864107,0.528079136359548
3.10-30 cm,3,Control,10-30 cm,132,139,2018-05-09,2020-07-28,811,9.66355810421727,0.762452107279693,0.20436091597482,0.595609438618363
3.10-30 cm,3,Control,10-30 cm,132,140,2018-05-09,2020-09-09,854,9.73809225962049,0.540350877192982,0.0989287377736377,0.472106467129342
3.10-30 cm,3,Control,10-30 cm,132,141,2018-05-09,2020-10-06,881,9.78299820892041,0.780254777070064,0.125810269996054,0.639823155401187
3.10-30 cm,3,Control,10-30 cm,132,142,2018-05-09,2020-11-05,911,9.83130724380205,0.711309523809524,0.183874139626352,0.700385979464291
3.10-30 cm,3,Control,10-30 cm,132,143,2018-05-09,2020-12-29,965,9.91438513215544,0.727520435967302,0.166379025447068,0.608433055543671
3.10-30 cm,3,Control,10-30 cm,132,144,2018-05-09,2021-02-09,1007,9.97584796800678,0.810810810810811,0.175337027541146,0.528531559980566
3.10-30 cm,3,Control,10-30 cm,132,145,2018-05-09,2021-06-03,1121,10.1305705628054,0.829457364341085,0.121320806206386,0.465196520544053
3.10-30 cm,3,Control,10-30 cm,132,146,2018-05-09,2021-12-15,1316,10.3619437737352,0.907692307692308,0.199725358559658,1.13407835961651
3.10-30 cm,3,Control,10-30 cm,132,147,2018-05-09,2023-05-30,1847,10.8509681509824,0.825352112676056,0.121055542617606,0.840013041180352
3.10-30 cm,3,Control,10-30 cm,133,134,2018-11-07,2019-09-10,307,8.26209484537018,0.785276073619632,0.27813708803961,0.696346846816786
3.10-30 cm,3,Control,10-30 cm,133,135,2018-11-07,2019-12-03,391,8.61102479730735,0.781437125748503,0.178896232277015,0.787101863173689
3.10-30 cm,3,Control,10-30 cm,133,136,2018-11-07,2020-01-14,433,8.75822321472672,0.696485623003195,0.151707904839297,0.319672029120002
3.10-30 cm,3,Control,10-30 cm,133,137,2018-11-07,2020-02-25,475,8.89178370321831,0.635820895522388,0.104598026528632,0.401633331843512
3.10-30 cm,3,Control,10-30 cm,133,138,2018-11-07,2020-03-10,489,8.93369065495223,0.704545454545455,0.135985282586404,0.547320307329951
3.10-30 cm,3,Control,10-30 cm,133,139,2018-11-07,2020-07-28,629,9.29691620687929,0.811320754716981,0.165755585721099,0.700992570932029
3.10-30 cm,3,Control,10-30 cm,133,140,2018-11-07,2020-09-09,672,9.39231742277876,0.673239436619718,0.218411687581944,0.41004334728749
3.10-30 cm,3,Control,10-30 cm,133,141,2018-11-07,2020-10-06,699,9.44914864537544,0.850393700787402,0.27282000136002,0.644183906238836
3.10-30 cm,3,Control,10-30 cm,133,142,2018-11-07,2020-11-05,729,9.50977500432694,0.800982800982801,0.314852063885021,0.671093990808604
3.10-30 cm,3,Control,10-30 cm,133,143,2018-11-07,2020-12-29,783,9.61286849729104,0.791666666666667,0.313388756811034,0.634756528671007
3.10-30 cm,3,Control,10-30 cm,133,144,2018-11-07,2021-02-09,825,9.68825030913318,0.862068965517241,0.322346758905112,0.760954569967649
3.10-30 cm,3,Control,10-30 cm,133,145,2018-11-07,2021-06-03,939,9.87498134765377,0.873614190687361,0.268330537570351,0.683577677872711
3.10-30 cm,3,Control,10-30 cm,133,146,2018-11-07,2021-12-15,1134,10.1472049249422,0.94392523364486,0.324763774696282,1.17296381112759
3.10-30 cm,3,Control,10-30 cm,133,147,2018-11-07,2023-05-30,1665,10.7013064619586,0.839425587467363,0.263561762502341,0.804407781880177
3.10-30 cm,3,Control,10-30 cm,134,135,2019-09-10,2019-12-03,84,6.39231742277876,0.638418079096045,0.116356107660456,0.770130446107063
3.10-30 cm,3,Control,10-30 cm,134,136,2019-09-10,2020-01-14,126,6.97727992349992,0.568047337278107,0.13461143444026,0.596003166959739
3.10-30 cm,3,Control,10-30 cm,134,137,2019-09-10,2020-02-25,168,7.39231742277876,0.646511627906977,0.181620553359684,0.827775410107725
3.10-30 cm,3,Control,10-30 cm,134,138,2019-09-10,2020-03-10,182,7.5077946401987,0.645348837209302,0.163522476050111,0.469764684596073
3.10-30 cm,3,Control,10-30 cm,134,139,2019-09-10,2020-07-28,322,8.33091687811462,0.72289156626506,0.182429403854774,0.367005376259503
3.10-30 cm,3,Control,10-30 cm,134,140,2019-09-10,2020-09-09,365,8.51175265376738,0.644444444444444,0.0679633867276888,0.646009636788297
3.10-30 cm,3,Control,10-30 cm,134,141,2019-09-10,2020-10-06,392,8.61470984411521,0.728971962616823,0.0674605372472999,0.660774743339218
3.10-30 cm,3,Control,10-30 cm,134,142,2019-09-10,2020-11-05,422,8.72109918870719,0.761538461538462,0.151690821256039,0.811552228487711
3.10-30 cm,3,Control,10-30 cm,134,143,2019-09-10,2020-12-29,476,8.89481776330794,0.780821917808219,0.102796319682482,0.669895017761139
3.10-30 cm,3,Control,10-30 cm,134,144,2019-09-10,2021-02-09,518,9.01680828768655,0.799270072992701,0.10284437220642,0.344582234372216
3.10-30 cm,3,Control,10-30 cm,134,145,2019-09-10,2021-06-03,632,9.3037807481771,0.8,0.127485156100364,0.392517247568332
3.10-30 cm,3,Control,10-30 cm,134,146,2019-09-10,2021-12-15,827,9.69174351917128,0.82312925170068,0.0973013493253374,0.85009082514097
3.10-30 cm,3,Control,10-30 cm,134,147,2019-09-10,2023-05-30,1358,10.4072677642447,0.899543378995434,0.189545194508009,1.1064188104006
3.10-30 cm,3,Control,10-30 cm,135,136,2019-12-03,2020-01-14,42,5.39231742277876,0.625,0.0844894388201475,0.637443682550083
3.10-30 cm,3,Control,10-30 cm,135,137,2019-12-03,2020-02-25,84,6.39231742277876,0.645739910313901,0.0824314574314574,0.546795277206367
3.10-30 cm,3,Control,10-30 cm,135,138,2019-12-03,2020-03-10,98,6.61470984411521,0.644444444444444,0.07196663976325,0.510631458691195
3.10-30 cm,3,Control,10-30 cm,135,139,2019-12-03,2020-07-28,238,7.89481776330794,0.688235294117647,0.109965635738832,0.589188696409649
3.10-30 cm,3,Control,10-30 cm,135,140,2019-12-03,2020-09-09,281,8.13442632022093,0.64957264957265,0.0859649122807018,0.566027206158876
3.10-30 cm,3,Control,10-30 cm,135,141,2019-12-03,2020-10-06,308,8.2667865406949,0.785407725321888,0.124709331715701,0.224551082729196
3.10-30 cm,3,Control,10-30 cm,135,142,2019-12-03,2020-11-05,338,8.40087943628218,0.793478260869565,0.214285714285714,0.402118300594785
3.10-30 cm,3,Control,10-30 cm,135,143,2019-12-03,2020-12-29,392,8.61470984411521,0.788778877887789,0.183593492722123,0.373854967451939
3.10-30 cm,3,Control,10-30 cm,135,144,2019-12-03,2021-02-09,434,8.76155123244448,0.819444444444445,0.201082925381991,0.871568397981142
3.10-30 cm,3,Control,10-30 cm,135,145,2019-12-03,2021-06-03,548,9.09803208296053,0.83112582781457,0.178623872456472,0.839459577773332
3.10-30 cm,3,Control,10-30 cm,135,146,2019-12-03,2021-12-15,743,9.5372184005386,0.871165644171779,0.146141215106732,0.621120135547086
3.10-30 cm,3,Control,10-30 cm,135,147,2019-12-03,2023-05-30,1274,10.3151495622563,0.901197604790419,0.195175438596491,0.86110270060233
3.10-30 cm,3,Control,10-30 cm,136,137,2020-01-14,2020-02-25,42,5.39231742277876,0.536231884057971,0.0730136005726557,0.313584928455784
3.10-30 cm,3,Control,10-30 cm,136,138,2020-01-14,2020-03-10,56,5.8073549220576,0.541666666666667,0.122647804617643,0.32994591412251
3.10-30 cm,3,Control,10-30 cm,136,139,2020-01-14,2020-07-28,196,7.61470984411521,0.650602409638554,0.191330465135157,0.500419448016378
3.10-30 cm,3,Control,10-30 cm,136,140,2020-01-14,2020-09-09,239,7.90086680798075,0.532407407407407,0.0748860339825943,0.278819734401587
3.10-30 cm,3,Control,10-30 cm,136,141,2020-01-14,2020-10-06,266,8.05528243550119,0.743362831858407,0.12929434776067,0.513322581411647
3.10-30 cm,3,Control,10-30 cm,136,142,2020-01-14,2020-11-05,296,8.20945336562895,0.744360902255639,0.173076191563011,0.574805360387462
3.10-30 cm,3,Control,10-30 cm,136,143,2020-01-14,2020-12-29,350,8.45121111183233,0.773333333333333,0.169863103211684,0.585276989740562
3.10-30 cm,3,Control,10-30 cm,136,144,2020-01-14,2021-02-09,392,8.61470984411521,0.795053003533569,0.182647729781441,0.760292048539442
3.10-30 cm,3,Control,10-30 cm,136,145,2020-01-14,2021-06-03,506,8.98299357469431,0.804054054054054,0.1570640674321,0.726235575063335
3.10-30 cm,3,Control,10-30 cm,136,146,2020-01-14,2021-12-15,701,9.45327063401062,0.858024691358025,0.181238121096932,0.996504014779134
3.10-30 cm,3,Control,10-30 cm,136,147,2020-01-14,2023-05-30,1232,10.2667865406949,0.889728096676737,0.14405045586407,0.954520716198924
3.10-30 cm,3,Control,10-30 cm,137,138,2020-02-25,2020-03-10,14,3.8073549220576,0.593301435406699,0.0993836671802774,0.495128552218468
3.10-30 cm,3,Control,10-30 cm,137,139,2020-02-25,2020-07-28,154,7.2667865406949,0.706161137440758,0.142162605435801,0.677279326926468
3.10-30 cm,3,Control,10-30 cm,137,140,2020-02-25,2020-09-09,197,7.62205181945638,0.506122448979592,0.116806220095694,0.316565254508069
3.10-30 cm,3,Control,10-30 cm,137,141,2020-02-25,2020-10-06,224,7.8073549220576,0.771217712177122,0.17121453387377,0.440392292213665
3.10-30 cm,3,Control,10-30 cm,137,142,2020-02-25,2020-11-05,254,7.98868468677217,0.748366013071895,0.21324659639877,0.425923517050198
3.10-30 cm,3,Control,10-30 cm,137,143,2020-02-25,2020-12-29,308,8.2667865406949,0.755223880597015,0.211783289324783,0.508992827316544
3.10-30 cm,3,Control,10-30 cm,137,144,2020-02-25,2021-02-09,350,8.45121111183233,0.810975609756098,0.220741291418862,0.920913830500979
3.10-30 cm,3,Control,10-30 cm,137,145,2020-02-25,2021-06-03,464,8.85798099512757,0.821637426900585,0.166725070084101,0.871158085559462
3.10-30 cm,3,Control,10-30 cm,137,146,2020-02-25,2021-12-15,659,9.36413465500805,0.890995260663507,0.223158307210031,1.05409024957438
3.10-30 cm,3,Control,10-30 cm,137,147,2020-02-25,2023-05-30,1190,10.2167458581953,0.870317002881844,0.167314593301435,0.804239248127842
3.10-30 cm,3,Control,10-30 cm,138,139,2020-03-10,2020-07-28,140,7.12928301694497,0.603896103896104,0.080988991787524,0.236606991315825
3.10-30 cm,3,Control,10-30 cm,138,140,2020-03-10,2020-09-09,183,7.51569983828404,0.63716814159292,0.155842997323818,0.287341286177306
3.10-30 cm,3,Control,10-30 cm,138,141,2020-03-10,2020-10-06,210,7.71424551766612,0.804347826086957,0.181744575191623,0.416678556006054
3.10-30 cm,3,Control,10-30 cm,138,142,2020-03-10,2020-11-05,240,7.90689059560852,0.80952380952381,0.286252354048964,0.529307013294508
3.10-30 cm,3,Control,10-30 cm,138,143,2020-03-10,2020-12-29,294,8.19967234483636,0.822950819672131,0.240628736198045,0.51320743416792
3.10-30 cm,3,Control,10-30 cm,138,144,2020-03-10,2021-02-09,336,8.39231742277876,0.835087719298246,0.258118168857912,0.676767697980885
3.10-30 cm,3,Control,10-30 cm,138,145,2020-03-10,2021-06-03,450,8.81378119121704,0.846153846153846,0.222093631001269,0.708924382683753
3.10-30 cm,3,Control,10-30 cm,138,146,2020-03-10,2021-12-15,645,9.33315535031062,0.878980891719745,0.188778492109877,0.78869158086512
3.10-30 cm,3,Control,10-30 cm,138,147,2020-03-10,2023-05-30,1176,10.1996723448364,0.916417910447761,0.266698260481713,1.06550897963694
3.10-30 cm,3,Control,10-30 cm,139,140,2020-07-28,2020-09-09,43,5.4262647547021,0.71875,0.195930548019533,0.446152075002157
3.10-30 cm,3,Control,10-30 cm,139,141,2020-07-28,2020-10-06,70,6.12928301694497,0.845454545454546,0.215181561494517,0.483167503176212
3.10-30 cm,3,Control,10-30 cm,139,142,2020-07-28,2020-11-05,100,6.64385618977472,0.869888475836431,0.324169530355097,0.5994672762611
3.10-30 cm,3,Control,10-30 cm,139,143,2020-07-28,2020-12-29,154,7.2667865406949,0.865771812080537,0.272532831415494,0.551904184944313
3.10-30 cm,3,Control,10-30 cm,139,144,2020-07-28,2021-02-09,196,7.61470984411521,0.881294964028777,0.230947104730706,0.560968549324208
3.10-30 cm,3,Control,10-30 cm,139,145,2020-07-28,2021-06-03,310,8.27612440527424,0.882758620689655,0.194922566874063,0.660837758004367
3.10-30 cm,3,Control,10-30 cm,139,146,2020-07-28,2021-12-15,505,8.98013957763916,0.860294117647059,0.184145040881621,0.795185299766473
3.10-30 cm,3,Control,10-30 cm,139,147,2020-07-28,2023-05-30,1036,10.0168082876866,0.933434190620272,0.304615436787846,1.15249893500127
3.10-30 cm,3,Control,10-30 cm,140,141,2020-09-09,2020-10-06,27,4.75488750216347,0.714814814814815,0.0571237009721757,0.407397470342942
3.10-30 cm,3,Control,10-30 cm,140,142,2020-09-09,2020-11-05,57,5.83289001416474,0.676666666666667,0.130409356725146,0.392549459593564
3.10-30 cm,3,Control,10-30 cm,140,143,2020-09-09,2020-12-29,111,6.79441586635011,0.689969604863222,0.116007861978598,0.449977086967949
3.10-30 cm,3,Control,10-30 cm,140,144,2020-09-09,2021-02-09,153,7.25738784269265,0.775757575757576,0.142203639940974,0.742632594368867
3.10-30 cm,3,Control,10-30 cm,140,145,2020-09-09,2021-06-03,267,8.06069593168756,0.791304347826087,0.166844423834918,0.770844686673386
3.10-30 cm,3,Control,10-30 cm,140,146,2020-09-09,2021-12-15,462,8.85174904141606,0.887892376681614,0.110344827586207,1.0111557055355
3.10-30 cm,3,Control,10-30 cm,140,147,2020-09-09,2023-05-30,993,9.95564990752837,0.833333333333333,0.167105263157895,0.945847245743503
3.10-30 cm,3,Control,10-30 cm,141,142,2020-10-06,2020-11-05,30,4.90689059560852,0.709219858156028,0.10898796886058,0.234937819507844
3.10-30 cm,3,Control,10-30 cm,141,143,2020-10-06,2020-12-29,84,6.39231742277876,0.75625,0.0588841610064223,0.189058674079634
3.10-30 cm,3,Control,10-30 cm,141,144,2020-10-06,2021-02-09,126,6.97727992349992,0.775577557755776,0.103785939639264,0.715906580138205
3.10-30 cm,3,Control,10-30 cm,141,145,2020-10-06,2021-06-03,240,7.90689059560852,0.765273311897106,0.128847610763489,0.70873383421366
3.10-30 cm,3,Control,10-30 cm,141,146,2020-10-06,2021-12-15,435,8.76487159073609,0.862433862433863,0.111245332747639,0.770874825279068
3.10-30 cm,3,Control,10-30 cm,141,147,2020-10-06,2023-05-30,966,9.91587937883577,0.873343151693667,0.164389875963795,0.787645997724901
3.10-30 cm,3,Control,10-30 cm,142,143,2020-11-05,2020-12-29,54,5.75488750216347,0.678466076696165,0.0709002345300379,0.240669782331804
3.10-30 cm,3,Control,10-30 cm,142,144,2020-11-05,2021-02-09,96,6.58496250072116,0.761764705882353,0.128967447740304,0.812544787999444
3.10-30 cm,3,Control,10-30 cm,142,145,2020-11-05,2021-06-03,210,7.71424551766612,0.787709497206704,0.172295643661282,0.83901995808021
3.10-30 cm,3,Control,10-30 cm,142,146,2020-11-05,2021-12-15,405,8.66177809777199,0.88655462184874,0.208812260536398,0.984209211414304
3.10-30 cm,3,Control,10-30 cm,142,147,2020-11-05,2023-05-30,936,9.8703647195834,0.815406976744186,0.174071955250445,0.803280712336837
3.10-30 cm,3,Control,10-30 cm,143,144,2020-12-29,2021-02-09,42,5.39231742277876,0.77027027027027,0.106817388606662,0.636038111200663
3.10-30 cm,3,Control,10-30 cm,143,145,2020-12-29,2021-06-03,156,7.28540221886225,0.784415584415585,0.145867987643263,0.636493651317221
3.10-30 cm,3,Control,10-30 cm,143,146,2020-12-29,2021-12-15,351,8.45532722030456,0.892592592592593,0.157175561596795,0.885145131431131
3.10-30 cm,3,Control,10-30 cm,143,147,2020-12-29,2023-05-30,882,9.78463484555752,0.790598290598291,0.173734712819393,0.686351634424973
3.10-30 cm,3,Control,10-30 cm,144,145,2021-02-09,2021-06-03,114,6.83289001416474,0.791780821917808,0.0606653217505867,0.26279988132325
3.10-30 cm,3,Control,10-30 cm,144,146,2021-02-09,2021-12-15,309,8.27146302790438,0.898785425101215,0.174508540122462,1.05819373532977
3.10-30 cm,3,Control,10-30 cm,144,147,2021-02-09,2023-05-30,840,9.71424551766612,0.869325997248969,0.181566650270536,0.99671271957063
3.10-30 cm,3,Control,10-30 cm,145,146,2021-06-03,2021-12-15,195,7.60733031374961,0.8996138996139,0.199149324016406,1.00871638272229
3.10-30 cm,3,Control,10-30 cm,145,147,2021-06-03,2023-05-30,726,9.50382573799575,0.889627659574468,0.150301414328773,0.842916148960927
3.10-30 cm,3,Control,10-30 cm,146,147,2021-12-15,2023-05-30,531,9.05256805080415,0.952830188679245,0.275635208711434,1.29291509347379
4.10-30 cm,4,Warmed,10-30 cm,148,149,2017-05-31,2017-11-22,175,7.45121111183233,0.697674418604651,0.150108681754251,0.875161921492681
4.10-30 cm,4,Warmed,10-30 cm,148,150,2017-05-31,2017-12-06,189,7.56224242422107,0.743682310469314,0.211877814287453,0.967449224818131
4.10-30 cm,4,Warmed,10-30 cm,148,152,2017-05-31,2018-01-30,244,7.93073733756289,0.746575342465753,0.299738962660311,1.51803629176422
4.10-30 cm,4,Warmed,10-30 cm,148,153,2017-05-31,2018-02-27,272,8.08746284125034,0.693548387096774,0.200577200577201,1.15670197178899
4.10-30 cm,4,Warmed,10-30 cm,148,154,2017-05-31,2018-05-09,343,8.42206476617281,0.89185393258427,0.313746157224418,1.50017561980325
4.10-30 cm,4,Warmed,10-30 cm,148,155,2017-05-31,2018-11-07,525,9.03617361255349,0.821339950372208,0.277213625617881,1.41222374307195
4.10-30 cm,4,Warmed,10-30 cm,148,156,2017-05-31,2019-09-10,832,9.70043971814109,0.871323529411765,0.321878984014906,1.57172632304779
4.10-30 cm,4,Warmed,10-30 cm,148,157,2017-05-31,2019-12-03,916,9.83920378809694,0.882154882154882,0.33261821757397,1.62429234309266
4.10-30 cm,4,Warmed,10-30 cm,148,158,2017-05-31,2020-01-14,958,9.90388184573618,0.873889875666075,0.301935240252997,1.47410402563641
4.10-30 cm,4,Warmed,10-30 cm,148,159,2017-05-31,2020-02-25,1000,9.96578428466209,0.801699716713881,0.272446689113356,1.43922764866687
4.10-30 cm,4,Warmed,10-30 cm,148,160,2017-05-31,2020-03-10,1014,9.98584193700334,0.894419306184012,0.306838097058917,1.42157777998768
4.10-30 cm,4,Warmed,10-30 cm,148,161,2017-05-31,2020-07-28,1154,10.1724275086455,0.756013745704467,0.248799784921458,1.35852141162959
4.10-30 cm,4,Warmed,10-30 cm,148,162,2017-05-31,2020-09-09,1197,10.2252074369435,0.629032258064516,0.187451437451438,1.04734874423972
4.10-30 cm,4,Warmed,10-30 cm,148,163,2017-05-31,2020-10-06,1224,10.2573878426927,0.854700854700855,0.292582576335437,1.39161038374692
4.10-30 cm,4,Warmed,10-30 cm,148,164,2017-05-31,2020-11-05,1254,10.292321632802,0.711934156378601,0.305531955064665,1.86501739546426
4.10-30 cm,4,Warmed,10-30 cm,148,165,2017-05-31,2020-12-29,1308,10.3531468254981,0.758620689655172,0.278300243817485,1.3481704078494
4.10-30 cm,4,Warmed,10-30 cm,148,166,2017-05-31,2021-02-09,1350,10.3987436919382,0.77491961414791,0.264238125940254,1.26402210106468
4.10-30 cm,4,Warmed,10-30 cm,148,167,2017-05-31,2021-06-03,1464,10.515699838284,0.582822085889571,0.141414141414141,0.925540999559963
4.10-30 cm,4,Warmed,10-30 cm,148,168,2017-05-31,2021-12-15,1659,10.6960981709559,0.848936170212766,0.31527949175008,1.50670080413863
4.10-30 cm,4,Warmed,10-30 cm,148,169,2017-05-31,2023-05-30,2190,11.0967151544885,0.675925925925926,0.214497920380273,0.968107425294779
4.10-30 cm,4,Warmed,10-30 cm,149,150,2017-11-22,2017-12-06,14,3.8073549220576,0.638655462184874,0.102536729195262,0.463028698086652
4.10-30 cm,4,Warmed,10-30 cm,149,152,2017-11-22,2018-01-30,69,6.10852445677817,0.656,0.168681553121889,0.941966571941902
4.10-30 cm,4,Warmed,10-30 cm,149,153,2017-11-22,2018-02-27,97,6.59991284218713,0.795180722891566,0.150492264416315,1.05294398693756
4.10-30 cm,4,Warmed,10-30 cm,149,154,2017-11-22,2018-05-09,168,7.39231742277876,0.789817232375979,0.192661896899651,0.809145613582848
4.10-30 cm,4,Warmed,10-30 cm,149,155,2017-11-22,2018-11-07,350,8.45121111183233,0.733471074380165,0.156129365293114,0.809420849773529
4.10-30 cm,4,Warmed,10-30 cm,149,156,2017-11-22,2019-09-10,657,9.35974956032233,0.787096774193548,0.20079472369014,1.00011522127254
4.10-30 cm,4,Warmed,10-30 cm,149,157,2017-11-22,2019-12-03,741,9.53332973230583,0.808320950965825,0.201560808035548,1.19888961934463
4.10-30 cm,4,Warmed,10-30 cm,149,158,2017-11-22,2020-01-14,783,9.61286849729104,0.789968652037618,0.180850979928231,0.871664998692202
4.10-30 cm,4,Warmed,10-30 cm,149,159,2017-11-22,2020-02-25,825,9.68825030913318,0.707373271889401,0.149398343491171,0.968460203474316
4.10-30 cm,4,Warmed,10-30 cm,149,160,2017-11-22,2020-03-10,839,9.71252700043982,0.818181818181818,0.185753836734151,0.823384938013435
4.10-30 cm,4,Warmed,10-30 cm,149,161,2017-11-22,2020-07-28,979,9.93516504960369,0.677248677248677,0.147534934462787,1.17657833556608
4.10-30 cm,4,Warmed,10-30 cm,149,162,2017-11-22,2020-09-09,1022,9.99717948093762,0.621052631578947,0.126987990912042,1.04886242574838
4.10-30 cm,4,Warmed,10-30 cm,149,163,2017-11-22,2020-10-06,1049,10.0347989625773,0.688715953307393,0.161525166797015,0.680985638689266
4.10-30 cm,4,Warmed,10-30 cm,149,164,2017-11-22,2020-11-05,1079,10.075479149488,0.649700598802395,0.174474545526243,1.80795758153765
4.10-30 cm,4,Warmed,10-30 cm,149,165,2017-11-22,2020-12-29,1133,10.1459321458205,0.675531914893617,0.154081187254474,0.868900111669872
4.10-30 cm,4,Warmed,10-30 cm,149,166,2017-11-22,2021-02-09,1175,10.1984450414524,0.64490861618799,0.133180716401831,0.87509441528822
4.10-30 cm,4,Warmed,10-30 cm,149,167,2017-11-22,2021-06-03,1289,10.3320365483617,0.633333333333333,0.102512466436517,1.10748085160218
4.10-30 cm,4,Warmed,10-30 cm,149,168,2017-11-22,2021-12-15,1484,10.5352753766208,0.765454545454545,0.184222082211658,1.14842055472374
4.10-30 cm,4,Warmed,10-30 cm,149,169,2017-11-22,2023-05-30,2015,10.9765641234153,0.600660066006601,0.133261129538121,0.674498984500714
4.10-30 cm,4,Warmed,10-30 cm,150,152,2017-12-06,2018-01-30,55,5.78135971352466,0.546478873239437,0.136455936103966,0.644305893153833
4.10-30 cm,4,Warmed,10-30 cm,150,153,2017-12-06,2018-02-27,83,6.37503943134693,0.809160305343512,0.0805125262956588,0.885156443507585
4.10-30 cm,4,Warmed,10-30 cm,150,154,2017-12-06,2018-05-09,154,7.2667865406949,0.756291390728477,0.116623013794308,0.58420083196201
4.10-30 cm,4,Warmed,10-30 cm,150,155,2017-12-06,2018-11-07,336,8.39231742277876,0.614190687361419,0.0923587968896864,0.496266696844833
4.10-30 cm,4,Warmed,10-30 cm,150,156,2017-12-06,2019-09-10,643,9.32867492732795,0.707275803722504,0.127656256092331,0.646842076643114
4.10-30 cm,4,Warmed,10-30 cm,150,157,2017-12-06,2019-12-03,727,9.50581155391959,0.730109204368175,0.140455627821019,0.810249851949752
4.10-30 cm,4,Warmed,10-30 cm,150,158,2017-12-06,2020-01-14,769,9.58683978796183,0.71264367816092,0.100108846601359,0.545381658548879
4.10-30 cm,4,Warmed,10-30 cm,150,159,2017-12-06,2020-02-25,811,9.66355810421727,0.571072319201995,0.0981704596162428,0.571773861450456
4.10-30 cm,4,Warmed,10-30 cm,150,160,2017-12-06,2020-03-10,825,9.68825030913318,0.751060820367751,0.0978234705383046,0.511620455309041
4.10-30 cm,4,Warmed,10-30 cm,150,161,2017-12-06,2020-07-28,965,9.91438513215544,0.515942028985507,0.0746865790156825,0.784830234956425
4.10-30 cm,4,Warmed,10-30 cm,150,162,2017-12-06,2020-09-09,1008,9.97727992349992,0.505535055350554,0.0588507877664504,0.683461410386445
4.10-30 cm,4,Warmed,10-30 cm,150,163,2017-12-06,2020-10-06,1035,10.0154150523867,0.683301343570058,0.124709363770873,0.465365587329721
4.10-30 cm,4,Warmed,10-30 cm,150,164,2017-12-06,2020-11-05,1065,10.0566377151132,0.49185667752443,0.113369365311714,1.40558153020399
4.10-30 cm,4,Warmed,10-30 cm,150,165,2017-12-06,2020-12-29,1119,10.1279943209764,0.530259365994236,0.0972164520149564,0.468863557985495
4.10-30 cm,4,Warmed,10-30 cm,150,166,2017-12-06,2021-02-09,1161,10.1811522568656,0.512605042016807,0.0720755361873024,0.432551831452732
4.10-30 cm,4,Warmed,10-30 cm,150,167,2017-12-06,2021-06-03,1275,10.3162815317462,0.629496402877698,0.108342460752099,0.823766012503361
4.10-30 cm,4,Warmed,10-30 cm,150,168,2017-12-06,2021-12-15,1470,10.5216004397237,0.650390625,0.123116901997129,0.741799567139108
4.10-30 cm,4,Warmed,10-30 cm,150,169,2017-12-06,2023-05-30,2001,10.9665054519057,0.486111111111111,0.0604127740910165,0.344664595048566
4.10-30 cm,4,Warmed,10-30 cm,152,153,2018-01-30,2018-02-27,28,4.8073549220576,0.804347826086957,0.173176386659533,0.971828653038754
4.10-30 cm,4,Warmed,10-30 cm,152,154,2018-01-30,2018-05-09,99,6.62935662007961,0.722296395193592,0.0610649731314118,0.521440029589238
4.10-30 cm,4,Warmed,10-30 cm,152,155,2018-01-30,2018-11-07,281,8.13442632022093,0.558295964125561,0.0440971392142801,0.215817895739429
4.10-30 cm,4,Warmed,10-30 cm,152,156,2018-01-30,2019-09-10,588,9.19967234483636,0.663247863247863,0.0609068761135959,0.346312927708052
4.10-30 cm,4,Warmed,10-30 cm,152,157,2018-01-30,2019-12-03,672,9.39231742277876,0.689763779527559,0.0808657319942992,0.521319686026663
4.10-30 cm,4,Warmed,10-30 cm,152,158,2018-01-30,2020-01-14,714,9.4797802640291,0.667774086378738,0.0421085792292345,0.366047835605294
4.10-30 cm,4,Warmed,10-30 cm,152,159,2018-01-30,2020-02-25,756,9.56224242422107,0.5,0.0682133444305729,0.294400025607225
4.10-30 cm,4,Warmed,10-30 cm,152,160,2018-01-30,2020-03-10,770,9.58871463558226,0.716524216524217,0.0564810548328785,0.541000600853078
4.10-30 cm,4,Warmed,10-30 cm,152,161,2018-01-30,2020-07-28,910,9.82972273508606,0.477011494252874,0.110408567237721,0.74292246256862
4.10-30 cm,4,Warmed,10-30 cm,152,162,2018-01-30,2020-09-09,953,9.89633240390994,0.526132404181185,0.150893114376261,0.906304060200389
4.10-30 cm,4,Warmed,10-30 cm,152,163,2018-01-30,2020-10-06,980,9.93663793900257,0.619607843137255,0.0347620394415448,0.400273303225855
4.10-30 cm,4,Warmed,10-30 cm,152,164,2018-01-30,2020-11-05,1010,9.98013957763916,0.428104575163399,0.085389758129441,1.22704302391938
4.10-30 cm,4,Warmed,10-30 cm,152,165,2018-01-30,2020-12-29,1064,10.0552824355012,0.469565217391304,0.0548882861939817,0.285424444866365
4.10-30 cm,4,Warmed,10-30 cm,152,166,2018-01-30,2021-02-09,1106,10.1111356702347,0.51219512195122,0.067096979839031,0.459802286788754
4.10-30 cm,4,Warmed,10-30 cm,152,167,2018-01-30,2021-06-03,1220,10.2526654324502,0.638225255972696,0.202757916241062,1.12846599489096
4.10-30 cm,4,Warmed,10-30 cm,152,168,2018-01-30,2021-12-15,1415,10.4665863377192,0.620622568093385,0.0681359838663209,0.566338718291931
4.10-30 cm,4,Warmed,10-30 cm,152,169,2018-01-30,2023-05-30,1946,10.9262959947811,0.525974025974026,0.137695527649262,0.706826580961764
4.10-30 cm,4,Warmed,10-30 cm,153,154,2018-02-27,2018-05-09,71,6.14974711950468,0.924285714285714,0.186887508626639,1.30039381668985
4.10-30 cm,4,Warmed,10-30 cm,153,155,2018-02-27,2018-11-07,253,7.98299357469431,0.874358974358975,0.153284363390746,1.01502617892045
4.10-30 cm,4,Warmed,10-30 cm,153,156,2018-02-27,2019-09-10,560,9.12928301694497,0.901140684410646,0.185452303898906,1.19267434624043
4.10-30 cm,4,Warmed,10-30 cm,153,157,2018-02-27,2019-12-03,644,9.33091687811462,0.909722222222222,0.160415788734373,1.04338845926436
4.10-30 cm,4,Warmed,10-30 cm,153,158,2018-02-27,2020-01-14,686,9.42206476617281,0.908759124087591,0.170390149829402,1.17037050286584
4.10-30 cm,4,Warmed,10-30 cm,153,159,2018-02-27,2020-02-25,728,9.5077946401987,0.848214285714286,0.148589065255732,1.01830635624881
4.10-30 cm,4,Warmed,10-30 cm,153,160,2018-02-27,2020-03-10,742,9.5352753766208,0.924382716049383,0.169921386009714,1.25638352515168
4.10-30 cm,4,Warmed,10-30 cm,153,161,2018-02-27,2020-07-28,882,9.78463484555752,0.823104693140794,0.0786408352948277,0.731259795735416
4.10-30 cm,4,Warmed,10-30 cm,153,162,2018-02-27,2020-09-09,925,9.85330955540367,0.711764705882353,0.0384615384615385,0.657255430532656
4.10-30 cm,4,Warmed,10-30 cm,153,163,2018-02-27,2020-10-06,952,9.89481776330794,0.883928571428571,0.150230649086484,1.03127816738926
4.10-30 cm,4,Warmed,10-30 cm,153,164,2018-02-27,2020-11-05,982,9.93957921431469,0.779735682819383,0.123646343272512,1.15542226434016
4.10-30 cm,4,Warmed,10-30 cm,153,165,2018-02-27,2020-12-29,1036,10.0168082876866,0.813186813186813,0.143404488232074,0.864013683695258
4.10-30 cm,4,Warmed,10-30 cm,153,166,2018-02-27,2021-02-09,1078,10.0741414627525,0.83445945945946,0.113306315433975,0.869033463028697
4.10-30 cm,4,Warmed,10-30 cm,153,167,2018-02-27,2021-06-03,1192,10.2191685204622,0.664383561643836,0.0591630591630592,0.662568470502234
4.10-30 cm,4,Warmed,10-30 cm,153,168,2018-02-27,2021-12-15,1387,10.4377520723236,0.887665198237886,0.14863894275659,0.928932593064114
4.10-30 cm,4,Warmed,10-30 cm,153,169,2018-02-27,2023-05-30,1918,10.9053870050181,0.756218905472637,0.0406586877175113,0.60017288394355
4.10-30 cm,4,Warmed,10-30 cm,154,155,2018-05-09,2018-11-07,182,7.5077946401987,0.636828644501279,0.0509481961147086,0.341153130195147
4.10-30 cm,4,Warmed,10-30 cm,154,156,2018-05-09,2019-09-10,489,8.93369065495223,0.525091799265606,0.0756437315322921,0.338181323953568
4.10-30 cm,4,Warmed,10-30 cm,154,157,2018-05-09,2019-12-03,573,9.16239132875691,0.514792899408284,0.114736437091189,0.718652287587531
4.10-30 cm,4,Warmed,10-30 cm,154,158,2018-05-09,2020-01-14,615,9.2644426002266,0.539928486293206,0.0379520520113775,0.22263957196862
4.10-30 cm,4,Warmed,10-30 cm,154,159,2018-05-09,2020-02-25,657,9.35974956032233,0.622282608695652,0.0849973161567364,0.500125555864584
4.10-30 cm,4,Warmed,10-30 cm,154,160,2018-05-09,2020-03-10,671,9.39016895620018,0.570194384449244,0.0343162803456316,0.19030087716806
4.10-30 cm,4,Warmed,10-30 cm,154,161,2018-05-09,2020-07-28,811,9.66355810421727,0.661516853932584,0.134672397641483,1.00365092474284
4.10-30 cm,4,Warmed,10-30 cm,154,162,2018-05-09,2020-09-09,854,9.73809225962049,0.801699716713881,0.175473801560758,1.09498390452788
4.10-30 cm,4,Warmed,10-30 cm,154,163,2018-05-09,2020-10-06,881,9.78299820892041,0.56066411238825,0.0575896262395118,0.317471085889061
4.10-30 cm,4,Warmed,10-30 cm,154,164,2018-05-09,2020-11-05,911,9.83130724380205,0.714082503556188,0.119260463226331,1.5459297192745
4.10-30 cm,4,Warmed,10-30 cm,154,165,2018-05-09,2020-12-29,965,9.91438513215544,0.702592087312415,0.056071964017991,0.533364429186004
4.10-30 cm,4,Warmed,10-30 cm,154,166,2018-05-09,2021-02-09,1007,9.97584796800678,0.672131147540984,0.0879124267653407,0.597143315046011
4.10-30 cm,4,Warmed,10-30 cm,154,167,2018-05-09,2021-06-03,1121,10.1305705628054,0.840620592383639,0.216469038208169,1.29589328487221
4.10-30 cm,4,Warmed,10-30 cm,154,168,2018-05-09,2021-12-15,1316,10.3619437737352,0.53177691309987,0.106531575841039,0.772075129134142
4.10-30 cm,4,Warmed,10-30 cm,154,169,2018-05-09,2023-05-30,1847,10.8509681509824,0.778551532033426,0.154700457258002,0.821880331766601
4.10-30 cm,4,Warmed,10-30 cm,155,156,2018-11-07,2019-09-10,307,8.26209484537018,0.546492659053834,0.0511722784548647,0.249064600490881
4.10-30 cm,4,Warmed,10-30 cm,155,157,2018-11-07,2019-12-03,391,8.61102479730735,0.580693815987934,0.0888344944454905,0.515648480906338
4.10-30 cm,4,Warmed,10-30 cm,155,158,2018-11-07,2020-01-14,433,8.75822321472672,0.537720706260032,0.0263024458142772,0.190623456295224
4.10-30 cm,4,Warmed,10-30 cm,155,159,2018-11-07,2020-02-25,475,8.89178370321831,0.423423423423423,0.0484633569739953,0.257059160766957
4.10-30 cm,4,Warmed,10-30 cm,155,160,2018-11-07,2020-03-10,489,8.93369065495223,0.610729023383769,0.0333663333109605,0.347565497671088
4.10-30 cm,4,Warmed,10-30 cm,155,161,2018-11-07,2020-07-28,629,9.29691620687929,0.426108374384237,0.0919727368335895,0.743144151810755
4.10-30 cm,4,Warmed,10-30 cm,155,162,2018-11-07,2020-09-09,672,9.39231742277876,0.635897435897436,0.132774140752864,0.867404073263116
4.10-30 cm,4,Warmed,10-30 cm,155,163,2018-11-07,2020-10-06,699,9.44914864537544,0.537769784172662,0.0470994206144409,0.254231996395907
4.10-30 cm,4,Warmed,10-30 cm,155,164,2018-11-07,2020-11-05,729,9.50977500432694,0.487179487179487,0.0933585205806324,1.28726449643646
4.10-30 cm,4,Warmed,10-30 cm,155,165,2018-11-07,2020-12-29,783,9.61286849729104,0.483333333333333,0.0374174614820249,0.244884752056115
4.10-30 cm,4,Warmed,10-30 cm,155,166,2018-11-07,2021-02-09,825,9.68825030913318,0.487356321839081,0.0460992907801418,0.379269418045329
4.10-30 cm,4,Warmed,10-30 cm,155,167,2018-11-07,2021-06-03,939,9.87498134765377,0.710659898477157,0.182865892972276,1.0822824293931
4.10-30 cm,4,Warmed,10-30 cm,155,168,2018-11-07,2021-12-15,1134,10.1472049249422,0.496323529411765,0.0761047463175123,0.548362906095078
4.10-30 cm,4,Warmed,10-30 cm,155,169,2018-11-07,2023-05-30,1665,10.7013064619586,0.623471882640587,0.117803504380476,0.626305477058702
4.10-30 cm,4,Warmed,10-30 cm,156,157,2019-09-10,2019-12-03,84,6.39231742277876,0.390461997019374,0.0431308531660796,0.451072401227679
4.10-30 cm,4,Warmed,10-30 cm,156,158,2019-09-10,2020-01-14,126,6.97727992349992,0.418674698795181,0.0394882497051084,0.143304519043765
4.10-30 cm,4,Warmed,10-30 cm,156,159,2019-09-10,2020-02-25,168,7.39231742277876,0.50711743772242,0.0552379240081506,0.233470169996706
4.10-30 cm,4,Warmed,10-30 cm,156,160,2019-09-10,2020-03-10,182,7.5077946401987,0.478145695364239,0.0511714801996876,0.293346499561838
4.10-30 cm,4,Warmed,10-30 cm,156,161,2019-09-10,2020-07-28,322,8.33091687811462,0.537593984962406,0.122684484477094,0.781390538326649
4.10-30 cm,4,Warmed,10-30 cm,156,162,2019-09-10,2020-09-09,365,8.51175265376738,0.736346516007533,0.163169031615634,0.94203143570651
4.10-30 cm,4,Warmed,10-30 cm,156,163,2019-09-10,2020-10-06,392,8.61470984411521,0.514820592823713,0.0569949567883406,0.416407011142915
4.10-30 cm,4,Warmed,10-30 cm,156,164,2019-09-10,2020-11-05,422,8.72109918870719,0.624528301886793,0.0776789764994102,1.25316733935136
4.10-30 cm,4,Warmed,10-30 cm,156,165,2019-09-10,2020-12-29,476,8.89481776330794,0.59927797833935,0.0546367592902578,0.339191780408997
4.10-30 cm,4,Warmed,10-30 cm,156,166,2019-09-10,2021-02-09,518,9.01680828768655,0.596830985915493,0.0738346071748261,0.418341022563909
4.10-30 cm,4,Warmed,10-30 cm,156,167,2019-09-10,2021-06-03,632,9.3037807481771,0.786116322701689,0.218343630479553,1.17837816738031
4.10-30 cm,4,Warmed,10-30 cm,156,168,2019-09-10,2021-12-15,827,9.69174351917128,0.386172006745363,0.0552695163203444,0.522730503403063
4.10-30 cm,4,Warmed,10-30 cm,156,169,2019-09-10,2023-05-30,1358,10.4072677642447,0.721311475409836,0.149971444888635,0.774140547648959
4.10-30 cm,4,Warmed,10-30 cm,157,158,2019-12-03,2020-01-14,42,5.39231742277876,0.426323319027182,0.0805227028368208,0.526374340785706
4.10-30 cm,4,Warmed,10-30 cm,157,159,2019-12-03,2020-02-25,84,6.39231742277876,0.556818181818182,0.0661094723041626,0.40386688662603
4.10-30 cm,4,Warmed,10-30 cm,157,160,2019-12-03,2020-03-10,98,6.61470984411521,0.470663265306123,0.0913514418916278,0.646179669984215
4.10-30 cm,4,Warmed,10-30 cm,157,161,2019-12-03,2020-07-28,238,7.89481776330794,0.58703071672355,0.0997476361923349,0.466090305773333
4.10-30 cm,4,Warmed,10-30 cm,157,162,2019-12-03,2020-09-09,281,8.13442632022093,0.756896551724138,0.148275470841843,0.770265965715893
4.10-30 cm,4,Warmed,10-30 cm,157,163,2019-12-03,2020-10-06,308,8.2667865406949,0.560344827586207,0.0666815171827221,0.648105233213122
4.10-30 cm,4,Warmed,10-30 cm,157,164,2019-12-03,2020-11-05,338,8.40087943628218,0.652249134948097,0.0526424613348772,0.8720340711581
4.10-30 cm,4,Warmed,10-30 cm,157,165,2019-12-03,2020-12-29,392,8.61470984411521,0.650326797385621,0.0741938765130709,0.429513778124426
4.10-30 cm,4,Warmed,10-30 cm,157,166,2019-12-03,2021-02-09,434,8.76155123244448,0.631663974151858,0.0701248980104186,0.43667231927323
4.10-30 cm,4,Warmed,10-30 cm,157,167,2019-12-03,2021-06-03,548,9.09803208296053,0.806506849315069,0.196795387503352,0.99875141753357
4.10-30 cm,4,Warmed,10-30 cm,157,168,2019-12-03,2021-12-15,743,9.5372184005386,0.404120443740095,0.0377928162415409,0.16375899421142
4.10-30 cm,4,Warmed,10-30 cm,157,169,2019-12-03,2023-05-30,1274,10.3151495622563,0.746666666666667,0.124934929724102,0.743315891246948
4.10-30 cm,4,Warmed,10-30 cm,158,159,2020-01-14,2020-02-25,42,5.39231742277876,0.503484320557491,0.0556190146532826,0.283128915641716
4.10-30 cm,4,Warmed,10-30 cm,158,160,2020-01-14,2020-03-10,56,5.8073549220576,0.461842105263158,0.0183613903711784,0.189055157840954
4.10-30 cm,4,Warmed,10-30 cm,158,161,2020-01-14,2020-07-28,196,7.61470984411521,0.556962025316456,0.10762233040759,0.811365093269652
4.10-30 cm,4,Warmed,10-30 cm,158,162,2020-01-14,2020-09-09,239,7.90086680798075,0.743636363636364,0.14810687754613,0.933451114191553
4.10-30 cm,4,Warmed,10-30 cm,158,163,2020-01-14,2020-10-06,266,8.05528243550119,0.549253731343284,0.0456297183429928,0.319171135260665
4.10-30 cm,4,Warmed,10-30 cm,158,164,2020-01-14,2020-11-05,296,8.20945336562895,0.635701275045537,0.0878504672897196,1.33318949911129
4.10-30 cm,4,Warmed,10-30 cm,158,165,2020-01-14,2020-12-29,350,8.45121111183233,0.613240418118467,0.0395746052207541,0.344032610781012
4.10-30 cm,4,Warmed,10-30 cm,158,166,2020-01-14,2021-02-09,392,8.61470984411521,0.598627787307033,0.0587724531053225,0.415756724605331
4.10-30 cm,4,Warmed,10-30 cm,158,167,2020-01-14,2021-06-03,506,8.98299357469431,0.787272727272727,0.199971679410932,1.1542254153799
4.10-30 cm,4,Warmed,10-30 cm,158,168,2020-01-14,2021-12-15,701,9.45327063401062,0.416531604538088,0.0688670867340466,0.576696599942142
4.10-30 cm,4,Warmed,10-30 cm,158,169,2020-01-14,2023-05-30,1232,10.2667865406949,0.724381625441696,0.134909290819131,0.717601663210544
4.10-30 cm,4,Warmed,10-30 cm,159,160,2020-02-25,2020-03-10,14,3.8073549220576,0.587020648967552,0.0639677532422011,0.415179084015135
4.10-30 cm,4,Warmed,10-30 cm,159,161,2020-02-25,2020-07-28,154,7.2667865406949,0.332386363636364,0.0858212458339201,0.610356987837123
4.10-30 cm,4,Warmed,10-30 cm,159,162,2020-02-25,2020-09-09,197,7.62205181945638,0.584070796460177,0.12630579297246,0.751821170983085
4.10-30 cm,4,Warmed,10-30 cm,159,163,2020-02-25,2020-10-06,224,7.8073549220576,0.501968503937008,0.0706415797948979,0.478813010020902
4.10-30 cm,4,Warmed,10-30 cm,159,164,2020-02-25,2020-11-05,254,7.98868468677217,0.417647058823529,0.0739010038075459,1.09493390908922
4.10-30 cm,4,Warmed,10-30 cm,159,165,2020-02-25,2020-12-29,308,8.2667865406949,0.405994550408719,0.0568326947637292,0.186188383071276
4.10-30 cm,4,Warmed,10-30 cm,159,166,2020-02-25,2021-02-09,350,8.45121111183233,0.438144329896907,0.0369713685316522,0.257979664906989
4.10-30 cm,4,Warmed,10-30 cm,159,167,2020-02-25,2021-06-03,464,8.85798099512757,0.670553935860058,0.178170594837262,0.993732901256396
4.10-30 cm,4,Warmed,10-30 cm,159,168,2020-02-25,2021-12-15,659,9.36413465500805,0.461847389558233,0.067286743757332,0.4185895853229
4.10-30 cm,4,Warmed,10-30 cm,159,169,2020-02-25,2023-05-30,1190,10.2167458581953,0.572625698324022,0.113108206245461,0.638813122495629
4.10-30 cm,4,Warmed,10-30 cm,160,161,2020-03-10,2020-07-28,140,7.12928301694497,0.628440366972477,0.107153566587902,0.89516712834622
4.10-30 cm,4,Warmed,10-30 cm,160,162,2020-03-10,2020-09-09,183,7.51569983828404,0.775193798449612,0.147638113726442,0.964314012688945
4.10-30 cm,4,Warmed,10-30 cm,160,163,2020-03-10,2020-10-06,210,7.71424551766612,0.603650586701434,0.0596012387297966,0.385759069616769
4.10-30 cm,4,Warmed,10-30 cm,160,164,2020-03-10,2020-11-05,240,7.90689059560852,0.689335394126739,0.0964503670509154,1.43115781191763
4.10-30 cm,4,Warmed,10-30 cm,160,165,2020-03-10,2020-12-29,294,8.19967234483636,0.681885125184094,0.0461764385945828,0.46345498596633
4.10-30 cm,4,Warmed,10-30 cm,160,166,2020-03-10,2021-02-09,336,8.39231742277876,0.664723032069971,0.0583036892856344,0.474645528209768
4.10-30 cm,4,Warmed,10-30 cm,160,167,2020-03-10,2021-06-03,450,8.81378119121704,0.819722650231125,0.203302743523564,1.17066418150695
4.10-30 cm,4,Warmed,10-30 cm,160,168,2020-03-10,2021-12-15,645,9.33315535031062,0.475920679886686,0.0815692935752316,0.675784488560979
4.10-30 cm,4,Warmed,10-30 cm,160,169,2020-03-10,2023-05-30,1176,10.1996723448364,0.767267267267267,0.134440526999443,0.73813508631456
4.10-30 cm,4,Warmed,10-30 cm,161,162,2020-07-28,2020-09-09,43,5.4262647547021,0.487364620938628,0.0616652042507556,0.376317666421104
4.10-30 cm,4,Warmed,10-30 cm,161,163,2020-07-28,2020-10-06,70,6.12928301694497,0.488120950323974,0.0990507347886994,0.857462703095958
4.10-30 cm,4,Warmed,10-30 cm,161,164,2020-07-28,2020-11-05,100,6.64385618977472,0.27797833935018,0.0567321701432074,0.642480683683661
4.10-30 cm,4,Warmed,10-30 cm,161,165,2020-07-28,2020-12-29,154,7.2667865406949,0.281967213114754,0.0878458109348368,0.546702232014714
4.10-30 cm,4,Warmed,10-30 cm,161,166,2020-07-28,2021-02-09,196,7.61470984411521,0.343465045592705,0.0488498773022679,0.464988917153513
4.10-30 cm,4,Warmed,10-30 cm,161,167,2020-07-28,2021-06-03,310,8.27612440527424,0.574007220216607,0.115076621730614,0.579156945483045
4.10-30 cm,4,Warmed,10-30 cm,161,168,2020-07-28,2021-12-15,505,8.98013957763916,0.464052287581699,0.0699981074617622,0.316001100332866
4.10-30 cm,4,Warmed,10-30 cm,161,169,2020-07-28,2023-05-30,1036,10.0168082876866,0.47972972972973,0.0379821475773164,0.556119072795604
4.10-30 cm,4,Warmed,10-30 cm,162,163,2020-09-09,2020-10-06,27,4.75488750216347,0.699561403508772,0.1417004048583,0.95076322281368
4.10-30 cm,4,Warmed,10-30 cm,162,164,2020-09-09,2020-11-05,57,5.83289001416474,0.391304347826087,0.118080517613228,0.861210548248502
4.10-30 cm,4,Warmed,10-30 cm,162,165,2020-09-09,2020-12-29,111,6.79441586635011,0.489130434782609,0.129973474801061,0.662081793052413
4.10-30 cm,4,Warmed,10-30 cm,162,166,2020-09-09,2021-02-09,153,7.25738784269265,0.52027027027027,0.0893344244408074,0.531666238516104
4.10-30 cm,4,Warmed,10-30 cm,162,167,2020-09-09,2021-06-03,267,8.06069593168756,0.372881355932203,0.0617715617715618,0.259624912609831
4.10-30 cm,4,Warmed,10-30 cm,162,168,2020-09-09,2021-12-15,462,8.85174904141606,0.691466083150985,0.127828054298643,0.612806308184136
4.10-30 cm,4,Warmed,10-30 cm,162,169,2020-09-09,2023-05-30,993,9.95564990752837,0.350961538461538,0.0346222405045934,0.428338252951429
4.10-30 cm,4,Warmed,10-30 cm,163,164,2020-10-06,2020-11-05,30,4.90689059560852,0.572368421052632,0.0712055433178639,1.44039752854514
4.10-30 cm,4,Warmed,10-30 cm,163,165,2020-10-06,2020-12-29,84,6.39231742277876,0.557851239669422,0.0325363633972488,0.406534355915052
4.10-30 cm,4,Warmed,10-30 cm,163,166,2020-10-06,2021-02-09,126,6.97727992349992,0.526639344262295,0.0653228816722658,0.504813980559376
4.10-30 cm,4,Warmed,10-30 cm,163,167,2020-10-06,2021-06-03,240,7.90689059560852,0.75219298245614,0.172075445530823,1.1358531418245
4.10-30 cm,4,Warmed,10-30 cm,163,168,2020-10-06,2021-12-15,435,8.76487159073609,0.473958333333333,0.0584766559325719,0.670845324472126
4.10-30 cm,4,Warmed,10-30 cm,163,169,2020-10-06,2023-05-30,966,9.91587937883577,0.669509594882729,0.119078794405218,0.61800467627475
4.10-30 cm,4,Warmed,10-30 cm,164,165,2020-11-05,2020-12-29,54,5.75488750216347,0.272727272727273,0.074282951981953,1.09494008897218
4.10-30 cm,4,Warmed,10-30 cm,164,166,2020-11-05,2021-02-09,96,6.58496250072116,0.357615894039735,0.0472592298004905,1.03093396044096
4.10-30 cm,4,Warmed,10-30 cm,164,167,2020-11-05,2021-06-03,210,7.71424551766612,0.502164502164502,0.164117813650524,0.983078328894547
4.10-30 cm,4,Warmed,10-30 cm,164,168,2020-11-05,2021-12-15,405,8.66177809777199,0.558241758241758,0.0249925994840783,0.795965824855533
4.10-30 cm,4,Warmed,10-30 cm,164,169,2020-11-05,2023-05-30,936,9.8703647195834,0.41501976284585,0.091034034684392,1.17681154377083
4.10-30 cm,4,Warmed,10-30 cm,165,166,2020-12-29,2021-02-09,42,5.39231742277876,0.364457831325301,0.0437759843482514,0.186012368532507
4.10-30 cm,4,Warmed,10-30 cm,165,167,2020-12-29,2021-06-03,156,7.28540221886225,0.570909090909091,0.171630094043887,0.894773154257235
4.10-30 cm,4,Warmed,10-30 cm,165,168,2020-12-29,2021-12-15,351,8.45532722030456,0.547520661157025,0.0615540645966609,0.400262993027831
4.10-30 cm,4,Warmed,10-30 cm,165,169,2020-12-29,2023-05-30,882,9.78463484555752,0.486486486486487,0.107873870551355,0.486243840604517
4.10-30 cm,4,Warmed,10-30 cm,166,167,2021-02-09,2021-06-03,114,6.83289001416474,0.615384615384615,0.149742101869761,0.768681597062496
4.10-30 cm,4,Warmed,10-30 cm,166,168,2021-02-09,2021-12-15,309,8.27146302790438,0.528455284552846,0.0510413658098264,0.357822040490984
4.10-30 cm,4,Warmed,10-30 cm,166,169,2021-02-09,2023-05-30,840,9.71424551766612,0.482200647249191,0.076136837713809,0.418628408324106
4.10-30 cm,4,Warmed,10-30 cm,167,168,2021-06-03,2021-12-15,195,7.60733031374961,0.752173913043478,0.185074729192376,0.84092333468593
4.10-30 cm,4,Warmed,10-30 cm,167,169,2021-06-03,2023-05-30,726,9.50382573799575,0.488151658767773,0.0770944741532977,0.553580406581251
4.10-30 cm,4,Warmed,10-30 cm,168,169,2021-12-15,2023-05-30,531,9.05256805080415,0.672995780590717,0.107980255039079,0.625031153143649
5.10-30 cm,5,Control,10-30 cm,170,171,2017-12-06,2018-03-27,111,6.79441586635011,0.647540983606557,0.0764809902740937,0.433778264618579
5.10-30 cm,5,Control,10-30 cm,170,172,2017-12-06,2018-05-09,154,7.2667865406949,0.873949579831933,0.173070607553366,0.656157065940833
5.10-30 cm,5,Control,10-30 cm,170,173,2017-12-06,2020-07-28,965,9.91438513215544,0.909523809523809,0.154382377544381,0.681717672428461
5.10-30 cm,5,Control,10-30 cm,170,174,2017-12-06,2020-10-06,1035,10.0154150523867,0.891176470588235,0.120689655172414,0.624145016665873
5.10-30 cm,5,Control,10-30 cm,170,175,2017-12-06,2020-11-05,1065,10.0566377151132,0.857740585774059,0.137004078605858,0.643718565877527
5.10-30 cm,5,Control,10-30 cm,170,176,2017-12-06,2021-02-23,1175,10.1984450414524,0.787709497206704,0.125994694960212,0.746132769397054
5.10-30 cm,5,Control,10-30 cm,170,177,2017-12-06,2022-08-23,1721,10.7490313820402,0.944954128440367,0.1564039408867,0.475776068838223
5.10-30 cm,5,Control,10-30 cm,170,178,2017-12-06,2022-09-08,1737,10.7623820387104,0.979591836734694,0.331564986737401,1.56953855488839
5.10-30 cm,5,Control,10-30 cm,170,179,2017-12-06,2022-11-01,1791,10.806549621986,0.811688311688312,0.188577586206897,0.705095932704681
5.10-30 cm,5,Control,10-30 cm,170,180,2017-12-06,2023-01-12,1863,10.8634119589416,0.874233128834356,0.174630541871921,1.36716923336765
5.10-30 cm,5,Control,10-30 cm,170,181,2017-12-06,2023-02-07,1889,10.8834069863884,0.898514851485149,0.204199576189559,1.29892798699191
5.10-30 cm,5,Control,10-30 cm,170,182,2017-12-06,2023-05-02,1973,10.9461752407236,0.927643784786642,0.271718519558958,1.29516334082299
5.10-30 cm,5,Control,10-30 cm,170,183,2017-12-06,2023-10-03,2127,11.0546043179607,0.941091954022989,0.244137931034483,1.19591490288437
5.10-30 cm,5,Control,10-30 cm,170,184,2017-12-06,2024-04-30,2337,11.1904420187828,0.922053231939163,0.232471264367816,1.091642397113
5.10-30 cm,5,Control,10-30 cm,171,172,2018-03-27,2018-05-09,43,5.4262647547021,0.854227405247814,0.165445665445665,0.714948299026694
5.10-30 cm,5,Control,10-30 cm,171,173,2018-03-27,2020-07-28,854,9.73809225962049,0.910194174757282,0.141785887068906,0.707267782974571
5.10-30 cm,5,Control,10-30 cm,171,174,2018-03-27,2020-10-06,924,9.85174904141606,0.891566265060241,0.102564102564103,0.551479480732254
5.10-30 cm,5,Control,10-30 cm,171,175,2018-03-27,2020-11-05,954,9.89784545600551,0.852173913043478,0.124483043837883,0.609086817337899
5.10-30 cm,5,Control,10-30 cm,171,176,2018-03-27,2021-02-23,1064,10.0552824355012,0.790697674418605,0.0692307692307692,0.5295466546663
5.10-30 cm,5,Control,10-30 cm,171,177,2018-03-27,2022-08-23,1610,10.652844973002,0.94,0.138278388278388,0.606657814528464
5.10-30 cm,5,Control,10-30 cm,171,178,2018-03-27,2022-09-08,1626,10.667111542075,0.965909090909091,0.358974358974359,1.61443628971126
5.10-30 cm,5,Control,10-30 cm,171,179,2018-03-27,2022-11-01,1680,10.7142455176661,0.783216783216783,0.155448717948718,0.504043995200773
5.10-30 cm,5,Control,10-30 cm,171,180,2018-03-27,2023-01-12,1752,10.7747870596012,0.888198757763975,0.141300366300366,1.31952859102422
5.10-30 cm,5,Control,10-30 cm,171,181,2018-03-27,2023-02-07,1778,10.7960396088298,0.907268170426065,0.163085517834121,1.22460452724325
5.10-30 cm,5,Control,10-30 cm,171,182,2018-03-27,2023-05-02,1862,10.8626373575588,0.924385633270321,0.273486866154891,1.37682136160275
5.10-30 cm,5,Control,10-30 cm,171,183,2018-03-27,2023-10-03,2016,10.9772799234999,0.937226277372263,0.242564102564103,1.22355759721284
5.10-30 cm,5,Control,10-30 cm,171,184,2018-03-27,2024-04-30,2226,11.120237877342,0.918604651162791,0.230288461538462,1.1769854418737
5.10-30 cm,5,Control,10-30 cm,172,173,2018-05-09,2020-07-28,811,9.66355810421727,0.695817490494297,0.0341419586702606,0.134761956825886
5.10-30 cm,5,Control,10-30 cm,172,174,2018-05-09,2020-10-06,881,9.78299820892041,0.661504424778761,0.082703886152162,0.303025349749295
5.10-30 cm,5,Control,10-30 cm,172,175,2018-05-09,2020-11-05,911,9.83130724380205,0.702072538860104,0.0813108038914491,0.36560682906272
5.10-30 cm,5,Control,10-30 cm,172,176,2018-05-09,2021-02-23,1021,9.9957671508778,0.721264367816092,0.16007326007326,0.610282347114795
5.10-30 cm,5,Control,10-30 cm,172,177,2018-05-09,2022-08-23,1567,10.6137894644726,0.979166666666667,0.148412698412698,0.951556132624311
5.10-30 cm,5,Control,10-30 cm,172,178,2018-05-09,2022-09-08,1583,10.6284455401372,1,0.433699633699634,1.91235711784526
5.10-30 cm,5,Control,10-30 cm,172,179,2018-05-09,2022-11-01,1637,10.6768386064742,0.845505617977528,0.196230158730159,0.797902646824065
5.10-30 cm,5,Control,10-30 cm,172,180,2018-05-09,2023-01-12,1709,10.7389366816761,0.6,0.128174603174603,0.974236286736058
5.10-30 cm,5,Control,10-30 cm,172,181,2018-05-09,2023-02-07,1735,10.7607199474656,0.645875251509054,0.139567260796311,0.854331212169797
5.10-30 cm,5,Control,10-30 cm,172,182,2018-05-09,2023-05-02,1819,10.8289298276515,0.712460063897764,0.171758316361168,0.796348575015186
5.10-30 cm,5,Control,10-30 cm,172,183,2018-05-09,2023-10-03,1973,10.9461752407236,0.765984654731458,0.134358974358974,0.635767879182416
5.10-30 cm,5,Control,10-30 cm,172,184,2018-05-09,2024-04-30,2183,11.0920964149908,0.69672131147541,0.141666666666667,0.583958652943345
5.10-30 cm,5,Control,10-30 cm,173,174,2020-07-28,2020-10-06,70,6.12928301694497,0.688492063492063,0.0504786690212845,0.247193815758193
5.10-30 cm,5,Control,10-30 cm,173,175,2020-07-28,2020-11-05,100,6.64385618977472,0.742663656884876,0.0552270817030403,0.412718816409644
5.10-30 cm,5,Control,10-30 cm,173,176,2020-07-28,2021-02-23,210,7.71424551766612,0.7475,0.141385030064275,0.574945901501721
5.10-30 cm,5,Control,10-30 cm,173,177,2020-07-28,2022-08-23,756,9.56224242422107,0.968992248062015,0.136792452830189,1.00479432219354
5.10-30 cm,5,Control,10-30 cm,173,178,2020-07-28,2022-09-08,772,9.59245703726808,0.997389033942559,0.430644826871242,1.8855548739709
5.10-30 cm,5,Control,10-30 cm,173,179,2020-07-28,2022-11-01,826,9.68999797141945,0.86374695863747,0.167059748427673,0.787140413339267
5.10-30 cm,5,Control,10-30 cm,173,180,2020-07-28,2023-01-12,898,9.81057163474115,0.578602620087336,0.141711590296496,0.969551307198382
5.10-30 cm,5,Control,10-30 cm,173,181,2020-07-28,2023-02-07,924,9.85174904141606,0.619318181818182,0.153104247918204,0.83023603360202
5.10-30 cm,5,Control,10-30 cm,173,182,2020-07-28,2023-05-02,1008,9.97727992349992,0.719167904903418,0.205900275031428,0.824129864164597
5.10-30 cm,5,Control,10-30 cm,173,183,2020-07-28,2023-10-03,1162,10.1823943534045,0.777245508982036,0.168500933029235,0.631220477811976
5.10-30 cm,5,Control,10-30 cm,173,184,2020-07-28,2024-04-30,1372,10.4220647661728,0.706686930091185,0.175808625336927,0.599993650256476
5.10-30 cm,5,Control,10-30 cm,174,175,2020-10-06,2020-11-05,30,4.90689059560852,0.685082872928177,0.0711531331108639,0.306354575441111
5.10-30 cm,5,Control,10-30 cm,174,176,2020-10-06,2021-02-23,140,7.12928301694497,0.6875,0.107692307692308,0.456779059101884
5.10-30 cm,5,Control,10-30 cm,174,177,2020-10-06,2022-08-23,686,9.42206476617281,0.977491961414791,0.106650246305419,0.909071708932593
5.10-30 cm,5,Control,10-30 cm,174,178,2020-10-06,2022-09-08,702,9.45532722030456,0.996688741721854,0.407427055702918,1.9118330555973
5.10-30 cm,5,Control,10-30 cm,174,179,2020-10-06,2022-11-01,756,9.56224242422107,0.837349397590361,0.139798850574713,0.567815680913931
5.10-30 cm,5,Control,10-30 cm,174,180,2020-10-06,2023-01-12,828,9.69348695749933,0.596059113300493,0.158497536945813,1.03769920244592
5.10-30 cm,5,Control,10-30 cm,174,181,2020-10-06,2023-02-07,854,9.73809225962049,0.661157024793388,0.180061645155076,0.923443343332665
5.10-30 cm,5,Control,10-30 cm,174,182,2020-10-06,2023-05-02,938,9.87344411251538,0.7504,0.24302268417726,1.0151457187548
5.10-30 cm,5,Control,10-30 cm,174,183,2020-10-06,2023-10-03,1092,10.0927571409199,0.801020408163265,0.209761273209549,0.834719399978541
5.10-30 cm,5,Control,10-30 cm,174,184,2020-10-06,2024-04-30,1302,10.3465137331656,0.733552631578947,0.212931034482759,0.817112137279719
5.10-30 cm,5,Control,10-30 cm,175,176,2020-11-05,2021-02-23,110,6.78135971352466,0.595555555555556,0.11166253101737,0.476007216941168
5.10-30 cm,5,Control,10-30 cm,175,177,2020-11-05,2022-08-23,656,9.35755200461808,0.961165048543689,0.177803379416283,0.787596560494741
5.10-30 cm,5,Control,10-30 cm,175,178,2020-11-05,2022-09-08,672,9.39231742277876,0.994949494949495,0.468569065343259,2.00938065671297
5.10-30 cm,5,Control,10-30 cm,175,179,2020-11-05,2022-11-01,726,9.50382573799575,0.763157894736842,0.12869623655914,0.501646316668668
5.10-30 cm,5,Control,10-30 cm,175,180,2020-11-05,2023-01-12,798,9.64024493622235,0.687323943661972,0.102304147465438,0.966970725080093
5.10-30 cm,5,Control,10-30 cm,175,181,2020-11-05,2023-02-07,824,9.68650052718322,0.740740740740741,0.11443503333934,0.92176884523373
5.10-30 cm,5,Control,10-30 cm,175,182,2020-11-05,2023-05-02,908,9.82654848729091,0.797513321492007,0.220145413135361,0.977103322186077
5.10-30 cm,5,Control,10-30 cm,175,183,2020-11-05,2023-10-03,1062,10.0525680508042,0.837273991655076,0.195913978494624,0.88360644070448
5.10-30 cm,5,Control,10-30 cm,175,184,2020-11-05,2024-04-30,1272,10.3128829552844,0.78021978021978,0.20383064516129,0.839856980944537
5.10-30 cm,5,Control,10-30 cm,176,177,2021-02-23,2022-08-23,546,9.09275714091985,0.95364238410596,0.192857142857143,0.891986760415439
5.10-30 cm,5,Control,10-30 cm,176,178,2021-02-23,2022-09-08,562,9.13442632022093,0.985815602836879,0.423076923076923,1.74078818607836
5.10-30 cm,5,Control,10-30 cm,176,179,2021-02-23,2022-11-01,616,9.2667865406949,0.69364161849711,0.113301282051282,0.487264640513609
5.10-30 cm,5,Control,10-30 cm,176,180,2021-02-23,2023-01-12,688,9.4262647547021,0.681672025723473,0.124725274725275,0.842052368509977
5.10-30 cm,5,Control,10-30 cm,176,181,2021-02-23,2023-02-07,714,9.4797802640291,0.735751295336788,0.142844864632574,0.761399928413199
5.10-30 cm,5,Control,10-30 cm,176,182,2021-02-23,2023-05-02,798,9.64024493622235,0.812619502868069,0.255538148206173,1.0416720445346
5.10-30 cm,5,Control,10-30 cm,176,183,2021-02-23,2023-10-03,952,9.89481776330794,0.862973760932945,0.224615384615385,0.917704287927854
5.10-30 cm,5,Control,10-30 cm,176,184,2021-02-23,2024-04-30,1162,10.1823943534045,0.806262230919765,0.221153846153846,0.903981058274997
5.10-30 cm,5,Control,10-30 cm,177,178,2022-08-23,2022-09-08,16,4,0.975,0.35989010989011,1.67858074576254
5.10-30 cm,5,Control,10-30 cm,177,179,2022-08-23,2022-11-01,70,6.12928301694497,0.94017094017094,0.180059523809524,0.72153042415925
5.10-30 cm,5,Control,10-30 cm,177,180,2022-08-23,2023-01-12,142,7.14974711950468,0.973333333333333,0.257142857142857,1.49852798936384
5.10-30 cm,5,Control,10-30 cm,177,181,2022-08-23,2023-02-07,168,7.39231742277876,0.981530343007915,0.286711891460495,1.48925107813662
5.10-30 cm,5,Control,10-30 cm,177,182,2022-08-23,2023-05-02,252,7.97727992349992,0.980353634577603,0.284914169333721,1.50945316495298
5.10-30 cm,5,Control,10-30 cm,177,183,2022-08-23,2023-10-03,406,8.66533591718518,0.988059701492537,0.268241758241758,1.47618013459494
5.10-30 cm,5,Control,10-30 cm,177,184,2022-08-23,2024-04-30,616,9.2667865406949,0.986027944111776,0.238690476190476,1.36409815034956
5.10-30 cm,5,Control,10-30 cm,178,179,2022-09-08,2022-11-01,54,5.75488750216347,0.981308411214953,0.465544871794872,1.95467030812615
5.10-30 cm,5,Control,10-30 cm,178,180,2022-09-08,2023-01-12,126,6.97727992349992,0.996575342465753,0.47967032967033,2.11477466250325
5.10-30 cm,5,Control,10-30 cm,178,181,2022-09-08,2023-02-07,152,7.24792751344359,0.994579945799458,0.509239363987967,2.00874300837186
5.10-30 cm,5,Control,10-30 cm,178,182,2022-09-08,2023-05-02,236,7.88264304936184,0.994011976047904,0.507441641861194,2.10817394275747
5.10-30 cm,5,Control,10-30 cm,178,183,2022-09-08,2023-10-03,390,8.60733031374961,0.996974281391831,0.490769230769231,2.03546696796192
5.10-30 cm,5,Control,10-30 cm,178,184,2022-09-08,2024-04-30,600,9.22881869049588,0.993877551020408,0.461217948717949,1.94305830483401
5.10-30 cm,5,Control,10-30 cm,179,180,2022-11-01,2023-01-12,72,6.16992500144231,0.828660436137072,0.222321428571428,1.20132251022329
5.10-30 cm,5,Control,10-30 cm,179,181,2022-11-01,2023-02-07,98,6.61470984411521,0.865,0.223638268156425,1.18544919283898
5.10-30 cm,5,Control,10-30 cm,179,182,2022-11-01,2023-05-02,182,7.5077946401987,0.898686679174484,0.348841649694501,1.38935863648671
5.10-30 cm,5,Control,10-30 cm,179,183,2022-11-01,2023-10-03,336,8.39231742277876,0.921965317919075,0.311442307692308,1.29237651259078
5.10-30 cm,5,Control,10-30 cm,179,184,2022-11-01,2024-04-30,546,9.09275714091985,0.896551724137931,0.31875,1.25703797411487
5.10-30 cm,5,Control,10-30 cm,180,181,2023-01-12,2023-02-07,26,4.70043971814109,0.338541666666667,0.0303072625698324,0.2831901510808
5.10-30 cm,5,Control,10-30 cm,180,182,2023-01-12,2023-05-02,110,6.78135971352466,0.556179775280899,0.132186499854524,0.603106120854987
5.10-30 cm,5,Control,10-30 cm,180,183,2023-01-12,2023-10-03,264,8.04439411935845,0.658008658008658,0.112857142857143,0.70601143299679
5.10-30 cm,5,Control,10-30 cm,180,184,2023-01-12,2024-04-30,474,8.88874324889826,0.524271844660194,0.108630952380952,0.722735469337379
5.10-30 cm,5,Control,10-30 cm,181,182,2023-02-07,2023-05-02,84,6.39231742277876,0.513134851138354,0.127063682599643,0.541570148391282
5.10-30 cm,5,Control,10-30 cm,181,183,2023-02-07,2023-10-03,238,7.89481776330794,0.596100278551532,0.100240653201547,0.515680748356233
5.10-30 cm,5,Control,10-30 cm,181,184,2023-02-07,2024-04-30,448,8.8073549220576,0.476363636363636,0.117516294227188,0.579063238475559
5.10-30 cm,5,Control,10-30 cm,182,183,2023-05-02,2023-10-03,154,7.2667865406949,0.436986301369863,0.0376782077393075,0.338437873972697
5.10-30 cm,5,Control,10-30 cm,182,184,2023-05-02,2024-04-30,364,8.5077946401987,0.402960526315789,0.0463170400543109,0.282902437193527
5.10-30 cm,5,Control,10-30 cm,183,184,2023-10-03,2024-04-30,210,7.71424551766612,0.406205923836389,0.0337179487179487,0.193421531458399
6.10-30 cm,6,Warmed,10-30 cm,185,186,2017-12-06,2020-09-09,1008,9.97727992349992,0.710897435897436,0.117333026078273,0.805411330985017
6.10-30 cm,6,Warmed,10-30 cm,185,187,2017-12-06,2020-10-06,1035,10.0154150523867,0.36986301369863,0.0872650350773844,0.415349659225069
6.10-30 cm,6,Warmed,10-30 cm,185,188,2017-12-06,2021-02-23,1175,10.1984450414524,0.595802919708029,0.107918354171437,0.623241449610516
6.10-30 cm,6,Warmed,10-30 cm,185,189,2017-12-06,2022-08-23,1721,10.7490313820402,0.91304347826087,0.439882848628096,2.27530453374474
6.10-30 cm,6,Warmed,10-30 cm,185,190,2017-12-06,2022-09-08,1737,10.7623820387104,0.752864157119476,0.363730102468261,1.70599309683197
6.10-30 cm,6,Warmed,10-30 cm,185,191,2017-12-06,2022-11-01,1791,10.806549621986,0.871875,0.44870800031039,2.01546237049401
6.10-30 cm,6,Warmed,10-30 cm,185,192,2017-12-06,2023-01-12,1863,10.8634119589416,0.84297520661157,0.441436126043442,1.87010984606538
6.10-30 cm,6,Warmed,10-30 cm,185,193,2017-12-06,2023-02-07,1889,10.8834069863884,0.873799725651578,0.361229619127409,1.75216079611094
6.10-30 cm,6,Warmed,10-30 cm,185,194,2017-12-06,2023-05-02,1973,10.9461752407236,0.948644793152639,0.358225361757339,1.84751440210068
6.10-30 cm,6,Warmed,10-30 cm,185,195,2017-12-06,2023-10-03,2127,11.0546043179607,0.764546684709066,0.344396301863806,1.7429312549934
6.10-30 cm,6,Warmed,10-30 cm,185,196,2017-12-06,2024-04-30,2337,11.1904420187828,0.765053128689492,0.234279028955835,1.55793523783568
6.10-30 cm,6,Warmed,10-30 cm,186,187,2020-09-09,2020-10-06,27,4.75488750216347,0.73778071334214,0.200099587423531,1.17358790978416
6.10-30 cm,6,Warmed,10-30 cm,186,188,2020-09-09,2021-02-23,167,7.38370429247405,0.621412803532009,0.212452926766846,1.22838772691521
6.10-30 cm,6,Warmed,10-30 cm,186,189,2020-09-09,2022-08-23,713,9.47775826644389,0.966865473823724,0.323714623714624,1.8132130021924
6.10-30 cm,6,Warmed,10-30 cm,186,190,2020-09-09,2022-09-08,729,9.50977500432694,0.88028627195836,0.261182445928209,1.200209924809
6.10-30 cm,6,Warmed,10-30 cm,186,191,2020-09-09,2022-11-01,783,9.61286849729104,0.939432176656151,0.331374974232117,1.54812636618992
6.10-30 cm,6,Warmed,10-30 cm,186,192,2020-09-09,2023-01-12,855,9.73978060977326,0.922027290448343,0.324103099965169,1.39539659032743
6.10-30 cm,6,Warmed,10-30 cm,186,193,2020-09-09,2023-02-07,881,9.78299820892041,0.930288461538461,0.243896593049135,1.22286328845213
6.10-30 cm,6,Warmed,10-30 cm,186,194,2020-09-09,2023-05-02,965,9.91438513215544,0.968369829683698,0.240892335679066,1.40213395542784
6.10-30 cm,6,Warmed,10-30 cm,186,195,2020-09-09,2023-10-03,1119,10.1279943209764,0.86269744835966,0.22905019184089,1.13709207696523
6.10-30 cm,6,Warmed,10-30 cm,186,196,2020-09-09,2024-04-30,1329,10.3761253892762,0.854940034266134,0.118932918932919,0.936619010923073
6.10-30 cm,6,Warmed,10-30 cm,187,188,2020-10-06,2021-02-23,140,7.12928301694497,0.62952380952381,0.102813657198207,0.541546776051452
6.10-30 cm,6,Warmed,10-30 cm,187,189,2020-10-06,2022-08-23,686,9.42206476617281,0.927038626609442,0.522649409973354,2.5960636256355
6.10-30 cm,6,Warmed,10-30 cm,187,190,2020-10-06,2022-09-08,702,9.45532722030456,0.774074074074074,0.432979231320124,2.02803978903948
6.10-30 cm,6,Warmed,10-30 cm,187,191,2020-10-06,2022-11-01,756,9.56224242422107,0.893238434163701,0.531474561655648,2.36361279181154
6.10-30 cm,6,Warmed,10-30 cm,187,192,2020-10-06,2023-01-12,828,9.69348695749933,0.854961832061069,0.5242026873887,2.21840767001626
6.10-30 cm,6,Warmed,10-30 cm,187,193,2020-10-06,2023-02-07,854,9.73809225962049,0.89247311827957,0.443996180472667,2.11635193186576
6.10-30 cm,6,Warmed,10-30 cm,187,194,2020-10-06,2023-05-02,938,9.87344411251538,0.969255663430421,0.440991923102597,2.2284855119051
6.10-30 cm,6,Warmed,10-30 cm,187,195,2020-10-06,2023-10-03,1092,10.0927571409199,0.795555555555556,0.420442551952542,2.10787984575981
6.10-30 cm,6,Warmed,10-30 cm,187,196,2020-10-06,2024-04-30,1302,10.3465137331656,0.779354838709677,0.30419826652221,1.93368870564923
6.10-30 cm,6,Warmed,10-30 cm,188,189,2021-02-23,2022-08-23,546,9.09275714091985,0.965746907706946,0.52606654038046,2.77888718120265
6.10-30 cm,6,Warmed,10-30 cm,188,190,2021-02-23,2022-09-08,562,9.13442632022093,0.875787578757876,0.460789398832131,2.17600718063007
6.10-30 cm,6,Warmed,10-30 cm,188,191,2021-02-23,2022-11-01,616,9.2667865406949,0.943181818181818,0.531690069907529,2.58191283595695
6.10-30 cm,6,Warmed,10-30 cm,188,192,2021-02-23,2023-01-12,688,9.4262647547021,0.92481884057971,0.524418195640581,2.40646211088827
6.10-30 cm,6,Warmed,10-30 cm,188,193,2021-02-23,2023-02-07,714,9.4797802640291,0.933115823817292,0.444211688724547,2.30886952622171
6.10-30 cm,6,Warmed,10-30 cm,188,194,2021-02-23,2023-05-02,798,9.64024493622235,0.977443609022556,0.441207431354477,2.37718992780341
6.10-30 cm,6,Warmed,10-30 cm,188,195,2021-02-23,2023-10-03,952,9.89481776330794,0.870967741935484,0.420658060204423,2.25769834347406
6.10-30 cm,6,Warmed,10-30 cm,188,196,2021-02-23,2024-04-30,1162,10.1823943534045,0.852544910179641,0.313592527906447,2.0660473937391
6.10-30 cm,6,Warmed,10-30 cm,189,190,2022-08-23,2022-09-08,16,4,0.779527559055118,0.0967704993128722,0.684564257645914
6.10-30 cm,6,Warmed,10-30 cm,189,191,2022-08-23,2022-11-01,70,6.12928301694497,0.75,0.164644236072808,0.930270746759032
6.10-30 cm,6,Warmed,10-30 cm,189,192,2022-08-23,2023-01-12,142,7.14974711950468,0.721649484536083,0.107642124883504,0.634137716500795
6.10-30 cm,6,Warmed,10-30 cm,189,193,2022-08-23,2023-02-07,168,7.39231742277876,0.832278481012658,0.201374255611544,0.914229092078191
6.10-30 cm,6,Warmed,10-30 cm,189,194,2022-08-23,2023-05-02,252,7.97727992349992,0.88671875,0.19175099269886,1.15379133944576
6.10-30 cm,6,Warmed,10-30 cm,189,195,2022-08-23,2023-10-03,406,8.66533591718518,0.875609756097561,0.134436762343739,0.785411564191185
6.10-30 cm,6,Warmed,10-30 cm,189,196,2022-08-23,2024-04-30,616,9.2667865406949,0.908088235294118,0.218451143451143,1.10511545473567
6.10-30 cm,6,Warmed,10-30 cm,190,191,2022-09-08,2022-11-01,54,5.75488750216347,0.702702702702703,0.193618125216188,1.01534689579288
6.10-30 cm,6,Warmed,10-30 cm,190,192,2022-09-08,2023-01-12,126,6.97727992349992,0.605442176870748,0.136616014026885,0.636612345664693
6.10-30 cm,6,Warmed,10-30 cm,190,193,2022-09-08,2023-02-07,152,7.24792751344359,0.732696897374702,0.151694915254237,0.789029464123648
6.10-30 cm,6,Warmed,10-30 cm,190,194,2022-09-08,2023-05-02,236,7.88264304936184,0.888059701492537,0.143806731464375,1.13834364312818
6.10-30 cm,6,Warmed,10-30 cm,190,195,2022-09-08,2023-10-03,390,8.60733031374961,0.621681415929204,0.0661980466868129,0.506706562840759
6.10-30 cm,6,Warmed,10-30 cm,190,196,2022-09-08,2024-04-30,600,9.22881869049588,0.716468590831919,0.147196870925684,0.753938423324374
6.10-30 cm,6,Warmed,10-30 cm,191,192,2022-11-01,2023-01-12,72,6.16992500144231,0.639705882352941,0.0853272343420127,0.415129580375544
6.10-30 cm,6,Warmed,10-30 cm,191,193,2022-11-01,2023-02-07,98,6.61470984411521,0.750636132315522,0.102369422345209,0.391254981632253
6.10-30 cm,6,Warmed,10-30 cm,191,194,2022-11-01,2023-05-02,182,7.5077946401987,0.878787878787879,0.128058806460973,0.676981450214664
6.10-30 cm,6,Warmed,10-30 cm,191,195,2022-11-01,2023-10-03,336,8.39231742277876,0.787941787941788,0.143925011865211,0.688703116395108
6.10-30 cm,6,Warmed,10-30 cm,191,196,2022-11-01,2024-04-30,546,9.09275714091985,0.839546191247974,0.227276295133438,0.90842840830946
6.10-30 cm,6,Warmed,10-30 cm,192,193,2023-01-12,2023-02-07,26,4.70043971814109,0.67887323943662,0.121800116890707,0.386025459157972
6.10-30 cm,6,Warmed,10-30 cm,192,194,2023-01-12,2023-05-02,110,6.78135971352466,0.880813953488372,0.0945143541973089,0.736102286158121
6.10-30 cm,6,Warmed,10-30 cm,192,195,2023-01-12,2023-10-03,264,8.04439411935845,0.716247139588101,0.105675844248418,0.45551428803873
6.10-30 cm,6,Warmed,10-30 cm,192,196,2023-01-12,2024-04-30,474,8.88874324889826,0.803448275862069,0.22000442086649,0.767213775510573
6.10-30 cm,6,Warmed,10-30 cm,193,194,2023-02-07,2023-05-02,84,6.39231742277876,0.865470852017937,0.0521808980641015,0.529214743377034
6.10-30 cm,6,Warmed,10-30 cm,193,195,2023-02-07,2023-10-03,238,7.89481776330794,0.739371534195934,0.0980335479350064,0.370484880109884
6.10-30 cm,6,Warmed,10-30 cm,193,196,2023-02-07,2024-04-30,448,8.8073549220576,0.806734992679356,0.142731421121252,0.522317813861064
6.10-30 cm,6,Warmed,10-30 cm,194,195,2023-05-02,2023-10-03,154,7.2667865406949,0.822834645669291,0.0969910724126529,0.739777676010663
6.10-30 cm,6,Warmed,10-30 cm,194,196,2023-05-02,2024-04-30,364,8.5077946401987,0.848818897637795,0.141532993073277,0.690581705244378
6.10-30 cm,6,Warmed,10-30 cm,195,196,2023-10-03,2024-04-30,210,7.71424551766612,0.546474358974359,0.116244285430332,0.386861329208396
