plot,month_start,year_month,year,month,treatment,season,temp_cs655_cen_0_10cm__monthly_mean,vwc_cs655_cen_0_10cm__monthly_mean,temp_cs655_cen_20_30cm__monthly_mean,vwc_cs655_cen_20_30cm__monthly_mean,temp_cs655_cen_40_50cm__monthly_mean,vwc_cs655_cen_40_50cm__monthly_mean,flux__monthly_mean,nh4_ugN.mL_lysimiter.surface.chemistry__monthly_mean,nh4_ugN_lysimiter.surface.chemistry__monthly_mean,no3_ugN.mL_lysimiter.surface.chemistry__monthly_mean,no3_ugN_lysimiter.surface.chemistry__monthly_mean,npoc_mg.l_10cm_pwchemistry__monthly_mean,npoc_mg.l_30cm_pwchemistry__monthly_mean,npoc_mg.l_50cm_pwchemistry__monthly_mean,npoc_mg_10cm_pwchemistry__monthly_mean,npoc_mg_30cm_pwchemistry__monthly_mean,npoc_mg_50cm_pwchemistry__monthly_mean,npoc_ug.mL_lysimiter.surface.chemistry__monthly_mean,npoc_ug_lysimiter.surface.chemistry__monthly_mean,po4_ugP.mL_lysimiter.surface.chemistry__monthly_mean,po4_ugP_lysimiter.surface.chemistry__monthly_mean,tdn_mg.l_10cm_pwchemistry__monthly_mean,tdn_mg.l_30cm_pwchemistry__monthly_mean,tdn_mg.l_50cm_pwchemistry__monthly_mean,tdn_mg_10cm_pwchemistry__monthly_mean,tdn_mg_30cm_pwchemistry__monthly_mean,tdn_mg_50cm_pwchemistry__monthly_mean,tn_ug.mL_lysimiter.surface.chemistry__monthly_mean,tn_ug_lysimiter.surface.chemistry__monthly_mean,core.root.mass_g_rootsoilcores__monthly_mean,ext.c_ug.g.soil_SD_nutrient.cores__monthly_mean,ext.c_ug.g.soil_mean_nutrient.cores__monthly_mean,ext.n_ug.g.soil_SD_nutrient.cores__monthly_mean,ext.n_ug.g.soil_mean_nutrient.cores__monthly_mean,live.root.mass_g_rootsoilcores__monthly_mean,nh4.min_ug.g.soil.day_SD_nutrient.cores__monthly_mean,nh4.min_ug.g.soil.day_mean_nutrient.cores__monthly_mean,nh4_ug.g.soil_SD_nutrient.cores__monthly_mean,nh4_ug.g.soil_mean_nutrient.cores__monthly_mean,no3.min_ug.g.soil.day_SD_nutrient.cores__monthly_mean,no3.min_ug.g.soil.day_mean_nutrient.cores__monthly_mean,no3_ug.g.soil_SD_nutrient.cores__monthly_mean,no3_ug.g.soil_mean_nutrient.cores__monthly_mean,po4_ug.g.soil_SD_nutrient.cores__monthly_mean,po4_ug.g.soil_mean_nutrient.cores__monthly_mean,root.C_count_rootsoilcores__monthly_mean,root.C_percent_rootsoilcores__monthly_mean,root.N_percent_rootsoilcores__monthly_mean,root.mass.per.area_g.m2_rootsoilcores__monthly_mean,rtd_g_cm3_rootsoilcores__monthly_mean,srl_cm.g_rootsoilcores__monthly_mean,surface.area_cm2_rootsoilcores__monthly_mean,tc.tn_ratio_SD_nutrient.cores__monthly_mean,tc.tn_ratio_mean_nutrient.cores__monthly_mean,tc_g.g.soil_SD_nutrient.cores__monthly_mean,tc_g.g.soil_mean_nutrient.cores__monthly_mean,tips_count_rootsoilcores__monthly_mean,tn_g.g.soil_SD_nutrient.cores__monthly_mean,tn_g.g.soil_mean_nutrient.cores__monthly_mean,total.dead.mass_g_rootsoilcores__monthly_mean,ubial.c.n_ratio_SD_nutrient.cores__monthly_mean,ubial.c.n_ratio_mean_nutrient.cores__monthly_mean,ubial.c_ug.g.soil_SD_nutrient.cores__monthly_mean,ubial.c_ug.g.soil_mean_nutrient.cores__monthly_mean,ubial.n_ug.g.soil_SD_nutrient.cores__monthly_mean,ubial.n_ug.g.soil_mean_nutrient.cores__monthly_mean,ubial.p_ug.g.soil_SD_nutrient.cores__monthly_mean,ubial.p_ug.g.soil_mean_nutrient.cores__monthly_mean,rootstock_g.m2_0-10_minirhizotron__monthly_mean,rootstock_g.m2_10-20_minirhizotron__monthly_mean,rootstock_g.m2_20-30_minirhizotron__monthly_mean,rootgrowth_g.m2.day_0-10_minirhizotron__monthly_mean,rootgrowth_g.m2.day_10-20_minirhizotron__monthly_mean,rootgrowth_g.m2.day_20-30_minirhizotron__monthly_mean,rootmortality_g.m2.day_0-10_minirhizotron__monthly_mean,rootmortality_g.m2.day_10-20_minirhizotron__monthly_mean,rootmortality_g.m2.day_20-30_minirhizotron__monthly_mean
1,2017-05-01,2017-05,2017,5,control,Wet,24.643696733871,0.378515468548387,24.4023795564516,0.410157374327957,24.3060399193548,0.348179649327957,7.55207443093923,,,,,1.5454,1.00973333333333,13.882,0.0214,0.0207666666666667,0.416466666666667,,,,,0.236,0.388933333333333,0.4572,0.00357978666666667,0.00806013333333333,0.013716,,,,,,,,,,,,,,,,,,,,,,,,,,,,,,,,,,,,,,,,,,132.302856407965,0,15.4171065773075,0.665863301510598,0,0,0.00150747915199974,0,0
2,2017-05-01,2017-05,2017,5,warmed,Wet,28.7110010215054,0.310391635752688,27.2925258736559,0.407630653763441,26.893479327957,0.410316791935484,6.52464358695652,,,,,2.30446666666667,3.112,2.4594,0.0424666666666667,0.0093,0.0722,,,,,0.608733333333333,0.755,0.8618,0.0107678666666667,0.002265,0.0252633333333333,,,,,,,,,,,,,,,,,,,,,,,,,,,,,,,,,,,,,,,,,,100.888255452586,0,1.03554882726523,0.850907933790414,0,0,0.943649721861128,0,0
3,2017-05-01,2017-05,2017,5,control,Wet,24.4789322715054,0.407852990322581,24.3360153225806,0.424887664112903,24.2098869086022,0.447522584677419,11.2583669986226,,,,,2.654,0.956466666666667,1.16773333333333,0.0186,0.0285,0.0342666666666667,,,,,0.6784,0.140133333333333,0.106833333333333,0.0047488,0.00417469333333333,0.0031228,,,,,,,,,,,,,,,,,,,,,,,,,,,,,,,,,,,,,,,,,,610.465014713471,0,1.10846519979719,4.993498959336,0,0,1.17839842214771,0,0
4,2017-05-01,2017-05,2017,5,warmed,Wet,28.9650559408602,0.304208035080645,27.5696730376344,0.394721239784946,27.2507588172043,0.348086706989247,19.2917991222571,,,,,4.765,1.53493333333333,2.60553333333333,0.08415,0.0247,0.0272666666666667,,,,,0.9857,0.312266666666667,0.482733333333333,0.0188873,0.0055016,0.00524613333333333,,,,,,,,,,,,,,,,,,,,,,,,,,,,,,,,,,,,,,,,,,949.807019864758,82.5598020358988,16.3634354076706,0.352875358932644,0.20849238025952,0.198768624459501,2.14527979302295,0,0.32256887307103
5,2017-05-01,2017-05,2017,5,control,Wet,24.3650225537634,0.194643118454301,24.2677032392473,0.441203316666667,24.091666344086,0.441166447311828,12.556188262069,,,,,1.3106,1.6863,0.884266666666667,0.0314333333333333,0.01245,0.0265666666666667,,,,,0.4232,0.4238,0.308266666666667,0.0109274666666667,0.0034796,0.009248,,,,,,,,,,,,,,,,,,,,,,,,,,,,,,,,,,,,,,,,,,500.855073359171,537.384092369932,12.6585884533393,2.78336059900863,0,0,0.706030625587109,0.0322162058466145,0
6,2017-05-01,2017-05,2017,5,warmed,Wet,28.0422504569893,0.274741502284946,27.0589563844086,0.39300031733871,26.6981881048387,0.385515402284946,39.1934483263598,,,,,1.38933333333333,0.994,,0.033,0.0284333333333333,,,,,,0.189533333333333,0.188433333333333,,0.00499988,0.0053688,,,,,,,,,,,,,,,,,,,,,,,,,,,,,,,,,,,,,,,,,,,674.050647434658,97.2981571747231,0,3.00558122269463,0.469497022852915,0,2.09380643993907,0,0
1,2017-06-01,2017-06,2017,6,control,Wet,24.9556601805556,0.403226423055556,24.96310875,0.423286239583333,24.9275329583333,0.367956573055556,7.4159775929078,,,,,1.807,1.4188,0.9667,0.0163,0.02235,0.029,,,,,0.2354,0.3314,0.4089,0.0021186,0.0052692,0.012267,,,,,,,,,,,,,,,,,,,,,,,,,,,,,,,,,,,,,,,,,,153.651067138749,0,16.0209479615723,1.02316109503347,0,0.0431315274474825,0.0189370861934487,0,0
2,2017-06-01,2017-06,2017,6,warmed,Wet,28.2042617916667,0.330927098055556,27.470849125,0.410632962083333,27.1808527916667,0.412898155138889,5.16964088379705,,,,,,,1.4689,,,0.03205,,,,,,,0.4224,,,0.0094633,,,,,,,,,,,,,,,,,,,,,,,,,,,,,,,,,,,,,,,,,,167.903019446732,33.5880488377575,1.03554882726523,5.00558240758765,2.3991463455541,0,0,0,0
3,2017-06-01,2017-06,2017,6,control,Wet,24.9529613194444,0.426644223055556,24.9442689583333,0.434411482777778,24.866035375,0.454464522638889,6.29522745803698,,,,,,1.1579,1.3654,,0.03165,0.04095,,,,,,0.12215,0.1142,,0.00323256,0.003426,,,,,,,,,,,,,,,,,,,,,,,,,,,,,,,,,,,,,,,,,,644.226631788395,0,0,4.77488075043824,0,0,1.67998932685365,0,0.0124622386318934
4,2017-06-01,2017-06,2017,6,warmed,Wet,27.7153562361111,0.350786197222222,27.37732125,0.412766138194445,27.2054308611111,0.358592265277778,18.0410697701149,,,,,,1.5343,,,0.02035,,,,,,,0.1691,,,0.0022185,,,,,,,,,,,,,,,,,,,,,,,,,,,,,,,,,,,,,,,,,,,721.797602116518,82.5598020358988,5.91520305995102,5.01137119131814,0,0.0334523729060159,23.2323792679143,0,0.10259619862181
5,2017-06-01,2017-06,2017,6,control,Wet,24.7903296111111,0.233289786805556,24.8583748611111,0.452469947638889,24.7394585833333,0.449582374722222,10.3152377936963,,,,,1.6733,1.8405,0.8614,0.02065,0.0129,0.02585,,,,,0.7562,0.395,0.2995,0.0096901,0.002765,0.008985,,,,,,,,,,,,,,,,,,,,,,,,,,,,,,,,,,,,,,,,,,731.542047206836,526.464875324159,12.6585884533393,18.4369724107645,0.109536317712167,0,15.7740846765407,0,0
6,2017-06-01,2017-06,2017,6,warmed,Wet,28.0334360277778,0.316838326388889,27.2833380833333,0.403032418888889,27.0239339166667,0.39410436875,39.0374524,,,,,1.5382,,,0.0136,,,,,,,0.15885,,,0.00145758,,,,,,,,,,,,,,,,,,,,,,,,,,,,,,,,,,,,,,,,,,,,652.363326929249,97.7262722992124,2.14749892513139,2.07981140771502,0.11591269591475,0.053687473128285,1.33446012801807,0.084582255567637,0
1,2017-07-01,2017-07,2017,7,control,Wet,25.5464421639785,0.411961658602151,25.4804837768817,0.421685752822581,25.4113028629032,0.364415143548387,8.20016445016611,,,,,1.6358,1.5118,1.1247,0.0131,0.0169,0.0288,,,,,0.212,0.5417,0.3867,0.001696,0.0066169,0.0099002,,,,,,,,,,,,,,,,,,,,,,,,,,,,,,,,,,,,,,,,,,193.670032479036,5.96232430828025,16.624789345837,1.43088985521077,0.458640331406173,0,0.293717069346969,0,0
2,2017-07-01,2017-07,2017,7,warmed,Wet,28.568546733871,0.333024071639785,27.9856263709677,0.404521053225806,27.6311766532258,0.407479697715054,4.75519646956522,,,,,,,2.236,,,0.04295,,,,,,,0.4413,,,0.009511,,,,,,,,,,,,,,,,,,,,,,,,,,,,,,,,,,,,,,,,,,232.687173369617,67.176097675515,1.03554882726523,0.766144005056832,0,0,0.446893593466838,0,0
3,2017-07-01,2017-07,2017,7,control,Wet,25.5701940456989,0.437848597580645,25.48027,0.435043661693548,25.3662182795699,0.454578183333333,7.84816494148021,,,,,1.4043,0.9494,1.3025,0.03565,0.02205,0.03365,,,,,0.1735,0.1498,0.2356,0.00436563,0.00346749,0.005922,,,,,,,,,,,,,,,,,,,,,,,,,,,,,,,,,,,,,,,,,,667.860321117937,0,0,1.79040366353098,0,0,4.44098314329475,0,0
4,2017-07-01,2017-07,2017,7,warmed,Wet,28.2873478091398,0.347237649462366,27.8928967069893,0.407372587768817,27.6033932258065,0.349186603360215,21.6817283390411,,,,,2.938,1.2116,,0.0176,0.0218,,,,,,0.6486,0.1302,,0.0038916,0.00234288,,,,,,,,,,,,,,,,,,,,,,,,,,,,,,,,,,,,,,,,,,,567.147761829207,85.5401106692636,0,1.68611409731055,0.09934362111216,0,2.24110365418026,0,0.0797260263518445
5,2017-07-01,2017-07,2017,7,control,Wet,25.3958433736559,0.243674444939271,25.4093761827957,0.451890208870968,25.236813172043,0.447221802419355,13.7758879900332,,,,,1.8115,,0.8913,0.02255,,0.02675,,,,,2.5583,,0.3478,0.0275978,,0.010434,,,,,,,,,,,,,,,,,,,,,,,,,,,,,,,,,,,,,,,,,,676.622435529209,526.462460884923,12.6585884533393,7.44964177927083,0,0,7.02009235621781,0,0
6,2017-07-01,2017-07,2017,7,warmed,Wet,28.5210767741936,0.312206219086022,27.5974819489247,0.401471350806452,27.3123743951613,0.393438007930108,38.9791619850746,,,,,1.3296,,1.8452,0.012,,0.01955,,,,,0.5302,,0.425,0.0047718,,0.0042614,,,,,,,,,,,,,,,,,,,,,,,,,,,,,,,,,,,,,,,,,,749.007368636228,98.5311970044779,0,5.75723753948873,0.142899335205948,0,1.16094541873532,0,0
1,2017-08-01,2017-08,2017,8,control,Wet,25.5796683870968,0.428079667741936,25.6678653897849,0.435508193413979,25.656866827957,0.375201130510753,8.63473299186992,,,,,1.9165,1.0401,0.9775,0.0181,0.0218,0.0293,,,,,0.2541,0.4844,0.3252,0.0023508,0.0102165,0.009756,,,,,,,,,,,,,,,,,,,,,,,,,,,,,,,,,,,,,,,,,,141.100377514334,0,16.624789345837,0.174781142393389,0,0,1.26135821206673,0.22519603710908,0
2,2017-08-01,2017-08,2017,8,warmed,Wet,28.7961084811828,0.356355882123656,28.2489363844086,0.415967581317204,27.9391125134409,0.419778763978495,4.88593842905405,,,,,,,1.5212,,,0.0224,,,,,,,0.387,,,0.0058266,,,,,,,,,,,,,,,,,,,,,,,,,,,,,,,,,,,,,,,,,,227.669166154038,67.176097675515,1.03554882726523,0.0747894585758865,0,0,0.279482471411819,0,0
3,2017-08-01,2017-08,2017,8,control,Wet,25.6724535215054,0.446482825134409,25.6847422177419,0.442212554301075,25.6316206182796,0.460674306317204,9.22568559453781,,,,,1.1539,1.1142,1.0734,0.02985,0.02845,0.0322,,,,,0.251,0.11755,0.07645,0.00629388,0.00295296,0.0022935,,,,,,,,,,,,,,,,,,,,,,,,,,,,,,,,,,,,,,,,,,627.327596099284,0,0,1.86453364011955,0,0,0.881770509766575,0,0
4,2017-08-01,2017-08,2017,8,warmed,Wet,27.4776104032258,0.366457381317204,27.6491568010753,0.421732848252688,27.5301472715054,0.363959466263441,16.9925993066667,,,,,,1.4889,,,0.0183,,,,,,,0.2408,,,0.0029542,,,,,,,,,,,,,,,,,,,,,,,,,,,,,,,,,,,,,,,,,,,512.884711285854,68.3907942367914,0,0.307343363794856,0.00621679046950125,0,0.947955548523825,0.335165545524279,0
5,2017-08-01,2017-08,2017,8,control,Wet,25.4709395967742,0.265408927815468,25.6218302553764,0.458355679032258,25.5199193145161,0.453089552822581,18.5999368396226,,,,,1.9231,,0.8017,0.02125,,0.02405,,,,,0.9913,,0.2475,0.0112988,,0.007425,,,,,,,,,,,,,,,,,,,,,,,,,,,,,,,,,,,,,,,,,,516.189417677413,483.53655113376,12.6585884533393,4.5832527457296,0,0,12.3799107114515,2.95415791450973,0
6,2017-08-01,2017-08,2017,8,warmed,Wet,28.4712482526882,0.349003753629032,27.6382048252688,0.412176914516129,27.3826226747312,0.40325277594086,30.56641231562,,,,,1.6544,,1.2792,0.0132,,0.0185,,,,,0.1262,,0.15405,0.00100992,,0.00224246,,,,,,,,,,,,,,,,,,,,,,,,,,,,,,,,,,,,,,,,,,648.746312853855,98.9943198069444,0,3.97817455196074,0,0,9.32742102740775,0,0
1,2017-09-01,2017-09,2017,9,control,Wet,25.8952034444445,0.439676260555556,25.9562028611111,0.44175628625,25.8754780416667,0.377269946805556,9.46689747663551,,,,,,,,,,,,,,,,,,,,,,,,23.9734258313552,262.305292866667,3.18202069102528,26.65665316,,0.079272992231805,-0.126828151333333,0.644372500788769,1.97465438,0.267750990466177,1.03561574433333,1.82126093710393,5.94660006966667,0.0860559158646753,0.59246453,,,,,,,,0.565738361200063,10.6493666666667,0.649995033314358,5.36596666666667,,0.0372398979590439,0.5027,,1.96779996257898,5.472402537,225.807187740467,502.847098933333,11.4997254345715,90.41667924,1.0294612849689,5.082154324,67.6228330927877,0,5.9584880524224,0.397274338488622,0,0,0.0476683825581712,0,0
2,2017-09-01,2017-09,2017,9,warmed,Wet,26.95878175,0.388115730416667,27.1798546944444,0.429443695277778,27.1755394861111,0.428522328194445,6.81419147368421,,,,,,,,,,,,,,,,,,,,,,,,87.0851831030543,258.827687333333,5.92363684426248,22.9197421833333,,0.0149236224968298,-0.0627640353333333,0.333352902689779,1.478655528,0.456312923517717,0.486579531333333,0.91435672426907,5.26429589733333,0.197204924110827,0.665651603,,,,,,,,0.581828852269577,10.8483666666667,0.486136527462536,4.39793333333333,,0.0248187429174001,0.4046,,0.475526528712183,3.93195879966667,74.0300376201431,308.8811361,9.14727462259027,77.8443899233333,1.26266603869931,5.262430215,264.468825972264,83.625596144078,0.470169390095663,0.673001241003466,0,0,0.0337279293649793,0,0
3,2017-09-01,2017-09,2017,9,control,Wet,26.1239835555556,0.463474153055556,26.0059105138889,0.450826242361111,25.9032984166667,0.463787469861111,10.6404115053763,,,,,,,,,,,,,,,,,,,,,,,,120.412618059493,418.6031341,3.70998950144207,33.8822585366667,,0.141039023391813,-0.303809703666667,1.32741563141955,3.609111211,0.610248943584765,1.17230532233333,2.5537725456317,6.09364655033333,0.340953027962825,0.684284253333333,,,,,,,,0.308382246570712,10.7533,0.694124419682812,4.5063,,0.0517306807739212,0.418066666666667,,1.2449689619194,2.674881026,59.6647531360141,148.60130789,8.0389840239343,57.7240652033334,1.16965064638608,4.08467947366667,335.313199876391,0,0,0.536682199950405,0,0,1.50572579727419,0,0
4,2017-09-01,2017-09,2017,9,warmed,Wet,26.9546669444445,0.382883184305556,27.0278362361111,0.429819423888889,26.92662175,0.370772729166667,17.4496052083333,,,,,,,,,,,,,,,,,,,,,,,,36.0314302635767,426.460667733333,6.63049950893627,40.9968608833333,,0.195131548073433,-0.306594884,2.86029714867736,5.173576519,0.776194340906505,1.26640416133333,3.45763788588108,7.35229774666667,0.4112934887589,0.760910598333333,,,,,,,,0.371392142261161,11.5941333333333,0.184227042893635,5.23583333333333,,0.00397156560229507,0.451566666666667,,0.722889215296764,4.572804648,110.379272095137,479.885010033333,15.3923235903883,104.75632926,1.67091748795067,5.91969626966667,473.10971140514,47.3188947565926,0,0.127825423675203,0,0,0.53255368727729,0,0
5,2017-09-01,2017-09,2017,9,control,Wet,26.4298114166667,0.272683257021277,26.1826559861111,0.463601825555556,25.9375006388889,0.458368067083333,17.4995088571429,,,,,,,,,,,,,,,,,,,,,,,,18.7424016432478,334.030150266667,2.14863890313522,30.87347933,,0.183220785118192,-0.521970423666667,1.75786157105971,5.73536830933333,0.0486591895444284,1.385059811,3.31160744082223,6.65686689833333,0.383906558490891,1.139080144,,,,,,,,0.681896541517357,11.2613333333333,0.7006665493181,5.48103333333333,,0.0363332262995365,0.485466666666667,,0.390843653879047,4.62340816433333,38.4943098096192,462.925183833333,10.2779017372422,100.473971056667,0.663779920836574,7.71778934633333,146.649745046697,820.034180226812,8.3126568616837,2.01941650621856,0.0113168076047355,0,6.00466513575504,0.055753636332674,0
6,2017-09-01,2017-09,2017,9,warmed,Wet,26.7973183055556,0.399639124512535,26.6782410277778,0.419627870555556,26.5317630694444,0.411190118611111,41.9403916666667,,,,,,,,,,,,,,,,,,,,,,,,32.5896896481961,314.268583433333,5.74919662086391,22.18625722,,0.240255627220381,-0.101752213333333,1.05142254134947,2.53702981166667,0.17757070697818,0.840820008333333,2.3789840574012,6.80528624,0.0586489198966496,0.506386098333333,,,,,,,,1.23714958809892,11.4840666666667,1.35293947142263,5.73783333333333,,0.0618768400399805,0.495333333333333,,3.68876985965933,5.518519993,324.981529564881,497.2556204,13.3885896846102,90.3943322833333,1.34306812091182,5.782955289,435.726648218,32.7445248016114,0,4.37109526349422,0,0,4.07643956971568,0.087435247567565,0
1,2017-10-01,2017-10,2017,10,control,Wet,26.0833452822581,0.443316097311828,26.0522830107527,0.442843545295699,26.0371112768817,0.37971861733871,6.35200567567568,,,,,2.522,1.403,1.4516,0.0378,0.0407,0.0435,,,,,6.418,2.034,1.2096,0.09627,0.058986,0.036288,,,,,,,,,,,,,,,,,,,,,,,,,,,,,,,,,,,,,,,,,,99.1801010534184,0,5.9584880524224,4.40092468816192,0,0,0.197732548825122,0,0
2,2017-10-01,2017-10,2017,10,warmed,Wet,26.0559698521505,0.425470989784946,26.1303664784946,0.440147699865591,26.2113055510753,0.43616392594086,,,,,,,4.064,1.8556,,0.0244,0.0557,,,,,,1.4302,0.8322,,0.0085812,0.024966,,,,,,,,,,,,,,,,,,,,,,,,,,,,,,,,,,,,,,,,,,280.450138439137,84.7519838368106,0,1.97943926686832,0.14095270525633,0,0,0,0.0313446260063776
3,2017-10-01,2017-10,2017,10,control,Wet,25.8193664112903,0.469552631048387,25.921336639785,0.452801021908602,25.9435797715054,0.465144742741935,5.08586124590164,,,,,2.232,1.5542,1.9878,0.0558,0.0435,0.0557,,,,,0.7554,0.2094,0.1968,0.018885,0.0058632,0.00550984,,,,,,,,,,,,,,,,,,,,,,,,,,,,,,,,,,,,,,,,,,327.662745289397,0,0,3.20557522138319,0,0,1.80953049959083,0,0
4,2017-10-01,2017-10,2017,10,warmed,Wet,25.9790374865591,0.411763719892473,26.2049413306452,0.441944751478495,26.2403955913979,0.385672859543011,,,,,,2.042,1.7152,,0.0613,0.036,,,,,,1.873,2.81,,0.05619,0.05901,,,,,,,,,,,,,,,,,,,,,,,,,,,,,,,,,,,,,,,,,,,508.54241686691,47.3188947565926,0,2.42269634129902,0,0,0,0,0
5,2017-10-01,2017-10,2017,10,control,Wet,26.3657624193548,0.280933805149052,26.2428904435484,0.465683390860215,26.1676724462366,0.45746717889785,3.179435,,,,,,,1.3782,,,0.0413,,,,,,,0.5852,,,0.017556,,,,,,,,,,,,,,,,,,,,,,,,,,,,,,,,,,,,,,,,,,178.733972922171,806.07543506885,8.3126568616837,3.93050332091842,0,0,0.215025514731296,0.930583010530759,0
6,2017-10-01,2017-10,2017,10,warmed,Wet,25.9115753091398,0.429000041801075,25.888471922043,0.429264684408602,25.8053087634409,0.419711217876344,,,,,,,,1.6374,,,0.036,,,,,,,1.1996,,,0.0263912,,,,,,,,,,,,,,,,,,,,,,,,,,,,,,,,,,,,,,,,,,653.253969339882,32.5522988938562,0,8.52312852586921,0.0386129802031795,0,1.93504702767666,0.0228738807172464,0
1,2017-11-01,2017-11,2017,11,control,Wet,25.0053410778443,0.442518621856287,25.2790899706745,0.440897568328446,25.383768973607,0.370374568328446,5.32301157772622,,,,,2.04,1.0776,0.9154,0.0286,0.0334,0.0275,,,,,0.5978,3.32,2.634,0.0083692,0.10292,0.07902,,,,11.6895652145998,215.354328166667,3.09789857605796,23.1061836033333,,,,1.11167200412097,4.45046622233333,,,0.180982361846949,2.56914387533333,0.0382915014445167,0.0221076086666667,,,,,,,,0.444339198510927,10.0049333333333,0.695889002164378,4.04053333333333,,0.0529166325459208,0.4023,,0.478874478594548,4.96153575833333,36.7599529145535,432.087916266667,7.37123811425894,87.3575734133333,0.829676820914412,2.66024006833333,144.207764152735,13.7986644831045,9.57371628456505,4.12096804096214,1.88766446760759,0.825798192337955,0.143952244920479,0,0.0640883195755835
2,2017-11-01,2017-11,2017,11,warmed,Wet,24.6736102095808,0.437449335628742,25.1874116422287,0.439906207038123,25.3698004398827,0.434672396774194,,,,,,2.122,2.008,1.3356,0.0361,0.012,0.0401,,,,,3.012,2.862,1.2404,0.051204,0.017172,0.037212,,,,115.694532718195,269.768773033333,6.39873697634275,22.5537840266667,,,,1.5661650533486,4.27848560566667,,,1.74582543342638,2.862294449,0.124112176451103,0.231795452333333,,,,,,,,0.859006998419299,12.0605333333333,0.846171619708438,4.9619,,0.0481551658703405,0.4101,,2.63903841649437,3.64553840466667,284.450461879851,334.218916376667,29.6831452381698,77.5367309933333,1.09074697634936,1.35517673766667,274.013651723921,87.2727838834234,1.05262025623369,1.74238232840382,0.65428949014219,0.155760099161609,1.15495215071234,0.0312885470203512,0
3,2017-11-01,2017-11,2017,11,control,Wet,24.7774073952096,0.475279682634731,25.09655771261,0.45243698856305,25.2311953372434,0.464332624926686,2.65744224624625,,,,,1.7164,0.9446,1.2582,0.0498,0.0283,0.0377,,,,,1.8978,0.6694,0.476,0.0550362,0.020082,0.01428,,,,48.3921149588077,234.833739733333,2.89229924060343,22.03533634,,,,0.18846176262953,3.55211455266667,,,0.821055526410221,0.960460797333333,0.0504468382902938,0.0291254956666667,,,,,,,,0.559573730620013,10.5917,0.166804436391842,3.4761,,0.0160814593035997,0.328466666666667,,1.83552687407542,5.70402967533333,174.400996551918,327.1082039,11.6470254979434,55.00805209,0.839525443202085,1.13092945366667,411.986679485771,89.4469769748662,2.67683565486958,6.97399382865113,5.78403939801369,0.491714616061425,0.241584396261215,0,0
4,2017-11-01,2017-11,2017,11,warmed,Wet,24.9485248502994,0.45839416497006,25.3189311143695,0.441841592082111,25.4558548093842,0.381320773607038,,,,,,2.716,2.454,1.2902,0.0516,0.0638,0.0387,,,,,0.7766,2.68,0.9638,0.0147554,0.06968,0.028914,,,,122.282322277034,398.33273865,9.08756307678375,36.0631859166667,,,,2.42655157856375,2.470136001,,,2.75453737009123,5.98012496633333,0.105385657127857,0.109557371333333,,,,,,,,0.851873390631887,10.5226833333333,0.722771993554445,3.93216666666667,,0.0383655791910753,0.371416666666667,,1.13543982517157,5.06209780416667,98.6593936963231,368.796910883333,5.04925433571627,72.2070588666667,0.750203931783842,0.846610591666667,531.199030571422,47.9967895329728,0,2.35021191904362,0.139116135050097,0,0.362327615294464,0,0
5,2017-11-01,2017-11,2017,11,control,Wet,25.0842246706587,0.29179865239521,25.3300724046921,0.465535591495601,25.4453578592375,0.453382289442815,15.9189,,,,,1.3708,0.8842,0.8996,0.0411,0.0265,0.027,,,,,3.216,4.824,1.4442,0.09648,0.14472,0.043326,,,,72.1539983962391,305.275474533333,5.82068369605273,25.47196117,,,,4.1701064358977,7.49174840566667,,,1.63932871666985,1.98382106466667,0.148016411505838,0.183398807333333,,,,,,,,0.329739053394246,11.3390333333333,0.928987741218006,5.54706666666667,,0.0819785947671708,0.4893,,0.970257741151285,4.80611619666667,238.377716507842,493.1098595,32.7839789797281,98.28659871,2.96755663353343,3.73815797366667,154.780877840673,806.07543506885,8.3126568616837,5.07814986612184,0,0,2.52657478956776,0,0
6,2017-11-01,2017-11,2017,11,warmed,Wet,24.8245849101796,0.43587598742515,25.1296504692082,0.428566631964809,25.1595868328446,0.417215052785924,,,,,,3.296,4.238,,0.0099,0.0297,,,,,,3.62,5.822,,0.01086,0.040754,,,,,45.079365250395,283.930189466667,1.05158233688213,26.8804736933333,,,,0.836720449918699,3.890722404,,,0.772635126942476,4.026230028,0.0372082988087734,0.0214822213333333,,,,,,,,0.826596661014307,10.8263,0.6820653854287,4.5279,,0.0310090846903506,0.416666666666667,,1.55326307113917,6.36916439833333,122.949381582795,490.396426633333,20.3896871511852,78.4045137633333,0.703630911292534,2.30459970066667,959.291321434167,35.6121623359705,0,15.8149820778469,0.562305803355726,0,1.51514032170589,0.012252118767599,0
1,2017-12-01,2017-12,2017,12,control,Wet,23.8702075403226,0.43599886827957,24.4456109408602,0.436039913978495,24.6259348387097,0.361977093145161,5.30824961694915,,,,,1.5582,1.0842,1.0238,0.0467,0.0325,0.0307,,,,,0.2582,2.812,2.576,0.007746,0.08436,0.07728,,,,,,,,,,,,,,,,,,,,,,,,,,,,,,,,,,,,,,,,,,172.311289531694,374.743991901083,28.648302770009,3.38872265230976,13.6217169439624,2.05229883920071,0.524582956336108,0,0
2,2017-12-01,2017-12,2017,12,warmed,Wet,23.6035529032258,0.44006576061828,24.2853565456989,0.439411343817204,24.5507563172043,0.433506529301075,,,,,,1.2136,4.078,4.066,0.0364,0.0204,0.122,,,,,2.918,3.486,1.561,0.08754,0.01743,0.04683,,,,,,,,,,,,,,,,,,,,,,,,,,,,,,,,,,,,,,,,,,296.162371874027,109.80562019194,2.56520637341894,2.6142075630774,2.13680150467222,0.0425622273464612,0.608326724284313,0,0
3,2017-12-01,2017-12,2017,12,control,Wet,23.9466820430108,0.476717846505376,24.3131762634409,0.45176123172043,24.4920240725806,0.463262065994624,2.21586800826446,,,,,3.788,0.8906,1.5162,0.1136,0.0267,0.0455,,,,,1.0154,0.9706,1.0166,0.030462,0.029118,0.030498,,,,,,,,,,,,,,,,,,,,,,,,,,,,,,,,,,,,,,,,,,513.98778207694,105.811674117107,14.760378696416,8.17407670407708,0.898277941227138,1.11145331218328,1.48672219227115,0.0310316648199768,0
4,2017-12-01,2017-12,2017,12,warmed,Wet,24.0770881182796,0.455280231048387,24.4554383467742,0.440318617607527,24.6305833467742,0.379246289784946,,,,,,2.952,0.7832,1.1552,0.0886,0.0235,0.0347,,,,,1.5928,1.561,1.1468,0.047784,0.04683,0.034404,,,,,,,,,,,,,,,,,,,,,,,,,,,,,,,,,,,,,,,,,,601.272380882347,47.9515770484889,0,7.28652232369383,0.339151920683862,0,0.414095776370542,0.082363846150888,0
5,2017-12-01,2017-12,2017,12,control,Wet,24.0820882123656,0.309598079459459,24.5120655241936,0.465940962231183,24.6904763575269,0.452582363978495,,,,,,1.4894,1.0018,0.9406,0.0447,0.0301,0.0282,,,,,8.09,5.212,1.918,0.2427,0.15636,0.05754,,,,,,,,,,,,,,,,,,,,,,,,,,,,,,,,,,,,,,,,,,308.638747946008,516.799185369608,8.3126568616837,13.0720580081527,0,0,0.60971517605246,19.2850833132828,0
6,2017-12-01,2017-12,2017,12,warmed,Wet,23.7660422849462,0.428118825806452,24.1934334005376,0.427924295026882,24.279895577957,0.416342672311828,,,,,,3.288,2.344,1.2606,0.0296,0.0703,0.0378,,,,,4.756,3.722,2.93,0.042804,0.11166,0.0879,,,,,,,,,,,,,,,,,,,,,,,,,,,,,,,,,,,,,,,,,,1166.33123045217,42.8172273727675,0,3.6422091817215,0.774227241116569,0,3.92570858416748,0.0172167282925078,0
1,2018-01-01,2018-01,2018,1,control,Wet,23.4504817810219,0.453628744087591,23.9617216081871,0.44619364502924,24.1320310526316,0.37590480745614,5.8805618147448,0.637371518,417.4783441,2.83694614,1858.199722,1.60326666666667,1.11753333333333,1.29053333333333,0.0301666666666667,0.0279,0.0387,8.222,5385.41,0.01450982,9.5039321,0.286466666666667,1.04406666666667,1.88466666666667,0.0053274,0.0256667333333333,0.05654,1.2278,804.209,,,240.1304812,,19.74815597,,,,,,,,,,,,,,,,,,,,9.1532,,3.0423,,,0.3324,,,6.335100165,,380.6271215,,60.08225784,,,237.90272281247,815.02478080169,117.258841705787,5.13114229811468,5.92694692547929,6.19577533028137,0.511440805304173,0.0143767324681849,0.00139554727770953
2,2018-01-01,2018-01,2018,1,warmed,Wet,23.3408308321168,0.453421548467153,23.8942872660819,0.44701287748538,24.1011765643275,0.441832373245614,,0.659504643,916.7114535,0.57213944,795.2738216,1.39006666666667,2.386,1.7072,0.0278666666666667,0.0131,0.0512333333333333,4.342,6035.38,0,0,1.6592,3.18,1.34326666666667,0.0326133333333333,0.017513,0.040298,0.8504,1182.056,,,318.7809109,,22.82676472,,,,,,,,,,,,,,,,,,,,10.4388,,4.281,,,0.4101,,,5.956640562,,549.9222988,,92.32088005,,,350.21112468528,307.209204889622,28.4156779309535,4.71351141733517,5.30043326779602,1.30851026856727,0.148267426013557,0,0
3,2018-01-01,2018-01,2018,1,control,Wet,23.503956350365,0.486875125255475,23.7829878947368,0.459568066812866,23.9558861842105,0.469365041812866,2.11992024942792,0,0,0.0294066,127.330578,1.79726666666667,1.25866666666667,1.43,0.0515333333333333,0.0327333333333333,0.0349,9.678,41905.74,0.15975811,691.7526163,0.707733333333333,0.229333333333333,1.09353333333333,0.0195018666666667,0.00584818,0.0266988,0.5692,2464.636,,,276.8498795,,17.06697111,,,,,,,,,,,,,,,,,,,,11.2453,,4.2736,,,0.38,,,5.798646518,,309.5202098,,53.37800964,,,625.823802044057,110.657706652793,14.9652827780738,8.21850171197557,0.405214117933642,0.0731237594827387,2.3307899143887,0.015260004335835,0.0280835533140222
4,2018-01-01,2018-01,2018,1,warmed,Wet,23.8234138832117,0.470521325255475,24.0610343128655,0.445212909210526,24.182760877193,0.386191243421053,,0.732543955,505.4553292,0.16329438,112.6731222,2.892,1.43106666666667,1.611,0.0647,0.0324333333333333,0.0387,22.08,15235.2,0.60574871,417.9666099,0.4378,1.03593333333333,0.731,0.0093252,0.0229232666666667,0.017544,2.214,1527.66,,,225.5816288,,14.51796552,,,,,,,,,,,,,,,,,,,,9.7543,,3.8391,,,0.3936,,,5.919925962,,450.3048716,,76.0659634,,,596.856410422576,57.2773980824152,0,4.81753341796095,0.705469774181837,0,3.88178596248181,0,0
5,2018-01-01,2018-01,2018,1,control,Wet,23.6744127445256,0.403532892105263,24.054012880117,0.471417101754386,24.2150535818714,0.457758828362573,,0,0,7.75308997,6706.422824,1.64633333333333,1.0826,0.885333333333333,0.0494,0.0324666666666667,0.0265666666666667,51.22,44305.3,0.35261891,305.0153572,2.3938,6.77066666666667,2.666,0.071814,0.20312,0.07998,0.6002,519.173,,,162.6528157,,12.61207359,,,,,,,,,,,,,,,,,,,,10.6511,,4.8517,,,0.4555,,,6.594395882,,612.9031141,,92.94302693,,,535.993877818448,235.546912850777,5.54177124112247,8.47268877127124,1.49358665744311,0,2.22271099020811,0.00883134437251017,0
6,2018-01-01,2018-01,2018,1,warmed,Wet,23.5721664525547,0.444205175766423,23.8342600730994,0.43398678245614,23.8767917105263,0.421905032602339,,0,0,0,0,6.774,2.15046666666667,1.584,0.0339,0.0210666666666667,0.0398666666666667,,,0.08321648,70.3179256,0.3456,6.43733333333333,3.836,0.001728,0.06838,0.0975693333333333,,,,,278.3307736,,19.82672959,,,,,,,,,,,,,,,,,,,,10.1469,,4.9327,,,0.4861,,,5.519152131,,481.5878245,,87.25757382,,,1225.71155869903,54.0938626064139,0,6.32378121608903,0.983312128617068,0,0.972279074015932,0,0
1,2018-02-01,2018-02,2018,2,control,Wet,22.624271264881,0.457194955208333,23.319516860119,0.442256304017857,23.5326818601191,0.365271470684524,5.77081140378549,0.1521027515,83.554574835,0.25742621,1035.7824616,1.5573,1.642,2.142,0.02415,0.0278,0.0558,8.393,21823.06,0,0,0.30255,0.6611,0.8999,0.00451318,0.0111555,0.0220722,0.6991,1524.636,,,,,,,,,,,,,,,,,,,,,,,,,,,,,,,,,,,,,,,,311.134476832549,858.298941248177,170.827899648855,13.3773156647231,2.55427663595879,0.643682665127753,2.07582310472102,0.340279175704135,0
2,2018-02-01,2018-02,2018,2,warmed,Wet,22.745593452381,0.455436049851191,23.4285905952381,0.447469539285714,23.6548937946429,0.441149429613095,,1.123746941,474.0274511,2.42143234,996.826343,1.2718,,2.636,0.0317,,0.0791,5.817,4482.93,0.040101515,14.83756055,1.109,,1.5119,0.028427,,0.045357,0.9635,617.093,,,,,,,,,,,,,,,,,,,,,,,,,,,,,,,,,,,,,,,,422.314392734562,395.05882244917,41.3115471066282,6.38915541863273,2.56835304749249,0.0859719093707064,0.656925539544003,0.00517591492565225,0
3,2018-02-01,2018-02,2018,2,control,Wet,22.9270938839286,0.491892922916667,23.198404047619,0.459282547916667,23.420221547619,0.468948803720238,1.56196751277014,0.0569303135,132.68527384,5.2105046,21771.1892085,1.2467,1.1746,1.5102,0.02935,0.0246,0.02735,9.918,35118.66,0.137737295,42.69856145,0.41175,0.5941,1.1751,0.00891345,0.0110365,0.0210796,0.7191,2710.857,,,,,,,,,,,,,,,,,,,,,,,,,,,,,,,,,,,,,,,,696.09534420019,114.726848792716,16.3527011520259,10.983799931748,0.312521496276646,0.363147344672565,2.21430224688211,0.0123936417752505,0
4,2018-02-01,2018-02,2018,2,warmed,Wet,23.1597988541667,0.477146865476191,23.5104953720238,0.44713112172619,23.657140625,0.381816425446429,,0.844869565,169.15401195,1.89075453,613.1306295,2.303,1.3855,1.8848,0.0691,0.03185,0.0565,18.223,4300.89,0.05308198,13.173612,0.3165,0.5625,0.699,0.009495,0.0123833,0.02097,1.766,392.16,,,,,,,,,,,,,,,,,,,,,,,,,,,,,,,,,,,,,,,,617.639197195337,97.4833455624862,0,9.59360735796501,5.3122481975823,0,0.0167048939104877,0.246681003326234,0
5,2018-02-01,2018-02,2018,2,control,Wet,23.0201053125,0.403556435119048,23.4887842559524,0.470525325446429,23.7096475297619,0.453873034375,6.34120233953488,0.1332895945,40.107985821,0.58368149,186.3814148,2.7188,0.9616,0.944,0.0816,0.02885,0.02835,9.169,2844.36,0.060592975,18.1778925,1.3014,4.708,2.981,0.039042,0.14124,0.08943,0.6672,207.174,,,,,,,,,,,,,,,,,,,,,,,,,,,,,,,,,,,,,,,,1361.38314483281,220.599974901269,0,53.927396427303,1.24878275768034,0,12.3475825129849,0.107801690288337,0
6,2018-02-01,2018-02,2018,2,warmed,Wet,22.8945742708333,0.443245344791667,23.3379090178571,0.434375644791667,23.3903485714286,0.420982374553572,,1.155286644,539.74306675,1.31083064,558.1233418,2.414,2.068,1.3759,0.0217,0.0145,0.0381,7.323,3795.51,0.027467655,11.91875385,3.522,5.516,3.529,0.031698,0.038612,0.09734,1.3163,648.961,,,,,,,,,,,,,,,,,,,,,,,,,,,,,,,,,,,,,,,,1370.12823741662,101.563811606426,27.6859893733125,13.5902112284258,8.37585141033325,4.42702962123715,1.93727435134731,0.4524232084933,0
1,2018-03-01,2018-03,2018,3,control,Dry,23.277048027027,0.345705308918919,23.536507574124,0.403479938866397,23.6287697304582,0.337160177972973,9.30507054644809,1.513874511,363.32988265,1.15488472,262.5697148,3.012,1.6764,1.5076,0.0211,0.0369,0.01925,10.738,1980.72,0.464417905,109.8307712,0.2334,0.616,0.7325,0.0016338,0.013552,0.009427,2.5026,551.664,0.4145,69.4621984903049,342.061492333333,7.62345990472041,36.6507922466667,0.3025,3.68994172871104,-2.224609543,22.8007246055374,18.6591027746667,0.494637788494432,2.84968038766667,0.306568224712881,0.720232573333334,2.1888623136183,3.32630857266667,26.57095,44.0465,1.69,204.5065447,0.4482991575,17.756409285,67.41225,0.415321469868021,10.1081333333333,0.433915855898353,4.7083,2328.5,0.0299283032150727,0.465366666666667,0.0915,1.84116141943868,4.98391957466667,106.102662933327,294.176952633333,10.4419547145518,59.3156181233333,10.680940477781,27.8796787233333,394.87312504673,862.440662158552,174.744390630218,8.55192725433582,0.670994900919595,0.327762302554016,1.60272444500092,0.224152339825705,0
2,2018-03-01,2018-03,2018,3,warmed,Dry,23.373108972973,0.372777897297297,23.7927298247978,0.424249002159244,23.8419352830189,0.424452228108108,,0.336914345,276.48232585,0.39413538,460.0899523,1.5717,3.07,1.5741,0.0165,0.0154,0.0301,6.598,5813.565,0.056396775,53.3303159,0.7165,2.134,1.5737,0.0072715,0.01067,0.0326022,0.9839,852.716,0.41,33.7744620351846,339.673631533333,6.62801792836824,30.4292448366667,0.316,0.0158520944510786,-0.345923965333333,0.511143124513543,4.46671558533333,0.64971207186071,1.66287851933333,1.73266304549997,1.46663499466667,5.57132175369739,8.709409795,28.7069,42.443,1.486,202.2863289,0.3507022135,21.75972234,81.86955,0.881314313965229,11.1775,0.713261202739455,4.83333333333333,2756,0.0297541593731028,0.4309,0.129,0.496814441930545,4.86588251733333,55.7562049256583,353.334427533333,11.6940960979211,72.8246931466667,7.53042518159291,22.1354907833333,451.03594944787,471.960934965848,45.5009939901521,2.21790082642533,4.83175363220191,0.396745580372516,0.0704807105501325,0.0327826389861798,0
3,2018-03-01,2018-03,2018,3,control,Dry,23.1676438243243,0.441436455405405,23.3160173584906,0.439520612550607,23.4153209433962,0.456557476081081,4.68407668061367,0.677764471,304.3494297525,2.33371276,1032.3192294,1.517,1.5218,1.3072,0.0258,0.0289,0.0248,9.05,3557.43,0.03741204,16.3452024,0.2182,0.3394,0.538,0.0037094,0.0064486,0.010222,1.235,513.378,0.449,77.4262889602488,427.036967066667,1.58235774686279,43.9832628733333,0.311,0.0949096691819042,-0.473135044333333,0.566675510157947,5.74171639833333,0.47945783930825,2.56895536233333,0.831884636401554,1.51947142566667,0.297219088444369,2.72244917733333,30.1507666666667,43.457,1.46633333333333,221.528199233333,0.461444838,19.66522707,66.36445,0.0928930567911299,10.6807,0.315685729801015,4.1027,4902.5,0.0264053656163541,0.383966666666667,0.0636666666666667,4.60552149579935,6.356140608,152.382666298696,208.91261392,1.91318481603782,33.1573006466667,4.90647727237437,19.8117224266667,786.398649367453,125.789637400907,17.1108830371635,7.18752876666283,1.18029003579476,0.0390798910693344,1.04686853303129,0.00298744774961812,0.0380630742866033
4,2018-03-01,2018-03,2018,3,warmed,Dry,23.4985383648649,0.405028876756757,23.7459834636119,0.417711279217274,23.763390606469,0.360939013513514,,0.569896728,515.756539,0.380669655,127.4384454,5.138,1.407,,0.0154,0.0197,,17.857,5550.035,0.125706125,13.776504175,0.695,0.7874,,0.002085,0.0110236,,2.084,970.315,0.386,178.744844300463,616.050254566667,14.7483347267666,62.53194294,0.252,0.557700904867661,-0.292395316666667,3.59287362295386,6.047318753,2.34073698977525,3.477429385,0.928014530660852,1.18110136033333,3.24942424274747,8.10013152,34.7882,44.798,1.3505,190.44517795,0.525062213,16.721750575,50.80085,1.07265482021633,11.3209333333333,1.58462740205177,5.46356666666667,1868,0.101642625572805,0.476566666666667,0.048,1.35438670773758,4.24252794866667,146.638178457304,290.867159333333,12.3886855379106,66.31873838,28.1101867027149,38.23418054,675.196427864205,105.624066362787,0,2.68003697835299,0.229573445794348,0,0.361259691641388,0.241032721044874,0
5,2018-03-01,2018-03,2018,3,control,Dry,23.3897709864865,0.231153182027027,23.7005340161725,0.445497959784076,23.7898224393531,0.443681615540541,7.24704735253772,0.2860393995,429.05909915,1.25414635,131.1400194,2.44,1.0545,0.6523,0.0293,0.0167,0.01925,9.827,6794.58,0.026864965,9.4553475,1.3678,1.1473,2.837,0.0164136,0.015939,0.083628,0.9512,847.488,0.233,109.313326413669,462.6733606,12.3308990706383,45.99461226,0.158,0.595662941183606,-0.864039872333333,2.94974503468782,8.705051273,0.873608730749341,2.30928342966667,1.21399550572123,1.93212284766667,2.49988445726142,4.48837264433333,28.9901,41.62,1.436,114.9578406,0.447592068,23.27643038,40.3865,0.700320000666361,10.6535666666667,1.5326060452706,5.4925,2002,0.10772311729615,0.5111,0.367,1.70018697554585,4.21207878333333,58.4539642814672,385.264122133333,30.1636096500249,98.9908250433333,17.7824868167373,37.8450212,2694.16460044488,271.677334468072,0,14.7720465337563,3.22607132259339,0,0.04392196735412,0.0233975125094144,0
6,2018-03-01,2018-03,2018,3,warmed,Dry,23.5537788108108,0.337539347702703,23.5393793665768,0.416649929014845,23.4763070215633,0.403922197435897,,0.749143799,662.88846975,2.3403815,2749.3326777,,1.05,0.9656,,0.0284,0.0184,9.582,7615.86,0.16216887,74.5034529,,1.7754,2.463,,0.0479358,0.044738,2.114,1660.55,0.275,83.3027471865503,371.2688188,17.1406141813309,40.21560546,0.235333333333333,0.232536623693279,-0.296648196,1.23571174089106,5.23914645566667,0.756545887141028,2.280989977,2.26857779267614,3.22735813366667,4.51461175552349,4.93802311933333,28.1929666666667,43.2026666666667,1.562,135.679854766667,0.501083777,12.1327407833333,41.5204333333333,0.060858113674348,10.4601,0.133294273445386,4.72873333333333,2718,0.0147256012893645,0.452133333333333,0.0606666666666667,0.67143689642612,3.97266291333333,32.8246657728312,361.912739666667,21.1169615754309,93.27508812,14.0553258020596,29.69550314,1344.66179346258,139.89237372067,91.1591440678895,1.68640333191523,2.09338852363993,3.63806879247505,2.2052874503748,0.275041302204574,0
1,2018-04-01,2018-04,2018,4,control,Dry,24.6460790681502,0.322135345757997,24.5943544228095,0.395422518636996,24.5338293324061,0.32860052837274,8.53387998579546,1.1353668315,366.84101013,1.60810255,1418.4094667,1.7457,0.7636,0.5236,0.0233,0.0153,0.0084,10.308,4156.74,0.077468295,2.32404885,0.1554,0.1578,0.0853,0.00217947,0.0031564,0.00136512,2.0891,617.823,,,,,,,,,,,,,,,,,,,,,,,,,,,,,,,,,,,,,,,,515.610492753048,915.276512347598,181.280178286244,14.1324520479046,4.69906151996127,0.882877893702298,1.0304678350645,0.0775474509682921,0
2,2018-04-01,2018-04,2018,4,warmed,Dry,24.8540725173853,0.361628134075104,25.093271821975,0.42698767093185,24.9021207649513,0.428808021001391,,0.3114612515,499.487453,0.33488619,470.3610775,1.933,1.3446,1.3025,0.0152,0.0067,0.0288,5.763,7896.3,0.02111678,10.3472222,0.17945,0.7826,1.1966,0.00140232,0.003913,0.0292232,0.8768,1187.466,,,,,,,,,,,,,,,,,,,,,,,,,,,,,,,,,,,,,,,,473.688463724009,508.597626211347,73.5084911844726,2.84996904941019,3.18500800559111,1.70283020913512,0.514730471507981,0.0059661956327231,0
3,2018-04-01,2018-04,2018,4,control,Dry,24.6039685535466,0.41131871821975,24.4407272183588,0.439037947426982,24.3386959944367,0.454895112656467,4.96526841032999,0.5405390955,549.87094395,0.663578125,2433.4678086,0.8732,0.734,1.037,0.0131,0.0147,0.0187,6.14,1473.6,0.11033753,574.3663522,0.0633,0.0966,0.165,0.0009498,0.0019324,0.00297036,1.3892,333.408,,,,,,,,,,,,,,,,,,,,,,,,,,,,,,,,,,,,,,,,911.161953134309,224.334929369443,25.7243593721331,18.4128403750575,7.77054472157678,1.3931992565402,1.77462933307631,0.172664731939697,0
4,2018-04-01,2018-04,2018,4,warmed,Dry,25.1157353685675,0.389796324895689,24.9061540055633,0.411417040472879,24.7649962308762,0.361769846314325,,0.642351471,227.9095447,5.34695728,12594.71366,,0.8529,1.6032,,0.0114,0.016,12.825,16700.13,0.22304056,360.36178425,,0.3183,0.211,,0.00389764,0.00211,1.7812,1389.468,,,,,,,,,,,,,,,,,,,,,,,,,,,,,,,,,,,,,,,,712.590207404707,99.4786041697591,0,4.9550708958914,1.88726057344234,0,0.35908418500061,1.63895720681295,0
5,2018-04-01,2018-04,2018,4,control,Dry,24.7872961752434,0.17617550724234,24.7938516550765,0.434322111404729,24.691412906815,0.441157868011127,8.53047415915916,0,0,3.848157965,1566.101098,3.0223,0.655,0.998,0.04545,0.0197,0.01545,6.23,5542.28,0.073249465,27.10230205,0.17675,0.0612,1.9337,0.0034759,0.0018372,0.036151,0.4282,369.03,,,,,,,,,,,,,,,,,,,,,,,,,,,,,,,,,,,,,,,,2955.1084163041,289.862045307573,0,5.93956376898547,1.87811706218436,0,4.04484481545293,0.258834162085213,0
6,2018-04-01,2018-04,2018,4,warmed,Dry,25.2682071766342,0.350861094436718,24.8018089151599,0.421267280250348,24.5603612100139,0.408470955910988,,0.8863691745,896.9289452,0.65447273,731.0713631,4.558,1.6548,1.8145,0.0456,0.0099,0.04925,7.227,7837.17,0.07658689,40.0139569,1.3242,1.133,1.4679,0.013242,0.006798,0.0325584,1.7292,1456.95,,,,,,,,,,,,,,,,,,,,,,,,,,,,,,,,,,,,,,,,1331.7105143767,138.321536502704,96.6817216807983,1.60694193850699,0.192872900064423,0.597382988620043,1.1207648871264,0.181967310368825,0
1,2018-05-01,2018-05,2018,5,control,Wet,24.8790068817204,0.40479756922043,25.1447880215343,0.417295567833109,25.1130408748318,0.356186747644684,6.15194212903226,0.098429923,74.33903702,2.94877578,6740.2173186,0.8544,1.2488,0.9369,0.02475,0.0285,0.0244,5.487,8625.18,1.111684335,3101.5992945,0.08865,0.1499,0.1202,0.0025583,0.00340692,0.00329806,0.5886,745.614,,,,,,,,,,,,,,,,,,,,,,,,,,,,,,,,,,,,,,,,540.552868177347,931.814319659239,178.980370828317,3.73317435076916,0.671302873984811,0.227185992793515,2.04012671077531,0.12594578070171,0.224057221929595
2,2018-05-01,2018-05,2018,5,warmed,Wet,25.4631932258065,0.413221513575269,25.8594263257066,0.438229485598923,25.6627158142665,0.437177211440108,,0.0829367355,80.416010015,0.16252491,163.8188447,1.4936,0.8853,0.8521,0.04315,0.0132,0.02555,,,0.12902092,110.2794641,0.08585,0.4475,1.1857,0.00250872,0.0069478,0.035571,,,,,,,,,,,,,,,,,,,,,,,,,,,,,,,,,,,,,,,,,,513.24702591266,528.247136299135,79.7867763431995,3.94741418378329,0.738990635182068,0.478796056219507,0.514782397275176,0.101769908371868,0
3,2018-05-01,2018-05,2018,5,control,Wet,25.3870516801075,0.438277315994624,25.282065397039,0.449340952759085,25.1511740107672,0.463402828667564,4.64629447368421,0.459199861,481.5917076,0.7142349,955.3825218,0.8816,0.6005,1.0907,0.0222,0.0146,0.01675,12.618,19572.865,0.383054755,1528.0911245,0.1081,0.07015,0.10255,0.0028751,0.00176298,0.00179487,1.9337,1931.332,,,,,,,,,,,,,,,,,,,,,,,,,,,,,,,,,,,,,,,,1047.48476028379,274.126433651777,37.8939135495979,10.2975204879998,3.27452098240177,0.411231069830104,3.47312452851667,0.432134414101375,0
4,2018-05-01,2018-05,2018,5,warmed,Wet,25.7686440456989,0.44361560094086,25.7638795423957,0.425108954374159,25.6031902422611,0.375999922611036,,0,0,0.09575414,27.2899299,2.0843,0.7994,1.0088,0.06025,0.019,0.0141,12.756,3854.63,0.14167741,43.891029875,0.2039,0.06525,0.1209,0.0058846,0.0015586,0.00169288,0.8642,260.962,,,,,,,,,,,,,,,,,,,,,,,,,,,,,,,,,,,,,,,,712.607001305045,98.5738781445803,0,9.65841782861504,1.42638036363763,0,2.33961500638914,0.149829734638742,0
5,2018-05-01,2018-05,2018,5,control,Wet,25.5452424193548,0.291360971370968,25.5589903903096,0.44945057294751,25.4164754912517,0.452554996635262,6.64959029411765,0,0,0.064673975,80.872097,1.7493,0.7105,0.7197,0.0525,0.0213,0.0216,6.237,8325.68,0.015413855,19.9409854,0.13985,0.08675,1.0186,0.0041955,0.0026028,0.030558,0.4292,567.664,,,,,,,,,,,,,,,,,,,,,,,,,,,,,,,,,,,,,,,,3396.12932517046,329.655887772028,0,21.2688286623113,2.47950098297772,0,1.04828528523191,0.3069821472833,0
6,2018-05-01,2018-05,2018,5,warmed,Wet,25.9225388172043,0.425836433602151,25.7747768775236,0.424154451547779,25.4836835800808,0.410346108344549,,0.762977002,1338.515609,3.28836854,14720.1349376,2.419,1.4916,1.046,0.0148,0.01725,0.0199,4.936,11350.32,0.056374145,68.7764569,0.847,0.6247,1.2812,0.0046884,0.0091074,0.0246378,1.2384,2266.512,,,,,,,,,,,,,,,,,,,,,,,,,,,,,,,,,,,,,,,,1338.38797894123,133.760639842785,95.1530946762212,10.212554011858,0.175836835899702,0.146521634170161,4.07735368773246,0.29046132278653,0.462243240019963
1,2018-06-01,2018-06,2018,6,control,Dry,25.5666506805556,0.404615798472222,25.7493094583333,0.378341833888889,25.712485375,0.315946418611111,14.3251594594595,1.3838111595,125.4862275,0.16945014,25.4192841,2.576,2.3357,1.5808,0.1236,0.0706,0.01315,5.195,670.595,0.100973205,21.20437305,0.1483,0.2928,1.09675,0.00711744,0.00926838,0.01168092,0.8777,93.547,,,,,,,,,,,,,,,,,,,,,,,,,,,,,,,,,,,,,,,,617.956454505502,939.79566242688,184.631543926778,14.257521559528,2.75118846998945,0.725674572470291,5.68323505878417,0.859753740300696,0.0762101658259425
2,2018-06-01,2018-06,2018,6,warmed,Dry,26.3340385277778,0.386650222083333,26.7351582777778,0.415101327916667,26.5003583194445,0.415608764305556,,0.16427597,140.3142308,0.72782887,546.6885115,1.3438,,2.7468,0.0269,,0.02085,5.623,5014.61,0.31223868,219.16216665,0.107,,0.5086,0.0021396,,0.0039334,0.7483,656.589,,,,,,,,,,,,,,,,,,,,,,,,,,,,,,,,,,,,,,,,565.071071278834,541.938428271983,64.1506761113239,2.57249519625482,0.722100339220391,0.377075637148032,0.360091700147508,0.0169540538818345,0.77167505309549
3,2018-06-01,2018-06,2018,6,control,Dry,25.9769206805556,0.388351749722222,25.9243575833333,0.429713310138889,25.7935535694444,0.449221034722222,18.0739054054054,0.540539096,204.91855245,0.20997556,87.6017308,,1.1624,,,0.0163,,10.971,4054.72,0.101598525,38.2453729,,0.1366,,,0.00191212,,1.4891,570.77,,,,,,,,,,,,,,,,,,,,,,,,,,,,,,,,,,,,,,,,1076.53426333083,312.366761816507,39.9996569781272,9.82316035650129,4.54175570817806,0.20611353490498,4.13583877910621,0.960937144240815,0.00249326360537961
4,2018-06-01,2018-06,2018,6,warmed,Dry,26.4443135416667,0.355851565138889,26.5049929027778,0.38523202125,26.3302774583333,0.347140121944444,,0,0,0.41328876,103.32219,2.084,,,0.05,,,11.507,8002.25,0.04102818,21.668253,0.2208,,,0.0052992,,,0.8136,485.46,,,,,,,,,,,,,,,,,,,,,,,,,,,,,,,,,,,,,,,,837.622056136783,96.5253124637666,0,6.82921798174817,1.15671463194341,0,0,0.60425437906221,0
5,2018-06-01,2018-06,2018,6,control,Dry,26.1316758333333,0.314091464166667,26.2741321666667,0.424676948333333,26.106488375,0.437756377916667,19.6796135135135,0,0,0.162653155,202.32401885,2.1391,0.9754,1.1993,0.03415,0.0205,0.01125,6.431,7705.63,0.016596605,20.9117223,0.4916,0.0435,0.3788,0.0051573,0.00091308,0.003807,0.4207,507.235,,,,,,,,,,,,,,,,,,,,,,,,,,,,,,,,,,,,,,,,3802.57005006767,366.609164294292,0,16.0411629118541,1.94891393738416,0,1.5989293061575,0.0107129543906801,0
6,2018-06-01,2018-06,2018,6,warmed,Dry,27.0399861805556,0.401386053888889,26.7668278055556,0.394970209583333,26.4664883472222,0.386139825416667,,0.9920548465,1522.0973351,4.33356529,6536.3868645,2.852,3.966,1.5317,0.0513,0.0714,0.02165,6.339,9653.425,0.09285952,142.9737884,0.552,0.4276,1.0841,0.009936,0.0076968,0.0134356,1.3127,1994.1025,,,,,,,,,,,,,,,,,,,,,,,,,,,,,,,,,,,,,,,,1435.94351306544,109.665834803332,75.3285543966277,6.23927010252851,0.279094455358728,0.0306103552703913,1.19919787306486,0.872569095650942,0.484621578090298
1,2018-07-01,2018-07,2018,7,control,Wet,25.9528130376344,0.392911338761777,26.0340915612382,0.386676467833109,25.995921615074,0.328019556931359,11.0137301954225,0.56202,2718.98188333333,0.609523723333333,297.851032566667,1.5594,7.66746666666667,1.367,0.0133,0.0991,0.0267333333333333,4.80533333333333,20822.76,0.05007358,3.0044148,0.0917,0.1241,0.0958,0.00077962,0.00160590666666667,0.00210214,0.861666666666667,1713.60533333333,,120.115892112408,411.280907833333,15.0457731673216,51.42915491,,4.42967455410117,2.65537052666667,1.76451378685622,5.65107498466667,2.34982219381339,3.94694156766667,1.48941632267107,3.63670117566667,0.830607253829685,1.638972994,,,,,,,,0.503837685503312,10.3472333333333,0.787451168856415,4.82733333333333,,0.0530342342265823,0.4648,,0.415253601212247,3.782386082,61.6067740992744,387.869784933333,5.93466833578358,102.191424863333,5.71230150967539,24.9734865066667,,,,,,,,,
2,2018-07-01,2018-07,2018,7,warmed,Wet,26.661725094086,0.358525990847914,26.9908860565276,0.414122958008075,26.7550878869448,0.420608076446837,,0.102841666666667,213.910666666667,0.136174733666667,229.3898284,2.33,1.1738,1.5964,0.0175,0.0153,0.0319,4.68533333333333,7228.29333333333,0.0595163766666667,108.691111966667,0.1751,1.1362,1.0632,0.00131295,0.0147706,0.021264,0.472666666666667,750.676666666667,,33.1932146013835,470.520270533333,9.0343141949721,52.8067860033333,,2.73079770810609,1.71425105333333,2.39689050012779,3.513233815,1.37933137359723,2.21050793233333,1.86661385331668,2.54677349866667,3.35117500388612,3.73200836566667,,,,,,,,1.39320443941297,11.8503,1.45040408622333,5.44916666666667,,0.0645555058328361,0.454766666666667,,0.334790901187139,3.74184044066667,102.932599368887,435.358466833333,17.8901224074449,115.34959232,16.4955357555979,45.59891997,,,,,,,,,
3,2018-07-01,2018-07,2018,7,control,Wet,26.1992663709677,0.390808304435484,26.1102221399731,0.430240875370121,26.0147955316285,0.453275420457604,18.7866758967391,0.0337495833333333,11.4748583333333,0.105144380333333,85.96270355,3.751,1.5069,2.452,0.01715,0.0211,0.0134,21.3493333333333,9185.41333333333,0.04635129,18.3526605333333,0.25245,0.1579,0.1338,0.0011843,0.00191991,0.00071309,1.23933333333333,599.507333333333,,83.7597483585894,397.459513333333,12.7819807554626,49.2755695,,0.482248947918204,0.525391625,1.11439637621698,4.35643889233333,0.377407101967617,2.78315269333333,0.714120539745908,3.16323983333333,0.931413682127037,4.27864336366667,,,,,,,,0.277466989027523,11.2783,0.416082732157921,4.7961,,0.0271120514408876,0.424833333333333,,0.332158720269473,4.069831885,110.421528927984,388.605318833333,20.0421436837709,94.4729639666667,20.589578790691,31.2765008163333,,,,,,,,,
4,2018-07-01,2018-07,2018,7,warmed,Wet,26.5160683467742,0.327139531048387,26.7109595423957,0.399214704710633,26.5586081561238,0.356812372139973,,0.0762908333333333,155.033125,0.0147752803333333,31.5225928733333,3.38,13.462,2.636,0.0338,0.09955,0.025,10.2293333333333,17436.58,0.176053306666667,164.360559666667,0.4416,0.2561,0.377,0.004416,0.0022479,0.0035815,0.774533333333333,1359.90933333333,,120.775004706501,562.433835,14.8576863228299,60.1718042866667,,0.529234970074006,0.198932038666667,3.67884220664906,4.83529294666667,0.739768515143951,3.81569515133333,0.90861001035566,2.818600902,1.84529743348438,2.433476443,,,,,,,,2.26938910502364,12.249,2.90943173546542,6.63453333333334,,0.134259797904411,0.525433333333333,,0.421013970195343,3.70638419233333,135.385230255591,465.4025615,23.5257280642651,124.0308461,7.84794029781332,36.3959934966667,,,,,,,,,
5,2018-07-01,2018-07,2018,7,control,Wet,26.2541843548387,0.332675933333333,26.4190785464334,0.427302278600269,26.2732318707941,0.443215870659489,17.8812735928962,0,0,0.0125977116666667,15.396478192,23.9998,2.6641,1.13973333333333,0.1747,0.01425,0.0229666666666667,11.0413333333333,8625.66666666667,0.04373984,39.8730488666667,0.4511,0.2927,0.184833333333333,0.0037153,0.001638,0.00366148666666667,0.57752,454.392533333333,,79.6742959544436,436.077810766667,8.77399995750452,51.0958285333333,,0.973868218636443,-0.251450597,5.89430997842516,8.109181541,0.119924889297025,2.05662071566667,0.347528946810696,3.16598702466667,2.57311808456753,3.80820009933333,,,,,,,,0.233544349821042,11.5269333333333,0.912679359541638,6.99696666666667,,0.0827468629818274,0.607366666666667,,0.0884105589478709,4.06071758966667,131.553025651664,552.0530472,32.048091062564,135.8879654,6.0099596508872,57.32065227,,,,,,,,,
6,2018-07-01,2018-07,2018,7,warmed,Wet,27.0018101478495,0.389729170928668,26.8569258681023,0.392937971736205,26.6011859219381,0.38105494051144,,0.2886975,417.0151,0.0767196913333333,278.802808766667,3.268,7.863,8.4424,0.0211,0.07685,0.0558333333333333,9.92466666666667,19044.0533333333,0.0508115433333333,143.434962333333,0.3531,0.3664,0.828866666666667,0.0023517,0.0032306,0.0072588,0.5038,1421.55066666667,,42.5996989746845,346.417478233333,3.58320727612632,42.19357474,,0.510829730172322,-0.139870172333333,3.08319323842814,6.32689068266667,0.383599560381714,3.16871696566667,0.397509283582795,2.9996583,1.99102699634758,3.78310458466667,,,,,,,,0.525161978187047,10.5600666666667,1.07660694932428,5.56176666666667,,0.0789662164050762,0.524333333333333,,0.593979179422428,4.065741116,178.76026317044,592.504230233333,22.2857227635099,143.788795733333,7.74022655406024,35.40050835,,,,,,,,,
1,2018-08-01,2018-08,2018,8,control,Wet,25.8603375672043,0.404880095026882,26.0838693010753,0.387040083198925,26.1095695967742,0.316579880913979,10.6987834548736,0.02332625,25.4256125,0.06690083,68.0916445135,,1.3304,1.796,,0.0299,0.0952,6.454,4209.14,0.016253355,9.44623965,,0.1737,0.105,,0.00390735,0.00556394,0.4969,390.741,,,,,,,,,,,,,,,,,,,,,,,,,,,,,,,,,,,,,,,,,,,,,,,,
2,2018-08-01,2018-08,2018,8,warmed,Wet,26.2202612903226,0.400695439784946,26.701267594086,0.428403431989247,26.6244955510753,0.427328695026882,,0.18934125,232.8361625,0.007523738,19.26076984,1.8804,1.5534,2.296,0.0658,0.0109,0.0422,7.816,12397.05,0.02121511,35.13864195,0.1425,0.1457,0.1714,0.0049889,0.00102004,0.00259958,0.5176,818.149,,,,,,,,,,,,,,,,,,,,,,,,,,,,,,,,,,,,,,,,,,,,,,,,
3,2018-08-01,2018-08,2018,8,control,Wet,26.0320037768817,0.43131329422043,26.0907920430108,0.448620617607527,26.0566582258065,0.459246987903226,12.7723060215054,0.170483125,116.11089375,0.43599872,219.1954353,2.106,0.7132,1.4452,0.0358,0.0178,0.0253,37.2,30187.2,0.1418641,63.2648722,0.1431,0.0678,0.0799,0.00243236,0.001695,0.00139895,2.796,2011.56,,,,,,,,,,,,,,,,,,,,,,,,,,,,,,,,,,,,,,,,,,,,,,,,
4,2018-08-01,2018-08,2018,8,warmed,Wet,26.0195471102151,0.371737894489247,26.5164734811828,0.412358030107527,26.4688706182796,0.35554576733871,,0.0709175,118.191075,0,0,4.13,9.4229,2.014,0.0496,0.04445,0.0131,15.646,18980.2,0.03280488,66.2658576,0.2322,0.18985,0.1539,0.0027864,0.00094181,0.00100061,0.9406,1149.384,,,,,,,,,,,,,,,,,,,,,,,,,,,,,,,,,,,,,,,,,,,,,,,,
5,2018-08-01,2018-08,2018,8,control,Wet,25.8964834811828,0.410742592741935,26.2220875672043,0.44844223844086,26.2015968682796,0.448548059811828,11.1808342454874,0,0,0,0,2.264,0.9232,1.6766,0.06845,0.0471,0.0263,25.41,18053.9,0.04628503,34.7898748,0.12025,0.0756,0.1371,0.00435642,0.00385458,0.00289316,1.3347,964.042,,,,,,,,,,,,,,,,,,,,,,,,,,,,,,,,,,,,,,,,,,,,,,,,
6,2018-08-01,2018-08,2018,8,warmed,Wet,26.1631761021505,0.439181480645161,26.4985132526882,0.407270003763441,26.3956527150538,0.384407575806452,,1.01698875,3746.91105,0,0,2.89,3.138,18.064,0.0173,0.0188,0.25195,84.82,284194,0.015308165,41.0258822,0.0994,0.1356,0.4278,0.00059616,0.00081372,0.006126,0.6233,2167.262,,,,,,,,,,,,,,,,,,,,,,,,,,,,,,,,,,,,,,,,,,,,,,,,
1,2018-09-01,2018-09,2018,9,control,Dry,25.6272204583333,0.400890636666667,25.9003134861111,0.404747049861111,25.9630934722222,0.35053425,6.25976836206897,0.079373125,42.06775625,0.919827259,561.2717501,,1.784,1.1912,,0.02325,0.0381,6.578,4841.46,0.11261586,79.0534652,,0.417,0.0907,,0.0053208,0.00290112,1.3139,896.775,0.535,41.599591234297,444.812550433333,1.44186418629586,50.60366288,0.324,0.336513282338523,-0.377551756,1.14568370229486,7.02284938333333,1.03724415386026,3.847738765,0.342933795725844,2.83861817633333,1.00992697943485,4.51383250016667,37.8255,46.1412,1.2198,263.9589901,0.443228454,18.36925617,71.4818,0.147710188763213,10.1653333333333,0.345122667671171,4.84441666666667,3113,0.0289711601013075,0.475366666666667,0.138,0.559190665493217,4.09749488783333,56.2685566088307,464.691702266667,8.80316493485845,113.817735598333,8.52851869864742,27.9440358633333,,,,,,,,,
2,2018-09-01,2018-09,2018,9,warmed,Dry,25.8036446944444,0.421352069861111,26.2032242638889,0.436962072222222,26.1891336944444,0.4346442175,21.0926256626506,0.40508875,358.879275,0.3294339535,434.0419818,1.6118,,2.618,0.0193,,0.0364,5.226,7605.27,0.081017315,103.38943255,0.3392,,0.3018,0.0040704,,0.0041974,0.8786,1099.897,0.317,105.101867229712,496.98592505,8.79594016766247,52.512256305,0.188,0.277296270452699,-0.550401901,2.16593951738867,6.52271962366667,1.14170896294461,2.46369246133333,1.12959071641601,1.09551669433333,1.45377425945054,4.32143859933333,37.8648,42.3091,1.1174,156.4018689,0.390041494,38.53738298,65.0994,1.02767350903938,11.2968,0.698384139080627,4.70885,4396,0.0306355711198088,0.4162,0.062,0.495394309048428,4.1415089765,111.928576927129,554.92041165,22.5792773709513,133.54543955,3.98742210543199,14.6167491958333,,,,,,,,,
3,2018-09-01,2018-09,2018,9,control,Dry,25.7829584027778,0.44620191875,25.9038631666667,0.453461471388889,25.9052911527778,0.463390081527778,2.34792365641026,0.14503125,24.5255375,0.9002291405,144.77044158,3.045,2.17,1.7479,0.0236,0.0234,0.0254,28.36,4018.7,0.22804195,29.1306276,0.9895,0.5782,0.2649,0.0048612,0.0055489,0.003868,3.087,435.57,0.525,45.9869230819646,468.602309633333,4.8676707652172,51.6546622616667,0.179,0.336023486704898,-0.398004821,1.74646346251452,4.624563379,0.909650731375249,2.428490673,0.462685284750475,1.866602503,1.1076565880015,4.35001705383333,32.7973,43.6011,1.3294,259.0251772,0.370600414,37.89034078,63.9666,0.425093111301362,10.9569166666667,0.419113402562962,3.8156,3853,0.0434926114868158,0.349016666666667,0.089,1.28223622365693,5.09217709733333,89.2815872226285,450.063333216667,7.93668522510544,88.5250520466667,4.92953021646691,8.31688020983333,,,,,,,,,
4,2018-09-01,2018-09,2018,9,warmed,Dry,25.8090380972222,0.404470155833333,26.2184905277778,0.43173676,26.1829274444444,0.374093532638889,6.463196,0.09228125,132.6884375,0.113854655,157.96748735,5.066,1.9254,3.832,0.0912,0.0327,0.0192,15.094,20337.1,0.10634838,154.7634945,0.556,0.625,0.9612,0.010008,0.010625,0.004806,1.2949,1720.585,0.406,44.4350776050351,696.174615516667,5.78726594043127,68.672851745,0.143,0.454427535732389,-0.585970937,2.22432258633779,6.09943528166667,1.14809372284792,3.39304163266667,0.0597818459659199,1.88228462,1.6426868151092,5.16522127516667,27.9438,40.8323,1.4612,200.3128037,0.319196429,87.82276923,83.2025,0.195098525961752,11.0608833333333,0.452950179856607,4.8289,7326,0.0355797871190126,0.436066666666667,0.022,1.06342976706255,3.44490340983333,131.512889117281,419.204330621667,20.9241740835304,116.732813575,3.82516832829419,8.846347354,,,,,,,,,
5,2018-09-01,2018-09,2018,9,control,Dry,25.6268137222222,0.424518822083333,25.9440818472222,0.459904284027778,25.9709462916667,0.458225640555556,6.14585400398406,0.153355,69.00975,0.114262949,51.7962583845,1.5728,1.569,1.3182,0.0818,0.0315,0.0435,21.338,10300.5,0.072138385,35.05731405,0.207,0.2309,0.1812,0.010764,0.00425352,0.0059796,1.5798,752.082,0.362,73.3833162787651,573.078550733333,9.76719040294401,61.908577665,0.214,0.232822094462739,-0.236959603666667,0.773500330331662,5.8591987,0.523816389178954,2.77393442366667,0.785519527368587,1.556764604,1.71305283868255,4.96153469316667,33.8715,43.0363,1.2706,178.604027,0.387681159,42.67765421,78.7023,0.326319703840432,10.8209333333333,0.617355505234968,5.06595,5104,0.0431360236525402,0.46735,0.074,0.205254116893761,3.92255744316667,89.9161306737874,488.874087483333,25.4284237789416,125.261225388333,6.24667583904591,18.0094893585,,,,,,,,,
6,2018-09-01,2018-09,2018,9,warmed,Dry,25.7403926388889,0.45069514,26.0736811944444,0.414759159305556,25.9603027222222,0.398648631666667,7.95929617777778,0.025304375,64.52615625,0,0,2.344,3.71,2.7818,0.0211,0.0148,0.03135,46.93,106932.9,0.033488925,74.60096535,0.3594,1.4572,0.3955,0.0032346,0.0058288,0.0045554,0.4591,1009.677,0.36,70.3017255998424,512.32451045,9.74130284542859,50.3343358916667,0.23,0.499520651995132,-0.0836947773333333,1.8536897399733,4.59781613166667,0.791607277982725,2.12161177933333,1.47693273890176,1.72713060266667,1.19918200586302,1.34273243,24.9185,40.8467,1.6392,177.6172644,0.252469813,21.69764348,75.0756,0.447289514515805,10.6932,0.46601946766539,4.69638333333333,2664,0.0295612791985135,0.438483333333333,0.201,0.45856244287724,4.050875467,60.5469980012249,496.662893083333,2.31576971947073,122.2488763,6.91331568916097,13.8219314951667,,,,,,,,,
1,2018-10-01,2018-10,2018,10,control,Wet,24.5139711290323,0.432063272043011,25.0411663172043,0.419912470833333,25.2079679301075,0.369756258064516,3.87808928358209,0,0,0.368221895,1429.623396,1.8848,0.9022,1.8848,0.04145,0.03185,0.0999,6.201,24611.94,0.0791893,170.4215204,0.17765,0.2405,0.1982,0.00384795,0.00892347,0.01050566,0.8023,3222.242,,,,,,,,,,,,,,,,,,,,,,,,,,,,,,,,,,,,,,,,,,,,,,,,
2,2018-10-01,2018-10,2018,10,warmed,Wet,25.4257414919355,0.424339634408602,26.0465894758065,0.439106913172043,26.0560629435484,0.435317940188172,33.678407856094,3.111955,3567.3203125,0.3170106855,117.2939536,2.3466,2.913,2.144,0.0779,0.027,0.0579,7.046,33201.41,0.185997605,225.38445515,0.378,0.2867,0.2424,0.01148744,0.00231588,0.0065448,3.5505,5737.56,,,,,,,,,,,,,,,,,,,,,,,,,,,,,,,,,,,,,,,,,,,,,,,,
3,2018-10-01,2018-10,2018,10,control,Wet,24.7153312096774,0.46762234327957,25.0797597446237,0.459450163978495,25.2175122446237,0.467140331317204,1.61697826635514,0.06130625,82.150375,0.452738779,582.1023879,2.39,0.8681,8.935,0.06085,0.04515,0.249,11.269,14526.62,0.10373693,129.9942418,0.272,0.12165,1.8053,0.00705294,0.00634695,0.049741,1.2211,1578.458,,,,,,,,,,,,,,,,,,,,,,,,,,,,,,,,,,,,,,,,,,,,,,,,
4,2018-10-01,2018-10,2018,10,warmed,Wet,25.436359905914,0.423762999327957,26.0581487231183,0.436062279973118,26.0592705376344,0.378199089112903,7.80019195804196,0.19725375,539.58823125,0.184489539,467.32276125,2.2999,1.661,3.651,0.09865,0.0198,0.0345,16.169,37111.93,0.079450445,204.1931974,0.2034,0.342,0.2421,0.00877119,0.004423,0.00227864,1.5603,3673.176,,,,,,,,,,,,,,,,,,,,,,,,,,,,,,,,,,,,,,,,,,,,,,,,
5,2018-10-01,2018-10,2018,10,control,Wet,24.7314724193548,0.453863960834455,25.1049746639785,0.469180988306452,25.2437655645161,0.463857354973118,5.16610592163544,0.136855,315.9976125,0.085274066,226.98156475,1.4863,0.9564,1.3402,0.0767,0.04625,0.0525,22.722,62477.64,0.08336762,192.679296,0.20915,0.15775,0.1647,0.01080135,0.0077056,0.00667044,1.5659,4395.984,,,,,,,,,,,,,,,,,,,,,,,,,,,,,,,,,,,,,,,,,,,,,,,,
6,2018-10-01,2018-10,2018,10,warmed,Wet,25.3871031586022,0.460019272983871,26.0572964650538,0.41841579327957,25.9404234677419,0.404307757795699,12.396846950096,0.015134375,50.34570625,0.0309709475,96.33972121,1.8219,4.271,2.2543,0.05565,0.05195,0.0537,6.054,20099.92,0.024609995,89.2052875,0.3631,0.9597,0.6478,0.0108314,0.0106386,0.0130983,0.4006,1298.261,,,,,,,,,,,,,,,,,,,,,,,,,,,,,,,,,,,,,,,,,,,,,,,,
1,2018-11-01,2018-11,2018,11,control,Wet,23.7600022777778,0.415137788611111,24.2797989444444,0.413216865972222,24.463173,0.366302253333333,4.26606757227139,0.489,3936.45,0.546031786,688.4258708,3.4603,1.1207,1.2378,0.03555,0.03585,0.0607,7.095,29972.5,0.0368146,18.4073,1.22005,0.3665,0.1552,0.00736612,0.0095117,0.0076048,0.9157,2666.98,,,,,,,,,,,,,,,,,,,,,,,,,,,,,,,,,,,,,,,,,,,,,,,,
2,2018-11-01,2018-11,2018,11,warmed,Wet,24.4082065416667,0.418330333611111,25.0291933055556,0.434644493888889,25.172161875,0.437146664444444,33.4317854672131,1.274,3598.91,0.2084030525,587.9699127,2.0575,,4.5099,0.05695,,0.11595,5.094,14849.34,0.06709724,187.336268,0.5291,,1.2609,0.00625266,,0.0293727,0.6907,2002.864,,,,,,,,,,,,,,,,,,,,,,,,,,,,,,,,,,,,,,,,,,,,,,,,
3,2018-11-01,2018-11,2018,11,control,Wet,23.8598694166667,0.466041886111111,24.2842401666667,0.457152991944444,24.4727341527778,0.46735785125,2.10306466666667,0.1055,279.575,0.1589939695,602.08121195,2.1767,1.4212,2.128,0.0381,0.0455,0.0575,5.27,23660.78,0.0477266,191.4201748,0.48935,0.9145,0.2694,0.00685055,0.01780688,0.0072738,0.5736,2451.758,,,,,,,,,,,,,,,,,,,,,,,,,,,,,,,,,,,,,,,,,,,,,,,,
4,2018-11-01,2018-11,2018,11,warmed,Wet,24.441814875,0.42590674375,25.1490978055556,0.426715136805556,25.2567905694444,0.376697919861111,8.63760690638298,0.0355,132.77,0.5016551095,938.49125765,2.426,1.61,2.678,0.1407,0.0261,0.0375,15.938,39137.5,0.04569944,100.1882152,0.5678,0.757,0.2954,0.0329324,0.01007976,0.0041356,1.5632,3550.888,,,,,,,,,,,,,,,,,,,,,,,,,,,,,,,,,,,,,,,,,,,,,,,,
5,2018-11-01,2018-11,2018,11,control,Wet,23.8911382777778,0.462388941432584,24.3130947916667,0.468895941388889,24.4872238611111,0.4675692725,5.47231312624113,0.368,861.64,0.4357763325,720.8372891,1.7954,1.5916,1.2099,0.0485,0.0577,0.03945,21.958,43505.58,0.06777296,126.1884792,0.5359,0.54815,0.24225,0.00760518,0.01684962,0.0083145,1.8135,3492.505,,,,,,,,,,,,,,,,,,,,,,,,,,,,,,,,,,,,,,,,,,,,,,,,
6,2018-11-01,2018-11,2018,11,warmed,Wet,24.4169352222222,0.452636120694445,24.9711984305556,0.414803354583333,24.9270397777778,0.400984999861111,20.0726355212766,1.561,2734.7,0.083507871,165.76312335,2.562,4.252,1.6785,0.0498,0.0232,0.03155,5.639,10966.21,0.03015788,60.8398072,2.1827,1.7908,1.0016,0.0475778,0.0106,0.0184316,0.6191,1212.262,,,,,,,,,,,,,,,,,,,,,,,,,,,,,,,,,,,,,,,,,,,,,,,,
1,2018-12-01,2018-12,2018,12,control,Wet,22.5970169354839,0.383619883870968,23.3225766263441,0.403888833736559,23.5970215591398,0.334808037768817,4.51403992380952,,,,,,,2.404,,,0.0264,11.548,0,,,,,0.569,,,0.006259,9.618,,,85.8810169083228,404.6251144,8.79219445951284,46.8714462733334,,0.859593634078942,0.634053384666667,2.83440556851182,1.92958181533333,0.0593221539525402,1.68990815633333,0.443351158247087,1.22212321133333,0.946069011033913,3.536386627,,,,,,,,0.200416491337415,9.9622,0.176162803489651,4.14333333333333,,0.0115470053837925,0.416666666666667,,0.790959976726379,3.73819926733333,119.689099781512,425.5905959,16.6812806253202,113.0472223,16.0157396433039,46.4125919366667,,,,,,,,,
2,2018-12-01,2018-12,2018,12,warmed,Wet,23.3869525403226,0.409737104435484,24.0892263306452,0.417972777419355,24.291805389785,0.421870744086022,18.5953355509066,0.227,86.045,0.9463368565,297.12014885,,,2.392,,,0.023,14.5,5843.5,0.16732904,56.0454904,,,0.9047,,,0.0091657,2.105,763.83,,78.2454896402511,364.345623766667,4.46569555895352,38.3378284133333,,0.850330281597673,0.570476077333333,2.78858349952008,3.25194423633333,0.14532188889721,1.14452954833333,0.626489899912335,1.60495503166667,1.50689908727855,6.78251593066667,,,,,,,,0.320085072025131,11.7878333333333,0.251661147842358,4.88333333333333,,0.0115470053837925,0.416666666666667,,0.755349670537006,3.902059323,89.9081216415599,545.3099267,5.46038838621829,140.3324399,6.10237093820391,39.5068109233333,,,,,,,,,
3,2018-12-01,2018-12,2018,12,control,Wet,22.7284139516129,0.461116385887097,23.3242282526882,0.454417854973118,23.5863274865591,0.464017683198925,2.69862362937063,0.3045,33.495,2.622128253,193.17704315,11.811,1.0246,4.713,0.07905,0.021,0.03225,19.559,1667.35,0.25810076,20.2899292,1.7349,0.148,1.3569,0.0113446,0.003034,0.00743295,2.531,205.93,,33.8924804598781,429.742387433333,1.01130487009136,46.55733429,,0.513874895605654,-0.313251034666667,4.82189210108253,7.70124658033333,0.268337475489008,1.24087767566667,0.342250643494477,1.58941597366667,1.58847954324442,2.57084287533333,,,,,,,,0.0422270450461949,10.6699666666667,0.370180136330048,3.12333333333333,,0.0351188458428424,0.293333333333333,,0.868267112461965,3.82879437166667,89.3537985643359,240.9023911,12.4988425967651,61.4503145533333,4.35699141076403,18.7941966766667,,,,,,,,,
4,2018-12-01,2018-12,2018,12,warmed,Wet,23.3713226747312,0.357876985887097,24.3280300537634,0.370901643951613,24.4907005510753,0.328811950268817,9.21902688858696,0.634,10.1,4.419154899,61.329948655,,7.338,,,0.0367,,29.65,549,0.48559316,9.4634754,,1.3852,,,0.006926,,5.526,101.69,,143.345381092164,691.2926088,9.40310474426103,80.2786827333333,,1.41824457775945,1.13884801966667,2.89787885901863,1.67309113933333,0.378297965510453,1.82956842133333,0.475522649077426,5.61135515666667,2.7548445530337,6.57705118666667,,,,,,,,0.871323397673525,11.3788333333333,1.17005697866956,5.02333333333333,,0.0721110255092798,0.44,,0.0746078638871032,4.274157063,181.537914419459,611.732859733333,44.4662917875331,143.57526247,14.3335537560393,55.0041797566667,,,,,,,,,
5,2018-12-01,2018-12,2018,12,control,Wet,22.7797394354839,0.463274850951087,23.3639633736559,0.47137255389785,23.6414390188172,0.460719212903226,4.81175632258065,0.54,128.01,1.916676346,435.2627336,5.444,4.384,1.8572,0.0776,0.0395,0.0342,31.57,10138.45,0.35990924,77.642456,1.1887,0.6518,0.3867,0.01758,0.0058662,0.0072992,4.409,1091.9,,31.061412761698,506.950562366667,13.1908525009688,59.2286934066667,,0.463360168813826,-1.6858775605,4.13262144986001,4.71939837233333,0.681775222969961,1.47713356233333,2.88462733527517,4.08809003533333,2.36561633484417,7.14170301633333,,,,,,,,0.164692966860561,11.0199666666667,0.388887301584062,5.26333333333333,,0.0305505046330389,0.476666666666667,,0.0841122688839477,3.50891484533333,194.827897843492,577.301018266667,52.1313059180929,163.8587343,13.5156264740304,42.31618834,,,,,,,,,
6,2018-12-01,2018-12,2018,12,warmed,Wet,23.5214396370968,0.439529015860215,24.2833361021505,0.384341362096774,24.2689649865591,0.362898468951613,25.237970434375,0.405,126.85,2.4514839195,671.8984149,,,2.272,,,0.0295,10.862,4051.34,0.11462288,29.7970256,,,0.6136,,,0.0079768,2.7583,838.231,,57.6317054591372,413.637078533333,5.2198060362057,48.5762804966667,,0.125614465021473,-1.194789041,0.52954440160177,3.98972579633333,0.414821705338332,1.022808972,1.06525991474171,3.976857755,1.38274984228843,4.792060032,,,,,,,,0.407622623677016,11.1104333333333,0.425675933075855,5.26,,0.0288675134594813,0.476666666666667,,0.347974272551155,3.93684623733333,27.1817029874834,525.821123,9.94719208657473,134.057428,4.54028668796562,44.81767634,,,,,,,,,
1,2019-01-01,2019-01,2019,1,control,Wet,21.826636733871,0.381584692204301,22.5051266935484,0.403353237768817,22.7955242473118,0.35100254233871,2.57343507042254,1.238,92.16,0.7679151675,120.2383264,,2.3975,,,0.0343,,9.572,2388.19,0.06529532,17.982844,,0.6251,,,0.008119,,1.6556,339.489,,,,,,,,,,,,,,,,,,,,,,,,,,,,,,,,,,,,,,,,,,,,,,,,
2,2019-01-01,2019-01,2019,1,warmed,Wet,22.2802671774194,0.399083971774194,22.9897143817204,0.422874307930108,23.2877095698925,0.429113384139785,8.782675,0.115,60.3083333333333,1.20405707266667,894.164973256667,3.19,,14.5402,0.0128,,0.07655,10.58,6563.72333333333,0.14390408,80.3579306666667,0.2632,,0.6611,0.0010528,,0.0050072,1.7586,1185.54066666667,,,,,,,,,,,,,,,,,,,,,,,,,,,,,,,,,,,,,,,,,,,,,,,,
3,2019-01-01,2019-01,2019,1,control,Wet,21.8977569086022,0.474261727419355,22.5045708198925,0.452150331182796,22.7910413844086,0.463850375537635,1.15995230769231,1.35,527.34,0.737110739666667,393.729331873333,22.02,3.8019,2.5576,0.2422,0.06005,0.0273333333333333,35.8273333333333,7547.08,0.13053984,83.4682186666667,0.82,0.1576,0.221266666666667,0.00902,0.00244503,0.00251048,4.1012,1066.89733333333,,,,,,,,,,,,,,,,,,,,,,,,,,,,,,,,,,,,,,,,,,,,,,,,
4,2019-01-01,2019-01,2019,1,warmed,Wet,22.9546802553763,0.282933305376344,23.8608372983871,0.386876722580645,24.0327921908602,0.354658345430108,4.26540135135135,1.236,53.9716666666667,11.7452714243333,844.73735851,,1.7334,2.292,,0.01485,0.0092,71.25,6739.8,0.95987352,71.6949416,,0.9038,0.2756,,0.00794,0.0011024,16.609,1552.9,,,,,,,,,,,,,,,,,,,,,,,,,,,,,,,,,,,,,,,,,,,,,,,,
5,2019-01-01,2019-01,2019,1,control,Wet,22.026427405914,0.469791927777778,22.5534549865591,0.47132405094086,22.8395855376344,0.460081067876344,3.02402067567568,0.471666666666667,410.4,0.931697127666667,571.668314366667,2.9834,1.7886,0.7728,0.0263,0.0281,0.0212666666666667,44.0533333333333,26114.1333333333,0.1359456,69.0822208,0.312733333333333,0.358266666666667,0.175666666666667,0.00272738,0.005632,0.00489424,3.51666666666667,2160.34666666667,,,,,,,,,,,,,,,,,,,,,,,,,,,,,,,,,,,,,,,,,,,,,,,,
6,2019-01-01,2019-01,2019,1,warmed,Wet,22.7199250672043,0.431762149327957,23.5949384139785,0.400318173924731,23.6090583198925,0.386232454569893,6.26163168831169,1.55566666666667,389.526666666667,3.937111346,2265.388072,1.4557,1.7842,2.6821,0.01545,0.0089,0.0263,31.7246666666667,12294.6533333333,0.05425856,40.8938170666667,0.8385,0.4916,1.1255,0.0089105,0.002458,0.0107162,7.5348,3190.60533333333,,,,,,,,,,,,,,,,,,,,,,,,,,,,,,,,,,,,,,,,,,,,,,,,
1,2019-02-01,2019-02,2019,2,control,Dry,22.2340767410714,0.340149848958333,22.6641015922619,0.391112294196429,22.8440386160714,0.325039432738095,5.90757579391892,0,0,0.767915168,38.39575839,,8.246,,,0.0825,,9.974,498.7,0,0,,1.1282,,,0.011282,,1.324,66.2,,,,,,,,,,,,,,,,,,,,,,,,,,,,,,,,,,,,,,,,,,,,,,,,
2,2019-02-01,2019-02,2019,2,warmed,Dry,22.9949052380952,0.367533644940476,23.3411429613095,0.428951679761905,23.4064838988095,0.431091044642857,11.8415530023095,0.4555,127.04,1.502646531,433.1933838,3.042,,3.4648,0.0152,,0.02825,13.322,4953.72,0.5646524,96.8910312,0.3472,,1.3254,0.001736,,0.0103998,2.199,853.26,,,,,,,,,,,,,,,,,,,,,,,,,,,,,,,,,,,,,,,,,,,,,,,,
3,2019-02-01,2019-02,2019,2,control,Dry,22.240089389881,0.472282034077381,22.6028217261905,0.452179467857143,22.7548740922619,0.463570615625,3.64200893391304,0.4315,42.74,4.374778223,355.82354725,6.34,,6.322,0.0888,,0.019,15.003,1991.12,0.292112,25.1799568,0.1733,,0.3158,0.00242564,,0.0009474,4.851,463.66,,,,,,,,,,,,,,,,,,,,,,,,,,,,,,,,,,,,,,,,,,,,,,,,
4,2019-02-01,2019-02,2019,2,warmed,Dry,23.3125190178571,0.187881766964286,24.0018036755952,0.337853292857143,24.0777884970238,0.320935597321429,14.7191891463415,1.757,9.947,2.734213672,22.189713804,,1.5036,,,0.009,,47.66,667.24,1.63296572,9.62218332,,0.6144,,,0.0036864,,6.924,96.936,,,,,,,,,,,,,,,,,,,,,,,,,,,,,,,,,,,,,,,,,,,,,,,,
5,2019-02-01,2019-02,2019,2,control,Dry,22.3916333482143,0.473980049925038,22.7155446875,0.473625282142857,22.8415858779762,0.460472137202381,3.22913695187166,0.2415,44.1,0.8054294715,158.7506042,4.9394,1.6248,,0.0229,0.0195,,29.13,8169.3,0.28603052,40.790454,0.4047,0.3266,,0.0030544,0.0039192,,2.757,727.515,,,,,,,,,,,,,,,,,,,,,,,,,,,,,,,,,,,,,,,,,,,,,,,,
6,2019-02-01,2019-02,2019,2,warmed,Dry,22.9010516815476,0.444334682738095,23.55660125,0.396217059375,23.4749205803571,0.375865130208333,4.51985186243386,0.8845,130.67,4.887626204,817.57339325,3.2851,3.792,4.218,0.01755,0.0114,0.0169,15.845,2818.6,0.0601148,11.796958,0.6449,0.7514,0.6868,0.0048826,0.0022542,0.0027472,5.356,916.61,,,,,,,,,,,,,,,,,,,,,,,,,,,,,,,,,,,,,,,,,,,,,,,,
1,2019-03-01,2019-03,2019,3,control,Dry,22.5100439516129,0.29632546827957,22.8506540053763,0.355687463709677,23.0152872446237,0.281180199327957,7.53286142473118,0.82,111.431,0.380877351,35.80875686,,1.9108,,,0.0076,,9.393,924.468,0.0094358,0.84963064,,0.6502,,,0.0026008,,1.0125,96.0966,0.577666666666667,70.5477312184653,419.42518975,10.9818540540344,45.4868482466667,0.388333333333333,0.932667057086281,-0.700466385,6.60706780057496,6.87685012966667,0.372519611573018,1.5961103115,0.205510629572585,0.540183843833333,2.29342999546193,2.81130159783333,32.1989,42.6906666666667,1.33466666666667,285.009925166667,0.531057014666667,18.5321362866667,75.6202666666667,0.386941638397135,10.3215833333333,0.882802810646327,4.71666666666667,5048.66666666667,0.0696732700339689,0.455,0.243666666666667,0.812048268945875,4.3483421895,65.997508637375,417.656008916667,12.521842628516,99.67018119,17.172266239796,33.659328285,,,,,,,,,
2,2019-03-01,2019-03,2019,3,warmed,Dry,23.1885221639785,0.322175262231183,23.4954949193548,0.425266827150538,23.5705740591398,0.427329854166667,11.2347008244275,0.282,108.345,0.7390932025,289.72771285,3.7099,,0.8984,0.03165,,0.0279,12.904,4992.54,0.31643792,126.0130728,0.6179,,0.3544,0.0045869,,0.0109864,1.9095,739.305,0.3705,26.0860597589035,432.163858966667,6.98418638202387,44.031152755,0.3,3.28909830782197,-2.03230835133333,21.0033108823798,15.4271389473333,0.218945890602897,1.07692399316667,0.31531627965916,0.6316980435,0.975429146199005,1.4400045165,37.07335,39.182,1.0605,182.79776795,0.4837652785,15.520448285,58.78125,0.613887372506919,11.4266833333333,0.516451114800482,4.93166666666667,4610.5,0.0295747617611125,0.431666666666667,0.0765,1.02176704301391,3.4988423285,28.5987486490497,393.842053366667,31.8045841264928,119.649201376667,10.8874823021797,30.2762587116667,,,,,,,,,
3,2019-03-01,2019-03,2019,3,control,Dry,22.4161284139785,0.421752835887097,22.7476421505376,0.442205427284946,22.8751357258065,0.458913683467742,5.95635649595687,0.2535,113.2875,2.4574313095,953.8181726,3.964,1.6252,3.108,0.0476,0.0244,0.0342,13.143,6625.05,0.1704824,73.89664,0.5548,0.2488,0.3706,0.0066576,0.003732,0.0040766,3.3084,1420.215,0.33,44.6422356582068,435.134727316667,7.84889772614596,45.0059338666667,0.228,0.573366356955328,0.1297109165,0.873486598249078,2.39017112366667,0.154751799972209,0.919239337166667,0.318165157859915,0.6614257575,0.938148514163272,2.164297536,26.643,38.9515,1.4625,162.8158257,0.313818158,17.870736465,57.9478,0.322162890561083,10.98695,0.475881146484045,4.375,2667,0.0417327654271654,0.398333333333333,0.2285,1.7644002646741,5.00132981233333,103.903870115797,305.334949553333,39.5308810225,70.0952267416667,4.87439727659693,29.35344919,,,,,,,,,
4,2019-03-01,2019-03,2019,3,warmed,Dry,23.5223626478495,0.142038237903226,23.9937838037634,0.326697026747312,24.0776447580645,0.307642990994624,16.603284279476,0.274,27.4775,4.2855673785,448.84252239,,6.77,,,0.0474,,45.84,4674.05,0.41531828,42.521134,,0.3008,,,0.0021056,,7.312,755.495,0.267,78.2020288414845,670.732547716667,5.03701251568722,63.6866120116667,0.175,2.03667232238915,0.906872080166667,0.50255659122398,2.1519185235,0.273010750085863,1.19993169216667,5.50044774631893,3.5501987365,0.900206223200874,1.94536001616667,47.6319,39.816,0.836,131.7328044,0.469168901,23.63780571,43.8889,0.485047640541854,10.9238,0.451750778932637,4.175,4110,0.034093254147907,0.381666666666667,0.056,0.903036058945932,4.32133153016667,99.1409980322418,342.4275594,23.0346258101979,84.73303353,10.0807448962685,27.7198058833333,,,,,,,,,
5,2019-03-01,2019-03,2019,3,control,Dry,22.7827240322581,0.471771071467391,23.0362563709677,0.469999374462366,23.1103351075269,0.45763098655914,3.20823468471338,0.24,146.928,1.436310262,966.9248257,,1.8766,1.5274,,0.0338,0.0626,24.79,17342,0.12565964,94.19269024,,0.2098,0.1474,,0.0037764,0.00604504,2.317,1639.736,,90.984044954637,534.801244216667,42.1957758016703,72.66899394,,0.276186478879632,-0.2087489075,2.02337276181094,3.12115596016667,0.109607078037737,1.0616651515,2.70049176553646,2.5100330075,1.05206200833947,1.81194847666667,,,,,,,,0.214987558038425,10.5885,0.785786887570487,4.47166666666667,,0.0655806336275096,0.421666666666667,,0.79069137117411,3.59973172791667,126.903796516677,339.0995238,46.5221533709051,93.16418241,8.59720315539111,40.9597294466667,,,,,,,,,
6,2019-03-01,2019-03,2019,3,warmed,Dry,23.1518574462366,0.405488786962366,23.8037368817204,0.377421587903226,23.6781616935484,0.362341027956989,10.76240396,0.1405,29.505,0.697003984,148.1945513,1.3576,,,0.0204,,,16.598,3521.25,0.08331452,17.6294432,0.625,,,0.009375,,,2.0063,425.2495,0.3065,166.254770609367,554.112043583333,35.141111203808,71.5050011016667,0.2705,0.278278166519776,-0.379165053333333,1.98884355254954,3.659976776,0.710713824328393,1.33411700383333,0.708837221375089,1.44060120116667,0.603632603768329,1.62281723766667,25.62685,38.2565,1.552,151.221365395,0.4004223875,19.911497875,64.7511,0.27877401918134,11.0056833333333,0.504253816563223,5.06333333333333,3669,0.0346644143115812,0.456666666666667,0.142,0.961247043528717,4.44061613608333,214.552702517588,418.403982666667,46.3610264900487,95.9223788516667,8.02531213560648,40.4328424433333,,,,,,,,,
1,2019-04-01,2019-04,2019,4,control,Dry,23.1654954861111,0.263309232222222,23.3685544861111,0.314546847777778,23.4779842638889,0.264273029305556,8.62468874647887,0.94732728,144.1827744,1.689494509,202.35202605,,,,,,,9.207,1338.115,0.09964924,17.4225354,,,,,,,2.783,460.91,,,,,,,,,,,,,,,,,,,,,,,,,,,,,,,,,,,,,,,,,,,,,,,,
2,2019-04-01,2019-04,2019,4,warmed,Dry,23.7451307083333,0.275597679305556,23.9670710138889,0.410774236111111,23.9551463333333,0.41000287875,16.918245578635,0.45144396,108.5839128,2.367498713,483.82921375,,,,,,,11.645,2400.888,0.3460054,72.82748424,,,,,,,3.224,679.122,,,,,,,,,,,,,,,,,,,,,,,,,,,,,,,,,,,,,,,,,,,,,,,,
3,2019-04-01,2019-04,2019,4,control,Dry,23.1318212083333,0.312425874027778,23.3093965972222,0.401190254861111,23.3518765694444,0.423742224444444,19.668302270195,0.23372668,69.4045376,1.1124421175,344.9548292,4.542,,,0.0273,,,14.583,4535.496,0.49971516,150.84098015,0.2836,,,0.0017016,,,1.9104,589.5744,,,,,,,,,,,,,,,,,,,,,,,,,,,,,,,,,,,,,,,,,,,,,,,,
4,2019-04-01,2019-04,2019,4,warmed,Dry,24.2719951944444,0.112955091347222,24.4942235416667,0.303881229722222,24.4854612916667,0.305162090416667,16.2457225806452,0.88554936,162.6953208,0.452213684,94.0888981,,,,,,,30.34,7174.23,0.37858476,86.21608132,,,,,,,3.623,820.758,,,,,,,,,,,,,,,,,,,,,,,,,,,,,,,,,,,,,,,,,,,,,,,,
5,2019-04-01,2019-04,2019,4,control,Dry,23.5741225833333,0.434704200277778,23.6973439861111,0.45622588,23.6767721805556,0.448555262777778,7.377776864,0.38039962,333.7536086,1.2693921655,559.95069,,,5.716,,,0.0229,20.079,13414.782,0.13240292,47.9551908,,,0.3052,,,0.0012208,2.204,1237.256,,,,,,,,,,,,,,,,,,,,,,,,,,,,,,,,,,,,,,,,,,,,,,,,
6,2019-04-01,2019-04,2019,4,warmed,Dry,23.7613567083333,0.369982860277778,24.2977241944445,0.352951944444444,24.1206485277778,0.345283224166667,9.36654540650406,0.54111648,69.748296,0.5353900615,28.3482670095,2.968,,3.312,0.0297,,0.0331,19.554,2780.7,0.20980636,14.478182,0.4604,,0.7606,0.004604,,0.007606,1.6615,176.3,,,,,,,,,,,,,,,,,,,,,,,,,,,,,,,,,,,,,,,,,,,,,,,,
1,2019-05-01,2019-05,2019,5,control,Wet,24.2441106989247,0.338406625537634,24.2512464247312,0.401209163306452,24.2615920564516,0.351900388037634,8.17552965337002,1.38251466,555.6998556,0.7399389175,200.0061446,,1.0308,4.39,,0.0188,0.022,3.644,1154.72,0.1278992,32.3617088,,0.284,0.4032,,0.0051838,0.002016,1.0872,293.112,,,,,,,,,,,,,,,,,,,,,,,,,,,,,,,,,,,,,,,,,,,,,,,,
2,2019-05-01,2019-05,2019,5,warmed,Wet,24.8213883064516,0.347065784946237,24.945311639785,0.430669117607527,24.8030919892473,0.437568806048387,6.07549,3.4735761,2639.917836,1.9728063225,934.0123805,2.058,3.258,1.1902,0.0206,0.0195,0.029,10.264,4438.84,0.21918048,101.3512768,0.2658,0.3798,0.5113,0.002658,0.0022788,0.0122659,2.089,867.96,,,,,,,,,,,,,,,,,,,,,,,,,,,,,,,,,,,,,,,,,,,,,,,,
3,2019-05-01,2019-05,2019,5,control,Wet,24.3752296102151,0.364763140053763,24.2962149193548,0.436409140053763,24.2068620698925,0.456976287634409,14.8035831918919,0.24202104,146.962746,1.075290533,672.20563905,2.8,3.3257,3.449,0.02735,0.0258,0.0593,12.575,7890.18,0.13806784,87.812784,0.3018,0.20415,0.3018,0.0028095,0.00202575,0.0054364,1.4164,899.784,,,,,,,,,,,,,,,,,,,,,,,,,,,,,,,,,,,,,,,,,,,,,,,,
4,2019-05-01,2019-05,2019,5,warmed,Wet,25.6160202419355,0.222629428091398,25.5327932795699,0.368330744086022,25.417856344086,0.363791295026882,22.1990487460317,1.87672404,1710.676038,1.490464594,1414.3917595,,1.1604,,,0.0169,,37.18,35295.4,0.17968832,174.1244048,,0.2037,,,0.0029595,,3.616,3431.68,,,,,,,,,,,,,,,,,,,,,,,,,,,,,,,,,,,,,,,,,,,,,,,,
5,2019-05-01,2019-05,2019,5,control,Wet,24.6462823252688,0.432279601360544,24.6175759139785,0.466212676075269,24.4771610349462,0.464133857123656,5.01162981424581,0.01655232,22.1801088,0.632373305,1109.67461745,2.804,3.9541,1.0862,0.0168,0.04175,0.02865,10.931,18861.14,0.08225856,145.4946944,2.034,0.2014,0.1519,0.012204,0.00288746,0.00432193,1.2373,2180.462,,,,,,,,,,,,,,,,,,,,,,,,,,,,,,,,,,,,,,,,,,,,,,,,
6,2019-05-01,2019-05,2019,5,warmed,Wet,25.332330577957,0.409335693145161,25.7006366801075,0.411146270967742,25.3804216397849,0.398896064784946,4.44801231605351,0.06905274,59.3853564,0.0604746865,73.117549475,2.7558,2.986,1.6106,0.03185,0.0239,0.0258,18.198,31413.08,0.02682224,23.0671264,0.3265,0.439,1.2088,0.0039005,0.003512,0.0193408,0.789,926.129,,,,,,,,,,,,,,,,,,,,,,,,,,,,,,,,,,,,,,,,,,,,,,,,
1,2019-06-01,2019-06,2019,6,control,Dry,25.1808002083333,0.312919392777778,25.00502,0.370655349305556,24.9663111805556,0.318271762916667,8.77941386885246,0.1410882,16.930584,0.2352079665,27.277675585,,1.6054,,,0.0177,,4.293,501.37,0.01864544,2.1111184,,0.2774,,,0.0030514,,0.5321,61.987,,,,,,,,,,,,,,,,,,,,,,,,,,,,,,,,,,,,,,,,,,,,,,,,
2,2019-06-01,2019-06,2019,6,warmed,Dry,25.6936006527778,0.287981965138889,25.6706917222222,0.40945884375,25.4584557222222,0.410066249027778,,0.67640436,100.2233808,2.620633609,352.18665465,,,2.1213,,,0.0227,14.958,2036.31,0.34144064,45.8852016,,,0.6431,,,0.0076959,3.359,455.64,,,,,,,,,,,,,,,,,,,,,,,,,,,,,,,,,,,,,,,,,,,,,,,,
3,2019-06-01,2019-06,2019,6,control,Dry,25.3339799444444,0.336047861666667,25.1622672916667,0.417960375694444,25.0110092777778,0.44051449375,20.0945091461412,0.73243194,417.5450142,2.121256602,284.92032125,2.3504,1.257,3.318,0.0226,0.0113,0.0543,24.558,5124.84,0.2993472,65.9908944,0.20185,0.26,0.4276,0.0019131,0.00234,0.0071684,3.1524,526.362,,,,,,,,,,,,,,,,,,,,,,,,,,,,,,,,,,,,,,,,,,,,,,,,
4,2019-06-01,2019-06,2019,6,warmed,Dry,26.7959183472222,0.153073561652778,26.4121133194444,0.300017214583333,26.2216495,0.322311584027778,24.3713828666667,0.16184598,55.981575,2.7515618885,774.89684965,,10.338,,,0.062,,39.38,14584.2,0.83331904,117.1372352,,0.4526,,,0.0027156,,5.008,1634.72,,,,,,,,,,,,,,,,,,,,,,,,,,,,,,,,,,,,,,,,,,,,,,,,
5,2019-06-01,2019-06,2019,6,control,Dry,25.4985080416667,0.411473319861111,25.4005166388889,0.450577450555556,25.1893318611111,0.447562610277778,3.56887497993311,0.04287036,42.87036,0.4362242465,687.2609266,2.214,7.2356,0.7762,0.0155,0.1592,0.0233,12.715,18888.85,0.09526496,143.7013136,0.2942,0.1445,0.1751,0.0020594,0.00317878,0.0052518,1.0872,1681.359,,,,,,,,,,,,,,,,,,,,,,,,,,,,,,,,,,,,,,,,,,,,,,,,
6,2019-06-01,2019-06,2019,6,warmed,Dry,26.4713929027778,0.342739669583333,26.7560077361111,0.380432581666667,26.3962494861111,0.370918688194444,10.398764958194,0.10120416,27.3251232,0.0653419085,49.06113815,1.7808,,1.1864,0.0165,,0.0165,17.002,9517.62,0.05624576,44.1461856,0.3472,,1.3098,0.00306492,,0.0183972,1.0549,639.933,,,,,,,,,,,,,,,,,,,,,,,,,,,,,,,,,,,,,,,,,,,,,,,,
1,2019-07-01,2019-07,2019,7,control,Wet,25.4994901209677,0.252859693682796,25.4454621130552,0.322721931763122,25.4539812516824,0.274801740780619,34.5663225,0.1831446,18.90209592,0.491872821666667,54.9817169086667,5.336,,,0.0747,,,9.83933333333333,922.608666666667,0.0462347733333333,4.58655125333333,0.4884,,,0.0068376,,,1.33306666666667,125.951133333333,,,,,,,,,,,,,,,,,,,,,,,,,,,,,,,,,,,,,,,,,,,,,,,,
2,2019-07-01,2019-07,2019,7,warmed,Wet,26.0032719086022,0.229937628225806,26.1039057335128,0.374164156527591,25.9254510497981,0.387031578600269,8.19326205128205,0.08899416,2.04686568,3.62409260366667,787.8242814,1.6544,,3.972,0.0298,,0.0199,9.88666666666667,2829.51333333333,0.628448533333333,98.58318688,0.4808,,1.112,0.0086544,,0.00556,3.68146666666667,803.660666666667,,,,,,,,,,,,,,,,,,,,,,,,,,,,,,,,,,,,,,,,,,,,,,,,
3,2019-07-01,2019-07,2019,7,control,Wet,25.635391922043,0.256536084274194,25.6091536877524,0.375340967833109,25.5161681292059,0.398059452893674,27.514980952381,0.44731984,208.9701032,2.31221395666667,598.7135776,1.9992,13.4208,5.326,0.092,0.40135,0.0533,21.4693333333333,8049.01333333333,0.676848106666667,150.249898666667,0.1587,0.32635,1.0524,0.00729836,0.00949941,0.010524,3.61133333333333,1150.17333333333,,,,,,,,,,,,,,,,,,,,,,,,,,,,,,,,,,,,,,,,,,,,,,,,
4,2019-07-01,2019-07,2019,7,warmed,Wet,26.8473507258065,0.104951498467742,26.8376752355316,0.275126916554509,26.736478384926,0.304608654777927,29.2541619047619,2.55339612,619.30025336,3.089347115,1693.82307423333,,0.8116,,,0.039,,32.82,9370.72666666667,0.536378986666667,50.7767179733333,,0.5058,,,0.0242784,,6.24,2280.27333333333,,,,,,,,,,,,,,,,,,,,,,,,,,,,,,,,,,,,,,,,,,,,,,,,
5,2019-07-01,2019-07,2019,7,control,Wet,25.7787092876344,0.329783756393001,25.8533447913863,0.40067737039031,25.7039343876178,0.421469547913863,,0.00642244,0.2568976,2.22330602933333,481.059087033333,4.552,0.8814,1.90333333333333,0.2327,0.0179,0.0355,19.7266666666667,20451.2133333333,0.205779946666667,54.9501557333333,1.2591,0.13585,0.2914,0.0659196,0.00365687,0.00896833333333333,2.73246666666667,1400.78733333333,,,,,,,,,,,,,,,,,,,,,,,,,,,,,,,,,,,,,,,,,,,,,,,,
6,2019-07-01,2019-07,2019,7,warmed,Wet,26.5655310752688,0.30209795577957,26.8104469448183,0.364117023553163,26.5647551009421,0.358440413189771,16.5656666666667,0.36257636,40.125242,0.0843240753333333,105.143277466667,2.2335,19.054,1.5027,0.08955,0.9718,0.05595,139.189333333333,19155.52,0.0288929066666667,29.8123402666667,0.3867,0.8244,1.0423,0.0122036,0.0420444,0.0384591,1.04486666666667,833.640666666667,,,,,,,,,,,,,,,,,,,,,,,,,,,,,,,,,,,,,,,,,,,,,,,,
1,2019-08-01,2019-08,2019,8,control,Wet,25.5127601747312,0.356459558198925,25.5777635843794,0.408317180726257,25.6061107252441,0.354576329288703,,0.06227154,51.418578,0.040701871,67.9721247,,0.791,,,0.0127,,6.645,4509.14,0.0309424,24.1393296,,0.2576,,,0.0041216,,0.5908,415.494,,,,,,,,,,,,,,,,,,,,,,,,,,,,,,,,,,,,,,,,,,,,,,,,
2,2019-08-01,2019-08,2019,8,warmed,Wet,26.0988155241936,0.339368632526882,26.202079902371,0.427142809483961,26.0695470850767,0.434239614644351,,0.0908958,51.810606,0.364676079,207.8653651,3.1925,,1.4536,0.0229,,0.0218,10.684,6089.88,0.153912,87.72984,0.4151,,0.5682,0.002871,,0.008523,1.3498,769.386,,,,,,,,,,,,,,,,,,,,,,,,,,,,,,,,,,,,,,,,,,,,,,,,
3,2019-08-01,2019-08,2019,8,control,Wet,25.6116159274194,0.364930233333333,25.66335027894,0.438960679218968,25.6267610460251,0.452886461506276,,0.02767824,11.4809532,2.8182428335,1234.8371988,1.5116,4.5457,1.691,0.0166,0.04915,0.0338,20.409,8435.92,0.13428416,54.5819104,0.263,0.26105,0.156,0.002893,0.00329668,0.0031204,2.822,1179.12,,,,,,,,,,,,,,,,,,,,,,,,,,,,,,,,,,,,,,,,,,,,,,,,
4,2019-08-01,2019-08,2019,8,warmed,Wet,26.5198708602151,0.216876921236559,26.7390134170153,0.356763684518828,26.7074909205021,0.360124028870293,,0.02157174,6.2558046,1.2461300355,523.54739015,,1.4786,,,0.01175,,25.94,11869.6,0.17661408,72.2475072,,0.1791,,,0.0012931,,2.795,1248.25,,,,,,,,,,,,,,,,,,,,,,,,,,,,,,,,,,,,,,,,,,,,,,,,
5,2019-08-01,2019-08,2019,8,control,Wet,25.7924422177419,0.396338038814016,25.8563653974895,0.450565153417015,25.7526607810321,0.45615979651325,,2.47118436,3706.77654,0.5608251375,848.22642055,,0.5094,0.913,,0.0153,0.0173,19.497,29561.7,0.04371232,65.9191056,,0.0626,0.1684,,0.0018786,0.0031996,1.9115,2888.295,,,,,,,,,,,,,,,,,,,,,,,,,,,,,,,,,,,,,,,,,,,,,,,,
6,2019-08-01,2019-08,2019,8,warmed,Wet,26.3250359946237,0.408208365860215,26.7643004881451,0.416934355369596,26.5394185774059,0.405073120781032,,3.38377098,3703.7767912,0.5165334145,215.04872455,1.3916,,1.2058,0.01485,,0.0157,12.216,6292.72,0.07090752,44.8939344,0.4368,,1.0066,0.0042492,,0.0130858,1.3915,635.74,,,,,,,,,,,,,,,,,,,,,,,,,,,,,,,,,,,,,,,,,,,,,,,,
1,2019-09-01,2019-09,2019,9,control,Wet,25.3748498611111,0.400675080833333,25.5516996111111,0.423312408055556,25.6086237361111,0.368531339444444,4.51942132530121,0.43560786,806.1760056,0.157819132,334.50709735,4.5937,0.7117,1.2399,0.0323,0.02335,0.01905,6.087,15505.92,0.04442176,83.7076896,0.7866,0.3409,0.3969,0.0064682,0.0111303,0.0059094,0.5826,1383.116,,,,,,,,,,,,,,,,,,,,,,,,,,,,,,,,,,,,,,,,,,,,,,,,
2,2019-09-01,2019-09,2019,9,warmed,Wet,25.5315443333333,0.385996446666667,25.821207,0.437209640972222,25.7880429305556,0.449096474305556,,1.26109896,1975.868184,0.238615022,432.32258455,3.333,1.4576,1.443,0.07385,0.0087,0.0707,7.469,14735.98,0.07090752,131.256384,0.8669,0.6426,0.7474,0.0095394,0.0038556,0.0366226,0.8382,1552.74,,,,,,,,,,,,,,,,,,,,,,,,,,,,,,,,,,,,,,,,,,,,,,,,
3,2019-09-01,2019-09,2019,9,control,Wet,25.3816274305556,0.41429017,25.5336434444444,0.452061879583333,25.54163775,0.462145748333333,,0.1248108,477.9820902,1.1823694235,2934.6534445,2.636,0.5954,9.58,0.0474,0.0196,0.1437,11.886,51004.03,0.05719168,132.80484,0.4342,0.2132,2.462,0.0078156,0.0070356,0.03693,1.7006,5361.03,,,,,,,,,,,,,,,,,,,,,,,,,,,,,,,,,,,,,,,,,,,,,,,,
4,2019-09-01,2019-09,2019,9,warmed,Wet,25.6902588194444,0.293587702222222,26.0742345416667,0.409100189444444,26.1365607222222,0.388388807083333,,0.11205876,226.7165316,0.788124418,1284.82332905,15.184,0.8937,,0.0666,0.0245,,19.128,32204.58,0.25583488,292.4776368,1.5554,0.31955,,0.0074014,0.0078818,,2.0399,3303.189,,,,,,,,,,,,,,,,,,,,,,,,,,,,,,,,,,,,,,,,,,,,,,,,
5,2019-09-01,2019-09,2019,9,control,Wet,25.6158544444445,0.419213386369958,25.7661677222222,0.460358732222222,25.7122457361111,0.461216076111111,2.76541270564516,0,0,0.5501172485,2055.729519,2.1831,2.3186,,0.0564,0.0648,,11.232,42528.82,0.03874624,149.0774448,0.5038,0.26755,,0.0113779,0.00911669,,0.9764,3697.117,,,,,,,,,,,,,,,,,,,,,,,,,,,,,,,,,,,,,,,,,,,,,,,,
6,2019-09-01,2019-09,2019,9,warmed,Wet,25.6263198194444,0.441096629305556,25.7903525972222,0.425254906666667,25.7004525138889,0.410953484027778,,1.48466664,4234.7000988,0.249322911,476.60994665,1.181,2.998,5.4659,0.0425,0.024,0.1021,8.186,16859.57,0.04442176,92.1181072,0.5148,0.8932,1.0517,0.0185328,0.0071456,0.0180986,0.9066,1865.037,,,,,,,,,,,,,,,,,,,,,,,,,,,,,,,,,,,,,,,,,,,,,,,,
1,2019-10-01,2019-10,2019,10,control,Wet,24.6182827822581,0.349622216666667,25.0326118328841,0.402044287601078,25.1947111590297,0.339576427628032,5.0613104670913,0.09417648,35.3395008,0.8442280245,326.0474438,,1.8086,,,0.0127,,7.337,3307.87,0.043827545,17.81027545,,0.5002,,,0.0035014,,1.1124,449.034,,75.4215235355807,435.600082,3.97641853272653,46.7253089966667,,0.15365307871109,0.391938212,0.386278229172041,4.82171915766667,0.108225607941114,0.654337827666667,0.246746852712335,0.894138276666667,0.128955184421369,7.79306932766667,,,,,,,,0.0377516887039517,9.9121,0.0696945717637559,3.99333333333333,,0.006,0.403,,0.787361379889492,4.041058475,84.108046265484,450.657915033333,8.05237147923424,111.9147735,7.22982022211945,8.031685122,,,,,,,,,
2,2019-10-01,2019-10,2019,10,warmed,Wet,24.8622044892473,0.368454181317204,25.2695989218329,0.431057386253369,25.3433292991914,0.440590045687332,,0.50923728,256.7799792,0.537416196,329.55777015,,,1.385,,,0.0235,8.943,5495.91,0.050827805,31.22342315,,,0.5242,,,0.0089114,1.1858,712.796,,163.845444823979,596.081859133333,16.0013463455964,58.7798048566667,,0.496292420418503,-0.255628318,3.16212917540673,7.50342152133333,0.178200068397054,0.727443076666667,0.907599095170457,1.95649017866667,1.61459108128374,6.786400567,,,,,,,,0.303441114551077,11.1967,0.364967121806883,4.278,,0.0226789182575654,0.381666666666667,,0.838801016752409,3.05627119666667,105.00221478405,342.731527,12.6889833246382,111.4719771,23.245799648293,20.649882958,,,,,,,,,
3,2019-10-01,2019-10,2019,10,control,Wet,24.619493844086,0.401112487634409,24.981192574124,0.444548148787062,25.0959737196766,0.456103950269542,2.82899577854671,0.12794424,12.794424,2.6700947055,512.75499895,5.164,2.8833,2.178,0.0361,0.0341,0.0335,20.475,4209.7,0.115683155,20.3382063,0.8184,0.3508,0.2605,0.0057288,0.0037109,0.00382264,3.547,679.22,,28.8323040592764,450.040224633333,3.51033660328217,49.40625297,,0.268169466071252,-0.047529089,1.17912165719474,4.80554237066667,0.152581974904728,0.999259408333333,0.992605092704832,2.112377725,1.05657951468518,8.67526170633333,,,,,,,,0.410103856764763,11.0127666666667,0.606559422755375,3.87766666666667,,0.0424617474911243,0.351,,0.979981512155633,4.96563670633333,84.2421614293209,480.003946633333,6.34860415916919,97.0195602766667,14.2814478888661,12.7945605966667,,,,,,,,,
4,2019-10-01,2019-10,2019,10,warmed,Wet,24.9747812365591,0.283024078494624,25.4996131671159,0.396212408625337,25.6333161590297,0.371708342183288,,0.37353396,123.5641284,0.693667751,253.30136067,5.444,,2.33,0.0381,,0.0163,21.172,7198.68,0.171685235,58.71134715,0.6652,,0.3276,0.0046564,,0.0022932,2.1871,768.699,,25.1869012987323,673.217755333333,3.68120540368188,69.6956993633334,,0.847028559353624,0.992939354333333,1.88532243323121,5.397985054,0.671361677498224,1.12743451133333,1.07372281180635,2.04444754833333,3.64064992982931,10.089051003,,,,,,,,1.27223535689484,11.2827666666667,1.33505967407204,5.10533333333333,,0.0662293993127926,0.447666666666667,,0.150314952285523,3.74961312066667,24.3641995359034,517.046558866667,12.1146075176963,138.216918533333,5.75279373015661,11.690351925,,,,,,,,,
5,2019-10-01,2019-10,2019,10,control,Wet,24.9197693548387,0.403993631940701,25.2718645013477,0.455456370619946,25.3477281940701,0.451147730862534,3.10588275862069,0.30650124,174.7057068,0.839571521,965.38566165,,1.3616,3.288,,0.0136,0.023,16.619,23780.88,0.04228337,44.2939171,,0.3572,1.7374,,0.003572,0.0121618,1.4115,1872.817,,32.5635568200511,607.2988695,4.06993613796781,61.06419495,,0.0830878329828301,-0.115377396,1.34281287312609,5.376738162,0.257416185905347,1.10586513233333,1.35940597928512,2.52658755633333,1.82688495824695,12.8692113733333,,,,,,,,0.180754317606338,10.5788333333333,0.254366533438134,4.79166666666667,,0.0174737898961082,0.452666666666667,,0.161568788647203,3.754532588,33.5028585179757,491.054807833333,13.5423164461057,131.143683966667,0.294858973173803,5.17813574466667,,,,,,,,,
6,2019-10-01,2019-10,2019,10,warmed,Wet,24.9664185887097,0.425820037903226,25.2381055660377,0.41514473562753,25.1967414555256,0.398909730188679,,1.31793204,279.7851792,0.5627682695,150.86672585,1.4242,,1.224,0.0191,,0.0135,19.302,6061.92,0.079446515,22.2053646,0.7698,,0.608,0.0109569,,0.006688,2.139,628.4,,134.776193987209,570.262281266667,4.87041917300382,53.2192602166667,,0.3172062206382,-0.0564291113333333,3.1782679219303,7.17945836133333,0.124459897496526,1.22575489333333,0.465636858335443,2.43404806766667,0.444574211620539,7.02053217766667,,,,,,,,0.103410299293639,10.5466,0.252076046726644,4.22466666666667,,0.0214553800556721,0.400666666666667,,1.35463508607302,3.152280105,159.384199447098,380.665049,6.37588583371594,120.881958666667,6.20412677482011,7.116227972,,,,,,,,,
1,2019-11-01,2019-11,2019,11,control,Wet,23.6705551805556,0.372419183333333,24.2042440138889,0.409306743472222,24.4257628333333,0.352054865,4.6606638569425,0.27375456,41.063184,0.558629155,99.78902428,2.512,1.274,3.16,0.0126,0.0102,0.0126,9.868,1667.68,0.017641555,2.64623325,0.2742,0.371,0.3352,0.001371,0.002968,0.0013408,1.1067,190.789,,,,,,,,,,,,,,,,,,,,,,,,,,,,,,,,,,,,,,,,,,,,,,,,
2,2019-11-01,2019-11,2019,11,warmed,Wet,24.4710832777778,0.363052586944444,24.8288800972222,0.431041944583333,24.9182014444444,0.43826400125,2.49907025270758,0.0290304,15.96672,0.418416667,226.99530045,1.5664,1.1588,1.3829,0.0486,0.0058,0.02275,8.889,4792.25,0.055357385,29.77048335,0.333,0.075,0.2864,0.010323,0.0003752,0.0045236,0.9903,534.839,,,,,,,,,,,,,,,,,,,,,,,,,,,,,,,,,,,,,,,,,,,,,,,,
3,2019-11-01,2019-11,2019,11,control,Wet,23.6529010833333,0.448097371666667,24.1342466111111,0.450745439305556,24.33028075,0.46083155875,2.55188282738095,0.5316852,58.485372,4.5999566275,525.03439735,0.9719,1.0641,,0.0195,0.02375,,35.16,4035.6,0.10219736,11.82784625,1.1616,0.6523,,0.031012,0.0139033,,5.412,618.54,,,,,,,,,,,,,,,,,,,,,,,,,,,,,,,,,,,,,,,,,,,,,,,,
4,2019-11-01,2019-11,2019,11,warmed,Wet,24.9050675694445,0.271529855416667,25.3438392638889,0.390019555277778,25.4606335138889,0.371195531527778,5.04352854575163,0.29348652,107.5754772,0.774380475,277.9232786,2.524,1.3016,,0.1338,0.0208,,21.239,7603.03,0.06390182,23.049951,0.4982,0.0957,,0.0264046,0.00153056,,2.414,867.6,,,,,,,,,,,,,,,,,,,,,,,,,,,,,,,,,,,,,,,,,,,,,,,,
5,2019-11-01,2019-11,2019,11,control,Wet,23.9693860972222,0.406504269692737,24.4158616666667,0.460250404722222,24.5775317916667,0.453612720833333,2.8880137845706,0.05086152,61.5424392,0.8188759505,929.1347844,1.8536,0.6058,2.019,0.0334,0.0291,0.0665,17.023,19738.03,0.06884318,79.8614474,0.7204,0.1222,1.4976,0.0129672,0.0058656,0.0454374,1.5066,1726.59,,,,,,,,,,,,,,,,,,,,,,,,,,,,,,,,,,,,,,,,,,,,,,,,
6,2019-11-01,2019-11,2019,11,warmed,Wet,24.6338000138889,0.4351301675,25.2052579861111,0.4167968675,25.0863790138889,0.397879467222222,2.97669390697674,0.0074688,2.688768,0.508442398,223.8832443,1.8743,,1.3679,0.038,,0.0185,16.543,6589.44,0.052474925,21.2920878,0.7161,,0.4961,0.0138639,,0.0066511,1.6246,665.232,,,,,,,,,,,,,,,,,,,,,,,,,,,,,,,,,,,,,,,,,,,,,,,,
1,2019-12-01,2019-12,2019,12,control,Wet,23.3135904704301,0.410307201209677,23.6801148790323,0.424662513037634,23.8655118145161,0.371965259274194,3.53929615796703,0,0,1.036351901,763.146356966667,1.34033333333333,0.699333333333333,0.620933333333333,0.0317333333333333,0.0253333333333333,0.0270666666666667,9.99466666666667,22368.34,0.08229466,59.9902287,0.1606,0.361066666666667,0.258066666666667,0.00407654666666667,0.0136996,0.0112191333333333,1.47693333333333,1842.962,,,,,,,,,,,,,,,,,,,,,,,,,,,,,,,,,,,,,,,,,,,,,,,,
2,2019-12-01,2019-12,2019,12,warmed,Wet,23.898076438172,0.392920619489247,24.4177682392473,0.442250731854839,24.4964108333333,0.454084337634409,1.9556582074928,0.33487168,184.179424,0.643480993,511.327995433333,0.719466666666667,1.3584,0.6694,0.0360333333333333,0.0106666666666667,0.0312333333333333,9.216,10149.6,0.03905776,39.2811241,0.115866666666667,0.3007,0.307466666666667,0.00581300666666667,0.00239089333333333,0.0144611333333333,1.0944,1080.768,,,,,,,,,,,,,,,,,,,,,,,,,,,,,,,,,,,,,,,,,,,,,,,,
3,2019-12-01,2019-12,2019,12,control,Wet,23.2888050403226,0.466900210887097,23.626168266129,0.46142045,23.7986982258065,0.467815695698925,2.33369385535466,0.14121464,77.1611504,7.43128309266667,4763.60731933333,0.569933333333333,0.759466666666667,3.646,0.0187333333333333,0.0326666666666667,0.0219,18.1126666666667,33074.9733333333,0.06609798,95.1409567333333,1.79053333333333,1.18353333333333,0.6134,0.0647081333333333,0.0490191333333333,0.0036804,6.87586666666667,6043.83466666667,,,,,,,,,,,,,,,,,,,,,,,,,,,,,,,,,,,,,,,,,,,,,,,,
4,2019-12-01,2019-12,2019,12,warmed,Wet,24.9481256989247,0.316775442607527,25.2461284139785,0.411329582258065,25.3426538575269,0.388299084946237,3.64016691114245,0.1096808,254.2019952,0.534484323333333,788.268765466667,2.526,0.5374,0.8174,0.0943,0.0265333333333333,0.0232333333333333,10.5826666666667,14365.12,0.04351871,72.2129588333333,0.9748,0.168066666666667,0.155166666666667,0.0413176,0.00836577333333333,0.00548033333333333,1.281,1785.99533333333,,,,,,,,,,,,,,,,,,,,,,,,,,,,,,,,,,,,,,,,,,,,,,,,
5,2019-12-01,2019-12,2019,12,control,Wet,23.4943581048387,0.431155685888738,23.8436121236559,0.472485825537634,23.9725946370968,0.468002496908602,2.61525040581717,0.67410752,3930.04684,1.74896936833333,2372.19725,3.48386666666667,3.1604,3.07106666666667,0.0707,0.0259333333333333,0.158166666666667,14.7786666666667,31230.72,0.05024445,96.9502674333333,0.732333333333333,0.2554,1.60553333333333,0.0285981333333333,0.00494846666666667,0.0838574,2.02366666666667,3039.99666666667,,,,,,,,,,,,,,,,,,,,,,,,,,,,,,,,,,,,,,,,,,,,,,,,
6,2019-12-01,2019-12,2019,12,warmed,Wet,24.6690208198925,0.451553950403226,25.2427778360215,0.426874482795699,25.0664934274194,0.409024362365591,2.34369806047198,0.1824512,447.7905152,1.13465585933333,886.024717233333,3.2978,,1.709,0.1776,,0.07795,10.4,9853.22666666667,0.09814819,202.813293166667,0.8396,,0.7591,0.041146,,0.0261707,1.60993333333333,1382.85266666667,,,,,,,,,,,,,,,,,,,,,,,,,,,,,,,,,,,,,,,,,,,,,,,,
1,2020-01-01,2020-01,2020,1,control,Wet,22.4939481854839,0.415068289919355,23.0373084274194,0.426686797043011,23.2903811827957,0.375994116935484,2.65012958333333,0,0,0.624337591,1299.49426225,1.9046,0.6783,1.2066,0.0933,0.01785,0.02965,8.236,30745.36,0.03857735,94.8691632,0.2546,0.4389,0.5442,0.0124754,0.0124901,0.0131808,1.0439,2814.46,,,,,,,,,,,,,,,,,,,,,,,,,,,,,,,,,,,,,,,,,,,,,,,,
2,2020-01-01,2020-01,2020,1,warmed,Wet,23.0656438844086,0.403347431048387,23.7653914247312,0.442883194354839,23.9525943682796,0.452982655107527,1.98910056764706,0,0,0.814219447,1333.15987055,1.0951,1.0373,0.5961,0.04715,0.01065,0.03145,7.415,14559.4,0.050004245,72.89551075,0.15425,0.28065,0.3553,0.00634386,0.0027408,0.0188247,1.0929,1887.59,,,,,,,,,,,,,,,,,,,,,,,,,,,,,,,,,,,,,,,,,,,,,,,,
3,2020-01-01,2020-01,2020,1,control,Wet,22.5236064919355,0.479921581317204,22.9951008198925,0.462536045698925,23.2418518817204,0.467854734005376,2.08535169887955,0.01043352,43.820784,3.9920242525,6747.542512,0.79,0.6046,0.8814,0.02085,0.02275,0.037,14.955,22911,0.03054764,56.3536005,0.9449,1.4552,0.964,0.0252776,0.054996,0.040488,3.4633,4368.36,,,,,,,,,,,,,,,,,,,,,,,,,,,,,,,,,,,,,,,,,,,,,,,,
4,2020-01-01,2020-01,2020,1,warmed,Wet,24.3605508870968,0.341585679166667,24.8263278225806,0.424205421102151,24.9814552419355,0.397768808602151,2.80822500735294,0.00908592,22.260504,0.582429061,1072.9066302,3.1786,0.6403,0.6359,0.13615,0.025,0.01905,9.479,15483.45,0.03631256,58.1976813,0.8252,0.2719,0.14105,0.0249796,0.0107399,0.00431796,1.2148,2089.681,,,,,,,,,,,,,,,,,,,,,,,,,,,,,,,,,,,,,,,,,,,,,,,,
5,2020-01-01,2020-01,2020,1,control,Wet,22.7286186693548,0.448737781830601,23.2272593951613,0.474551524327957,23.4311935752688,0.469041461290323,1.82836173018081,1.37857404,1399.2062568,1.588233773,1797.786808,0.976,0.4831,2.555,0.0313,0.02555,0.1352,16.23,18998.73,0.04248926,50.22878695,0.3109,0.20385,0.8324,0.0105923,0.01076778,0.0432837,2.1521,2457.181,,,,,,,,,,,,,,,,,,,,,,,,,,,,,,,,,,,,,,,,,,,,,,,,
6,2020-01-01,2020-01,2020,1,warmed,Wet,24.1238477956989,0.461760983870968,24.8577698521505,0.428651742741936,24.7361945564516,0.412068905376344,1.58529207875186,0.56510568,582.0588505,0.6377897115,602.31547445,1.5637,0.928,0.7126,0.0813,0.013,0.0157,9.342,8670.09,0.028179905,26.74376445,0.7232,0.6254,0.9906,0.0334004,0.0087556,0.0217932,1.072,1006.291,,,,,,,,,,,,,,,,,,,,,,,,,,,,,,,,,,,,,,,,,,,,,,,,
1,2020-02-01,2020-02,2020,2,control,Dry,22.3123743534483,0.311820947844828,22.7865893247126,0.399870696408046,23.0138693247126,0.333896525574713,3.15683365547445,0.1315,7.89,1.748887756,144.3665506,1.0366,0.5174,1.1693,0.0114,0.0233,0.0208,10.028,2355.22,0.08053051,13.972246,0.1419,0.4254,0.4843,0.0015609,0.019143,0.0088116,2.2241,325.269,,,,,,,,,,,,,,,,,,,,,,,,,,,,,,,,,,,,,,,,,,,,,,,,
2,2020-02-01,2020-02,2020,2,warmed,Dry,22.8715244252874,0.342742427011494,23.5601388649425,0.42651044066092,23.7013006178161,0.428429332183908,2.61871061946903,0.0085,1.275,1.398342808,472.4607561,0.9345,0.6204,0.7748,0.0147,0.013,0.02145,8.99,4580.04,0.05675653,22.4208015,0.1666,0.1069,0.3313,0.00217271,0.0022449,0.00949,2.4468,940.164,,,,,,,,,,,,,,,,,,,,,,,,,,,,,,,,,,,,,,,,,,,,,,,,
3,2020-02-01,2020-02,2020,2,control,Dry,22.3262972701149,0.471693928735632,22.7427812931035,0.452606005603448,22.9465736063218,0.456820353448276,2.42354113522013,0.5195,8.975,2.7131196435,599.52080438,0.9971,1.1379,3.0867,0.0076,0.0208,0.0383,19.23,10576.5,0.04058594,12.2893208,0.7608,1.497,0.7293,0.0056742,0.029688,0.017541,3.622,1992.1,,,,,,,,,,,,,,,,,,,,,,,,,,,,,,,,,,,,,,,,,,,,,,,,
4,2020-02-01,2020-02,2020,2,warmed,Dry,24.4296450862069,0.237107682327586,24.6508468103448,0.366558061781609,24.7690522126437,0.356100486637931,3.55589992753623,0.0325,14.58,0.697874998,346.86320125,2.634,0.6014,0.577,0.0105,0.0313,0.0312,11.106,7756,0.03383927,18.286399,0.9476,0.0988,0.0937,0.0037904,0.0051376,0.00505872,1.7173,1012.383,,,,,,,,,,,,,,,,,,,,,,,,,,,,,,,,,,,,,,,,,,,,,,,,
5,2020-02-01,2020-02,2020,2,control,Dry,22.6362227729885,0.432941545165945,23.0454159913793,0.466249386494253,23.1853483189655,0.456547755747127,1.28509902608696,1.0735,193.23,1.022914457,283.32105585,1.7206,0.6283,2.0033,0.0929,0.0154,0.07565,15.37,6748.6,0.06489537,23.1662766,0.1648,0.17315,0.9342,0.00890028,0.0041016,0.0198664,2.1275,724.2,,,,,,,,,,,,,,,,,,,,,,,,,,,,,,,,,,,,,,,,,,,,,,,,
6,2020-02-01,2020-02,2020,2,warmed,Dry,24.1041139367816,0.444385809195402,24.7627841666667,0.405906400574713,24.5809759913793,0.385156581178161,2.15932585298399,2.659,877.47,1.695388438,792.1902439,1.177,,0.9576,0.02895,,0.0124,8.893,9693.33,0.04251356,45.8631714,0.5648,,1.0642,0.015366,,0.0138346,2.8312,1602.06,,,,,,,,,,,,,,,,,,,,,,,,,,,,,,,,,,,,,,,,,,,,,,,,
1,2020-03-01,2020-03,2020,3,control,Wet,22.1041501186944,0.356554691839763,22.5029583086053,0.423061772106825,22.7120688130564,0.368781675519288,2.96123610054348,0.056,25.76,0.235976819,108.54933676,1.0278,0.5576,0.5268,0.0195,0.0234,0.0274,8.574,3944.04,0.04133557,19.0143622,0.2154,0.3726,0.3636,0.0040926,0.0156492,0.0189072,0.6964,320.344,,28.1357331649801,420.466978866667,2.18355628779744,40.4278831833333,,3.18871091927249,0.791067122666667,0.300997002280707,3.75555473633333,2.61038136152047,-0.0614685053333335,13.8908801688591,9.044123729,1.3164210570351,3.53750147133333,,,,,,,,0.144263451134836,9.97236666666667,0.285458111346189,4.04866666666667,,0.022722969289539,0.405666666666667,,0.197211297687523,4.319096699,43.8124100864502,465.349973666667,5.10164699233874,107.587171733333,1.68285777379328,4.094947125,,,,,,,,,
2,2020-03-01,2020-03,2020,3,warmed,Wet,22.7069849703264,0.394164476557864,23.3689237240356,0.437613408308605,23.46984884273,0.448768653709199,1.87957576109937,0.497,1156.19,0.3156037105,393.1569928,0.6458,1.4284,1.4496,0.0297,0.0129,0.0507,6.082,8338.89,0.03416054,63.1281658,0.0547,0.1559,0.263,0.00251528,0.00140292,0.009205,0.8041,1005.907,,66.8109805052558,535.754840133333,7.90664039079057,49.26708421,,1.11160075426043,-0.908692455666666,0.263898343658682,3.408812939,0.0851613429634046,0.959527554333333,0.133597319586802,0.268120224,0.167145115690661,3.23448496233333,,,,,,,,0.276101653985145,10.7271333333333,0.378704810285443,3.88933333333333,,0.0400541300409001,0.362666666666667,,0.150201859881976,4.04954873633333,51.44503610412,431.4587842,11.2884316306804,106.483174153333,1.49248006756138,3.11233567533333,,,,,,,,,
3,2020-03-01,2020-03,2020,3,control,Wet,22.2019727744807,0.477839627744807,22.5536110830861,0.459762890504451,22.7360817804154,0.461592073738872,2.42562728434066,4.5545,2725.03,4.3616451305,1284.41656665,0.6118,0.5288,0.8956,0.0239,0.0201,0.0493,18.128,6425.44,0.05804161,22.1134298,0.7986,0.544,0.8746,0.0311454,0.020672,0.048103,5.73,1874.04,,39.1612423848412,450.4437678,7.68131098415357,42.2048163166667,,1.91095780070747,-1.787004045,1.86412739432937,2.66215602866667,0.195417677712768,0.378893242,0.585686945257301,1.05890921233333,0.439335248167485,3.643400731,,,,,,,,0.162074458197459,10.5413,0.148665171890842,3.47766666666667,,0.01552417469626,0.33,,0.247273230373896,4.16332727066667,31.4277131426888,288.9941648,6.26282785546999,69.3953921266667,0.552112899821204,1.674761521,,,,,,,,,
4,2020-03-01,2020-03,2020,3,warmed,Wet,23.8953289465875,0.30538515652819,24.188478264095,0.413065665133531,24.3341743323442,0.395263557863502,2.34214411205074,0.2885,317.35,0.5246243005,466.6440231,3.544,0.626,0.5536,0.0851,0.0326,0.0293,10.189,8305.78,0.04604753,38.9305158,0.2428,0.1511,0.0815,0.0058272,0.00785824,0.00431844,1.3282,1144.912,,123.428615501806,739.647200133333,9.05087416486401,67.6214281733333,,1.38309504701536,-0.203640405333333,2.29507668740633,3.38967572733333,0.328523483800213,1.225097225,1.32492604219794,2.80961310033333,1.08133905807845,4.006010354,,,,,,,,0.360170103330819,11.0195666666667,0.313331028360316,4.23433333333333,,0.019157244060668,0.384,,0.19281840235972,4.11574824966667,72.2618471164324,579.992423833333,23.2915329700547,141.626327966667,4.22088684954692,11.6513186276667,,,,,,,,,
5,2020-03-01,2020-03,2020,3,control,Wet,22.4976609792285,0.445582878979907,22.8802545697329,0.473281884124629,23.0014853709199,0.468328085014837,1.54350442887931,0.3185,121.03,0.304095136,188.57160835,1.5534,0.4576,4.248,0.0839,0.0224,0.2039,17.421,10382.55,0.06800098,32.5851026,0.143,0.123,0.7204,0.007722,0.00602602,0.0345792,1.2492,746.586,,47.1854958625228,465.720392866667,2.05716340560503,43.5699418666667,,1.06355590313089,-1.696372879,0.8534510169632,2.90207373133333,0.428353390149263,0.952309891333333,1.33695011796305,3.01380954233333,0.784153669902784,3.88674526666667,,,,,,,,0.192693132553637,10.5064666666667,0.203204330662513,4.195,,0.0255799400572663,0.399666666666667,,0.282447635381487,4.17163504,33.7538173890006,427.292096233333,14.0728067491037,102.997722996667,1.66956913537792,2.67459717866667,,,,,,,,,
6,2020-03-01,2020-03,2020,3,warmed,Wet,23.9881171661721,0.4583271615727,24.5125458753709,0.423622221513353,24.3344585459941,0.406555850593472,1.99962498294243,0.006,6.06,0.4356661325,438.37790125,1.2874,,1.4942,0.0695,,0.0105,10.132,10188.32,0.02698551,27.1488164,0.4928,,1.221,0.0266112,,0.008547,1.1811,1188.043,,81.5725801771147,534.951430866667,6.84471745946992,49.7675049866667,,0.671724586598367,-0.992137017333333,0.975827806149212,2.52125377633333,0.257933364998552,0.893596022,0.528547307444038,2.11132658133333,0.842176447469348,2.52868703366667,,,,,,,,0.585861283354117,10.9223333333333,0.403238556357565,4.07466666666667,,0.0173877351409933,0.372666666666667,,0.174612950521501,3.87918321366667,32.2473552715198,432.071025666667,4.78266388024319,111.316671933333,1.52354102635763,4.71208628666667,,,,,,,,,
1,2020-04-01,2020-04,2020,4,control,Dry,23.588516075388,0.257249936585366,23.6600615521064,0.359400670509978,23.7201923059867,0.300880286252772,3.416307775,0.035,1.75,0.9924322875,700.834294355,,1.691,2.3612,,0.0203,0.0237,8.159,12825.55,0.04240647,44.9272695,,0.4,0.6438,,0.0048,0.0092084,1.7965,1554.275,,,,,,,,,,,,,,,,,,,,,,,,,,,,,,,,,,,,,,,,,,,,,,,,
2,2020-04-01,2020-04,2020,4,warmed,Dry,24.0777557871397,0.246923868070953,24.4154356319291,0.39722793902439,24.2722780931264,0.418485550776053,3.55188596452328,0.013,120.38,0.7750135485,1133.22790355,,6.654,2.558,,0.0333,0.046,7.561,39234.86,0.01756159,82.1474534,,0.3228,0.2324,,0.001614,0.0041832,1.3981,3019.406,,,,,,,,,,,,,,,,,,,,,,,,,,,,,,,,,,,,,,,,,,,,,,,,
3,2020-04-01,2020-04,2020,4,control,Dry,23.6444863414634,0.434579550554324,23.7457094678492,0.432988790465632,23.7224888691796,0.438281940354767,2.94184770704225,0.092,18.59,6.047495722,2607.9076749,4.79,5.396,,0.0383,0.027,,19.156,10695.76,0.11458513,29.627783,1.2978,0.4248,,0.0103824,0.002124,,9.006,3845.02,,,,,,,,,,,,,,,,,,,,,,,,,,,,,,,,,,,,,,,,,,,,,,,,
4,2020-04-01,2020-04,2020,4,warmed,Dry,25.0208651219512,0.164373325055432,24.8601758536585,0.330192226607539,24.8181482261641,0.342042413747228,3.72432645232816,0.158,243.07,2.245933742,855.54915915,,,,,,,9.918,7864.56,0.04358446,41.4613364,,,,,,,3.781,1807.1,,,,,,,,,,,,,,,,,,,,,,,,,,,,,,,,,,,,,,,,,,,,,,,,
5,2020-04-01,2020-04,2020,4,control,Dry,24.0851983813747,0.373520867627494,24.2448469179601,0.44773629135255,24.1316680709534,0.448328562305987,1.50234494117647,0.0925,121.535,0.582789256,715.97311515,,4.502,,,0.0405,,11.553,14021.85,0.04454827,68.1085325,,0.7524,,,0.0067716,,1.3638,1622.796,,,,,,,,,,,,,,,,,,,,,,,,,,,,,,,,,,,,,,,,,,,,,,,,
6,2020-04-01,2020-04,2020,4,warmed,Dry,25.439409113082,0.384380920399113,25.2936368736142,0.386923834368071,24.9518341241685,0.371250825277162,6.2037989532294,0.1845,35.055,0.4785900035,688.0616528,4.676,,,0.0374,,,18.344,35527.32,0.03239414,6.1548866,0.5202,,,0.0041616,,,1.4267,2587.611,,,,,,,,,,,,,,,,,,,,,,,,,,,,,,,,,,,,,,,,,,,,,,,,
1,2020-05-01,2020-05,2020,5,control,Dry,23.4228471428571,0.274236892857143,24.3945871505376,0.38711244422043,24.3877292876344,0.33530824422043,3.45637944021739,0,0,0.320269349,1108.131946,1.0212,1.2854,0.9804,0.0235,0.0129,0.0225,6.784,23472.64,0.022809,78.91914,0.1577,0.3596,0.5884,0.00362664,0.003596,0.0135332,0.7852,2716.792,,,,,,,,,,,,,,,,,,,,,,,,,,,,,,,,,,,,,,,,,,,,,,,,
2,2020-05-01,2020-05,2020,5,warmed,Dry,24.0849335714286,0.233191657142857,25.3676744354839,0.41314327405914,25.1066309408602,0.432655872446237,4.60497505405405,0.02,55.6,0.673613679,1872.646028,,1.7882,1.5778,,0.068,0.0205,5.85,16263,0,0,,0.271,0.1602,,0.010298,0.00208312,1.1676,3245.928,,,,,,,,,,,,,,,,,,,,,,,,,,,,,,,,,,,,,,,,,,,,,,,,
3,2020-05-01,2020-05,2020,5,control,Dry,23.5586664285714,0.461036885714286,24.6295916935484,0.445509968548387,24.4836805107527,0.453624034274194,2.33894519125683,0,0,4.732718886,4496.082942,1.168,1.0366,,0.0234,0.0155,,13.23,12568.5,0.03801578,36.114991,0.3202,0.2824,,0.006404,0.004236,,6.85,6507.5,,,,,,,,,,,,,,,,,,,,,,,,,,,,,,,,,,,,,,,,,,,,,,,,
4,2020-05-01,2020-05,2020,5,warmed,Dry,24.4313428571429,0.119083328571429,25.8313940860215,0.331559668682796,25.7454844489247,0.349651593817204,3.69391908401084,0.343,257.25,2.859620682,2144.715512,,0.9382,,,0.0113,,10.212,7659,0.03009112,22.56834,,0.1766,,,0.00211968,,4.61,3457.5,,,,,,,,,,,,,,,,,,,,,,,,,,,,,,,,,,,,,,,,,,,,,,,,
5,2020-05-01,2020-05,2020,5,control,Dry,23.8628035714286,0.417501164285714,24.9711728360215,0.451345389919355,24.8061989784946,0.456104021908602,1.62243935694823,0.022,49.72,0.57470215,1298.826859,,1.1502,2.216,,0.023,0.1042,8.59,19413.4,0.0163836,37.026936,,0.1364,0.4484,,0.0027288,0.0210748,1.2084,2730.984,,,,,,,,,,,,,,,,,,,,,,,,,,,,,,,,,,,,,,,,,,,,,,,,
6,2020-05-01,2020-05,2020,5,warmed,Dry,25.1205778571429,0.427564264285714,26.3421990994624,0.408406592607527,25.9845902150538,0.391629663172043,3.92422112737127,0.515,257.5,0.345774837,172.8874186,56.96,,,2.1075,,,27.8,13900,0.04294192,21.47096,0.253,,,0.009361,,,1.1002,550.1,,,,,,,,,,,,,,,,,,,,,,,,,,,,,,,,,,,,,,,,,,,,,,,,
1,2020-06-01,2020-06,2020,6,control,Dry,25.1034023982558,0.300233909738372,24.9835853611111,0.368260920555556,24.9738743888889,0.315746085972222,5.64689272727273,0,0,0.641710120333333,276.494023636667,,0.9122,0.7556,,0.0128,0.0212,8.112,3683.95333333333,0.0503646933333333,21.9736010666667,,0.3214,0.471,,0.0044996,0.013188,1.02353333333333,460.203333333333,,,,,,,,,,,,,,,,,,,,,,,,,,,,,,,,,,,,,,,,,,,,,,,,
2,2020-06-01,2020-06,2020,6,warmed,Dry,25.6523098837209,0.20922301002907,25.8193826944444,0.403095954861111,25.6054848055556,0.420412221388889,,0.00866666666666667,8.58,1.05933535766667,690.908311653333,,2.904,1.1584,,0.0145,0.0197,8.63733333333333,4658.09333333333,0.0276990133333333,12.5283565333333,,0.857,0.3612,,0.004285,0.0061404,1.63493333333333,1013.6784,,,,,,,,,,,,,,,,,,,,,,,,,,,,,,,,,,,,,,,,,,,,,,,,
3,2020-06-01,2020-06,2020,6,control,Dry,25.3381056976744,0.455126875290698,25.2478150972222,0.440632966111111,25.1053010555556,0.445097623194445,3.80009484848485,0.901666666666667,131.806666666667,8.47949682533333,2339.18817733333,1.3339,1.1754,,0.0161,0.01305,,24.178,5985.2,0.07792992,19.0793173333333,0.5299,0.2873,,0.0062195,0.0031854,,10.5486666666667,2647.81333333333,,,,,,,,,,,,,,,,,,,,,,,,,,,,,,,,,,,,,,,,,,,,,,,,
4,2020-06-01,2020-06,2020,6,warmed,Dry,26.1878665988372,0.106219427819767,26.1471677777778,0.293636824861111,26.1132932361111,0.319523050833333,3.96526484848485,0.134666666666667,83.2766666666667,3.427196638,1586.77517283333,,,,,,,12.456,5825.94666666667,0.0725266733333333,39.2923343333333,,,,,,,4.5566,1814.99666666667,,,,,,,,,,,,,,,,,,,,,,,,,,,,,,,,,,,,,,,,,,,,,,,,
5,2020-06-01,2020-06,2020,6,control,Dry,25.4903585755814,0.381263329883382,25.5553173055556,0.440470416944445,25.3994879861111,0.449329294027778,3.79843787878788,0.679333333333333,81.52,1.29767435133333,563.1597277,,0.9546,2.716,,0.01595,0.01705,33.5333333333333,11118.4666666667,0.0739555266666667,33.5810836666667,,0.2554,0.6908,,0.004397,0.0037582,2.93013333333333,1078.02666666667,,,,,,,,,,,,,,,,,,,,,,,,,,,,,,,,,,,,,,,,,,,,,,,,
6,2020-06-01,2020-06,2020,6,warmed,Dry,26.9942248110465,0.39629887252907,26.9331008472222,0.399511680972222,26.5862864583333,0.380777343611111,3.19225151515152,0.308,131.946666666667,0.514861455,218.838138633333,2.652,,,0.0106,,,24.4073333333333,10744.6733333333,0.0516251533333333,22.6221615333333,1.104,,,0.004416,,,1.9412,839.052,,,,,,,,,,,,,,,,,,,,,,,,,,,,,,,,,,,,,,,,,,,,,,,,
1,2020-07-01,2020-07,2020,7,control,Wet,25.3449180913979,0.323894080645161,25.3850399596774,0.386823958198925,25.4211538306452,0.337339318682796,5.936545512786,0.0115,9.545,0.5888625595,182.33627745,,1.4362,1.4926,,17.038,26.3306,8.914,4825.42,0.062,27.66,,0.4916,0.23075,,6.2956,6.33975,0.9003,399.769,,,,,,,,,,,,,,,,,,,,,,,,,,,,,,,,,,,,,,,,,,,,,,,,
2,2020-07-01,2020-07,2020,7,warmed,Wet,25.8097920698925,0.223787202688172,26.0426337634409,0.417646972043011,25.9085403494624,0.430962213575269,3.96746958333333,0,0,0.6207453685,563.69021975,,2.4692,1.4276,,22.2228,37.1176,11.415,9253.3,0.046,36.72,,0.2195,0.1459,,1.9757,3.7939,1.3266,1113.151,,,,,,,,,,,,,,,,,,,,,,,,,,,,,,,,,,,,,,,,,,,,,,,,
3,2020-07-01,2020-07,2020,7,control,Wet,25.5793757930108,0.471850657123656,25.6213378629032,0.452113339112903,25.539461733871,0.455748504166667,3.41715132253711,0.043,38.695,8.70346833,4223.279836,0.9478,0.9554,,27.104,30.0954,,30.31,17670.8,0.082,45.775,0.2791,0.1856,,7.559,5.89265,,7.711,4200.57,,,,,,,,,,,,,,,,,,,,,,,,,,,,,,,,,,,,,,,,,,,,,,,,
4,2020-07-01,2020-07,2020,7,warmed,Wet,26.2238809408602,0.141255350510753,26.296918938172,0.322054510752688,26.3215049462366,0.339453429973118,4.49885206185567,0.1955,79.905,1.8257216715,1359.22878055,,1.08,,,28.3986,,14.579,9822.61,0.1035,62.115,,0.1189,,,3.9785,,2.3381,1698.889,,,,,,,,,,,,,,,,,,,,,,,,,,,,,,,,,,,,,,,,,,,,,,,,
5,2020-07-01,2020-07,2020,7,control,Wet,25.6645174596774,0.418521754693878,25.845568266129,0.458953375,25.7497893548387,0.456068394623656,3.46466830945946,0.2215,69.98,1.701421801,573.0202499,2.0994,1.0852,2.233,49.752,42.6824,73.4064,33.42,12824.8,0.098,29.96,0.27065,0.08855,0.2376,6.684,3.2767,8.48675,2.982,1129.52,,,,,,,,,,,,,,,,,,,,,,,,,,,,,,,,,,,,,,,,,,,,,,,,
6,2020-07-01,2020-07,2020,7,warmed,Wet,27.03681375,0.426137282526882,27.3351580241936,0.414309054704301,27.0375335483871,0.396430720026882,3.0382984371345,0.2245,211.615,0.5378069795,472.01098665,1.4246,4.092,,23.9516,159.588,,18.957,16697.17,0.0635,53.055,0.11115,0.5544,,2.54545,21.6216,,1.6371,1453.323,,,,,,,,,,,,,,,,,,,,,,,,,,,,,,,,,,,,,,,,,,,,,,,,
1,2020-08-01,2020-08,2020,8,control,Wet,25.5709474193548,0.31267456827957,25.5610416307278,0.384500552021563,25.5949153234501,0.335607977088949,5.9035298782138,0.1735,45.11,0.9759801805,195.7561396,,,,,,,10.136,2635.36,0.052,8.97,,,,,,,2.096,544.96,,,,,,,,,,,,,,,,,,,,,,,,,,,,,,,,,,,,,,,,,,,,,,,,
2,2020-08-01,2020-08,2020,8,warmed,Wet,25.831918172043,0.282779653091398,26.0441300269542,0.410997462938005,25.914758490566,0.425035401212938,3.47803548543689,0,0,0.2120853085,466.27962085,,,1.3096,,,10.4768,5.284,11965.04,0,0,,,0.338,,,2.704,0.5556,1237.921,,,,,,,,,,,,,,,,,,,,,,,,,,,,,,,,,,,,,,,,,,,,,,,,
3,2020-08-01,2020-08,2020,8,control,Wet,25.7379044758065,0.452822880107527,25.7323881266846,0.436519493126685,25.6616812938005,0.449669832884097,5.30653460081191,0.1145,238.16,2.2368591125,4568.61913,,,,,,,16.045,32559.7,0.032,65.11,,,,,,,2.585,5274.7,,,,,,,,,,,,,,,,,,,,,,,,,,,,,,,,,,,,,,,,,,,,,,,,
4,2020-08-01,2020-08,2020,8,warmed,Wet,26.3336930241936,0.184354098252688,26.2751436927224,0.35052040309973,26.2906851078167,0.354704152156334,4.48033458781362,0.0675,144.185,0.6471348555,1169.4560535,,,,,,,15.708,26300.76,0.0625,111.365,,,,,,,1.4688,2506.903,,,,,,,,,,,,,,,,,,,,,,,,,,,,,,,,,,,,,,,,,,,,,,,,
5,2020-08-01,2020-08,2020,8,control,Wet,25.8731416666667,0.436878437720489,25.9736496630728,0.460657239757412,25.8704195552561,0.459122175606469,2.78840091961853,0,0,0.7051917275,497.9803964,,,,,,,20.367,15847.6,0.03,23.46,,,,,,,1.5289,1148.61,,,,,,,,,,,,,,,,,,,,,,,,,,,,,,,,,,,,,,,,,,,,,,,,
6,2020-08-01,2020-08,2020,8,warmed,Wet,26.8179329166667,0.407392168145161,26.9006967250674,0.410698335579515,26.6990061185984,0.393963985849057,3.32309114139344,0.088,157.51,0.919108143,2053.62128375,,2.526,,,45.468,,9.628,18331.99,0.0365,71.825,,0.5784,,,10.4112,,1.2526,2570.122,,,,,,,,,,,,,,,,,,,,,,,,,,,,,,,,,,,,,,,,,,,,,,,,
1,2020-09-01,2020-09,2020,9,control,Wet,25.2087832222222,0.333607515555556,25.4016243333333,0.39442921375,25.5129862222222,0.34572981375,6.20702009448819,0.0995,2.918,0.74461439,96.22533389,1.9828,1.1084,1.7484,19.828,24.3848,59.4456,11.783,1277.276,0.053,5.234,0.1886,0.4992,0.0226,1.8856,10.9824,0.767,1.3279,146.7268,,,,,,,,,,,,,,,,,,,,,,,,,,,,,,,,,,,,,,,,,,,,,,,,
2,2020-09-01,2020-09,2020,9,warmed,Wet,25.6231919305556,0.289954602083333,26.0252473611111,0.41927076375,25.9515381944444,0.428843375972222,3.1844066136725,0,0,0.1292546315,217.62171477,1.9244,1.6164,1.1462,46.1856,37.1772,26.9922,5.847,6714.36,0.0115,14.8,0.8592,0.175,0.23575,20.6208,4.0259,5.3654,0.5652,714.88,,,,,,,,,,,,,,,,,,,,,,,,,,,,,,,,,,,,,,,,,,,,,,,,
3,2020-09-01,2020-09,2020,9,control,Wet,25.2252691388889,0.436562280416667,25.4548182361111,0.43853306625,25.4899020138889,0.450257786805556,4.04546154574133,0.0535,72.225,2.17632486,1443.5738908,0.7736,0.7608,2.936,31.7176,31.9536,11.744,19.794,11581.8,0.1345,51.865,0.3888,0.042,0.5248,15.9408,1.764,2.0992,2.7425,1770.895,,,,,,,,,,,,,,,,,,,,,,,,,,,,,,,,,,,,,,,,,,,,,,,,
4,2020-09-01,2020-09,2020,9,warmed,Wet,26.2857929722222,0.204783120277778,26.2768994305556,0.357359871944444,26.3339359583333,0.360220475138889,4.00738151419558,0.051,64.26,0.800193882,651.26454115,,0.9824,1.6104,,42.2432,28.9872,16.508,14890,0.083,68.445,,0.0734,0.2224,,3.1545,4.0032,1.6101,1414.942,,,,,,,,,,,,,,,,,,,,,,,,,,,,,,,,,,,,,,,,,,,,,,,,
5,2020-09-01,2020-09,2020,9,control,Wet,25.5045658888889,0.440449682816901,25.8032367361111,0.460188277083333,25.8153445,0.458772754027778,2.33945550315457,0.072,4.005,0.841555364,189.2190865985,2.5244,1.2564,3.7532,133.7932,65.3328,202.6728,25.49,3797.75,0.104,9.5825,1.0128,0.0956,0.3096,53.6784,4.9733,16.7162,2.1883,357.5275,,,,,,,,,,,,,,,,,,,,,,,,,,,,,,,,,,,,,,,,,,,,,,,,
6,2020-09-01,2020-09,2020,9,warmed,Wet,26.8126277777778,0.396412254722222,26.93062625,0.412109061944445,26.7024851111111,0.400601814583333,3.10584091935484,0.005,4.65,0.769388195,360.7356743,1.8148,2.6552,,67.1476,69.0352,,16.056,8321.8,0.0545,25.865,0.1586,0.3461,,5.8682,8.9991,,1.4448,727.856,,,,,,,,,,,,,,,,,,,,,,,,,,,,,,,,,,,,,,,,,,,,,,,,
1,2020-10-01,2020-10,2020,10,control,Wet,24.6494685752688,0.379074475,24.925811408046,0.406742810344828,25.0422247701149,0.350609290517241,6.55520449165402,0.0725,594.5,1.008940112,2248.23352,2.116,1.2729,1.2173,17.9046,31.3629,33.4358,10.187,35149.4,0.0495,114.3,0.31995,0.516,0.1182,1.91645,11.8046,3.1971,1.375,3945.4,,23.2605470444521,467.541627866667,4.29780671082864,49.0893197833333,,0.0337464954697409,-0.129253910666667,0.824096633919938,3.71307443133333,0.223108507951948,0.789225774333333,0.283780754710443,0.275183403,1.12382518841653,1.06793086733333,,,,,,,,0.091369633905362,9.8367,0.408429104415116,3.35333333333333,,0.038742741255621,0.341,,0.123079985749586,3.58213662433333,38.4942833531515,336.720047733333,9.27836200848897,93.9328557966667,0.686151299642401,5.55956612466667,,,,,,,,,
2,2020-10-01,2020-10,2020,10,warmed,Wet,25.2159045295699,0.314334761155914,25.7749851149425,0.422658811781609,25.6768934770115,0.428280567528736,3.6276260091047,0,0,0.142287807,250.4265403,1.9226,1.4144,1.2928,65.1086,17.8042,41.1672,6.636,10631.59,0.0075,13.2,1.0507,0.18075,0.25775,28.8457,2.19715,8.04845,0.5425,885.432,,58.5215555740774,350.9833832,7.2061957636104,32.5730424166667,,0.0300877602680393,-0.198058677666667,0.178665653268609,3.08446281433333,1.91698893488561,-0.389167836,12.9816901609435,8.00845326933333,0.265967151574546,1.46065346166667,,,,,,,,0.626885366979749,11.1724666666667,0.341078192403638,3.84333333333333,,0.0196044212700435,0.343666666666667,,0.396773912549423,4.48115509866667,79.4473636561182,514.510712066667,8.1420845378119,114.4071222,2.21179818206733,6.48160540566667,,,,,,,,,
3,2020-10-01,2020-10,2020,10,control,Wet,24.5940606182796,0.456300970564516,24.9468025,0.446126257183908,24.9903215229885,0.454933847413793,3.76826617602428,0.0545,259.965,1.1576906505,2923.692374,2.7394,1.3612,1.2672,42.5678,51.807,16.4736,15.618,39270.66,0.021,69.01,0.9217,0.4156,0.6724,18.0917,12.5704,8.7412,1.7247,4418.739,,210.835586394174,297.876515873333,20.1079063792201,30.7353906663333,,0.0615051721560764,-0.0764238893333333,0.576955853056329,2.15523861433333,0.10771324783665,0.517657342666667,0.0533285262524987,0.129414159,0.508909022497595,1.20164585,,,,,,,,0.850177512836779,11.1133666666667,0.793550460483348,3.57066666666667,,0.0460687891455086,0.319333333333333,,1.36322545524188,4.902182229,215.60977172945,413.823153733333,19.1120707699779,81.0744704833333,1.95416195573891,9.21182911966667,,,,,,,,,
4,2020-10-01,2020-10,2020,10,warmed,Wet,25.5386344489247,0.271260613575269,25.8924245114943,0.378878570977012,25.9780822988506,0.370913799137931,3.71455256959315,0.0515,257.5,1.4463593275,3568.4963375,,3.3556,0.9893,,147.6464,36.7549,12.198,31940.38,0.0315,108.25,,0.3054,0.0774,,13.4394,2.80105,1.8375,4593.46,,317.938664414844,538.8329877,33.8988538352864,42.1851875716667,,0.0742014858282474,-0.0364443276666667,0.405238465753243,2.070499916,0.144525093056502,0.707421605666667,1.79130189627928,1.39957796533333,1.0491542369697,1.823318604,,,,,,,,0.228330841835555,10.4375333333333,0.841816092346383,3.47433333333333,,0.0745050333870135,0.332,,1.43462313194878,3.45892970066667,428.222692184276,429.229598933333,67.1648206591961,105.62866718,1.65983284915226,6.51603900933333,,,,,,,,,
5,2020-10-01,2020-10,2020,10,control,Wet,24.8478805645161,0.456143852777778,25.2370797701149,0.467571523563218,25.2823918103448,0.465247225574713,1.6453461198786,0.02,14.36,1.050193882,746.2580784,2.4227,1.4654,1.1585,84.4173,71.5678,35.9225,23.28,16464.8,0.099,69.61,1.5364,0.3818,0.7188,64.7542,18.8406,13.0352,1.9604,1391.268,,42.867238549718,573.393755333333,4.1126740814492,49.2306857133333,,0.469261557397928,-0.0620520336666667,1.8406490412741,2.88471143966667,0.301039380408127,0.675332696,1.21854135637984,1.25326570666667,0.259690076583169,1.90633246766667,,,,,,,,0.420937160789273,10.4576666666667,0.761021900692308,4.32966666666667,,0.0565007374583141,0.412333333333333,,0.439387015539577,3.54300872866667,63.3729708865042,345.049521366667,7.06657036814428,96.9821000833334,1.66808066742506,6.628364872,,,,,,,,,
6,2020-10-01,2020-10,2020,10,warmed,Wet,26.4199300134409,0.423129577150538,26.933614137931,0.423993884482759,26.7371919827586,0.407357696551724,2.11321474962064,0.0525,98.835,2.0862774665,3280.521327,1.7149,4.236,,43.0837,127.08,,9.163,12413.39,0.0495,70.18,0.3146,1.0352,,5.4026,31.056,,2.1268,3319.954,,245.743697729276,381.066453333333,23.8398213940784,37.3906796166667,,0.0679959628643683,-0.100802817666667,0.520072221987017,2.66499550433333,0.0585395596461371,0.714659781,0.10473299493582,0.521766802333333,0.221864629821758,0.735291800666667,,,,,,,,0.46999890780015,10.3894333333333,0.509144380308769,3.451,,0.034847285881878,0.331333333333333,,0.223842526632823,3.9709946985,237.038421640559,271.108618966667,60.6705522612359,68.59930915,1.04282127705597,5.15888372233333,,,,,,,,,
1,2020-11-01,2020-11,2020,11,control,Wet,23.7143768194444,0.400615545138889,24.1525699861111,0.418399865138889,24.3825052083333,0.36659038875,7.42802545454545,0.3955,142.38,1.073437334,326.1563651,3.3956,0.7908,1.2494,6.7912,10.2804,8.7458,20.3,7308,0.0405,12.24,0.6144,0.5266,0.3102,1.2288,6.8458,2.1714,2.948,1061.28,,,,,,,,,,,,,,,,,,,,,,,,,,,,,,,,,,,,,,,,,,,,,,,,
2,2020-11-01,2020-11,2020,11,warmed,Wet,24.46556025,0.330781498055556,25.2654072777778,0.429540840972222,25.2992309166667,0.438688588055556,2.46853228571429,0.0075,3.375,0.2566668185,217.57856915,1.024,1.3212,1.9286,17.6877,11.189,12.636,8.321,10845.08,0.012,5.4,2.0295,0.4875,0.3164,41.936,3.9835,3.33415,0.7857,853.849,,,,,,,,,,,,,,,,,,,,,,,,,,,,,,,,,,,,,,,,,,,,,,,,
3,2020-11-01,2020-11,2020,11,control,Wet,23.6123146388889,0.473711050277778,24.1292607916667,0.456477144027778,24.3314823888889,0.459804716805556,2.33024443181818,0.006,0.108,2.2504965055,1536.698048675,0.6429,1.6832,0.9611,12.2492,52.1426,17.852,30.195,29097.42,0.0495,25.707,0.5179,0.32685,0.9781,10.1109,10.24905,18.5782,3.6889,2960.256,,,,,,,,,,,,,,,,,,,,,,,,,,,,,,,,,,,,,,,,,,,,,,,,
4,2020-11-01,2020-11,2020,11,warmed,Wet,24.8227066111111,0.31847814125,25.2657058055556,0.397548779027778,25.4783069444444,0.385743723472222,2.90427721022727,0.0205,6.765,1.767711223,837.11283935,,0.69,1.1566,,35.19,17.766,14.093,17568.45,0.0395,39.715,,0.1786,0.455,,9.1106,7.72,2.6026,1853.21,,,,,,,,,,,,,,,,,,,,,,,,,,,,,,,,,,,,,,,,,,,,,,,,
5,2020-11-01,2020-11,2020,11,control,Wet,23.8499731111111,0.472005883692308,24.419405625,0.470484629027778,24.6270668194445,0.471342031111111,1.72738225,0.171,35.91,0.294568002,153.54451873,0.9127,1.3833,2.3768,29.1528,41.6948,89.6286,26.34,10352.5,0.0995,27.185,1.0885,0.3112,0.7618,39.87,9.7504,23.3242,1.9943,751.544,,,,,,,,,,,,,,,,,,,,,,,,,,,,,,,,,,,,,,,,,,,,,,,,
6,2020-11-01,2020-11,2020,11,warmed,Wet,25.5293969305556,0.445742437083333,26.219772,0.428290431527778,26.168563125,0.412429252222222,1.78641696022727,0.015,24.16,1.6042055155,837.27050835,1.1479,1.8903,,37.9607,37.3971,,10.89,19367.04,0.062,39.2,0.4777,0.7129,,19.2296,14.0365,,2.1723,1829.632,,,,,,,,,,,,,,,,,,,,,,,,,,,,,,,,,,,,,,,,,,,,,,,,
1,2020-12-01,2020-12,2020,12,control,Wet,22.5724275134409,0.38516450577957,23.0675738037634,0.414416672849462,23.359248266129,0.362382310887097,6.5797909811828,0.336,454.973333333333,1.19969881166667,1413.31696006667,2.2756,1.21086666666667,1.08573333333333,4.5512,11.7330666666667,21.2180666666667,9.262,11423.5533333333,0.0776666666666667,98.11,0.9056,0.6554,0.257366666666667,1.8112,6.54413333333333,5.1036,1.9392,2341.12533333333,,,,,,,,,,,,,,,,,,,,,,,,,,,,,,,,,,,,,,,,,,,,,,,,
2,2020-12-01,2020-12,2020,12,warmed,Wet,23.3348788172043,0.331770133064516,24.1725521505376,0.424283709677419,24.3010239112903,0.433985723252688,2.66384576248313,0.235,59.4033333333333,1.68159973333333,670.9520272,1.43593333333333,1.47086666666667,0.810333333333333,13.1049333333333,13.0253333333333,15.1198666666667,10.89,7127.68,0.062,17.8166666666667,2.246,0.6474,0.477066666666667,19.982,5.71133333333333,8.857,2.50073333333333,1096.23866666667,,,,,,,,,,,,,,,,,,,,,,,,,,,,,,,,,,,,,,,,,,,,,,,,
3,2020-12-01,2020-12,2020,12,control,Wet,22.4153243682796,0.469691319892473,22.9912298521505,0.454341297580645,23.2620428091398,0.456115469489247,2.29082060606061,0.0193333333333333,13.7033333333333,3.855712719,2169.45872066667,0.9116,0.763866666666667,1.4262,15.6772,16.0202666666667,8.9546,27.2066666666667,16622.6,0.05,25.78,0.6674,0.2386,0.971533333333333,11.3766,5.2998,7.3824,5.23,3020.16666666667,,,,,,,,,,,,,,,,,,,,,,,,,,,,,,,,,,,,,,,,,,,,,,,,
4,2020-12-01,2020-12,2020,12,warmed,Wet,23.5735086155914,0.341440139247312,24.1702562365591,0.401847791532258,24.4546900268817,0.384834371908602,2.59393653763441,0.00533333333333333,1.12,0.412314347333333,204.856405033333,2.3484,1.1862,1.4768,11.742,14.1373333333333,7.384,12.7826666666667,7082.21333333333,0.0476666666666667,23.24,0.9952,0.334666666666667,0.5442,4.976,3.8998,2.721,1.20833333333333,659.934666666667,,,,,,,,,,,,,,,,,,,,,,,,,,,,,,,,,,,,,,,,,,,,,,,,
5,2020-12-01,2020-12,2020,12,control,Wet,22.6391931317204,0.467103256998557,23.2608563709677,0.469720029704301,23.5449135215054,0.463325859543011,1.55456135755814,0.0166666666666667,3.71666666666667,1.42907677766667,510.791730466667,1.1056,0.7938,1.7058,17.8496666666667,25.8345,50.8205333333333,26.66,9737.86666666667,0.0396666666666667,14.05,1.08933333333333,0.2145,0.800266666666667,20.1342,6.8613,25.3578666666667,2.67933333333333,965.126666666667,,,,,,,,,,,,,,,,,,,,,,,,,,,,,,,,,,,,,,,,,,,,,,,,
6,2020-12-01,2020-12,2020,12,warmed,Wet,24.2561923387097,0.431259327016129,25.135181344086,0.421827366397849,25.1003661693548,0.401994963844086,1.73651707152497,0,0,1.905166184,1018.98495563333,6.0138,2.6392,,47.0309333333333,6.0032,,10.3146666666667,7572.21333333333,0.0226666666666667,17.4933333333333,1.13233333333333,1.073,,8.78586666666667,2.568,,2.346,1357.41466666667,,,,,,,,,,,,,,,,,,,,,,,,,,,,,,,,,,,,,,,,,,,,,,,,
1,2021-01-01,2021-01,2021,1,control,Wet,21.908610188172,0.323693923387097,22.458081733871,0.381715317204301,22.764075094086,0.329994599327957,5.74079711590296,0,0,2.5606797955,412.5604524,,0.6718,0.7188,,8.7334,14.376,21.283,3609.82,0.141,24.78,,0.6926,0.224,,9.0038,4.48,3.6094,592.636,,,,,,,,,,,,,,,,,,,,,,,,,,,,,,,,,,,,,,,,,,,,,,,,
2,2021-01-01,2021-01,2021,1,warmed,Wet,22.7284750672043,0.266352996505376,23.4969626478495,0.388872173924731,23.6589560483871,0.410114485752688,3.63879782312925,0.01,1.8,2.198117069,471.894756,1.7294,4.78,0.792,8.647,28.68,14.256,14.065,2878.41,0.026,5.415,1.0688,1.2138,0.567,5.344,7.2828,10.206,3.175,670.41,,,,,,,,,,,,,,,,,,,,,,,,,,,,,,,,,,,,,,,,,,,,,,,,
3,2021-01-01,2021-01,2021,1,control,Wet,21.7644774327957,0.454099540053764,22.3549538978495,0.433435047043011,22.6346232930108,0.441324579704301,2.93352861185984,0.0415,2.49,5.7685602095,848.301269,1.2228,1.0109,1.0544,8.2292,11.1686,9.8303,38.63,6277.8,0.03,3.48,0.9799,0.5338,0.7742,6.6231,6.1289,7.3009,7.85,1142.28,,,,,,,,,,,,,,,,,,,,,,,,,,,,,,,,,,,,,,,,,,,,,,,,
4,2021-01-01,2021-01,2021,1,warmed,Wet,23.1076533064516,0.256238840188172,23.6297738172043,0.350661159811828,23.9013155510753,0.352421899327957,2.61551027725437,0.187,13.09,1.2198875095,194.36106185,,1.034,,,6.204,,14.205,3522.3,0.054,11.475,,0.3888,,,2.3328,,2.1126,425.814,,,,,,,,,,,,,,,,,,,,,,,,,,,,,,,,,,,,,,,,,,,,,,,,
5,2021-01-01,2021-01,2021,1,control,Wet,21.9448576344086,0.45902910758427,22.599067983871,0.463523313037634,22.890463844086,0.455179998252688,1.85418404312668,0.674,98.275,1.08033535,291.3410955,1.5123,0.7131,1.9404,10.7826,13.7662,25.1964,23.118,5552.58,0.088,19.61,1.4503,0.2629,1.2508,11.2396,4.88225,15.4028,3.203,728.14,,,,,,,,,,,,,,,,,,,,,,,,,,,,,,,,,,,,,,,,,,,,,,,,
6,2021-01-01,2021-01,2021,1,warmed,Wet,23.7455936155914,0.39003569516129,24.3988367741936,0.405867647446237,24.3846600806452,0.385496680241936,1.74255090174966,0.01,2.7,1.8623125785,513.19643425,1.8851,,,8.0141,,,16.254,4586.94,0.03,8.505,0.9596,,,4.042,,,2.7412,762.42,,,,,,,,,,,,,,,,,,,,,,,,,,,,,,,,,,,,,,,,,,,,,,,,
1,2021-02-01,2021-02,2021,2,control,Dry,21.9146956845238,0.378581165476191,22.3178602380952,0.415859917261905,22.5621557142857,0.363477095386905,4.04360291815476,0.134,373,3.458937857,2436.9885235,3.898,1.4577,1.2078,21.589,19.3098,20.672,13.182,31298.65,0.0655,77.205,0.4381,0.7079,0.3409,2.408,9.6238,7.0115,4.0887,4166.827,,,,,,,,,,,,,,,,,,,,,,,,,,,,,,,,,,,,,,,,,,,,,,,,
2,2021-02-01,2021-02,2021,2,warmed,Dry,22.9519982440476,0.337507360565476,23.4706864583333,0.421727141220238,23.5362580952381,0.431825890625,3.20556777089783,0.022,4.62,0.880899319,626.95532215,1.7472,2.3779,2.277,30.1146,23.2967,44.459,16.929,7423.36,0.026,9.84,0.3748,0.8301,0.8419,7.3559,9.3273,16.3904,2.1106,1133.514,,,,,,,,,,,,,,,,,,,,,,,,,,,,,,,,,,,,,,,,,,,,,,,,
3,2021-02-01,2021-02,2021,2,control,Dry,21.8015148958333,0.468884289136905,22.2608927232143,0.454207231994048,22.4638951488095,0.454499261904762,2.60391739910314,0.0335,53.6,0.970194509,1527.3328177,0.8618,0.7202,0.8625,13.7888,27.6844,32.4645,31.2,48604.8,0.021,33,0.8198,0.4619,0.9875,13.1168,17.6941,36.8995,2.284,3581.44,,,,,,,,,,,,,,,,,,,,,,,,,,,,,,,,,,,,,,,,,,,,,,,,
4,2021-02-01,2021-02,2021,2,warmed,Dry,23.0091272470238,0.313963760863095,23.552067202381,0.393165454166667,23.7687269494048,0.373705684077381,1.766758975,0.0395,56.755,0.8573247825,887.2189628,,1.6154,3.796,,20.5754,7.592,14.148,14101.65,0.086,93.405,,0.3075,1.0692,,6.2457,2.1384,1.7146,1722.442,,,,,,,,,,,,,,,,,,,,,,,,,,,,,,,,,,,,,,,,,,,,,,,,
5,2021-02-01,2021-02,2021,2,control,Dry,21.9374865029762,0.469506623639191,22.4560935565476,0.468037901785714,22.6743239285714,0.463414152083333,1.62855074812594,0.025,12.85,0.990206334,611.0550174,1.167,0.7818,2.2029,47.2464,20.9178,113.9286,24.61,14402.2,0.041,22.145,1.26,0.2038,1.1678,49.909,5.41835,60.0724,2.288,1346.51,,,,,,,,,,,,,,,,,,,,,,,,,,,,,,,,,,,,,,,,,,,,,,,,
6,2021-02-01,2021-02,2021,2,warmed,Dry,23.9207939732143,0.423368783630952,24.4762967410714,0.42174697827381,24.3619166964286,0.400826865029762,1.6852471677116,0.047,120.32,0.8342050605,1432.2531495,1.3478,4.134,,65.4176,167.352,,7.547,12278.58,0.0195,40.235,0.3073,0.5504,,15.0136,21.6128,,1.2365,2152.091,,,,,,,,,,,,,,,,,,,,,,,,,,,,,,,,,,,,,,,,,,,,,,,,
1,2021-03-01,2021-03,2021,3,control,Dry,22.0998007526882,0.272372686155914,22.4010935349462,0.325445693682796,22.5989618413979,0.28578628561828,3.95567741935484,0.5865,299.145,9.8073410985,2361.2578965,,,,,,,15.174,4526.37,0.166,60.98,,,,,,,10.19,2766.4,,,,,,,,,,,,,,,,,,,,,,,,,,,,,,,,,,,,,,,,,,,,,,,,
2,2021-03-01,2021-03,2021,3,warmed,Dry,23.3380557392473,0.241919573924731,23.4759561693548,0.362536454704301,23.4644427150538,0.388946831451613,3.74887716763006,0.1735,32.56,2.529190743,498.957740775,,1.5104,,,9.0624,,22.584,2138.73,0.0905,16.775,,0.8432,,,5.0592,,4.07,621.995,,,,,,,,,,,,,,,,,,,,,,,,,,,,,,,,,,,,,,,,,,,,,,,,
3,2021-03-01,2021-03,2021,3,control,Dry,22.0234057526882,0.40041454905914,22.3496023790323,0.40210681155914,22.4835393010753,0.410116969489247,3.39225774193548,0.008,1.92,6.293299602,1605.15104335,,1.491,2.7744,,8.946,11.0976,32.47,8933.1,0.038,10.065,,0.7176,1.5664,,4.3056,6.2656,7.155,1857.34,,,,,,,,,,,,,,,,,,,,,,,,,,,,,,,,,,,,,,,,,,,,,,,,
4,2021-03-01,2021-03,2021,3,warmed,Dry,23.5945362903226,0.185116439919355,23.6220631854839,0.303721738575269,23.7966275,0.321826089919355,2.60640676,0.2455,61.61,2.4788928475,534.9465585,,,,,,,15.996,2715.82,0.182,35.2,,,,,,,3.684,745.46,,,,,,,,,,,,,,,,,,,,,,,,,,,,,,,,,,,,,,,,,,,,,,,,
5,2021-03-01,2021-03,2021,3,control,Dry,22.1933297177419,0.426232289771198,22.5867779704301,0.442647900806452,22.7205395564516,0.44654363844086,1.14597430939227,0.0325,12.675,0.9010209275,246.16179155,,1.7492,2.734,,6.9968,10.936,19.686,4747.54,0.075,25.75,,0.4168,0.627,,1.6672,2.508,1.985,528.65,,,,,,,,,,,,,,,,,,,,,,,,,,,,,,,,,,,,,,,,,,,,,,,,
6,2021-03-01,2021-03,2021,3,warmed,Dry,24.1286928225806,0.287636777419355,24.4403922043011,0.360013942473118,24.2881066801075,0.347120976075269,2.18007238636364,0,0,2.8697494085,1157.471333,2.8916,,,5.7832,,,11.027,4504.6,0.01,4,0.5792,,,1.1584,,,3.1923,1290.526,,,,,,,,,,,,,,,,,,,,,,,,,,,,,,,,,,,,,,,,,,,,,,,,
1,2021-04-01,2021-04,2021,4,control,Dry,22.901076,0.256468927993528,22.8485572638889,0.308213093333333,22.9824319166667,0.2566241225,,0.0215,13.34,3.7023592105,2370.11317,,,,,,,13.779,8773.14,0.1165,72.325,,,,,,,4.179,2672.78,,,,,,,,,,,,,,,,,,,,,,,,,,,,,,,,,,,,,,,,,,,,,,,,
2,2021-04-01,2021-04,2021,4,warmed,Dry,24.1161875416667,0.231762079583333,23.8724693611111,0.354075181527778,23.7981343472222,0.381460762222222,,0.047,13.415,4.875452831,1511.266878,,,,,,,16.705,5094.25,0.052,15.025,,,,,,,5.76,1783.26,,,,,,,,,,,,,,,,,,,,,,,,,,,,,,,,,,,,,,,,,,,,,,,,
3,2021-04-01,2021-04,2021,4,control,Dry,22.8093702361111,0.391251419298246,22.807849875,0.393297139861111,22.87888775,0.403632944722222,,0.066,22.155,5.068036885,1614.3266665,0.9832,1.1544,1.4586,20.6472,17.316,14.586,31.75,10202.5,0.0245,7.875,0.84,0.5162,0.5264,17.64,7.743,5.264,6.537,2087.96,,,,,,,,,,,,,,,,,,,,,,,,,,,,,,,,,,,,,,,,,,,,,,,,
4,2021-04-01,2021-04,2021,4,warmed,Dry,24.2649422222222,0.119662290055556,24.0636648611111,0.271387365,24.192050375,0.302879235416667,,0.017,8.84,3.323927427,1681.3568455,,,,,,,10.731,5472.24,0.084,42.64,,,,,,,3.685,1866.46,,,,,,,,,,,,,,,,,,,,,,,,,,,,,,,,,,,,,,,,,,,,,,,,
5,2021-04-01,2021-04,2021,4,control,Dry,22.9876167083333,0.398907504200323,23.0983094444444,0.440095521666667,23.1543285694444,0.451537754583333,,0.1025,36.11,1.093530134,332.63075955,1.3272,0.967,1.4492,19.908,19.34,18.8396,21.91,6944,0.0505,16.1,3.438,0.2902,1.118,51.57,5.804,14.534,2.239,697.75,,,,,,,,,,,,,,,,,,,,,,,,,,,,,,,,,,,,,,,,,,,,,,,,
6,2021-04-01,2021-04,2021,4,warmed,Dry,24.6228459027778,0.2493858975,24.8158729722222,0.332088988611111,24.6172889444444,0.323556334444445,,0.0995,65.67,1.9066045925,1150.07709355,2.31,,,9.24,,,16.239,9070.71,0.0215,11.67,0.6056,,,2.4224,,,2.6144,1535.16,,,,,,,,,,,,,,,,,,,,,,,,,,,,,,,,,,,,,,,,,,,,,,,,
1,2021-05-01,2021-05,2021,5,control,Dry,24.2681913370267,0.254314220143885,23.774341639785,0.336482873655914,23.794083655914,0.278790652956989,4.65751204545455,0.664,363.92,3.519355708,1066.2225683,,,,,,,22.107,6260.73,0.311,83.41,,,,,,,5.078,1628.5,,,,,,,,,,,,,,,,,,,,,,,,,,,,,,,,,,,,,,,,,,,,,,,,
2,2021-05-01,2021-05,2021,5,warmed,Dry,26.2621179569893,0.233019177822581,25.2992020295699,0.3402049,24.9491034274194,0.381114840860215,2.7948325,0.037,7.77,4.2257716835,1288.27729705,,,,,,,13.065,3730.89,0.0925,21.515,,,,,,,5.079,1514.42,,,,,,,,,,,,,,,,,,,,,,,,,,,,,,,,,,,,,,,,,,,,,,,,
3,2021-05-01,2021-05,2021,5,control,Dry,24.6980377252747,,23.876175483871,0.392085005645161,23.7996598655914,0.404239738172043,3.8200429338843,0.037,12.21,7.8877129425,3404.889075,0.8308,,,10.8004,,,25.86,10773.9,0.01,3.3,0.516,,,6.708,,,8.513,3607.86,,,,,,,,,,,,,,,,,,,,,,,,,,,,,,,,,,,,,,,,,,,,,,,,
4,2021-05-01,2021-05,2021,5,warmed,Dry,25.9460426344086,0.121290521438172,25.3491419354839,0.284222199462366,25.3307293682796,0.315723522177419,3.8082560625,0.0125,2.375,7.310559565,1540.58037175,,,,,,,17.495,3570.44,0.103,21.28,,,,,,,7.376,1542.98,,,,,,,,,,,,,,,,,,,,,,,,,,,,,,,,,,,,,,,,,,,,,,,,
5,2021-05-01,2021-05,2021,5,control,Dry,24.963407765043,0.397819176515152,24.1879336693548,0.453484122849462,24.0799517069893,0.461502241801075,1.39445838961039,0.022,2.64,1.842085566,452.72671475,2.516,1.6772,1.948,5.032,12.8242,13.954,23.226,4541.96,0.0585,12.625,0.8516,0.2912,0.3837,1.7032,2.2204,2.935,2.987,663.58,,,,,,,,,,,,,,,,,,,,,,,,,,,,,,,,,,,,,,,,,,,,,,,,
6,2021-05-01,2021-05,2021,5,warmed,Dry,26.2006922983871,0.232057054435484,25.868702016129,0.314427019623656,25.567687688172,0.312963519354839,2.0388473125,0.0845,29.255,2.898715607,1731.84335815,,,,,,,17.97,8911.3,0.06,22.65,,,,,,,3.865,2147.85,,,,,,,,,,,,,,,,,,,,,,,,,,,,,,,,,,,,,,,,,,,,,,,,
1,2021-06-01,2021-06,2021,6,control,Wet,24.7475524752475,0.301769091390729,24.3744406397775,0.39606831961057,24.3864250208623,0.344312656189152,3.82333179310345,0.063,5.98,0.48419209,138.67548875,,0.719266666666667,1.7896,,14.9583333333333,35.3145333333333,18.523,22000.81,0.031,13.26,,0.4289,0.274466666666667,,8.83856666666667,5.18213333333333,1.6892,2378.519,,,,,,,,,,,,,,,,,,,,,,,,,,,,,,,,,,,,,,,,,,,,,,,,
2,2021-06-01,2021-06,2021,6,warmed,Wet,26.561875519802,0.359900528960396,25.5367667732962,0.415572232962448,25.2569773852573,0.431262973018081,,0.0265,32.04,0.5067962035,632.4092093,1.24653333333333,2.8172,1.747,17.0758666666667,22.2793333333333,36.42,9.74733333333333,13387.8,0.0485,62.89,0.296533333333333,0.4234,0.698866666666667,4.1852,3.4164,15.7239333333333,1.69073333333333,2400.61066666667,,,,,,,,,,,,,,,,,,,,,,,,,,,,,,,,,,,,,,,,,,,,,,,,
3,2021-06-01,2021-06,2021,6,control,Wet,,,24.5569435744089,0.440964237413074,24.4661664394993,0.454588022670376,3.75423916201117,0.0055,5.94,2.7229723665,2753.4976495,0.9722,0.9462,2.0196,21.2032666666667,28.0110666666667,8.9772,17.1506666666667,24263.52,0.016,15.58,0.654333333333333,0.340466666666667,0.7056,15.2364,10.8319333333333,3.069,3.324,4967.81333333333,,,,,,,,,,,,,,,,,,,,,,,,,,,,,,,,,,,,,,,,,,,,,,,,
4,2021-06-01,2021-06,2021,6,warmed,Wet,26.1511095049505,0.231987412623762,25.4115572600835,0.365692799582754,25.4684548539638,0.36874153713491,,0.0295,72.17,0.4576210295,1326.66986035,1.8165,2.5788,,8.9726,25.3678,,10.5573333333333,34981.4266666667,0.0415,106.96,2.3778,0.8643,,20.2234,13.6383,,1.46806666666667,5450.49866666667,,,,,,,,,,,,,,,,,,,,,,,,,,,,,,,,,,,,,,,,,,,,,,,,
5,2021-06-01,2021-06,2021,6,control,Wet,24.8296855445545,0.432104318666667,24.7061021974965,0.468580873435327,24.6230764951321,0.466844214603616,1.40742072222222,0.027,39.51,0.7588096165,689.8730577,1.25373333333333,1.33206666666667,1.1794,21.7529333333333,41.7583333333333,14.2756,21.226,21592.6933333333,0.045,42.01,1.69453333333333,0.208666666666667,0.653266666666667,34.424,6.39613333333333,7.93513333333333,1.87953333333333,1962.21866666667,,,,,,,,,,,,,,,,,,,,,,,,,,,,,,,,,,,,,,,,,,,,,,,,
6,2021-06-01,2021-06,2021,6,warmed,Wet,26.4315477722772,0.351817320544554,25.68735581363,0.401204116272601,25.4872529624478,0.389215800556328,,0.14,434.38,0,0,1.6998,,,19.0292,,,13.6693333333333,42919.6266666667,0.037,104.83,0.273433333333333,,,2.69366666666667,,,0.7874,2482.972,,,,,,,,,,,,,,,,,,,,,,,,,,,,,,,,,,,,,,,,,,,,,,,,
1,2021-07-01,2021-07,2021,7,control,Wet,24.8439716801075,0.327390613245033,24.9938626478495,0.352712655376344,24.9778310349462,0.302741570430108,1.24768,0.0115,4.6,0.752293578,147.29375375,9.388,1.5068,1.2724,56.328,33.1496,31.81,21.525,5514.95,0.0815,10.955,0.3872,0.591,0.1831,2.3232,13.002,4.5785,1.9977,465.451,,,,,,,,,,,,,,,,,,,,,,,,,,,,,,,,,,,,,,,,,,,,,,,,
2,2021-07-01,2021-07,2021,7,warmed,Wet,27.1630663037634,0.295223985349462,26.6695893951613,0.368601893682796,26.2728118817204,0.39188662405914,,0.043,9.46,1.6416042745,1016.2044362,1.7854,2.212,0.8778,14.2832,15.484,32.4786,9.235,15740.22,0.116,46.28,0.5546,0.43,0.6066,4.4368,3.01,22.4442,2.6933,1929.124,,,,,,,,,,,,,,,,,,,,,,,,,,,,,,,,,,,,,,,,,,,,,,,,
3,2021-07-01,2021-07,2021,7,control,Wet,,,25.1652765994624,0.43094981344086,25.0417843548387,0.443178878897849,,0,0,3.295089458,1292.1118492,1.0576,1.1791,2.826,17.9792,26.6412,25.434,18.451,5893.945,0.0145,4.485,0.6538,0.24565,0.5552,11.1146,5.5528,4.9968,4.647,1742.49,,,,,,,,,,,,,,,,,,,,,,,,,,,,,,,,,,,,,,,,,,,,,,,,
4,2021-07-01,2021-07,2021,7,warmed,Wet,26.8199597715054,0.167918679973118,26.4690196908602,0.310900574865591,26.4139300806452,0.333269250268817,,0.0225,27,0.750254842,615.6645227,,1.037,,,14.518,,14.129,12805.3,0.036,29.87,,0.2102,,,2.9428,,1.7032,1459.728,,,,,,,,,,,,,,,,,,,,,,,,,,,,,,,,,,,,,,,,,,,,,,,,
5,2021-07-01,2021-07,2021,7,control,Wet,24.8114052016129,0.456611951006711,25.2607649596774,0.45930133077957,25.1475000672043,0.451177204166667,,0.0545,2.725,0.3352666175,222.43382895,5.556,1.1849,2.198,55.56,21.9455,28.574,30.98,17933.6,0.0855,31.115,0.6858,0.26525,0.1523,6.858,3.97775,1.9804,2.0677,1094.879,,,,,,,,,,,,,,,,,,,,,,,,,,,,,,,,,,,,,,,,,,,,,,,,
6,2021-07-01,2021-07,2021,7,warmed,Wet,27.3384096774194,0.301730078763441,27.014464139785,0.379965222849462,26.7237429704301,0.358625641263441,,0.025,38.625,0.208724384,610.50792656,,,1.5632,,,6.2528,20.012,27497.66,0.0325,38.775,,,0.4084,,,1.6336,1.1994,2087.557,,,,,,,,,,,,,,,,,,,,,,,,,,,,,,,,,,,,,,,,,,,,,,,,
1,2021-08-01,2021-08,2021,8,control,Wet,25.4504057938719,0.315131188235294,25.2765641801075,0.385153196639785,25.287810766129,0.338026843413978,,0.0705,61.785,1.6089844985,1267.1250305,1.674,1.4585,1.9213,13.392,21.401,17.4109,16.412,13248.72,0.028,22.87,0.3054,0.5368,0.1873,2.4432,10.7174,2.05025,2.559,2029.18,,,,,,,,,,,,,,,,,,,,,,,,,,,,,,,,,,,,,,,,,,,,,,,,
2,2021-08-01,2021-08,2021,8,warmed,Wet,25.5443719892473,0.360994363709677,25.7511616801075,0.407848919623656,25.6865469758065,0.420718045430108,,0,0,0.5890540965,849.81756845,3.82,2.1003,0.9807,18.46,17.319,28.533,8.916,12251.25,0.0235,32.725,0.618,0.4557,0.5544,3.088,3.7974,15.6906,1.1917,1698.103,,,,,,,,,,,,,,,,,,,,,,,,,,,,,,,,,,,,,,,,,,,,,,,,
3,2021-08-01,2021-08,2021,8,control,Wet,,,25.331253077957,0.432523400537634,25.2417099865591,0.449649616935484,,,,,,1.588,1.4122,1.2852,12.6392,27.9244,8.2842,,,,,0.9821,0.3073,0.3225,10.3847,6.2118,2.0601,,,,,,,,,,,,,,,,,,,,,,,,,,,,,,,,,,,,,,,,,,,,,,,,,,
4,2021-08-01,2021-08,2021,8,warmed,Wet,27.2088179973118,0.250592131451613,26.9748208333333,0.369054608333333,26.9394522849462,0.359262734946237,,0,0,1.0604239165,909.11315005,,3.54,2.612,,35.4,56.171,31.19,26289.4,0.025,19.715,,0.525,0.3507,,5.25,7.3143,2.997,2552.94,,,,,,,,,,,,,,,,,,,,,,,,,,,,,,,,,,,,,,,,,,,,,,,,
5,2021-08-01,2021-08,2021,8,control,Wet,25.6987445961003,0.44759764600551,25.4233568682796,0.461571900537634,25.348562688172,0.457315231586022,0.986713,0,0,0.433196246,239.32229605,3.6332,1.3801,2.2407,14.5328,29.38,21.1545,27.47,14670.2,0.0335,17.92,2.3408,0.1417,0.4015,9.3632,2.97095,4.2185,1.7131,926.654,,,,,,,,,,,,,,,,,,,,,,,,,,,,,,,,,,,,,,,,,,,,,,,,
6,2021-08-01,2021-08,2021,8,warmed,Wet,28.0514956182796,0.303047530913979,27.3397526344086,0.385000567876344,27.1144347177419,0.372397699865591,,0.0785,134.375,0.504973813,911.3578684,,,,,,,9.485,16773.15,0.023,39.57,,,,,,,1.1257,2015.815,,,,,,,,,,,,,,,,,,,,,,,,,,,,,,,,,,,,,,,,,,,,,,,,
1,2021-09-01,2021-09,2021,9,control,Wet,25.5735255493741,0.321841699041534,25.262291,0.381159225555556,25.3127268472222,0.3312042125,,0.303,144.09,2.3215578755,941.4580477,1.06,0.6906,,19.08,32.4582,,11.963,5934.85,0.0835,73.445,0.1819,0.5282,,3.2746,24.8254,,3.4794,1507.206,,,,,,,,,,,,,,,,,,,,,,,,,,,,,,,,,,,,,,,,,,,,,,,,
2,2021-09-01,2021-09,2021,9,warmed,Wet,25.7211836666667,0.351731174861111,25.7248005833333,0.402867391527778,25.5753646666667,0.415175685138889,,0,0,1.612358958,805.05817425,2.492,0.8926,0,67.284,45.5226,0,6.276,5436.36,0.0385,49.685,0.5124,0.2952,0.0836,13.8348,15.0552,3.2612,2.1337,1084.297,,,,,,,,,,,,,,,,,,,,,,,,,,,,,,,,,,,,,,,,,,,,,,,,
3,2021-09-01,2021-09,2021,9,control,Wet,,,25.2586292222222,0.419445402638889,25.2191923888889,0.440618000972222,,0.1125,45,0.939716686,1158.04140755,0.7296,1.4788,,40.128,48.8004,,6.835,15801.68,0.0785,56.84,1.021,0.3672,,56.155,12.1176,,1.327,1696.8,,,,,,,,,,,,,,,,,,,,,,,,,,,,,,,,,,,,,,,,,,,,,,,,
4,2021-09-01,2021-09,2021,9,warmed,Wet,26.7534384722222,0.246287450625,26.7854181666667,0.369004521527778,26.8544432083333,0.358825056388889,,0,0,0.2889381,901.4868712,,0.907,6.624,,39.908,39.744,9.76,30451.2,0.019,59.28,,0.7218,1.1156,,31.7592,6.6936,0.7166,2235.792,,,,,,,,,,,,,,,,,,,,,,,,,,,,,,,,,,,,,,,,,,,,,,,,
5,2021-09-01,2021-09,2021,9,control,Wet,25.4655064673157,0.408889495207668,25.4067350416667,0.45899354875,25.3926161388889,0.4589723725,1.51859,0.045,2.7,0.955464164,563.437730605,2.048,1.2302,2.072,102.4,50.4382,93.24,20.547,21035.1,0.0925,44.31,1.2704,0.1664,0.8926,63.52,6.8216,40.167,2.1328,1451.52,,,,,,,,,,,,,,,,,,,,,,,,,,,,,,,,,,,,,,,,,,,,,,,,
6,2021-09-01,2021-09,2021,9,warmed,Wet,27.4203105,0.270989843611111,27.0262014583333,0.35386700375,26.8368660972222,0.349788830694444,,3.315,471.15,4.225385778,715.16468085,,,,,,,10.552,2255.48,0.1065,36.36,,,,,,,8.4121,1349.924,,,,,,,,,,,,,,,,,,,,,,,,,,,,,,,,,,,,,,,,,,,,,,,,
1,2021-10-01,2021-10,2021,10,control,Wet,24.630269422043,0.35334680212766,24.9637654435484,0.407827545967742,25.0778176344086,0.356850773521505,,0,0,1.317796759,1248.40381,2.064,1.4414,1.415,14.448,22.4009,16.98,5.86,5725.82,0.1355,130.87,0.3132,0.6908,0.2776,2.1924,10.7142,3.3312,1.8167,1740.934,,41.9972704999243,405.131811466667,4.00776991690403,38.5653077166667,,0.082992030301432,-0.123170053,1.04228694014607,2.575419969,0.381550855179687,0.457263810666667,0.24809281770867,0.565439157,0.219014937492216,0.650439207666667,,,,,,,,0.288977455868101,9.938,0.360555589796266,3.37733333333333,,0.02720906711619,0.339333333333333,,0.258418832788441,4.28590930433333,45.3375014973787,363.229636766667,5.63666640174437,84.52887509,0.949484334094308,4.77659779433333,,,,,,,,,
2,2021-10-01,2021-10,2021,10,warmed,Wet,26.674120577957,0.39059637983871,26.3452809677419,0.428212654301075,26.1024032526882,0.430993891397849,,0,0,0.4246194945,895.25326005,2.818,4.652,1.2338,19.726,23.26,27.1436,2.641,5931.04,0.019,38.305,0.8024,0.6078,0.485,5.6168,3.039,10.67,0.5816,1229.507,,19.9628980954957,428.548479833333,2.79484714325532,37.02294704,,0.145042910989052,-0.150434777333333,0.692458884862778,2.251636794,0.0965413831653676,0.496019368,0.603889520444943,0.768930249,0.0602272334181113,0.729604858666667,,,,,,,,0.961393703606038,11.2243333333333,0.398036849215412,3.88366666666667,,0.00680685928555405,0.345666666666667,,0.291781255014925,4.589497909,101.972989319791,443.051955533333,23.903863244863,97.0470869266667,4.55340254916421,7.380140857,,,,,,,,,
3,2021-10-01,2021-10,2021,10,control,Wet,,,24.8430359946237,0.441768853494624,24.8933563844086,0.455659660080645,,0.0605,119.79,0.6452950895,1358.5539035,3.071,2.6173,,36.084,29.3094,,8.879,18485.81,0.0385,79.19,1.0772,0.4432,,10.7445,5.8608,,1.0937,2293.472,,28.0479997901698,430.008869333333,6.1065994829059,36.37117862,,0.156045720575172,-0.226856713,1.61890457435306,2.750341228,0.172270701040358,0.476223004666667,0.410076403406787,0.677003067333333,0.210322638393403,0.947760263333333,,,,,,,,0.330271953597838,11.2190333333333,0.372855199775999,3.638,,0.0240624188310319,0.324,,0.724123817179269,3.57116535333333,57.3396857005571,203.213997133333,6.28257203369098,56.2422005533333,3.03166152888312,6.695994091,,,,,,,,,
4,2021-10-01,2021-10,2021,10,warmed,Wet,25.8656532258065,0.347285029704301,26.2307230107527,0.408264477150538,26.3785011290323,0.383389392069893,,0.3695,801.31,0.6289852015,1294.0138495,2.0931,2.2723,1.5944,31.7915,14.3331,31.1603,7.68,15836.88,0.08,166.12,1.2253,0.6087,0.2842,19.3343,3.9309,5.1444,1.0024,2061.32,,102.152366175638,657.4649138,8.09343218555064,58.3153937333333,,0.1638372175284,-0.138252214,0.398514448726248,2.701477267,0.124685375608431,0.522968038666667,0.811820157280408,0.999587689666667,0.286255016290526,1.21540828566667,,,,,,,,0.196846801684288,10.7678666666667,0.290434731623705,3.51466666666667,,0.0205507501890645,0.326333333333333,,0.82554804375145,2.877748088,103.637967427896,179.316699936667,22.6759618702792,59.42890971,0.471447615675394,7.257167867,,,,,,,,,
5,2021-10-01,2021-10,2021,10,control,Wet,24.495067594086,0.454522090217391,24.9676215994624,0.468247129032258,25.0823513306452,0.463752466129032,0.8748735,0,0,0.530774368,576.93697495,2.0808,1.012,2.1951,12.2396,29.6208,15.8762,12.992,15852.35,0.042,53.97,2.8106,0.22385,1.0921,15.5002,6.2118,8.6987,1.1615,1319.474,,65.692632278709,502.595641833333,5.35702353643411,42.85826107,,0.0583148623194215,-0.216758413666667,0.455874812380631,2.12131760466667,0.185665457852846,0.848115249666667,0.218268509687995,1.04516677366667,0.185846591910675,1.34474743933333,,,,,,,,0.280398597238528,10.5075333333333,0.256689176502114,3.90266666666667,,0.014422205101856,0.371,,0.332510817198796,4.39045530166667,49.4267318252676,456.4249529,4.2979699404173,103.79555221,0.198051611704926,3.12036266366667,,,,,,,,,
6,2021-10-01,2021-10,2021,10,warmed,Wet,26.5345909677419,0.349806623655914,26.5318617069893,0.402649516397849,26.3379633736559,0.38649458266129,,0,0,0.396709902,199.95781925,1.2924,,,33.9014,,,5.595,2954.07,0.091,35.795,0.16695,,,4.19055,,,0.6177,315.249,,44.2169663843642,576.734006766667,5.78172235079883,50.1788168933333,,0.108436609374217,-0.161333108333333,0.583617130116917,2.719086245,0.565578786315,1.055581405,0.0702195471125403,0.692659835666667,0.398517504654976,0.797415316666667,,,,,,,,0.26677869105309,10.9734,0.0786468901694998,3.95133333333333,,0.013228756555323,0.36,,0.545106425524761,3.99337483633333,48.6352394611902,367.036172233333,8.71924174482101,92.2768654666667,1.02831471188488,4.45144262033333,,,,,,,,,
1,2021-11-01,2021-11,2021,11,control,Dry,23.2597554417671,0.346780220338983,24.0901396207865,0.409369186797753,24.2857677668539,0.360086925421348,,0.3145,255.58,1.4753418395,1037.71450665,2.41,0.69985,1.18865,14.46,11.47155,12.7029,7.782,5450.73,0.228,170.58,0.3774,0.80355,0.39185,2.2644,13.24815,4.1569,2.403,1728.12,,,,,,,,,,,,,,,,,,,,,,,,,,,,,,,,,,,,,,,,,,,,,,,,
2,2021-11-01,2021-11,2021,11,warmed,Dry,25.0422389230769,0.390443647412587,25.250591755618,0.427866001264045,25.2511115168539,0.430835193679775,,0,0,0.361699884,663.6676157,1.254,3.206,0.8304,16.302,25.648,25.93465,2.888,5296.9,0,0,1.389,0.8248,0.5217,18.057,6.5984,16.60155,0.4866,892.365,,,,,,,,,,,,,,,,,,,,,,,,,,,,,,,,,,,,,,,,,,,,,,,,
3,2021-11-01,2021-11,2021,11,control,Dry,,,23.9131349438202,0.444493800280899,24.0672552949438,0.45740247991573,,0,0,0.817603431,930.1065066,1.32295,1.897,,23.933,17.859,,5.301,6212.82,0.0565,66.63,1.3705,0.4933,,25.2305,4.6479,,1.1241,1295.232,,,,,,,,,,,,,,,,,,,,,,,,,,,,,,,,,,,,,,,,,,,,,,,,
4,2021-11-01,2021-11,2021,11,warmed,Dry,24.9087272027972,0.384074522797203,25.4517152808989,0.412454086657303,25.6628685674157,0.384511186938202,,0,0,0.520229182,664.03740025,1.0455,1.089,0.9968,19.906,13.068,19.9584,9.244,11749.52,0.059,76,1.291,0.6855,0.2092,24.323,8.226,4.1455,0.8819,1125.532,,,,,,,,,,,,,,,,,,,,,,,,,,,,,,,,,,,,,,,,,,,,,,,,
5,2021-11-01,2021-11,2021,11,control,Dry,23.671201686747,0.468496814285714,24.0476404353933,0.469684941432584,24.2799146769663,0.461089191713483,,0,0,0.2710112835,167.832964255,1.7815,0.84075,2.548,19.29,27.74475,22.821,15.336,8622.18,0.0265,15.69,0.9475,0.1417,1.7236,11.004,4.6761,19.7601,0.9994,585.012,,,,,,,,,,,,,,,,,,,,,,,,,,,,,,,,,,,,,,,,,,,,,,,,
6,2021-11-01,2021-11,2021,11,warmed,Dry,25.5328757342657,0.38593789006993,25.4761666994382,0.403409837780899,25.3791412921348,0.387177251685393,,0.069,0,0.299623888,0,0.6962,,0.5579,21.6882,,28.4529,,,0.13,0,0.17215,,0.1795,5.30055,,9.1545,,,,,,,,,,,,,,,,,,,,,,,,,,,,,,,,,,,,,,,,,,,,,,,,,,
1,2021-12-01,2021-12,2021,12,control,Wet,22.8961004301075,0.369201703238866,23.4099693010753,0.412738696774194,23.6198936021505,0.361520059677419,3.49800589565217,0.0836666666666667,56.38,1.310101264,859.950790933333,0.9201,1.00006666666667,0.927166666666667,20.7648,19.5715333333333,20.3019333333333,8.33533333333333,5389.4,0.119666666666667,81.73,0.32435,0.916833333333333,0.689866666666667,7.6941,17.1315,15.3252,1.92233333333333,1265.948,,,,,,,,,,,,,,,,,,,,,,,,,,,,,,,,,,,,,,,,,,,,,,,,
2,2021-12-01,2021-12,2021,12,warmed,Wet,23.6850827956989,0.404841068817204,23.9541090994624,0.433521688172043,23.9777663709677,0.431460534139785,2.93383578475336,0.088,288.213333333333,0.492269924666667,1404.56584946667,1.075,1.7517,1.19303333333333,50.525,19.1809666666667,28.5327,5.41133333333333,15886.16,0.00933333333333333,26.9933333333333,1.44,1.01133333333333,0.533366666666667,67.68,14.4121333333333,14.0484666666667,0.7746,2233.60933333333,,,,,,,,,,,,,,,,,,,,,,,,,,,,,,,,,,,,,,,,,,,,,,,,
3,2021-12-01,2021-12,2021,12,control,Wet,22.4963285714286,0.419357097058824,23.2460114650538,0.45131390188172,23.4164506182796,0.459539073790323,2.5108530620985,0.049,69.9766666666667,0.327034340333333,506.3627082,0.652366666666667,0.875033333333333,2.207,18.2939,11.0145,26.484,7.302,9856.22666666667,0.009,14.5966666666667,1.41533333333333,0.5587,0.5962,42.4736666666667,7.18083333333333,7.1544,0.655533333333333,987.167333333333,,,,,,,,,,,,,,,,,,,,,,,,,,,,,,,,,,,,,,,,,,,,,,,,
4,2021-12-01,2021-12,2021,12,warmed,Wet,24.5429529166667,0.399784190860215,25.2917255376344,0.416459354569892,25.5060330913979,0.386826262231183,2.39526773271028,0.0613333333333333,80.9933333333333,0.533958211,702.5766174,2.0376,1.2984,2.47866666666667,22.7404666666667,23.1036,94.313,8.348,11464.5333333333,0.0376666666666667,60.3466666666667,1.1904,0.62955,0.664766666666667,22.8928666666667,14.52105,28.6164666666667,0.9344,1250.26666666667,,,,,,,,,,,,,,,,,,,,,,,,,,,,,,,,,,,,,,,,,,,,,,,,
5,2021-12-01,2021-12,2021,12,control,Wet,22.6906874731183,0.48336362899729,23.3417699731183,0.471953204301075,23.6012614919355,0.461499365188172,1.19862754545455,0.0706666666666667,63.52,0.409384327666667,355.761318966667,1.71233333333333,0.698566666666667,2.723,28.972,28.9949666666667,96.9643333333334,13.41,12141.2,0.0613333333333333,48.2266666666667,0.766133333333333,0.122733333333333,1.07276666666667,10.2546,5.16533333333333,33.2275,1.10846666666667,995.453333333333,,,,,,,,,,,,,,,,,,,,,,,,,,,,,,,,,,,,,,,,,,,,,,,,
6,2021-12-01,2021-12,2021,12,warmed,Wet,25.6173859139785,0.403527604166667,25.5663982392473,0.405052947043011,25.4024504569892,0.388311859811828,1.76264714233577,0.068,0,0.1732697295,0,0.649533333333333,,0.5226,20.9774333333333,,20.1958333333333,,,0.1955,0,0.166026666666667,,0.151926666666667,4.68236666666667,,5.51056666666667,,,,,,,,,,,,,,,,,,,,,,,,,,,,,,,,,,,,,,,,,,,,,,,,,,
1,2022-01-01,2022-01,2022,1,control,Dry,21.6946293208829,0.250142433732877,22.4329612231183,0.333693415188172,22.7255162634409,0.287972437096774,3.12667154657294,0.759,109.92,3.410494602,817.0859486,,,,,,,15.161,3347.18,0.1545,41.71,,,,,,,4.915,1154.2,,,,,,,,,,,,,,,,,,,,,,,,,,,,,,,,,,,,,,,,,,,,,,,,
2,2022-01-01,2022-01,2022,1,warmed,Dry,24.411983344652,0.185513156027165,24.4005195833333,0.340904338037634,24.2224279569893,0.376144542741935,3.30306689655172,0.207,43.44,2.933801992,737.5693361,2.302,,,27.624,,,6.011,1562.89,0.187,37.535,0.4459,,,5.3508,,,3.855,923.64,,,,,,,,,,,,,,,,,,,,,,,,,,,,,,,,,,,,,,,,,,,,,,,,
3,2022-01-01,2022-01,2022,1,control,Dry,21.4337043463497,0.413548530215827,22.2300402419355,0.417091672177419,22.4940634677419,0.434889501344086,2.07035309973046,0.565,5.65,3.7285128465,37.285128463,1.127,1.444,,23.667,18.772,,4.7928,47.928,0.03,0.3,1.832,0.6694,,38.472,8.7022,,5.4248,54.248,,,,,,,,,,,,,,,,,,,,,,,,,,,,,,,,,,,,,,,,,,,,,,,,
4,2022-01-01,2022-01,2022,1,warmed,Dry,23.6468152631579,0.170415769008264,24.0737652553763,0.316795216532258,24.4242373387097,0.320702062231183,2.70000130872483,1.487,39.7425,5.0356682565,452.48707005,,,,,,,12.652,2495.655,0.541,29.3025,,,,,,,8.206,672.09,,,,,,,,,,,,,,,,,,,,,,,,,,,,,,,,,,,,,,,,,,,,,,,,
5,2022-01-01,2022-01,2022,1,control,Dry,21.4517167062818,0.417197358833619,22.3512581048387,0.44892157983871,22.7072795833333,0.443064200403226,1.1713548677686,0.366,12.375,2.365787932,198.18160516,,0.6697,2.637,,24.7789,29.007,13.113,1797.69,0.33,30.075,,0.1151,1.184,,4.2587,13.024,3.869,326.6,,,,,,,,,,,,,,,,,,,,,,,,,,,,,,,,,,,,,,,,,,,,,,,,
6,2022-01-01,2022-01,2022,1,warmed,Dry,24.2576714601019,0.278364085398981,24.2089977419355,0.329630439919355,24.2142903091398,0.328576352419355,2.1749627510917,0.2025,121.51,0.353167629,162.98736295,,1.942,,,27.188,,11.506,4874.84,0.1035,57.33,,0.3176,,,4.4464,,1.1821,537.182,,,,,,,,,,,,,,,,,,,,,,,,,,,,,,,,,,,,,,,,,,,,,,,,
1,2022-02-01,2022-02,2022,2,control,Wet,21.7714204166667,0.318343318759936,22.2319060357675,0.382046218926975,22.4445077347243,0.326356681967213,1.02284625,0.167,636.9315,0.6395849025,1058.52626995,1.191,3.56725,,14.292,31.155,,7.378,13461.924,0.073,186.9165,0.2907,1.57435,,3.4884,16.0318,,1.2591,2325.3415,,,,,,,,,,,,,,,,,,,,,,,,,,,,,,,,,,,,,,,,,,,,,,,,
2,2022-02-01,2022-02,2022,2,warmed,Wet,24.5102763095238,0.331434093601191,24.5615604470939,0.396475720864382,24.3099664232489,0.408134268852459,3.78830617258883,0.064,250.815,0.222880576,803.19290295,2.824,,0.8536,53.656,,43.5336,4.898,21698.38,0.023,62.345,0.4218,,0.4347,8.0142,,22.1697,0.4982,1945.439,,,,,,,,,,,,,,,,,,,,,,,,,,,,,,,,,,,,,,,,,,,,,,,,
3,2022-02-01,2022-02,2022,2,control,Wet,21.6273413690476,0.437964180618893,22.1222584798808,0.43712739314456,22.2799252309985,0.450863937704918,2.155165625,0.135,20.25,4.302150808,645.3226211,3.25275,1.857,,43.662,16.713,,14.074,2111.1,0.171,25.65,1.3655,0.6728,,29.281,6.0552,,6.082,912.3,,,,,,,,,,,,,,,,,,,,,,,,,,,,,,,,,,,,,,,,,,,,,,,,
4,2022-02-01,2022-02,2022,2,warmed,Wet,23.4892018452381,0.283369942519685,24.0548379433681,0.387353315201192,24.2781408196721,0.361829032339791,1.88071457276995,0.0645,91.785,1.5499874465,1522.911708,,1.106,3.85685,,28.756,32.5123,10.138,13379.86,0.2305,217.365,,0.6404,0.28025,,16.6504,4.4287,2.2684,2376.892,,,,,,,,,,,,,,,,,,,,,,,,,,,,,,,,,,,,,,,,,,,,,,,,
5,2022-02-01,2022-02,2022,2,control,Wet,21.6172269940476,0.45508761264,22.2424768852459,0.467761741877794,22.484354023845,0.460094446050671,1.25092985714286,0.1985,11.285,1.2924261445,242.39350575,2.252,0.80905,1.8035,19.199,33.61705,41.4435,21.756,6893.84,0.567,46.25,0.67365,0.08029,1.31315,5.9728,3.47345,36.41955,3.148,897.62,,,,,,,,,,,,,,,,,,,,,,,,,,,,,,,,,,,,,,,,,,,,,,,,
6,2022-02-01,2022-02,2022,2,warmed,Wet,24.1600962946429,0.363907702529762,24.0948696423249,0.392414479731744,24.0168380774963,0.379337370938897,1.92234733333333,0.1105,344.685,0.18491924,298.40287888,1.102,2.224,0.79185,33.06,37.808,20.0702,4.397,13246.85,0.034,81.08,0.08227,0.2351,0.20375,2.4681,3.9967,5.95,0.4778,891.854,,,,,,,,,,,,,,,,,,,,,,,,,,,,,,,,,,,,,,,,,,,,,,,,
1,2022-03-01,2022-03,2022,3,control,Dry,22.4264475815217,0.295122094565217,22.6556351747312,0.359388007123656,22.7972297311828,0.310098256854839,2.1746311809816,0.061,45.75,0.565603816,424.2028622,1.241,,,21.097,,,9.311,4838.69,0.048,36,0.1152,,,1.9584,,,1.5521,731.115,,,,,,,,,,,,,,,,,,,,,,,,,,,,,,,,,,,,,,,,,,,,,,,,
2,2022-03-01,2022-03,2022,3,warmed,Dry,25.4591915896739,0.366786901358696,25.016682688172,0.37989694905914,24.6878913844086,0.397454360349462,4.24534166666667,0.052,99.32,0.064005356,122.2502301,2.688,2.375,0.471,104.832,42.75,,8.723,11219.57,0.241,460.31,0.1966,0.2807,0.3641,7.6674,5.0526,,0.5679,675.601,,,,,,,,,,,,,,,,,,,,,,,,,,,,,,,,,,,,,,,,,,,,,,,,
3,2022-03-01,2022-03,2022,3,control,Dry,22.3186921331522,0.437225009375,22.5602418145161,0.425113811424731,22.6147182526882,0.443801679032258,2.50514740983607,0.057,12.54,2.774190309,610.3218679,0.9398,1.3828,,23.495,13.152,,18.772,2909.44,0.018,3.96,1.457,0.54995,,36.425,7.6472,,3.385,579.34,,,,,,,,,,,,,,,,,,,,,,,,,,,,,,,,,,,,,,,,,,,,,,,,
4,2022-03-01,2022-03,2022,3,warmed,Dry,24.3810834375,0.245871982608696,24.5554691397849,0.367164019354839,24.7047535887097,0.348305705241935,3.10829706967213,0.072,56.16,1.218110302,950.1260357,4.758,0.5265,0.6987,33.306,18.954,18.1662,10.241,5950.64,0.099,77.22,0.6174,0.4128,0.1191,4.3218,14.8608,3.0966,1.9075,1091.777,,,,,,,,,,,,,,,,,,,,,,,,,,,,,,,,,,,,,,,,,,,,,,,,
5,2022-03-01,2022-03,2022,3,control,Dry,22.2613101358696,0.458044710326087,22.6567799731183,0.463232175537634,22.783422983871,0.45466014422043,0.776969689038031,0.076,42.56,1.19641811,669.9941418,1.146,1.254,1.706,63.03,26.334,52.886,16.498,6832.36,0.181,101.36,0.2647,0.09901,0.5718,14.5585,2.0792,17.7258,1.868,790.4,,,,,,,,,,,,,,,,,,,,,,,,,,,,,,,,,,,,,,,,,,,,,,,,
6,2022-03-01,2022-03,2022,3,warmed,Dry,24.7810601766304,0.388122155706522,24.675910766129,0.399558581989247,24.458731922043,0.378314221102151,2.16648985626283,0.053,117.13,0.094535108,208.9225877,1.876,,0.5407,30.016,,12.5341,4.61,7562.4,0.014,30.94,0.2169,,0.1859,3.4704,,4.6596,0.2853,464.743,,,,,,,,,,,,,,,,,,,,,,,,,,,,,,,,,,,,,,,,,,,,,,,,
1,2022-04-01,2022-04,2022,4,control,Wet,22.7503130555556,0.218749115020862,22.8749772222222,0.280585419166667,23.0110676666667,0.2514386875,1.80093121156559,,,,,,,,,,,12.027,4139.81,,,,,,,,,2.567,887.13,,,,,,,,,,,,,,,,,,,,,,,,,,,,,,,,,,,,,,,,,,,,,,,,
2,2022-04-01,2022-04,2022,4,warmed,Wet,24.0824350555556,0.269827910694444,24.283005,0.321886791111111,24.2800754583333,0.362892030555556,5.34162294339623,,,,,,,,,,,13.591,10893.76,,,,,,,,,1.6782,1345.866,,,,,,,,,,,,,,,,,,,,,,,,,,,,,,,,,,,,,,,,,,,,,,,,
3,2022-04-01,2022-04,2022,4,control,Wet,22.5269952222222,0.3877072575,22.799673875,0.377985806944444,22.8565803888889,0.40171791875,2.70890333333333,,,,,,,,,,,15.852,2521.32,,,,,,,,,2.673,435.9,,,,,,,,,,,,,,,,,,,,,,,,,,,,,,,,,,,,,,,,,,,,,,,,
4,2022-04-01,2022-04,2022,4,warmed,Wet,23.6855748333333,0.14206601775,24.2045087083333,0.278843407222222,24.5331256388889,0.306593982916667,3.14963373584906,,,,,,,,,,,10.681,4344.84,,,,,,,,,1.6499,674.118,,,,,,,,,,,,,,,,,,,,,,,,,,,,,,,,,,,,,,,,,,,,,,,,
5,2022-04-01,2022-04,2022,4,control,Wet,22.4691387222222,0.434556052083333,22.9045777222222,0.442013624305556,23.0311831527778,0.43870697375,,,,,,,,,,,,14.452,6054.62,,,,,,,,,1.6778,695.056,,,,,,,,,,,,,,,,,,,,,,,,,,,,,,,,,,,,,,,,,,,,,,,,
6,2022-04-01,2022-04,2022,4,warmed,Wet,23.7501219166667,0.315865176944444,24.002080625,0.332785064722222,23.9827992222222,0.318856119888734,2.53124490566038,,,,,,,,,,,10.053,10810.31,,,,,,,,,0.532,570.066,,,,,,,,,,,,,,,,,,,,,,,,,,,,,,,,,,,,,,,,,,,,,,,,
1,2022-05-01,2022-05,2022,5,control,Wet,24.0929436651584,0.286644565384615,23.9619428975741,0.315919902156334,23.6958400846154,0.272992931884058,2.87556612382234,,,,,,0.6333,,,12.0327,,10.8103333333333,5269.54666666667,,,,0.5181,,,9.8439,,3.705,1758.52,,,,,,,,,,,,,,,,,,,,,,,,,,,,,,,,,,,,,,,,,,,,,,,,
2,2022-05-01,2022-05,2022,5,warmed,Wet,27.1635717647059,0.29675670520362,26.2696739487871,0.348920673989218,25.2781566445131,0.398305473646209,7.85446485590778,,,,,,3.004,0.8705,,15.02,19.151,6.79266666666667,6534.56,,,,0.4148,0.4782,,2.074,10.5204,1.805,1535.29,,,,,,,,,,,,,,,,,,,,,,,,,,,,,,,,,,,,,,,,,,,,,,,,
3,2022-05-01,2022-05,2022,5,control,Wet,24.114391199095,0.425255000226244,24.0239565498652,0.423360266307278,23.6648521380244,0.435929373741007,3.04558403247632,,,,,0.9068,,,26.702,,,12.4063333333333,3482.46333333333,,,0.2437,,,7.28275,,,3.66833333333333,1019.49666666667,,,,,,,,,,,,,,,,,,,,,,,,,,,,,,,,,,,,,,,,,,,,,,,,
4,2022-05-01,2022-05,2022,5,warmed,Wet,24.282983959276,0.264093319683258,24.292347115903,0.369230043261456,24.1851614682171,0.354262401851852,2.30842333333333,,,,,,2.568,,,24.138,,12.36,6931.46666666667,,,,0.93905,,,10.29175,,2.07833333333333,1158.10666666667,,,,,,,,,,,,,,,,,,,,,,,,,,,,,,,,,,,,,,,,,,,,,,,,
5,2022-05-01,2022-05,2022,5,control,Wet,24.0454024886878,0.443845423076923,24.1261602560647,0.462577642048518,23.7467046403101,0.461355410465116,4.0055225,,,,,2.443,1.48,1.905,34.141,44.4,62.865,8.27033333333333,7049.08,,,0.32955,0.07865,0.446,5.90835,2.3595,14.718,1.37633333333333,1157.8,,,,,,,,,,,,,,,,,,,,,,,,,,,,,,,,,,,,,,,,,,,,,,,,
6,2022-05-01,2022-05,2022,5,warmed,Wet,26.5859447737557,0.326786228054299,25.9320048113208,0.381956657681941,25.1609238117284,0.379517250719424,3.25581541125541,,,,,,2.705,2.678,,13.525,13.39,77.2233333333333,76159.0666666667,,,,0.3796,0.2002,,1.898,1.001,0.6132,663.786666666667,,,,,,,,,,,,,,,,,,,,,,,,,,,,,,,,,,,,,,,,,,,,,,,,
1,2022-06-01,2022-06,2022,6,control,Dry,25.9813925423729,0.175628024237288,24.7089809166667,0.246537822777778,24.3902091629834,,2.80419482043796,,,,,,,,,,,17.14,2814.8,,,,,,,,,9.9785,1441.035,,,,,,,,,,,,,,,,,,,,,,,,,,,,,,,,,,,,,,,,55.2800844551199,729.155685791881,,,,,,,
2,2022-06-01,2022-06,2022,6,warmed,Dry,26.9350145932203,0.169066353220339,26.5148107083333,0.271498355277778,25.6395825635359,,7.33008021333333,,,,,,,,,,,9.303,4436.82,,,,,,,,,2.389,1072.86,,,,,,,,,,,,,,,,,,,,,,,,,,,,,,,,,,,,,,,,290.618327051652,582.484095234484,,,,,,,
3,2022-06-01,2022-06,2022,6,control,Dry,25.2728348474576,0.307786991694915,24.8782586666667,0.343954494027778,24.4182194585635,,3.35326337226277,,,,,,,,,,,18.855,4360.2,,,,,,,,,6.6825,1545.605,,,,,,,,,,,,,,,,,,,,,,,,,,,,,,,,,,,,,,,,488.325624217556,509.531443508044,,,,,,,
4,2022-06-01,2022-06,2022,6,warmed,Dry,25.7777765423729,0.112857615118644,25.0343288472222,0.262698979305556,24.7674797679558,,2.77161455696203,,,,,,,,,,,17.975,7439.65,,,,,,,,,4.756,1516.44,,,,,,,,,,,,,,,,,,,,,,,,,,,,,,,,,,,,,,,,495.435319514803,157.011209551807,,,,,,,
5,2022-06-01,2022-06,2022,6,control,Dry,25.0996275423729,0.206150804761905,24.9361644861111,0.377076746527778,24.5019085580111,,3.84472065885798,,,,,,,,,,,8.228,3485.44,,,,,,,,,0.9799,549.925,,,,,,,,,,,,,,,,,,,,,,,,,,,,,,,,,,,,,,,,706.166484805786,168.925376842359,,,,,,,
6,2022-06-01,2022-06,2022,6,warmed,Dry,27.2616390847458,0.192105600338983,26.4571084166667,0.281783466805556,25.5522574585635,,4.35872109625668,,,,,,,,,,,308.3,160232,,,,,,,,,2.117,1049.055,,,,,,,,,,,,,,,,,,,,,,,,,,,,,,,,,,,,,,,,434.985575874151,674.92328999896,,,,,,,
1,2022-07-01,2022-07,2022,7,control,Wet,25.514749461642,0.295702551951548,25.0061079032258,0.376037779435484,25.0186181048387,0.337606949919225,2.69337564102564,,,,,,1.871,,,31.234,,13.9745,8395.995,,,,0.81705,,,14.3019,,2.699,1271.955,,,,,,,,,,,,,,,,,,,,,,,,,,,,,,,,,,,,,,,,242.810553343048,951.661283738378,,,,,,,
2,2022-07-01,2022-07,2022,7,warmed,Wet,28.661472705249,0.327389719380888,27.75312375,0.391124793682796,26.8775694758065,0.414721870597738,9.26134153846154,,,,,,,1.411,,,22.892,4.999,8714.385,,,,,0.78325,,,12.9655,0.84045,1416.2245,,,,,,,,,,,,,,,,,,,,,,,,,,,,,,,,,,,,,,,,606.346989285477,576.973880777229,,,,,,,
3,2022-07-01,2022-07,2022,7,control,Wet,25.1823932839839,0.429663421938089,25.1268038978495,0.432208315322581,25.0458076747312,0.453188899515347,3.44605435897436,,,,,4.341,,,43.41,,,10.5585,7005.455,,,0.9263,,,9.263,,,2.8825,1755.04,,,,,,,,,,,,,,,,,,,,,,,,,,,,,,,,,,,,,,,,646.503573838327,552.108477163027,,,,,,,
4,2022-07-01,2022-07,2022,7,warmed,Wet,27.734921359354,0.28486394602961,26.8251442069893,0.389169336827957,26.5639136155914,0.370910275121163,2.70854487179487,,,,,,,,,,,6.6695,8002.905,,,,,,,,,1.31275,1380.3675,,,,,,,,,,,,,,,,,,,,,,,,,,,,,,,,,,,,,,,,848.694617477267,205.06845390542,,,,,,,
5,2022-07-01,2022-07,2022,7,control,Wet,25.0694129340511,0.280585111142454,25.1799530645161,0.442195986155914,25.1163472311828,0.462841092245557,3.22344487179487,,,,,4.41,1.7105,4.318,44.1,45.1935,34.544,8.684,11122.09,,,2.918,0.23475,1.7564,29.18,6.6296,14.0512,0.89625,1105.365,,,,,,,,,,,,,,,,,,,,,,,,,,,,,,,,,,,,,,,,695.211354389183,179.121208286855,,,,,,,
6,2022-07-01,2022-07,2022,7,warmed,Wet,28.8574364199192,0.315600823283984,27.8021889112903,0.40131475672043,27.1276714919355,0.386742501615509,3.47759564102564,,,,,3.403,2.2295,0.883,45.1145,33.6195,12.362,9.588,26047.4,,,0.3361,0.43685,0.3822,4.16015,6.60245,5.3508,0.3545,921.3225,,,,,,,,,,,,,,,,,,,,,,,,,,,,,,,,,,,,,,,,851.629142525765,698.989368392034,,,,,,,
1,2022-08-01,2022-08,2022,8,control,Wet,25.7789319086022,0.313884984946237,25.2965159811828,0.376662154704301,25.3205861021505,0.332609921102151,,,,,,0.8499,0.673,1.068,37.3956,37.015,16.02,16.985,4810.75,,,0.2626,0.5947,0.1625,11.5544,32.7085,2.4375,4.918,1427.24,,,,,,,,,,,,,,,,,,,,,,,,,,,,,,,,,,,,,,,,463.027283010983,967.052212696684,,,,,,,
2,2022-08-01,2022-08,2022,8,warmed,Wet,28.232915188172,0.310495197043011,27.6307937096774,0.376655929032258,27.1668122580645,0.402103634139785,,,,,,0.9521,0.6738,2.25355,52.3655,37.059,19.10415,6.555,16761.915,,,1.274,0.6268,0.4604,70.07,34.474,7.1892,1.1473,2308.025,,,,,,,,,,,,,,,,,,,,,,,,,,,,,,,,,,,,,,,,615.131198666902,581.734537052471,,,,,,,
3,2022-08-01,2022-08,2022,8,control,Wet,25.2617672177419,0.438033160080645,25.3230520430108,0.42923151155914,25.2461144623656,0.448619103763441,,,,,,2.2135,2.17,2.047,37.8125,21.7,90.068,8.986,5270.82,,,0.78125,0.579,0.2255,26.04635,5.79,9.922,3.6385,1887.695,,,,,,,,,,,,,,,,,,,,,,,,,,,,,,,,,,,,,,,,776.207139677513,615.106903296997,,,,,,,
4,2022-08-01,2022-08,2022,8,warmed,Wet,27.6977016129032,0.24801899139785,27.4883350134409,0.357820383198925,27.4820893682796,0.351544965188172,,,,,,1.577,0.8526,1.547,23.655,46.893,27.846,12.835,6131.6,,,0.4806,0.9478,0.3546,7.209,52.129,6.3828,2.631,1281.16,,,,,,,,,,,,,,,,,,,,,,,,,,,,,,,,,,,,,,,,870.525369145043,269.071128922614,,,,,,,
5,2022-08-01,2022-08,2022,8,control,Wet,25.1774518682796,0.302172376043069,25.3643629032258,0.44664363655914,25.3251974596774,0.463147017741935,,,,,,3.39,1.10015,3.551,62.6325,37.33325,118.895,12.3225,6611.25,,,1.91625,0.2036,1.7269,27.49875,9.023,52.504,1.6545,805.2,,,,,,,,,,,,,,,,,,,,,,,,,,,,,,,,,,,,,,,,717.423349069558,194.01194149884,,,,,,,
6,2022-08-01,2022-08,2022,8,warmed,Wet,29.5017130107527,0.294344838844086,28.6738753091398,0.390593162096774,28.2192485483871,0.376046470833333,,,,,,2.3465,2.0674,2.0609,55.2165,52.694,45.041,6.476,12705.615,,,0.26665,0.38235,0.5529,7.84335,14.33225,18.9513,0.44465,850.9785,,,,,,,,,,,,,,,,,,,,,,,,,,,,,,,,,,,,,,,,650.129332108611,697.210442284244,,,,,,,
1,2022-09-01,2022-09,2022,9,control,Wet,25.4121950486787,0.371809541029207,25.129768913649,0.407746902228412,25.2009542479109,0.364354604038997,,,,,,1.322,0.7155,0.6734,60.812,39.3525,38.3838,10.9065,42757.35,,,0.3045,0.4692,0.35,14.007,25.806,19.95,2.12375,3777.765,,,,,,,,,,,,,,,,,,,,,,,,,,,,,,,,,,,,,,,,,,,,,,,,
2,2022-09-01,2022-09,2022,9,warmed,Wet,26.3809459388039,0.418775320723227,26.404228454039,0.410630806963788,26.3172255710306,0.430207636768802,,,,,,0.912,0.936,0.6541,50.16,51.48,35.9755,6.942,58889.58,,,0.3389,0.3236,0.6059,18.6395,17.798,33.3245,0.6711,4353.488,,,,,,,,,,,,,,,,,,,,,,,,,,,,,,,,,,,,,,,,,,,,,,,,
3,2022-09-01,2022-09,2022,9,control,Wet,24.9332820862309,0.45825207162726,25.1046138022284,0.441259184958217,25.0803128969359,0.455505987604457,,,,,,1.137,2.413,1.257,47.754,24.13,38.967,7.0955,21341.355,,,0.8459,0.7648,0.5065,35.5278,7.648,15.7015,2.281,5460.81,,,,,,,,,,,,,,,,,,,,,,,,,,,,,,,,,,,,,,,,,,,,,,,,
4,2022-09-01,2022-09,2022,9,warmed,Wet,25.7710030041725,0.349659495688456,26.5132717688022,0.414853276044568,26.8071272423398,0.393403482590529,,,,,,1.361,0.8234,1.215,70.772,41.17,64.395,10.295,17103.9,,,0.8277,0.7199,0.4398,43.0404,35.995,23.3094,2,2994.875,,,,,,,,,,,,,,,,,,,,,,,,,,,,,,,,,,,,,,,,,,,,,,,,
5,2022-09-01,2022-09,2022,9,control,Wet,24.8953895132128,0.381503310329986,25.1756227855153,0.463186567130919,25.2020794568245,0.473978526462396,,,,,,1.494,1.277,3.844,53.784,70.235,211.42,4.8735,8322.22,,,0.8108,0.5007,1.957,29.1888,27.5385,107.635,0.5514,964.1895,,,,,,,,,,,,,,,,,,,,,,,,,,,,,,,,,,,,,,,,,,,,,,,,
6,2022-09-01,2022-09,2022,9,warmed,Wet,26.507867496523,0.37956542767733,26.5933148607242,0.414640633426184,26.5131312952646,0.40096802172702,,,,,,1.2,1.065,0.6944,54,58.575,38.192,4.9455,31396.755,,,0.3461,0.5461,0.6395,15.5745,30.0355,35.1725,0.4965,2711.273,,,,,,,,,,,,,,,,,,,,,,,,,,,,,,,,,,,,,,,,,,,,,,,,
1,2022-10-01,2022-10,2022,10,control,Wet,25.0163783064516,0.357285813172043,24.7947942411924,0.401423554471545,24.883456300813,0.344134323170732,,,,,,1.374,1.0945,1.9362,4.122,14.0935,13.5534,7.89,22857.725,,,3.967,0.43895,0.3688,11.901,5.66085,2.5816,2.04295,2188.8255,,,,,,,,,,,,,,,,,,,,,,,,,,,,,,,,,,,,,,,,305.247531133132,1323.15476547624,,,,,,,
2,2022-10-01,2022-10,2022,10,warmed,Wet,26.1486954569893,0.419266542069892,25.8794020054201,0.407422077371274,25.6364530758808,0.422851757452575,,,,,,,2.1658,0.8027,,19.9853,16.2812,7.042,35327.285,,,,0.56835,0.6096,,4.9887,12.50805,0.81945,3752.865,,,,,,,,,,,,,,,,,,,,,,,,,,,,,,,,,,,,,,,,591.667228908592,542.428166829078,,,,,,,
3,2022-10-01,2022-10,2022,10,control,Wet,24.5566957795699,0.456362376075269,24.7599232384824,0.430898573712737,24.7799484823848,0.448249988346884,,,,,,1.9295,,,19.149,,,9.17,50512.6,,,0.75585,,,7.971,,,4.4519,5585.22,,,,,,,,,,,,,,,,,,,,,,,,,,,,,,,,,,,,,,,,334.556629043989,1051.13762100687,,,,,,,
4,2022-10-01,2022-10,2022,10,warmed,Wet,25.223035766129,0.350958368682796,25.4772178726287,0.402934404471545,25.6694036314363,0.377412570460705,,,,,,,1.079,0.39945,,10.79,7.3586,7.572,4502.69,,,,0.7522,0.1006,,7.522,2.1126,1.687,1011.115,,,,,,,,,,,,,,,,,,,,,,,,,,,,,,,,,,,,,,,,618.055740908416,282.600401383224,,,,,,,
5,2022-10-01,2022-10,2022,10,control,Wet,24.5956723655914,0.406611555480379,24.8987145257453,0.457476981707317,24.9639545392954,0.461091532249322,,,,,,2.8565,0.73895,2.0025,26.579,17.4759,24.372,7.32,3095.25,,,1.3609,0.39925,2.298,12.9231,9.5667,28.821,0.90935,348.485,,,,,,,,,,,,,,,,,,,,,,,,,,,,,,,,,,,,,,,,534.724611381826,389.265432898825,,,,,,,
6,2022-10-01,2022-10,2022,10,warmed,Wet,26.2273816129032,0.377473981586022,25.6880942682927,0.409061620325203,25.4754104471545,0.392429904065041,,,,,,1.45345,1.0472,0.8496,18.05295,17.2188,18.3626,5.119,29400.6,,,0.3865,0.55485,0.47585,4.7761,9.37995,10.2565,1.0335,4477.525,,,,,,,,,,,,,,,,,,,,,,,,,,,,,,,,,,,,,,,,999.479970418719,635.338857040849,,,,,,,
1,2022-11-01,2022-11,2022,11,control,Wet,24.1145930138889,0.411803735416667,24.1168482222222,0.420450951805556,24.2284025833333,0.367913695694444,,,,,,1.10305,0.5823,0.509166666666667,15.44305,15.4265333333333,16.3956,6.01266666666667,77806.16,,,0.52265,0.325566666666667,0.165916666666667,7.12165,8.66406666666667,4.5997,0.810166666666667,6246.788,,17.4344606668507,336.005882166667,2.44085963319117,37.6761003266667,,0.0540945243748104,-0.107520315,0.309568146953232,2.48778554033333,0.233625660846897,1.200281558,0.392745538558705,1.12065657733333,0.34629828262639,1.88500883566667,,,,,,,,0.219894118460075,9.76536666666667,0.503539803127154,3.70133333333333,,0.042594991880893,0.378333333333333,,0.0521964873384275,3.92400433466667,37.0135172317469,348.7959557,9.19566525761753,88.8714338533334,0.847652445935928,2.76456417,391.617007445818,1466.37917924478,,,,,,,
2,2022-11-01,2022-11,2022,11,warmed,Wet,25.6903045972222,0.441386904722222,25.8381018333333,0.422584816805556,25.7638273194445,0.433995347638889,,,,,,0.909933333333333,0.653633333333333,0.580766666666667,21.0380333333333,14.5219333333333,18.525,4.32166666666667,20512.4733333333,,,2.76266666666667,0.584533333333333,0.727666666666667,71.251,13.7984,24.775,0.738233333333333,3115.35933333333,,98.7149542093597,408.6374031,11.8866042598125,43.4866054533333,,0.629485240050275,-0.505726322666667,4.84631685035396,5.04217688433333,0.0994213066228438,0.925404550333333,0.248005343490059,0.571737046666667,0.273217487253621,1.520884459,,,,,,,,0.235009042379224,10.6708,0.343646620818538,3.82,,0.02720906711619,0.357666666666667,,0.805445816609557,3.82071646366667,103.89257879671,353.0505046,24.2196955517604,92.7793149,4.4185977408582,4.63108812,623.283501129952,751.194011254781,,,,,,,
3,2022-11-01,2022-11,2022,11,control,Wet,23.7268724861111,0.468057949166667,24.0759686111111,0.439916990416667,24.1759401111111,0.45489088125,,,,,,0.6853,0.7992,1.3654,15.5131333333333,5.5944,8.1924,6.163,91795.2933333333,,,0.925666666666667,0.2966,0.5056,25.5446666666667,2.0762,3.0336,0.592766666666667,8083.167,,14.8481168305287,388.367857366667,2.33713866833235,40.1988377933333,,0.743026159747143,-0.661659617666667,4.95775940298568,5.15090052766667,0.319663023923424,0.980474792333333,0.0846772993306983,1.10455764566667,0.858564844315008,2.45820373866667,,,,,,,,0.130584697929479,10.8402333333333,0.17928283055924,3.74633333333333,,0.0145716619962629,0.345333333333333,,0.506027241365286,4.87279800166667,34.6961558823175,280.880112333333,10.6324900953765,58.2179181066667,3.47005032506429,3.05247269433333,351.430488309179,757.63436844886,,,,,,,
4,2022-11-01,2022-11,2022,11,warmed,Wet,25.7172557638889,0.383473644583333,26.1225573611111,0.419418996527778,26.3090843888889,0.389839006388889,,,,,,1.514,0.882033333333333,0.644933333333333,17.8311333333333,18.0268666666667,21.0874666666667,7.93333333333333,6811.91466666667,,,0.591233333333333,1.76966666666667,0.229166666666667,8.2506,47.5313333333333,8.01763333333333,0.885633333333333,530.423666666667,,45.8159453193334,588.116143033333,6.59024600793387,57.6212283666667,,0.0219051490132862,-0.0584907436666667,0.362347917063169,1.45919874466667,0.223132609294593,0.983126407,0.310323840517621,0.791111804333333,0.309348816226425,1.806416539,,,,,,,,1.07588315505604,10.8912666666667,0.595325401216287,3.89233333333333,,0.0220529665426975,0.356333333333333,,1.27396942951462,3.593648964,62.6866596412987,259.136931833333,8.47697390143316,74.09845945,0.262734760358142,2.060880271,643.516616057869,267.153768350161,,,,,,,
5,2022-11-01,2022-11,2022,11,control,Wet,23.657389375,0.46707302559775,24.1444806527778,0.46556724,24.3080069722222,0.468629004027778,,,,,,1.11303333333333,0.545733333333333,1.47833333333333,19.781,20.3011666666667,66.061,8.49333333333333,7673.45333333333,,,0.812533333333333,0.223966666666667,0.889266666666667,14.1374666666667,8.5669,29.4898333333333,0.803566666666667,780.815,,60.3795129343917,514.721028866667,11.7899051172474,51.0149975833333,,0.0811965339181347,-0.455991087666667,0.424255630412098,3.82632922166667,0.0684570498704702,1.01694665966667,0.25079813641966,0.263388067,0.655935895479039,3.24714729166667,,,,,,,,0.0502896941065787,10.6430333333333,0.120834597694534,4.224,,0.013,0.397,,0.179894041965141,3.70941435433333,77.2643607722607,330.4265432,25.1776571204235,89.7802212333333,1.01766804306008,1.75882940266667,341.905492598919,401.107815939585,,,,,,,
6,2022-11-01,2022-11,2022,11,warmed,Wet,27.2933990277778,0.407696163611111,26.6367520833333,0.418480074444445,26.3413474583333,0.401137404027778,,,,,,0.6272,0.6917,0.788466666666667,14.8325666666667,23.5607,31.7781,5.763,27639.8633333333,,,0.3629,0.5358,0.652633333333333,8.69123333333333,16.9848,26.0517333333333,0.750933333333333,2491.21366666667,,53.7634402179583,450.8712911,2.41158953655113,46.8472664066667,,0.20130453334883,-0.322528039333333,1.5096951508466,3.438265451,0.104416208651675,1.16253279233333,0.27619748855641,1.390597836,0.0931126020917907,1.46035114966667,,,,,,,,0.0553195263898749,10.4494,0.172426796061401,3.89,,0.0175023807904335,0.372333333333333,,0.229064993271171,3.92385512533333,30.0376343004613,301.3863409,7.82591823841033,76.9077529066667,5.0111590546362,4.80057726466667,1054.27487924802,612.247352537585,,,,,,,
1,2022-12-01,2022-12,2022,12,control,Wet,22.5272947446237,0.35119313938172,22.7669748924731,0.380985847177419,23.0301819086022,0.316601770430108,,,,,,1.0114,,,7.0798,,,15.865,335.125,,,0.6236,,,4.3652,,,7.976,121.982,,,,,,,,,,,,,,,,,,,,,,,,,,,,,,,,,,,,,,,,359.214163698884,1292.80740146948,,,,,,,
2,2022-12-01,2022-12,2022,12,warmed,Wet,22.304549905914,0.393877407392473,22.9871257526882,0.402032730510753,23.3662158333333,0.414721274327957,,,,,,1.11875,1.2525,0.9593,15.51795,14.4165,9.4573,9.082,3810.58,,,1.9139,0.81985,0.83635,31.1722,9.43675,10.16915,1.39,568.3,,,,,,,,,,,,,,,,,,,,,,,,,,,,,,,,,,,,,,,,611.476028365668,792.291848478793,,,,,,,
3,2022-12-01,2022-12,2022,12,control,Wet,21.951707688172,0.452912198387097,22.6017329569893,0.415465118413978,22.8861416801075,0.436406926747312,,,,,,1.554,,,18.648,,,11.512,6289.8,,,1.264,,,15.168,,,1.593,1120.2,,,,,,,,,,,,,,,,,,,,,,,,,,,,,,,,,,,,,,,,452.923234748795,792.581643108218,,,,,,,
4,2022-12-01,2022-12,2022,12,warmed,Wet,23.9872485887097,0.208847889919355,24.6668365725806,0.338627531854839,25.0388939650538,0.329966900806452,,,,,,,,,,,,12.7355,635.5225,,,,,,,,,3.3285,142.7475,,,,,,,,,,,,,,,,,,,,,,,,,,,,,,,,,,,,,,,,690.980666135973,215.567194600372,,,,,,,
5,2022-12-01,2022-12,2022,12,control,Wet,21.9513133333333,0.419963763172043,22.7148372849462,0.456252548252688,23.0599396370968,0.449234090860215,,,,,,1.164,1.071,1.87,17.46,10.062,67.32,12.65,1791.9,,,1.187,0.3502,0.6367,17.805,3.8472,22.9212,1.842,315.4715,,,,,,,,,,,,,,,,,,,,,,,,,,,,,,,,,,,,,,,,440.590606343188,203.772705687189,,,,,,,
6,2022-12-01,2022-12,2022,12,warmed,Wet,26.0914595698925,0.277050910483871,25.6303741801075,0.364961596774194,25.4672055913979,0.346360617473118,,,,,,1.667,,,15.003,,,6.156,1961.18,,,0.5864,,,5.2776,,,2.3645,742.3325,,,,,,,,,,,,,,,,,,,,,,,,,,,,,,,,,,,,,,,,972.660651308617,619.438228523085,,,,,,,
1,2023-01-01,2023-01,2023,1,control,Wet,22.1403705510753,0.358903263575269,22.3320649528937,0.387887252355316,22.5711244549125,0.339377063526245,1.66135208823529,,,,,,1.39415,1.966,,29.25935,49.5825,15.34,1397,,,,0.253,0.4213,,4.9834,9.71195,8.551,830.57,,,,,,,,,,,,,,,,,,,,,,,,,,,,,,,,,,,,,,,,,,,,,,,,
2,2023-01-01,2023-01,2023,1,warmed,Wet,23.4866949327957,0.372679785483871,23.2778179138627,0.398088922880215,23.306037294751,0.418734436473755,22.7707129166667,,,,,,1.922,1.5235,,67.27,39.88,7.0445,9985.62,,,,1.077,0.8278,,37.695,21.70585,1.3383,1192.908,,,,,,,,,,,,,,,,,,,,,,,,,,,,,,,,,,,,,,,,,,,,,,,,
3,2023-01-01,2023-01,2023,1,control,Wet,21.6406923252688,0.448106840591398,22.2294351144011,0.421705797039031,22.4744206998654,0.443658115477793,3.86509058823529,,,,,2.652,,,50.388,,,18.125,22179.575,,,1.331,,,25.289,,,1.24285,1006.74975,,,,,,,,,,,,,,,,,,,,,,,,,,,,,,,,,,,,,,,,,,,,,,,,
4,2023-01-01,2023-01,2023,1,warmed,Wet,24.5251256182796,0.290145178225806,24.1979191251682,0.379094565275909,24.4889550605653,0.359433243606999,1.66510438235294,,,,,,0.801,1.737,,26.433,64.269,11.155,2371.6,,,,0.6183,0.2706,,20.4039,10.0122,2.804,582.54,,,,,,,,,,,,,,,,,,,,,,,,,,,,,,,,,,,,,,,,,,,,,,,,
5,2023-01-01,2023-01,2023,1,control,Wet,21.6500113306452,0.418986787027027,22.3380735666218,0.463201741857335,22.6351011574697,0.459804284791386,0.977194382352941,,,,,3.651,1.417,2.866,47.463,42.51,149.032,5.765,5905.97,,,1.794,0.1903,1.156,23.322,5.709,60.112,0.63245,618.9955,,,,,,,,,,,,,,,,,,,,,,,,,,,,,,,,,,,,,,,,,,,,,,,,
6,2023-01-01,2023-01,2023,1,warmed,Wet,25.4117344354839,0.324881419489247,25.056191628533,0.393550882099596,24.8961210632571,0.375724525437416,1.79725382352941,,,,,1.67,0.7454,1.2163,66.8,7.3012,28.3429,4.108,2551.44,,,0.5156,0.127535,0.40635,20.624,0.78555,9.82035,1.06895,465.8075,,,,,,,,,,,,,,,,,,,,,,,,,,,,,,,,,,,,,,,,,,,,,,,,
1,2023-02-01,2023-02,2023,2,control,Dry,21.9159329613095,0.306878714880952,22.0723742857143,0.343052816815476,22.2756223660714,0.292671942410714,1.65528225157233,,,,,,,0.7274,,,5.8192,19.37,1355.9,,,,,0.1954,,,1.5632,12.64,884.8,,,,,,,,,,,,,,,,,,,,,,,,,,,,,,,,,,,,,,,,,,,,,,,,
2,2023-02-01,2023-02,2023,2,warmed,Dry,25.2049827232143,0.280551751339286,24.8947642559524,0.358627573511905,24.6268546428571,0.387931757886905,19.3244868939394,,,,,,,1.172,,,8.204,7.126,1223.11,,,,,0.6604,,,4.6228,8.1485,1404.53,,,,,,,,,,,,,,,,,,,,,,,,,,,,,,,,,,,,,,,,,,,,,,,,
3,2023-02-01,2023-02,2023,2,control,Dry,21.49691625,0.443299290476191,21.9961608184524,0.408035896130952,22.1784974107143,0.432193925,3.74869663865546,,,,,1.102,,,22.04,,,21.845,1168.6,,,1.342,,,26.84,,,2.6135,121.88,,,,,,,,,,,,,,,,,,,,,,,,,,,,,,,,,,,,,,,,,,,,,,,,
4,2023-02-01,2023-02,2023,2,warmed,Dry,23.8673026488095,0.268520581994048,23.7873767410714,0.315962114434524,24.1151701636905,0.320494440625,1.8933795315126,,,,,,1.4098,,,14.098,,12.525,520.85,,,,1.2048,,,12.048,,2.3935,103.615,,,,,,,,,,,,,,,,,,,,,,,,,,,,,,,,,,,,,,,,,,,,,,,,
5,2023-02-01,2023-02,2023,2,control,Dry,21.432608735119,0.401256731696429,22.0727880654762,0.461419976785714,22.3130359375,0.456799417708333,0.857897343157895,,,,,1.637,1.2139,1.5763,24.555,26.4611,17.6198,8.6085,6168.855,,,0.3517,0.34575,0.80315,5.2755,6.23845,8.83005,0.8302,600.986,,,,,,,,,,,,,,,,,,,,,,,,,,,,,,,,,,,,,,,,,,,,,,,,
6,2023-02-01,2023-02,2023,2,warmed,Dry,25.5356704613095,0.309242797470238,24.6956973214286,0.376771034077381,24.4817339583333,0.360941549702381,2.12649401369863,,,,,1.084,1.221,0.6541,19.512,26.862,26.164,6.2085,2331.675,,,0.6437,0.5182,0.2965,11.5866,11.4004,11.86,1.21525,481.1275,,,,,,,,,,,,,,,,,,,,,,,,,,,,,,,,,,,,,,,,,,,,,,,,
1,2023-03-01,2023-03,2023,3,control,Dry,22.2293243145161,0.233577794623656,21.9705458736559,0.274392869892473,22.1590746102151,0.24576234233871,1.61470646938776,,,,,,,,,,,17.675,1847.7,,,,,,,,,11.865,1377.9,,,,,,,,,,,,,,,,,,,,,,,,,,,,,,,,,,,,,,,,311.623517197737,853.492904697765,,,,,,,
2,2023-03-01,2023-03,2023,3,warmed,Dry,25.0880639784946,0.164206292069892,24.5658300268817,0.324450332123656,24.3740797580645,0.357352044354839,18.4025705576208,,,,,,,,,,,11.45,2994.1,,,,,,,,,6.5515,1664.685,,,,,,,,,,,,,,,,,,,,,,,,,,,,,,,,,,,,,,,,1396.02745061843,803.111689255696,,,,,,,
3,2023-03-01,2023-03,2023,3,control,Dry,21.7249726612903,0.35025530094086,21.9263573521505,0.377224830645161,22.0423225,0.393262951344086,2.21743858870968,,,,,,,,,,,16.74,1398.35,,,,,,,,,8.444,1074.21,,,,,,,,,,,,,,,,,,,,,,,,,,,,,,,,,,,,,,,,504.763905665576,815.612121440052,,,,,,,
4,2023-03-01,2023-03,2023,3,warmed,Dry,23.9769359946237,0.165206965725806,23.3312165053763,0.290982479704301,23.617118077957,0.306673400537634,2.05512487903226,,,,,,,,,,,17.19,697.15,,,,,,,,,5.4123,288.748,,,,,,,,,,,,,,,,,,,,,,,,,,,,,,,,,,,,,,,,677.186932402227,155.157450390585,,,,,,,
5,2023-03-01,2023-03,2023,3,control,Dry,21.6885507123656,0.278726516263441,22.0825562768817,0.424026095698925,22.2455006048387,0.44325313655914,1.38058133333333,,,,,,1.2136,,,9.7088,,12.095,4469.1,,,,0.3242,,,2.5936,,1.519,581.105,,,,,,,,,,,,,,,,,,,,,,,,,,,,,,,,,,,,,,,,654.551210805416,225.721635426998,,,,,,,
6,2023-03-01,2023-03,2023,3,warmed,Dry,25.8763059677419,0.203179768010753,24.4886348252688,0.317624145026882,24.203174905914,0.308642876075269,2.28335367507886,,,,,,,1.1726,,,9.3808,8.304,4272.24,,,,,0.3392,,,2.7136,1.0172,503.692,,,,,,,,,,,,,,,,,,,,,,,,,,,,,,,,,,,,,,,,772.850678946531,792.073586281375,,,,,,,
1,2023-04-01,2023-04,2023,4,control,Wet,23.3349298333333,0.280190504722222,22.8604789722222,0.335630933333333,22.9188039722222,0.295832175972222,2.41614545904173,,,,,,,,,,,11.65,1978.4,,,,,,,,,9.804,1625.7,,,,,,,,,,,,,,,,,,,,,,,,,,,,,,,,,,,,,,,,328.052710533632,876.319749720529,,,,,,,
2,2023-04-01,2023-04,2023,4,warmed,Wet,24.611857125,0.26848154375,24.4905463888889,0.371744824583333,24.3818877916667,0.390771055277778,20.6312571794872,,,,,,,,,,,8.581,3216.165,,,,,,,,,5.009,1841.025,,,,,,,,,,,,,,,,,,,,,,,,,,,,,,,,,,,,,,,,1524.31695560164,803.411251004037,,,,,,,
3,2023-04-01,2023-04,2023,4,control,Wet,22.9639826388889,0.408175265277778,22.9430997638889,0.408885708888889,22.8736844027778,0.425155775555556,2.48171201540832,,,,,,,,,,,11.915,1549.25,,,,,,,,,10.9035,1364.525,,,,,,,,,,,,,,,,,,,,,,,,,,,,,,,,,,,,,,,,545.085866350309,820.689470481313,,,,,,,
4,2023-04-01,2023-04,2023,4,warmed,Wet,24.3052173888889,0.214584904444444,24.0228075694444,0.335101811944444,24.2290177361111,0.344329731388889,2.17839414035088,,,,,,,,,,,14.91,1387.7,,,,,,,,,4.8695,473.54,,,,,,,,,,,,,,,,,,,,,,,,,,,,,,,,,,,,,,,,643.973959887716,221.174249987293,,,,,,,
5,2023-04-01,2023-04,2023,4,control,Wet,22.9590305277778,0.330118462083333,23.0714214861111,0.444469041944445,23.058144875,0.460581794861111,1.53978006666667,,,,,,1.322,1.2692,,15.864,8.8844,14.83,5034.1,,,,0.4047,0.4362,,4.8564,3.0534,1.8345,730.925,,,,,,,,,,,,,,,,,,,,,,,,,,,,,,,,,,,,,,,,642.565957975648,255.504593927741,,,,,,,
6,2023-04-01,2023-04,2023,4,warmed,Wet,24.8623605833333,0.281002122083333,24.5041852916667,0.376020435138889,24.26844125,0.360495733333333,2.68518040816327,,,,,,,,,,,7.851,4770.495,,,,,,,,,1.195,740.1,,,,,,,,,,,,,,,,,,,,,,,,,,,,,,,,,,,,,,,,787.312605808166,784.813222416295,,,,,,,
1,2023-05-01,2023-05,2023,5,control,Wet,24.934572405914,0.317931176209677,24.2689213306452,0.378326574462366,24.1825864650538,0.333271761424731,2.40496148401826,,,,,0.6999,0.569583333333333,1.1715,30.0957,13.7786,21.0981666666667,7.851,27343.61,,,0.2733,0.15803,0.362766666666667,11.7519,4.0637,6.91503333333333,2.0108,3728.71066666667,,,,,,,,,,,,,,,,,,,,,,,,,,,,,,,,,,,,,,,,313.762066503575,446.010151101828,,,,,,,
2,2023-05-01,2023-05,2023,5,warmed,Wet,25.0488475672043,0.384510697849462,24.7644948252688,0.404891322580645,24.5236951344086,0.418332985483871,,,,,,2.71,1.04316666666667,0.849366666666667,18.97,14.3994,22.7791333333333,10.523,19267.27,,,1.0598,0.472766666666667,0.814966666666667,7.4186,5.1356,21.9189333333333,1.69533333333333,2384.62,,,,,,,,,,,,,,,,,,,,,,,,,,,,,,,,,,,,,,,,1277.40823282995,793.602892618916,,,,,,,
3,2023-05-01,2023-05,2023,5,control,Wet,24.6213040456989,0.431629445564516,24.3724740725807,0.42860809905914,24.142870483871,0.447146284005376,3.58592456818182,,,,,0.8369,0,2.182,20.82615,0,19.638,8.23866666666667,13276.2466666667,,,1.421,0.02662,1.2002,36.606,0.8518,10.8018,2.38833333333333,3531.55333333333,,,,,,,,,,,,,,,,,,,,,,,,,,,,,,,,,,,,,,,,499.055031725236,809.783107859185,,,,,,,
4,2023-05-01,2023-05,2023,5,warmed,Wet,24.7745332930108,0.310728198790323,24.5407464247312,0.396079740322581,24.6243081451613,0.379294507258065,,,,,,0.584,0.9745,1.71113333333333,28.032,8.5596,16.3436,8.56566666666667,8287.22666666667,,,0.7821,1.5716,0.666666666666667,37.5408,11.1612,5.75066666666667,1.4218,1235.74733333333,,,,,,,,,,,,,,,,,,,,,,,,,,,,,,,,,,,,,,,,564.727962223969,171.538486267061,,,,,,,
5,2023-05-01,2023-05,2023,5,control,Wet,24.5754308602151,0.366123397177419,24.4789136827957,0.453821225,24.3047913709677,0.458867001612903,1.30875310430839,,,,,,0.894233333333333,3.349,,27.06825,54.909,13.1633333333333,7664.83333333333,,,,0.268233333333333,0.9448,,7.89185,21.3461,1.35693333333333,738.080666666667,,,,,,,,,,,,,,,,,,,,,,,,,,,,,,,,,,,,,,,,530.896342633872,253.198564306559,,,,,,,
6,2023-05-01,2023-05,2023,5,warmed,Wet,24.7999321774194,0.361659825,24.3409633064516,0.407394720295699,24.0305644086022,0.388041099596774,,,,,,1.16955,1.09983333333333,0.679666666666667,30.4873,27.5580666666667,24.3304,7.427,33569.4433333333,,,0.2953,0.305566666666667,0.266533333333333,7.7806,8.01196666666667,9.2106,0.654833333333333,3067.915,,,,,,,,,,,,,,,,,,,,,,,,,,,,,,,,,,,,,,,,670.568000395295,706.350859352923,,,,,,,
1,2023-06-01,2023-06,2023,6,control,Wet,26.1146861666667,0.268395597083333,25.3434947009736,0.334041096105702,25.2399672878999,0.288143463859112,2.8020045368171,,,,,,2.0016,,,16.3612,,9.499,4573.19,,,,0.8882,,,7.2916,,6.353,1703.93,,,,,,,,,,,,,,,,,,,,,,,,,,,,,,,,,,,,,,,,330.438282100324,437.490719699039,,,,,,,
2,2023-06-01,2023-06,2023,6,warmed,Wet,26.9897695,0.337328507916667,26.2224194297636,0.37663172294854,25.8085073157163,0.390534982415902,53.7479109722222,,,,,,1.7068,1.088,,10.2408,25.024,13.375,8977.5,,,,0.6922,1.069,,4.1532,24.587,1.8215,1218.66,,,,,,,,,,,,,,,,,,,,,,,,,,,,,,,,,,,,,,,,1276.34756567708,783.494987514138,,,,,,,
3,2023-06-01,2023-06,2023,6,control,Wet,25.9018130138889,0.432567625694445,25.5541203337969,0.416207550764951,25.2877822392211,0.436734031699847,2.54551269976905,,,,,1.3018,,,10.5034,,,9.164,10133.47,,,1.1607,,,10.4001,,,2.6245,2081.33,,,,,,,,,,,,,,,,,,,,,,,,,,,,,,,,,,,,,,,,626.529579582325,848.275788965396,,,,,,,
4,2023-06-01,2023-06,2023,6,warmed,Wet,26.1238956388889,0.272816682916667,25.6832128789986,0.369715192072323,25.6866526564673,0.351432236447167,3.36095043650794,,,,,1.8968,1.6004,1.99615,11.3808,11.2028,17.6913,11.215,9170.8,,,0.6448,1.5214,1.22715,3.8688,10.6498,10.0053,2.381,1681.04,,,,,,,,,,,,,,,,,,,,,,,,,,,,,,,,,,,,,,,,609.356405515977,163.34221059337,,,,,,,
5,2023-06-01,2023-06,2023,6,control,Wet,25.7330219722222,0.367362859444444,25.5733133936022,0.448835452294854,25.371247496523,0.452194964471669,1.48650483758701,,,,,,1.93,1.893,,28.683,18.93,13.24,11818,,,,0.77005,0.6196,,11.07915,6.196,1.47175,1226.495,,,,,,,,,,,,,,,,,,,,,,,,,,,,,,,,,,,,,,,,745.969679607709,249.059221300541,,,,,,,
6,2023-06-01,2023-06,2023,6,warmed,Wet,26.6968732638889,0.336856080694444,25.8029451877608,0.398915929207232,25.3462132823366,0.37640776993865,4.35684428571429,,,,,2.428,1.2356,1.22145,21.852,17.2984,26.32205,39.825,53968.5,,,1.4588,0.47855,0.5389,13.1292,6.6997,11.8391,0.67915,1134.287,,,,,,,,,,,,,,,,,,,,,,,,,,,,,,,,,,,,,,,,695.153517575948,732.110529285126,,,,,,,
1,2023-07-01,2023-07,2023,7,control,Wet,26.3519693270525,0.258870049798116,25.7441707027027,0.327796802297297,25.6215574084125,0.292111360669456,2.6911558028169,,,,,,1.499,,,17.988,,11.1995,8291.04,,,,0.3855,,,4.626,,4.2925,2076.54,,,,,,,,,,,,,,,,,,,,,,,,,,,,,,,,,,,,,,,,,,,,,,,,
2,2023-07-01,2023-07,2023,7,warmed,Wet,26.7326973216689,0.327986868506057,26.3638885675676,0.373688613513514,26.0575143554953,0.385685315041783,,,,,,,,1.019,,,20.38,11.0885,4326.945,,,,,0.7318,,,14.636,1.4085,542.145,,,,,,,,,,,,,,,,,,,,,,,,,,,,,,,,,,,,,,,,,,,,,,,,
3,2023-07-01,2023-07,2023,7,control,Wet,26.1021421938089,0.418154048990579,25.8769642837838,0.418871167837838,25.6510041948579,0.43963772033195,1.97770220217096,,,,,1.422,,,19.908,,,6.966,21122.64,,,0.9317,,,13.0438,,,2.483,5530.77,,,,,,,,,,,,,,,,,,,,,,,,,,,,,,,,,,,,,,,,,,,,,,,,
4,2023-07-01,2023-07,2023,7,warmed,Wet,26.6723182503365,0.264312692059219,26.3045126486487,0.347248500405405,26.303560312076,0.342793238202247,2.82820785046729,,,,,,0.5754,1.093,,5.1786,18.581,13.7465,9882.7925,,,,0.4168,0.2836,,3.7512,4.8212,3.647,2253.9775,,,,,,,,,,,,,,,,,,,,,,,,,,,,,,,,,,,,,,,,,,,,,,,,
5,2023-07-01,2023-07,2023,7,control,Wet,25.9496977927322,0.383581878321678,25.8974041756757,0.447567581891892,25.6079528356164,0.450425943037975,2.32486641383989,,,,,1.6584,1.186,1.5992,0,27.278,15.992,21.73,11491.4,,,0.9812,0.1521,0.4886,0,3.4983,4.886,3.704,1765.78,,,,,,,,,,,,,,,,,,,,,,,,,,,,,,,,,,,,,,,,,,,,,,,,
6,2023-07-01,2023-07,2023,7,warmed,Wet,27.0950098250337,0.331301249798116,26.3284702027027,0.391949832567568,25.8815587652646,0.369728816828929,3.34327752380952,,,,,1.0138,,0.6701,13.7571,,21.4432,9.5265,10131.23,,,0.44055,,0.2555,5.80485,,8.176,1.58785,1695.952,,,,,,,,,,,,,,,,,,,,,,,,,,,,,,,,,,,,,,,,,,,,,,,,
1,2023-08-01,2023-08,2023,8,control,Wet,26.4526902822581,0.316922979032258,26.0021685752688,0.374568816532258,25.9354475403226,0.335340850672043,3.89278874439462,,,,,1.8182,1.24655,,14.5456,34.0435,,9.3495,10331.52,,,0.303,0.37385,,2.424,9.97555,,1.9725,2289.845,,,,,,,,,,,,,,,,,,,,,,,,,,,,,,,,,,,,,,,,,,,,,,,,
2,2023-08-01,2023-08,2023,8,warmed,Wet,27.5664872715054,0.382224988306452,26.9544543951613,0.405971143413978,26.561848077957,0.419447119086022,3.277395,,,,,,1.298,1.3665,,26.8865,46.461,17.245,10129.55,,,,0.3867,0.8173,,8.9646,27.7882,0.9562,560.0765,,,,,,,,,,,,,,,,,,,,,,,,,,,,,,,,,,,,,,,,,,,,,,,,
3,2023-08-01,2023-08,2023,8,control,Wet,26.1527328225806,0.42527594811828,26.0554863306452,0.428914459946237,25.8895392204301,0.448240547715054,2.61074037627812,,,,,1.37505,,,32.61475,,,7.2165,24475.58,,,1.02305,,,26.31875,,,1.1205,3817.02,,,,,,,,,,,,,,,,,,,,,,,,,,,,,,,,,,,,,,,,,,,,,,,,
4,2023-08-01,2023-08,2023,8,warmed,Wet,26.4544820564516,0.332044999193548,26.2763810349462,0.392691730913979,26.3493587096774,0.371537002284946,3.04988707070707,,,,,4.0325,1.716645,1.8048,29.9775,15.6397,82.9368,9.064,15431.447,,,0.93455,0.3284,0.234765,6.70935,2.9556,10.6171,1.64315,2494.17465,,,,,,,,,,,,,,,,,,,,,,,,,,,,,,,,,,,,,,,,,,,,,,,,
5,2023-08-01,2023-08,2023,8,control,Wet,26.0968721236559,0.432224398245614,26.0881739381721,0.458231664516129,25.9703597983871,0.461749447580645,2.08389766584767,,,,,,1.71,4.754,,58.655,33.278,23.75,31097.43,,,,0.2252,2.774,,7.5838,19.418,1.8645,2446.8995,,,,,,,,,,,,,,,,,,,,,,,,,,,,,,,,,,,,,,,,,,,,,,,,
6,2023-08-01,2023-08,2023,8,warmed,Wet,27.2060625134409,0.375219074865591,26.4429526344086,0.412263637365591,25.9816021505376,0.39086001733871,3.56692265917603,,,,,1.281,2.333,1.09095,30.259,29.593,49.8636,4.453,11122.7585,,,0.25865,0.56475,0.3787,6.15285,7.0385,17.3222,0.7783,1956.36095,,,,,,,,,,,,,,,,,,,,,,,,,,,,,,,,,,,,,,,,,,,,,,,,
1,2023-09-01,2023-09,2023,9,control,Dry,26.16666,0.319043331415929,25.9138508901252,0.367374687621697,25.8852183727399,0.323185486369958,2.95024160098522,,,,,,1.735,,,19.085,,16.2,3872.2,,,,0.3183,,,3.5013,,2.8975,691.19,,,,,,,,,,,,,,,,,,,,,,,,,,,,,,,,,,,,,,,,,,,,,,,,
2,2023-09-01,2023-09,2023,9,warmed,Dry,27.9344728466077,0.325376439823009,27.5345617107093,0.387737738942976,27.0516845340751,0.40796692837274,3.02000751724138,,,,,,,2.526,,,42.942,22.19,2058.05,,,,,1.034,,,17.578,2.3895,223.4175,,,,,,,,,,,,,,,,,,,,,,,,,,,,,,,,,,,,,,,,,,,,,,,,
3,2023-09-01,2023-09,2023,9,control,Dry,25.8269728613569,0.407466478761062,25.8803440055633,0.408053883866481,25.7794109318498,0.430054006536857,2.63721337899543,,,,,2.798,,,22.384,,,8.1375,12812.04,,,1.1234,,,8.9872,,,2.5655,4020.94,,,,,,,,,,,,,,,,,,,,,,,,,,,,,,,,,,,,,,,,,,,,,,,,
4,2023-09-01,2023-09,2023,9,warmed,Dry,26.7310324778761,0.29094734159292,26.5205330876217,0.376717466342142,26.5792245201669,0.336587242837274,2.96824856164384,,,,,,,,,,,13.28,8881.9,,,,,,,,,4.1255,2945.17,,,,,,,,,,,,,,,,,,,,,,,,,,,,,,,,,,,,,,,,,,,,,,,,
5,2023-09-01,2023-09,2023,9,control,Dry,25.7556605162242,0.40778931856,25.9534400973574,0.448841562447844,25.9098354798331,0.453110737552156,2.28690284210526,,,,,,,,,,,21.195,8928.35,,,,,,,,,1.252,531.86,,,,,,,,,,,,,,,,,,,,,,,,,,,,,,,,,,,,,,,,,,,,,,,,
6,2023-09-01,2023-09,2023,9,warmed,Dry,28.3390734513274,0.33505016120944,27.1287321001391,0.396580918776078,26.6194689986092,0.379438890125174,3.17658503432494,,,,,4.1097,3.12,2.0025,32.2881,24.96,27.8065,8.2605,5677.1,,,0.705,0.7438,0.39935,7.1508,5.9504,6.07495,1.203,828.355,,,,,,,,,,,,,,,,,,,,,,,,,,,,,,,,,,,,,,,,,,,,,,,,
1,2023-10-01,2023-10,2023,10,control,Wet,25.7695597580645,0.350452185215054,25.6847788037634,0.386304086962366,25.7159663575269,0.346955715456989,2.91556637639198,,,,,,0.8726,,,9.5986,,11.9285,8541.74,,,,0.1637,,,1.8011,,1.403,1020.74,,74.5305751959316,292.345980933333,3.75062591535677,37.4286562,,0.209558087525158,0.490267283333333,0.8177541162699,5.16701432133333,0.288441098298499,1.46274141966667,0.273639190008441,1.14424466133333,0.871436500965105,3.21770824233333,,,,,,,,0.202142037521475,10.2263333333333,0.220556870972848,4.17166666666667,,0.0135769412362775,0.407666666666667,,0.485520146484271,4.50585220133333,120.023285020288,412.348505033333,26.0196277747297,91.55430085,0.419292598503064,3.62704174766667,,,,,,,,,
2,2023-10-01,2023-10,2023,10,warmed,Wet,27.4303407123656,0.340468065322581,27.4129480913979,0.396644206317204,27.1680302150538,0.420903690053763,2.66366490238612,,,,,,0.9266,1.792,,32.431,41.216,23.54,4884.475,,,,0.571,1.226,,19.985,28.198,1.956,414.9125,,270.939699613443,654.758031866667,10.9284966416741,45.2111802333333,,0.142112867921357,0.361832363333333,0.805004018718878,3.582590084,0.126096401264781,1.06224074233333,0.413143190895004,1.13285982733333,0.417906656680981,3.57339312666667,,,,,,,,0.374687821170281,10.8806333333333,0.361109863245707,3.90866666666667,,0.029484459183328,0.359333333333333,,2.26575574457308,2.4151852975,153.27401910191,120.959528863333,11.0730651892041,74.0055368966667,4.90169870239193,5.254117856,,,,,,,,,
3,2023-10-01,2023-10,2023,10,control,Wet,25.3958159677419,0.420746984139785,25.6092546236559,0.422879761827957,25.5857237231183,0.450306745833333,3.79241115789474,,,,,0.7731,,,39.4281,,,10.8275,7088.575,,,0.2424,,,12.3624,,,2.591,1324.91,,18.1705946413252,233.228558166667,3.71513220980453,32.8713020833333,,0.125176593279181,0.448634285333333,1.21669784810058,4.32100917066667,0.229290395500075,0.637692788,0.618685808310358,1.11488052933333,0.961460399573948,3.307134529,,,,,,,,0.595622338399089,11.1009,0.169280831755991,3.662,,0.0263502055652956,0.330666666666667,,0.164290247041544,5.67629464066667,83.3573374512688,318.125032533333,14.7291285712932,56.0254012566667,2.45788266419171,3.35132385333333,,,,,,,,,
4,2023-10-01,2023-10,2023,10,warmed,Wet,25.663405766129,0.337847166935484,25.9512097446237,0.407832347311828,26.2212474327957,0.380171846370968,2.69550777056277,,,,,1.954,1.859,0.8495,23.448,61.347,43.3245,19.66,16080.95,,,0.742,0.7343,0.1661,8.904,24.2319,8.4711,1.612,2075.96,,225.393551445917,904.004929866667,3.45120574649303,45.8215838333334,,0.0972761633597572,0.383303993666667,0.343126550220197,3.20241116,0.0593810807450009,0.835021836,0.327492773932365,1.403401305,0.266026132232241,5.02166779366667,,,,,,,,0.439097100119476,11.0008666666667,0.471243390758251,4.15833333333333,,0.0276827262626594,0.377666666666667,,1.09394287409037,0.8345848755,74.8872528025348,46.5562182543334,20.5005811881908,87.65857035,0.637633747204868,0.664208629333333,,,,,,,,,
5,2023-10-01,2023-10,2023,10,control,Wet,25.3805830376344,0.40542353223594,25.6750296102151,0.460154861693548,25.7178171505376,0.471871317876344,2.80562024190476,,,,,,0.8725,2.124,,41.88,72.216,24.14,13642.45,,,,0.0949,0.4086,,4.5552,13.8924,1.02165,612.399,,15.1698934163531,291.316064766667,1.79539756878085,39.7612352833333,,0.187174837787679,0.405883802333333,1.07777670800671,4.343279244,0.284854170283223,0.992859603333333,0.17424822818624,1.00162582366667,0.479859338629848,2.871062217,,,,,,,,0.260391576924701,10.4945333333333,0.113960519479335,3.85,,0.0135769412362775,0.367333333333333,,0.4550183051301,5.401765535,102.422820563307,391.108409066667,19.0482661765719,72.4256110766667,1.10031999496357,1.53292968633333,,,,,,,,,
6,2023-10-01,2023-10,2023,10,warmed,Wet,27.890197688172,0.34920059422043,27.2147947580645,0.401344667607527,26.8687418951613,0.390142085349462,2.77267986984816,,,,,0.8697,0.7051,0.8608,40.8759,32.4346,30.9888,7.3165,5478.71,,,0.3158,0.3865,0.3842,14.8426,17.779,13.8312,1.4355,1168.58,,113.7642404717,394.9815596,4.73945058642365,40.9758104766667,,0.204050110585565,0.626649521333333,1.30749452238988,5.02093825766667,0.239858677393148,1.14446175,0.401098965142271,1.453059971,1.03039220609967,3.31086357466667,,,,,,,,0.775664998565746,11.4121,0.815284817308242,4.85866666666667,,0.0441361529814278,0.424,,2.77018427126947,3.87725937933333,294.275292286021,357.16994539,40.8483059102679,84.0716605766667,0.412635433178452,1.55213465966667,,,,,,,,,
1,2023-11-01,2023-11,2023,11,control,Wet,24.7896630138889,0.374488671666667,24.9221235555556,0.398583699444444,25.0086695277778,0.353954522361111,2.15791742857143,,,,,3.293,1.36363333333333,,25.188,35.4448666666667,,8.67466666666667,36102.61,,,0.4957,0.2452,,4.0068,6.36926666666667,,1.37526666666667,4369.78533333333,,,,,,,,,,,,,,,,,,,,,,,,,,,,,,,,,,,,,,,,,,,,,,,,
2,2023-11-01,2023-11,2023,11,warmed,Wet,26.587804875,0.380388157916667,26.319498125,0.415359157638889,26.1518297222222,0.424804208055556,2.49847275147929,,,,,,2.002,0.9021,,28.6465,30.5631,13.85,8506.2,,,,0.9513,0.735466666666667,,13.81725,25.0398,1.23623333333333,691.234666666667,,,,,,,,,,,,,,,,,,,,,,,,,,,,,,,,,,,,,,,,,,,,,,,,
3,2023-11-01,2023-11,2023,11,control,Wet,24.4164651388889,0.442235840694444,24.8101149861111,0.432876679305556,24.8771596805556,0.452730191805556,2.51165380597015,,,,,3.0275,2.166,,27.3306666666667,12.996,,6.367,29918.4033333333,,,0.606366666666667,0.7636,,7.1513,4.5816,,0.5473,3180.15633333333,,,,,,,,,,,,,,,,,,,,,,,,,,,,,,,,,,,,,,,,,,,,,,,,
4,2023-11-01,2023-11,2023,11,warmed,Wet,25.8030531111111,0.39730929125,25.881097625,0.417860218888889,26.0415026388889,0.381359535972222,2.13894346666667,,,,,2.822,2.1195,,27.558,25.597,,6.843,60848.6533333333,,,1.0734,1.0936,,10.2904,12.1864,,0.6305,4714.30066666667,,,,,,,,,,,,,,,,,,,,,,,,,,,,,,,,,,,,,,,,,,,,,,,,
5,2023-11-01,2023-11,2023,11,control,Wet,24.4577422777778,0.44580549561753,24.8235460694444,0.46599923875,24.9722737638889,0.468099752638889,1.87015756462585,,,,,,1.13395,3.141,,39.5035,28.269,12.2443333333333,17671.02,,,,0.43825,1.017,,15.47485,9.153,0.856066666666667,1268.54466666667,,,,,,,,,,,,,,,,,,,,,,,,,,,,,,,,,,,,,,,,,,,,,,,,
6,2023-11-01,2023-11,2023,11,warmed,Wet,26.670877625,0.373415103055556,26.2657690833333,0.414083331666667,25.9007490833333,0.391370960833333,2.51348068249258,,,,,1.47856666666667,2.324,1.1358,28.2322666666667,20.916,34.9664,4.546,6991.62333333333,,,0.85,0.8236,0.3932,18.4142666666667,7.4124,14.6731,1.2334,1811.772,,,,,,,,,,,,,,,,,,,,,,,,,,,,,,,,,,,,,,,,,,,,,,,,
1,2023-12-01,2023-12,2023,12,control,Wet,23.2801265725806,0.365608278897849,23.6666425268817,0.392169279435484,23.8726301209677,0.350715611155914,2.31558948615917,,,,,,0.99835,,,27.93355,,10.6565,5790.465,,,,0.3251,,,9.24255,,2.6295,1469.565,,,,,,,,,,,,,,,,,,,,,,,,,,,,,,,,,,,,,,,,,,,,,,,,
2,2023-12-01,2023-12,2023,12,warmed,Wet,24.2817542876344,0.344080657123656,24.5183373387097,0.406124474327957,24.726355188172,0.419665257123656,2.31038508196721,,,,,,0.9944,0.7654,,36.962,32.813,13.105,4238.35,,,,0.9514,1.452,,36.0756,65.4795,2.952,1278.14,,,,,,,,,,,,,,,,,,,,,,,,,,,,,,,,,,,,,,,,,,,,,,,,
3,2023-12-01,2023-12,2023,12,control,Wet,22.7790983870968,0.449675232526882,23.50725375,0.429499179569893,23.7306737231183,0.452056569354839,2.8723034375,,,,,0.4166,1.6634,,13.7478,16.634,,9.599,5505,,,0.1503,0.4454,,4.9599,4.454,,1.121,601.5,,,,,,,,,,,,,,,,,,,,,,,,,,,,,,,,,,,,,,,,,,,,,,,,
4,2023-12-01,2023-12,2023,12,warmed,Wet,23.9113244489247,0.392838650134409,24.5216474865591,0.410538797043011,24.9747650672043,0.377518330376344,,,,,,0.8219,0.8793,2.629,22.4088,32.5341,39.435,7.8195,20141.43,,,1.0098,1.752,0.9645,25.7766,64.824,14.4675,1.3148,3015.262,,,,,,,,,,,,,,,,,,,,,,,,,,,,,,,,,,,,,,,,,,,,,,,,
5,2023-12-01,2023-12,2023,12,control,Wet,22.78340875,0.440717149320652,23.4933773924731,0.465028735887097,23.8224268817204,0.466153959677419,1.74547905309734,,,,,,1.8256,,,10.9536,,13.685,11006.3,,,,0.331,,,1.986,,1.74365,1417.527,,,,,,,,,,,,,,,,,,,,,,,,,,,,,,,,,,,,,,,,,,,,,,,,
6,2023-12-01,2023-12,2023,12,warmed,Wet,24.5012961155914,0.346766633333333,24.6179784139785,0.404312818413978,24.4944426612903,0.385100691129032,2.48090031446541,,,,,0.8158,2.029,0.74305,27.7372,28.205,30.6117,5.203,6278.84,,,0.6757,1.1596,0.2218,22.9738,16.4436,9.52335,1.348,1637.05,,,,,,,,,,,,,,,,,,,,,,,,,,,,,,,,,,,,,,,,,,,,,,,,
1,2024-01-01,2024-01,2024,1,control,Wet,22.610852122905,0.324322244692737,23.2009507936508,0.326479571825397,23.3779279365079,0.295726398809524,,,,,,,,,,,,15.685,1157.225,,,,,,,,,7.093,399.3835,,,,,,,,,,,,,,,,,,,,,,,,,,,,,,,,,,,,,,,,,,,,,,,,
2,2024-01-01,2024-01,2024,1,warmed,Wet,22.3210976536313,0.352296642458101,23.4344446428571,0.401483246825397,23.775989484127,0.415523493650794,,,,,,,,3.0932,,,19.4844,13.435,609.55,,,,,1.6801,,,10.9452,6.673,302.054,,,,,,,,,,,,,,,,,,,,,,,,,,,,,,,,,,,,,,,,,,,,,,,,
3,2024-01-01,2024-01,2024,1,control,Wet,22.0772401675978,0.443891883240223,23.0420232539683,0.401280038888889,23.2497375793651,0.431876771825397,,,,,,3.72,,,22.32,,,37.235,3436.94,,,0.232,,,1.392,,,2.3445,201.69,,,,,,,,,,,,,,,,,,,,,,,,,,,,,,,,,,,,,,,,,,,,,,,,
4,2024-01-01,2024-01,2024,1,warmed,Wet,22.1258893854749,0.359082857303371,23.3177795634921,0.350687089285714,23.897901031746,0.335711966269841,,,,,,,,,,,,14.075,3592.22,,,,,,,,,4.2605,1002.632,,,,,,,,,,,,,,,,,,,,,,,,,,,,,,,,,,,,,,,,,,,,,,,,
5,2024-01-01,2024-01,2024,1,control,Wet,22.198329273743,0.444950717518248,23.0170448809524,0.458537537698413,23.3339983333333,0.452524184126984,,,,,,,4.403,,,27.607,,41.015,3946.3,,,,0.3331,,,2.1284,,3.24,312.68,,,,,,,,,,,,,,,,,,,,,,,,,,,,,,,,,,,,,,,,,,,,,,,,
6,2024-01-01,2024-01,2024,1,warmed,Wet,22.6659933519553,0.362344405586592,23.3393724206349,0.405182376984127,23.2941288492064,0.382449585714286,,,,,,,,2.0654,,,12.3924,7.067,3269.19,,,,,0.2294,,,1.3764,1.2977,638.555,,,,,,,,,,,,,,,,,,,,,,,,,,,,,,,,,,,,,,,,,,,,,,,,
1,2024-02-01,2024-02,2024,2,control,Wet,22.7292419396552,0.353225399568966,22.813679381295,0.390837747769784,22.9180671798561,0.348482903409091,,,,,,,1.419,,,26.961,,6.2625,4982.875,,,,0.7952,,,15.1088,,2.3895,1493.84,,,,,,,,,,,,,,,,,,,,,,,,,,,,,,,,,,,,,,,,,,,,,,,,
2,2024-02-01,2024-02,2024,2,warmed,Wet,25.0247909770115,0.345985549425287,24.0416391223022,0.404940164460432,23.8029241726619,0.422395587408492,,,,,,,,0.881,,,39.645,14.075,7589.65,,,,,1.397,,,62.865,2.4855,1389.585,,,,,,,,,,,,,,,,,,,,,,,,,,,,,,,,,,,,,,,,,,,,,,,,
3,2024-02-01,2024-02,2024,2,control,Wet,22.2633161781609,0.433432097988506,22.6988174244604,0.424042132374101,22.8436725899281,0.449178698129496,,,,,,0.642,,,19.902,,,36.97,20385.05,,,0.2549,,,7.9019,,,1.22645,626.9335,,,,,,,,,,,,,,,,,,,,,,,,,,,,,,,,,,,,,,,,,,,,,,,,
4,2024-02-01,2024-02,2024,2,warmed,Wet,23.8989768534483,0.388471994252874,23.7496224460432,0.409836531366906,23.9889075971223,0.379797291642651,,,,,,3.234,3.002,,22.638,54.036,,7.6175,9410.17,,,1.3086,1.737,,9.1602,31.266,,1.1779,1591.658,,,,,,,,,,,,,,,,,,,,,,,,,,,,,,,,,,,,,,,,,,,,,,,,
5,2024-02-01,2024-02,2024,2,control,Wet,21.8324352298851,0.427107533783784,22.6967268057554,0.465325899136691,22.9302406043165,0.465186199568345,,,,,,,1.204,,,18.06,,10.6165,8609.935,,,,0.0783,,,1.1745,,1.4875,1093.575,,,,,,,,,,,,,,,,,,,,,,,,,,,,,,,,,,,,,,,,,,,,,,,,
6,2024-02-01,2024-02,2024,2,warmed,Wet,22.6519557902299,0.378625179885057,22.5727091366907,0.412217447625899,22.4628906906475,0.390823285861561,,,,,,0.837,1.253,,18.414,20.048,,4.98,9359.1,,,0.272,0.4112,,5.984,6.5792,,0.73515,1242.4875,,,,,,,,,,,,,,,,,,,,,,,,,,,,,,,,,,,,,,,,,,,,,,,,
1,2024-03-01,2024-03,2024,3,control,Dry,23.4874562231183,0.312926630645161,23.2930228897849,0.374635875,22.8025,,,,,,,,,,,,,6.5705,3813.78,,,,,,,,,1.9942,1052.819,,,,,,,,,,,,,,,,,,,,,,,,,,,,,,,,,,,,,,,,,,,,,,,,
2,2024-03-01,2024-03,2024,3,warmed,Dry,26.4051846236559,0.28080693561828,25.4958206586022,0.382565614247312,24.9666,,,,,,,,8.025,1.436,,72.514,27.284,8.614,6023.645,,,,1.464,0.7563,,13.541,14.3697,2.993,1716.59,,,,,,,,,,,,,,,,,,,,,,,,,,,,,,,,,,,,,,,,,,,,,,,,
3,2024-03-01,2024-03,2024,3,control,Dry,22.977566438172,0.40833215483871,23.1631212768817,0.415266657930108,22.9016146370968,0.454680366666667,,,,,,2.7635,,,41.117,,,16.455,19244.45,,,0.6851,,,11.1437,,,1.0815,1338.115,,,,,,,,,,,,,,,,,,,,,,,,,,,,,,,,,,,,,,,,,,,,,,,,
4,2024-03-01,2024-03,2024,3,warmed,Dry,25.4078740053763,0.349196920833333,25.2431252956989,0.390524117741935,25.3091083198925,0.3858217,,,,,,,2.223,,,31.122,,6.3045,9792.165,,,,1.406,,,19.684,,1.13105,1755.9785,,,,,,,,,,,,,,,,,,,,,,,,,,,,,,,,,,,,,,,,,,,,,,,,
5,2024-03-01,2024-03,2024,3,control,Dry,22.8789748521505,0.45157718401487,23.1970391263441,0.461202046774194,22.9760954435484,0.46629025625,,,,,,,1.144,4.424,,26.912,44.24,7.85,6343,,,,0.1383,1.077,,3.4049,10.77,1.1715,981.87,,,,,,,,,,,,,,,,,,,,,,,,,,,,,,,,,,,,,,,,,,,,,,,,
6,2024-03-01,2024-03,2024,3,warmed,Dry,23.1968318145161,0.345377006451613,22.886786827957,0.401240001344086,22.4282,,,,,,,3.798,3.236,1.246,56.97,29.124,32.396,4.749,11199.22,,,0.2662,0.7348,0.1561,3.993,6.6132,4.0586,0.77575,1824.9,,,,,,,,,,,,,,,,,,,,,,,,,,,,,,,,,,,,,,,,,,,,,,,,
1,2024-04-01,2024-04,2024,4,control,Wet,24.1871310833333,0.32749825625,23.8849123570432,0.373506575418994,22.8025,,,,,,,2.578,2.177,,25.78,28.301,,9.68266666666667,7318.66666666667,,,2.362,1.769,,23.62,22.997,,3.91733333333333,1695.01666666667,,,,,,,,,,,,,,,,,,,,,,,,,,,,,,,,,,,,,,,,,,,,,,,,
2,2024-04-01,2024-04,2024,4,warmed,Wet,26.3758943055556,0.32410327625,25.8970990097629,0.390920374301676,24.9666,,,,,,,1.91,1.164,0.763,36.29,54.708,41.202,10.1186666666667,4890.19333333333,,,2.59,1.025,1.854,49.21,48.175,100.116,2.0084,802.815333333333,,,,,,,,,,,,,,,,,,,,,,,,,,,,,,,,,,,,,,,,,,,,,,,,
3,2024-04-01,2024-04,2024,4,control,Wet,23.8541468611111,0.394303971111111,23.8321160251046,0.408710266759777,22.9017,,,,,,,1.09655,1.7788,4.334,44.352,12.4516,39.006,11.5373333333333,3591.72666666667,,,0.207,0.5046,0.7152,9.972,3.5322,6.4368,3.577,670.653333333333,,,,,,,,,,,,,,,,,,,,,,,,,,,,,,,,,,,,,,,,,,,,,,,,
4,2024-04-01,2024-04,2024,4,warmed,Wet,24.7900094583333,0.34675093625,24.7598532635983,0.386156184497207,25.3092,,,,,,,0.85655,0.8703,,46.0622,,,7.687,10450.8,,,0.5023,0.7665,,27.2214,,,1.64166666666667,1418.38666666667,,,,,,,,,,,,,,,,,,,,,,,,,,,,,,,,,,,,,,,,,,,,,,,,
5,2024-04-01,2024-04,2024,4,control,Wet,23.7257711805556,0.45732262,23.8652763458856,0.458941538128492,22.9761,,,,,,,,1.541,2.322,,53.935,85.914,12.5706666666667,4189.02,,,,0.1361,0.6709,,4.7635,24.8233,2.6646,547.765333333333,,,,,,,,,,,,,,,,,,,,,,,,,,,,,,,,,,,,,,,,,,,,,,,,
6,2024-04-01,2024-04,2024,4,warmed,Wet,24.4658563194444,0.341657212222222,23.9019976569038,0.397086791620112,22.4282,,,,,,,2.2195,1.15585,0.8837,45.1315,51.0089,,7.21933333333333,7353.46,,,0.51655,0.30895,0.3582,9.8565,13.97435,,0.986533333333333,698.188,,,,,,,,,,,,,,,,,,,,,,,,,,,,,,,,,,,,,,,,,,,,,,,,
